ISO-10303-21;
HEADER;
/* Generated by software containing ST-Developer
 * from STEP Tools, Inc. (www.steptools.com) 
 */

FILE_DESCRIPTION(
/* description */ (''),
/* implementation_level */ '2;1');

FILE_NAME(
/* name */ 'Pulse.step',
/* time_stamp */ '2026-08-27T16:26:15+08:00',
/* author */ (''),
/* organization */ (''),
/* preprocessor_version */ 'ST-DEVELOPER v20.1',
/* originating_system */ 'Autodesk Translation Framework v15.8.0.0',
/* authorisation */ '');

FILE_SCHEMA (('AUTOMOTIVE_DESIGN { 1 0 10303 214 3 1 1 }'));
ENDSEC;

DATA;
#10=MECHANICAL_DESIGN_GEOMETRIC_PRESENTATION_REPRESENTATION('',(#13),#16762);
#11=SHAPE_REPRESENTATION_RELATIONSHIP('SRR','None',#16769,#12);
#12=ADVANCED_BREP_SHAPE_REPRESENTATION('',(#14),#16761);
#13=STYLED_ITEM('',(#16778),#14);
#14=MANIFOLD_SOLID_BREP('Body',#10621);
#15=FACE_BOUND('',#1065,.T.);
#16=FACE_BOUND('',#1067,.T.);
#17=FACE_BOUND('',#1069,.T.);
#18=FACE_BOUND('',#1240,.T.);
#19=FACE_BOUND('',#1422,.T.);
#20=FACE_BOUND('',#1430,.T.);
#21=FACE_BOUND('',#1463,.T.);
#22=FACE_BOUND('',#1464,.T.);
#23=FACE_BOUND('',#1465,.T.);
#24=FACE_BOUND('',#1466,.T.);
#25=FACE_BOUND('',#1467,.T.);
#26=FACE_BOUND('',#1482,.T.);
#27=FACE_BOUND('',#1483,.T.);
#28=FACE_BOUND('',#1484,.T.);
#29=FACE_BOUND('',#1515,.T.);
#30=FACE_BOUND('',#1516,.T.);
#31=FACE_BOUND('',#1517,.T.);
#32=FACE_BOUND('',#1566,.T.);
#33=FACE_BOUND('',#1567,.T.);
#34=FACE_BOUND('',#1568,.T.);
#35=FACE_BOUND('',#1569,.T.);
#36=FACE_BOUND('',#1570,.T.);
#37=FACE_BOUND('',#1581,.T.);
#38=FACE_BOUND('',#1586,.T.);
#39=FACE_BOUND('',#1590,.T.);
#40=FACE_BOUND('',#1592,.T.);
#41=FACE_BOUND('',#1593,.T.);
#42=ELLIPSE('',#10649,1.25054034339126,1.25);
#43=ELLIPSE('',#10689,1.50063158730207,1.5);
#44=ELLIPSE('',#10692,1.50063158730207,1.5);
#45=ELLIPSE('',#10827,1.50063158696739,1.5);
#46=ELLIPSE('',#10830,1.50063158696739,1.5);
#47=ELLIPSE('',#11173,1.25054034310483,1.25);
#48=PLANE('',#10638);
#49=PLANE('',#10642);
#50=PLANE('',#10646);
#51=PLANE('',#10650);
#52=PLANE('',#10653);
#53=PLANE('',#10654);
#54=PLANE('',#10655);
#55=PLANE('',#10656);
#56=PLANE('',#10661);
#57=PLANE('',#10662);
#58=PLANE('',#10663);
#59=PLANE('',#10664);
#60=PLANE('',#10665);
#61=PLANE('',#10666);
#62=PLANE('',#10667);
#63=PLANE('',#10668);
#64=PLANE('',#10669);
#65=PLANE('',#10670);
#66=PLANE('',#10671);
#67=PLANE('',#10672);
#68=PLANE('',#10673);
#69=PLANE('',#10674);
#70=PLANE('',#10675);
#71=PLANE('',#10676);
#72=PLANE('',#10677);
#73=PLANE('',#10678);
#74=PLANE('',#10679);
#75=PLANE('',#10680);
#76=PLANE('',#10681);
#77=PLANE('',#10682);
#78=PLANE('',#10683);
#79=PLANE('',#10684);
#80=PLANE('',#10685);
#81=PLANE('',#10686);
#82=PLANE('',#10687);
#83=PLANE('',#10690);
#84=PLANE('',#10693);
#85=PLANE('',#10694);
#86=PLANE('',#10695);
#87=PLANE('',#10696);
#88=PLANE('',#10697);
#89=PLANE('',#10698);
#90=PLANE('',#10699);
#91=PLANE('',#10700);
#92=PLANE('',#10701);
#93=PLANE('',#10702);
#94=PLANE('',#10703);
#95=PLANE('',#10704);
#96=PLANE('',#10705);
#97=PLANE('',#10706);
#98=PLANE('',#10707);
#99=PLANE('',#10708);
#100=PLANE('',#10709);
#101=PLANE('',#10710);
#102=PLANE('',#10711);
#103=PLANE('',#10712);
#104=PLANE('',#10713);
#105=PLANE('',#10714);
#106=PLANE('',#10715);
#107=PLANE('',#10716);
#108=PLANE('',#10717);
#109=PLANE('',#10718);
#110=PLANE('',#10719);
#111=PLANE('',#10720);
#112=PLANE('',#10721);
#113=PLANE('',#10722);
#114=PLANE('',#10723);
#115=PLANE('',#10724);
#116=PLANE('',#10725);
#117=PLANE('',#10726);
#118=PLANE('',#10727);
#119=PLANE('',#10728);
#120=PLANE('',#10729);
#121=PLANE('',#10730);
#122=PLANE('',#10731);
#123=PLANE('',#10732);
#124=PLANE('',#10733);
#125=PLANE('',#10734);
#126=PLANE('',#10735);
#127=PLANE('',#10736);
#128=PLANE('',#10737);
#129=PLANE('',#10738);
#130=PLANE('',#10739);
#131=PLANE('',#10740);
#132=PLANE('',#10741);
#133=PLANE('',#10742);
#134=PLANE('',#10743);
#135=PLANE('',#10744);
#136=PLANE('',#10745);
#137=PLANE('',#10746);
#138=PLANE('',#10747);
#139=PLANE('',#10748);
#140=PLANE('',#10749);
#141=PLANE('',#10750);
#142=PLANE('',#10751);
#143=PLANE('',#10752);
#144=PLANE('',#10753);
#145=PLANE('',#10754);
#146=PLANE('',#10755);
#147=PLANE('',#10756);
#148=PLANE('',#10757);
#149=PLANE('',#10758);
#150=PLANE('',#10759);
#151=PLANE('',#10760);
#152=PLANE('',#10761);
#153=PLANE('',#10762);
#154=PLANE('',#10763);
#155=PLANE('',#10764);
#156=PLANE('',#10765);
#157=PLANE('',#10766);
#158=PLANE('',#10767);
#159=PLANE('',#10768);
#160=PLANE('',#10769);
#161=PLANE('',#10770);
#162=PLANE('',#10771);
#163=PLANE('',#10772);
#164=PLANE('',#10773);
#165=PLANE('',#10774);
#166=PLANE('',#10775);
#167=PLANE('',#10776);
#168=PLANE('',#10777);
#169=PLANE('',#10778);
#170=PLANE('',#10779);
#171=PLANE('',#10780);
#172=PLANE('',#10781);
#173=PLANE('',#10782);
#174=PLANE('',#10783);
#175=PLANE('',#10784);
#176=PLANE('',#10785);
#177=PLANE('',#10786);
#178=PLANE('',#10787);
#179=PLANE('',#10788);
#180=PLANE('',#10789);
#181=PLANE('',#10790);
#182=PLANE('',#10791);
#183=PLANE('',#10792);
#184=PLANE('',#10793);
#185=PLANE('',#10794);
#186=PLANE('',#10795);
#187=PLANE('',#10796);
#188=PLANE('',#10797);
#189=PLANE('',#10798);
#190=PLANE('',#10799);
#191=PLANE('',#10800);
#192=PLANE('',#10801);
#193=PLANE('',#10802);
#194=PLANE('',#10803);
#195=PLANE('',#10804);
#196=PLANE('',#10805);
#197=PLANE('',#10806);
#198=PLANE('',#10807);
#199=PLANE('',#10808);
#200=PLANE('',#10809);
#201=PLANE('',#10810);
#202=PLANE('',#10811);
#203=PLANE('',#10812);
#204=PLANE('',#10813);
#205=PLANE('',#10814);
#206=PLANE('',#10815);
#207=PLANE('',#10816);
#208=PLANE('',#10817);
#209=PLANE('',#10818);
#210=PLANE('',#10819);
#211=PLANE('',#10820);
#212=PLANE('',#10821);
#213=PLANE('',#10822);
#214=PLANE('',#10823);
#215=PLANE('',#10824);
#216=PLANE('',#10825);
#217=PLANE('',#10828);
#218=PLANE('',#10831);
#219=PLANE('',#10832);
#220=PLANE('',#10833);
#221=PLANE('',#10834);
#222=PLANE('',#10835);
#223=PLANE('',#10836);
#224=PLANE('',#10837);
#225=PLANE('',#10838);
#226=PLANE('',#10839);
#227=PLANE('',#10840);
#228=PLANE('',#10841);
#229=PLANE('',#10842);
#230=PLANE('',#10843);
#231=PLANE('',#10844);
#232=PLANE('',#10845);
#233=PLANE('',#10846);
#234=PLANE('',#10847);
#235=PLANE('',#10848);
#236=PLANE('',#10849);
#237=PLANE('',#10850);
#238=PLANE('',#10851);
#239=PLANE('',#10852);
#240=PLANE('',#10853);
#241=PLANE('',#10854);
#242=PLANE('',#10855);
#243=PLANE('',#10856);
#244=PLANE('',#10857);
#245=PLANE('',#10858);
#246=PLANE('',#10859);
#247=PLANE('',#10860);
#248=PLANE('',#10861);
#249=PLANE('',#10862);
#250=PLANE('',#10863);
#251=PLANE('',#10864);
#252=PLANE('',#10865);
#253=PLANE('',#10866);
#254=PLANE('',#10867);
#255=PLANE('',#10868);
#256=PLANE('',#10869);
#257=PLANE('',#10870);
#258=PLANE('',#10871);
#259=PLANE('',#10872);
#260=PLANE('',#10873);
#261=PLANE('',#10874);
#262=PLANE('',#10875);
#263=PLANE('',#10876);
#264=PLANE('',#10877);
#265=PLANE('',#10878);
#266=PLANE('',#10879);
#267=PLANE('',#10880);
#268=PLANE('',#10881);
#269=PLANE('',#10882);
#270=PLANE('',#10883);
#271=PLANE('',#10884);
#272=PLANE('',#10885);
#273=PLANE('',#10886);
#274=PLANE('',#10887);
#275=PLANE('',#10888);
#276=PLANE('',#10889);
#277=PLANE('',#10890);
#278=PLANE('',#10891);
#279=PLANE('',#10892);
#280=PLANE('',#10893);
#281=PLANE('',#10894);
#282=PLANE('',#10895);
#283=PLANE('',#10896);
#284=PLANE('',#10897);
#285=PLANE('',#10898);
#286=PLANE('',#10899);
#287=PLANE('',#10900);
#288=PLANE('',#10901);
#289=PLANE('',#10902);
#290=PLANE('',#10903);
#291=PLANE('',#10904);
#292=PLANE('',#10905);
#293=PLANE('',#10906);
#294=PLANE('',#10907);
#295=PLANE('',#10908);
#296=PLANE('',#10909);
#297=PLANE('',#10910);
#298=PLANE('',#10911);
#299=PLANE('',#10912);
#300=PLANE('',#10913);
#301=PLANE('',#10914);
#302=PLANE('',#10915);
#303=PLANE('',#10916);
#304=PLANE('',#10917);
#305=PLANE('',#10918);
#306=PLANE('',#10919);
#307=PLANE('',#10920);
#308=PLANE('',#10921);
#309=PLANE('',#10922);
#310=PLANE('',#10923);
#311=PLANE('',#10924);
#312=PLANE('',#10925);
#313=PLANE('',#10926);
#314=PLANE('',#10927);
#315=PLANE('',#10928);
#316=PLANE('',#10929);
#317=PLANE('',#10930);
#318=PLANE('',#10931);
#319=PLANE('',#10932);
#320=PLANE('',#10933);
#321=PLANE('',#10934);
#322=PLANE('',#10935);
#323=PLANE('',#10936);
#324=PLANE('',#10937);
#325=PLANE('',#10938);
#326=PLANE('',#10939);
#327=PLANE('',#10940);
#328=PLANE('',#10941);
#329=PLANE('',#10942);
#330=PLANE('',#10943);
#331=PLANE('',#10944);
#332=PLANE('',#10945);
#333=PLANE('',#10946);
#334=PLANE('',#10947);
#335=PLANE('',#10948);
#336=PLANE('',#10949);
#337=PLANE('',#10950);
#338=PLANE('',#10951);
#339=PLANE('',#10952);
#340=PLANE('',#10953);
#341=PLANE('',#10954);
#342=PLANE('',#10955);
#343=PLANE('',#10956);
#344=PLANE('',#10957);
#345=PLANE('',#10958);
#346=PLANE('',#10959);
#347=PLANE('',#10960);
#348=PLANE('',#10961);
#349=PLANE('',#10962);
#350=PLANE('',#10963);
#351=PLANE('',#10964);
#352=PLANE('',#10965);
#353=PLANE('',#10966);
#354=PLANE('',#10967);
#355=PLANE('',#10968);
#356=PLANE('',#10969);
#357=PLANE('',#10970);
#358=PLANE('',#10971);
#359=PLANE('',#10972);
#360=PLANE('',#10973);
#361=PLANE('',#10974);
#362=PLANE('',#10975);
#363=PLANE('',#10976);
#364=PLANE('',#10977);
#365=PLANE('',#10978);
#366=PLANE('',#10979);
#367=PLANE('',#10980);
#368=PLANE('',#10981);
#369=PLANE('',#10982);
#370=PLANE('',#10983);
#371=PLANE('',#10984);
#372=PLANE('',#10985);
#373=PLANE('',#10986);
#374=PLANE('',#10987);
#375=PLANE('',#10988);
#376=PLANE('',#10989);
#377=PLANE('',#10990);
#378=PLANE('',#10991);
#379=PLANE('',#10992);
#380=PLANE('',#10993);
#381=PLANE('',#10994);
#382=PLANE('',#10995);
#383=PLANE('',#10996);
#384=PLANE('',#10997);
#385=PLANE('',#10998);
#386=PLANE('',#10999);
#387=PLANE('',#11000);
#388=PLANE('',#11001);
#389=PLANE('',#11002);
#390=PLANE('',#11003);
#391=PLANE('',#11004);
#392=PLANE('',#11005);
#393=PLANE('',#11006);
#394=PLANE('',#11007);
#395=PLANE('',#11008);
#396=PLANE('',#11009);
#397=PLANE('',#11010);
#398=PLANE('',#11011);
#399=PLANE('',#11012);
#400=PLANE('',#11013);
#401=PLANE('',#11014);
#402=PLANE('',#11015);
#403=PLANE('',#11031);
#404=PLANE('',#11032);
#405=PLANE('',#11033);
#406=PLANE('',#11034);
#407=PLANE('',#11035);
#408=PLANE('',#11036);
#409=PLANE('',#11037);
#410=PLANE('',#11038);
#411=PLANE('',#11039);
#412=PLANE('',#11040);
#413=PLANE('',#11041);
#414=PLANE('',#11042);
#415=PLANE('',#11043);
#416=PLANE('',#11044);
#417=PLANE('',#11045);
#418=PLANE('',#11046);
#419=PLANE('',#11047);
#420=PLANE('',#11048);
#421=PLANE('',#11049);
#422=PLANE('',#11050);
#423=PLANE('',#11051);
#424=PLANE('',#11052);
#425=PLANE('',#11053);
#426=PLANE('',#11054);
#427=PLANE('',#11055);
#428=PLANE('',#11056);
#429=PLANE('',#11057);
#430=PLANE('',#11058);
#431=PLANE('',#11059);
#432=PLANE('',#11060);
#433=PLANE('',#11061);
#434=PLANE('',#11062);
#435=PLANE('',#11063);
#436=PLANE('',#11064);
#437=PLANE('',#11065);
#438=PLANE('',#11066);
#439=PLANE('',#11067);
#440=PLANE('',#11068);
#441=PLANE('',#11069);
#442=PLANE('',#11070);
#443=PLANE('',#11071);
#444=PLANE('',#11072);
#445=PLANE('',#11073);
#446=PLANE('',#11074);
#447=PLANE('',#11075);
#448=PLANE('',#11076);
#449=PLANE('',#11077);
#450=PLANE('',#11078);
#451=PLANE('',#11079);
#452=PLANE('',#11080);
#453=PLANE('',#11081);
#454=PLANE('',#11082);
#455=PLANE('',#11083);
#456=PLANE('',#11084);
#457=PLANE('',#11085);
#458=PLANE('',#11086);
#459=PLANE('',#11087);
#460=PLANE('',#11088);
#461=PLANE('',#11089);
#462=PLANE('',#11090);
#463=PLANE('',#11091);
#464=PLANE('',#11092);
#465=PLANE('',#11093);
#466=PLANE('',#11094);
#467=PLANE('',#11095);
#468=PLANE('',#11096);
#469=PLANE('',#11097);
#470=PLANE('',#11098);
#471=PLANE('',#11099);
#472=PLANE('',#11100);
#473=PLANE('',#11101);
#474=PLANE('',#11102);
#475=PLANE('',#11103);
#476=PLANE('',#11104);
#477=PLANE('',#11105);
#478=PLANE('',#11106);
#479=PLANE('',#11107);
#480=PLANE('',#11108);
#481=PLANE('',#11109);
#482=PLANE('',#11110);
#483=PLANE('',#11111);
#484=PLANE('',#11112);
#485=PLANE('',#11113);
#486=PLANE('',#11114);
#487=PLANE('',#11115);
#488=PLANE('',#11116);
#489=PLANE('',#11117);
#490=PLANE('',#11118);
#491=PLANE('',#11119);
#492=PLANE('',#11120);
#493=PLANE('',#11121);
#494=PLANE('',#11122);
#495=PLANE('',#11123);
#496=PLANE('',#11124);
#497=PLANE('',#11125);
#498=PLANE('',#11126);
#499=PLANE('',#11127);
#500=PLANE('',#11128);
#501=PLANE('',#11129);
#502=PLANE('',#11130);
#503=PLANE('',#11131);
#504=PLANE('',#11132);
#505=PLANE('',#11133);
#506=PLANE('',#11134);
#507=PLANE('',#11135);
#508=PLANE('',#11136);
#509=PLANE('',#11137);
#510=PLANE('',#11138);
#511=PLANE('',#11139);
#512=PLANE('',#11140);
#513=PLANE('',#11141);
#514=PLANE('',#11142);
#515=PLANE('',#11143);
#516=PLANE('',#11144);
#517=PLANE('',#11145);
#518=PLANE('',#11146);
#519=PLANE('',#11147);
#520=PLANE('',#11148);
#521=PLANE('',#11149);
#522=PLANE('',#11150);
#523=PLANE('',#11151);
#524=PLANE('',#11152);
#525=PLANE('',#11153);
#526=PLANE('',#11154);
#527=PLANE('',#11155);
#528=PLANE('',#11156);
#529=PLANE('',#11157);
#530=PLANE('',#11158);
#531=PLANE('',#11159);
#532=PLANE('',#11160);
#533=PLANE('',#11161);
#534=PLANE('',#11162);
#535=PLANE('',#11163);
#536=PLANE('',#11164);
#537=PLANE('',#11165);
#538=PLANE('',#11167);
#539=PLANE('',#11168);
#540=PLANE('',#11169);
#541=PLANE('',#11170);
#542=PLANE('',#11171);
#543=PLANE('',#11174);
#544=PLANE('',#11175);
#545=FACE_OUTER_BOUND('',#1056,.T.);
#546=FACE_OUTER_BOUND('',#1057,.T.);
#547=FACE_OUTER_BOUND('',#1058,.T.);
#548=FACE_OUTER_BOUND('',#1059,.T.);
#549=FACE_OUTER_BOUND('',#1060,.T.);
#550=FACE_OUTER_BOUND('',#1061,.T.);
#551=FACE_OUTER_BOUND('',#1062,.T.);
#552=FACE_OUTER_BOUND('',#1063,.T.);
#553=FACE_OUTER_BOUND('',#1064,.T.);
#554=FACE_OUTER_BOUND('',#1066,.T.);
#555=FACE_OUTER_BOUND('',#1068,.T.);
#556=FACE_OUTER_BOUND('',#1070,.T.);
#557=FACE_OUTER_BOUND('',#1071,.T.);
#558=FACE_OUTER_BOUND('',#1072,.T.);
#559=FACE_OUTER_BOUND('',#1073,.T.);
#560=FACE_OUTER_BOUND('',#1074,.T.);
#561=FACE_OUTER_BOUND('',#1075,.T.);
#562=FACE_OUTER_BOUND('',#1076,.T.);
#563=FACE_OUTER_BOUND('',#1077,.T.);
#564=FACE_OUTER_BOUND('',#1078,.T.);
#565=FACE_OUTER_BOUND('',#1079,.T.);
#566=FACE_OUTER_BOUND('',#1080,.T.);
#567=FACE_OUTER_BOUND('',#1081,.T.);
#568=FACE_OUTER_BOUND('',#1082,.T.);
#569=FACE_OUTER_BOUND('',#1083,.T.);
#570=FACE_OUTER_BOUND('',#1084,.T.);
#571=FACE_OUTER_BOUND('',#1085,.T.);
#572=FACE_OUTER_BOUND('',#1086,.T.);
#573=FACE_OUTER_BOUND('',#1087,.T.);
#574=FACE_OUTER_BOUND('',#1088,.T.);
#575=FACE_OUTER_BOUND('',#1089,.T.);
#576=FACE_OUTER_BOUND('',#1090,.T.);
#577=FACE_OUTER_BOUND('',#1091,.T.);
#578=FACE_OUTER_BOUND('',#1092,.T.);
#579=FACE_OUTER_BOUND('',#1093,.T.);
#580=FACE_OUTER_BOUND('',#1094,.T.);
#581=FACE_OUTER_BOUND('',#1095,.T.);
#582=FACE_OUTER_BOUND('',#1096,.T.);
#583=FACE_OUTER_BOUND('',#1097,.T.);
#584=FACE_OUTER_BOUND('',#1098,.T.);
#585=FACE_OUTER_BOUND('',#1099,.T.);
#586=FACE_OUTER_BOUND('',#1100,.T.);
#587=FACE_OUTER_BOUND('',#1101,.T.);
#588=FACE_OUTER_BOUND('',#1102,.T.);
#589=FACE_OUTER_BOUND('',#1103,.T.);
#590=FACE_OUTER_BOUND('',#1104,.T.);
#591=FACE_OUTER_BOUND('',#1105,.T.);
#592=FACE_OUTER_BOUND('',#1106,.T.);
#593=FACE_OUTER_BOUND('',#1107,.T.);
#594=FACE_OUTER_BOUND('',#1108,.T.);
#595=FACE_OUTER_BOUND('',#1109,.T.);
#596=FACE_OUTER_BOUND('',#1110,.T.);
#597=FACE_OUTER_BOUND('',#1111,.T.);
#598=FACE_OUTER_BOUND('',#1112,.T.);
#599=FACE_OUTER_BOUND('',#1113,.T.);
#600=FACE_OUTER_BOUND('',#1114,.T.);
#601=FACE_OUTER_BOUND('',#1115,.T.);
#602=FACE_OUTER_BOUND('',#1116,.T.);
#603=FACE_OUTER_BOUND('',#1117,.T.);
#604=FACE_OUTER_BOUND('',#1118,.T.);
#605=FACE_OUTER_BOUND('',#1119,.T.);
#606=FACE_OUTER_BOUND('',#1120,.T.);
#607=FACE_OUTER_BOUND('',#1121,.T.);
#608=FACE_OUTER_BOUND('',#1122,.T.);
#609=FACE_OUTER_BOUND('',#1123,.T.);
#610=FACE_OUTER_BOUND('',#1124,.T.);
#611=FACE_OUTER_BOUND('',#1125,.T.);
#612=FACE_OUTER_BOUND('',#1126,.T.);
#613=FACE_OUTER_BOUND('',#1127,.T.);
#614=FACE_OUTER_BOUND('',#1128,.T.);
#615=FACE_OUTER_BOUND('',#1129,.T.);
#616=FACE_OUTER_BOUND('',#1130,.T.);
#617=FACE_OUTER_BOUND('',#1131,.T.);
#618=FACE_OUTER_BOUND('',#1132,.T.);
#619=FACE_OUTER_BOUND('',#1133,.T.);
#620=FACE_OUTER_BOUND('',#1134,.T.);
#621=FACE_OUTER_BOUND('',#1135,.T.);
#622=FACE_OUTER_BOUND('',#1136,.T.);
#623=FACE_OUTER_BOUND('',#1137,.T.);
#624=FACE_OUTER_BOUND('',#1138,.T.);
#625=FACE_OUTER_BOUND('',#1139,.T.);
#626=FACE_OUTER_BOUND('',#1140,.T.);
#627=FACE_OUTER_BOUND('',#1141,.T.);
#628=FACE_OUTER_BOUND('',#1142,.T.);
#629=FACE_OUTER_BOUND('',#1143,.T.);
#630=FACE_OUTER_BOUND('',#1144,.T.);
#631=FACE_OUTER_BOUND('',#1145,.T.);
#632=FACE_OUTER_BOUND('',#1146,.T.);
#633=FACE_OUTER_BOUND('',#1147,.T.);
#634=FACE_OUTER_BOUND('',#1148,.T.);
#635=FACE_OUTER_BOUND('',#1149,.T.);
#636=FACE_OUTER_BOUND('',#1150,.T.);
#637=FACE_OUTER_BOUND('',#1151,.T.);
#638=FACE_OUTER_BOUND('',#1152,.T.);
#639=FACE_OUTER_BOUND('',#1153,.T.);
#640=FACE_OUTER_BOUND('',#1154,.T.);
#641=FACE_OUTER_BOUND('',#1155,.T.);
#642=FACE_OUTER_BOUND('',#1156,.T.);
#643=FACE_OUTER_BOUND('',#1157,.T.);
#644=FACE_OUTER_BOUND('',#1158,.T.);
#645=FACE_OUTER_BOUND('',#1159,.T.);
#646=FACE_OUTER_BOUND('',#1160,.T.);
#647=FACE_OUTER_BOUND('',#1161,.T.);
#648=FACE_OUTER_BOUND('',#1162,.T.);
#649=FACE_OUTER_BOUND('',#1163,.T.);
#650=FACE_OUTER_BOUND('',#1164,.T.);
#651=FACE_OUTER_BOUND('',#1165,.T.);
#652=FACE_OUTER_BOUND('',#1166,.T.);
#653=FACE_OUTER_BOUND('',#1167,.T.);
#654=FACE_OUTER_BOUND('',#1168,.T.);
#655=FACE_OUTER_BOUND('',#1169,.T.);
#656=FACE_OUTER_BOUND('',#1170,.T.);
#657=FACE_OUTER_BOUND('',#1171,.T.);
#658=FACE_OUTER_BOUND('',#1172,.T.);
#659=FACE_OUTER_BOUND('',#1173,.T.);
#660=FACE_OUTER_BOUND('',#1174,.T.);
#661=FACE_OUTER_BOUND('',#1175,.T.);
#662=FACE_OUTER_BOUND('',#1176,.T.);
#663=FACE_OUTER_BOUND('',#1177,.T.);
#664=FACE_OUTER_BOUND('',#1178,.T.);
#665=FACE_OUTER_BOUND('',#1179,.T.);
#666=FACE_OUTER_BOUND('',#1180,.T.);
#667=FACE_OUTER_BOUND('',#1181,.T.);
#668=FACE_OUTER_BOUND('',#1182,.T.);
#669=FACE_OUTER_BOUND('',#1183,.T.);
#670=FACE_OUTER_BOUND('',#1184,.T.);
#671=FACE_OUTER_BOUND('',#1185,.T.);
#672=FACE_OUTER_BOUND('',#1186,.T.);
#673=FACE_OUTER_BOUND('',#1187,.T.);
#674=FACE_OUTER_BOUND('',#1188,.T.);
#675=FACE_OUTER_BOUND('',#1189,.T.);
#676=FACE_OUTER_BOUND('',#1190,.T.);
#677=FACE_OUTER_BOUND('',#1191,.T.);
#678=FACE_OUTER_BOUND('',#1192,.T.);
#679=FACE_OUTER_BOUND('',#1193,.T.);
#680=FACE_OUTER_BOUND('',#1194,.T.);
#681=FACE_OUTER_BOUND('',#1195,.T.);
#682=FACE_OUTER_BOUND('',#1196,.T.);
#683=FACE_OUTER_BOUND('',#1197,.T.);
#684=FACE_OUTER_BOUND('',#1198,.T.);
#685=FACE_OUTER_BOUND('',#1199,.T.);
#686=FACE_OUTER_BOUND('',#1200,.T.);
#687=FACE_OUTER_BOUND('',#1201,.T.);
#688=FACE_OUTER_BOUND('',#1202,.T.);
#689=FACE_OUTER_BOUND('',#1203,.T.);
#690=FACE_OUTER_BOUND('',#1204,.T.);
#691=FACE_OUTER_BOUND('',#1205,.T.);
#692=FACE_OUTER_BOUND('',#1206,.T.);
#693=FACE_OUTER_BOUND('',#1207,.T.);
#694=FACE_OUTER_BOUND('',#1208,.T.);
#695=FACE_OUTER_BOUND('',#1209,.T.);
#696=FACE_OUTER_BOUND('',#1210,.T.);
#697=FACE_OUTER_BOUND('',#1211,.T.);
#698=FACE_OUTER_BOUND('',#1212,.T.);
#699=FACE_OUTER_BOUND('',#1213,.T.);
#700=FACE_OUTER_BOUND('',#1214,.T.);
#701=FACE_OUTER_BOUND('',#1215,.T.);
#702=FACE_OUTER_BOUND('',#1216,.T.);
#703=FACE_OUTER_BOUND('',#1217,.T.);
#704=FACE_OUTER_BOUND('',#1218,.T.);
#705=FACE_OUTER_BOUND('',#1219,.T.);
#706=FACE_OUTER_BOUND('',#1220,.T.);
#707=FACE_OUTER_BOUND('',#1221,.T.);
#708=FACE_OUTER_BOUND('',#1222,.T.);
#709=FACE_OUTER_BOUND('',#1223,.T.);
#710=FACE_OUTER_BOUND('',#1224,.T.);
#711=FACE_OUTER_BOUND('',#1225,.T.);
#712=FACE_OUTER_BOUND('',#1226,.T.);
#713=FACE_OUTER_BOUND('',#1227,.T.);
#714=FACE_OUTER_BOUND('',#1228,.T.);
#715=FACE_OUTER_BOUND('',#1229,.T.);
#716=FACE_OUTER_BOUND('',#1230,.T.);
#717=FACE_OUTER_BOUND('',#1231,.T.);
#718=FACE_OUTER_BOUND('',#1232,.T.);
#719=FACE_OUTER_BOUND('',#1233,.T.);
#720=FACE_OUTER_BOUND('',#1234,.T.);
#721=FACE_OUTER_BOUND('',#1235,.T.);
#722=FACE_OUTER_BOUND('',#1236,.T.);
#723=FACE_OUTER_BOUND('',#1237,.T.);
#724=FACE_OUTER_BOUND('',#1238,.T.);
#725=FACE_OUTER_BOUND('',#1239,.T.);
#726=FACE_OUTER_BOUND('',#1241,.T.);
#727=FACE_OUTER_BOUND('',#1242,.T.);
#728=FACE_OUTER_BOUND('',#1243,.T.);
#729=FACE_OUTER_BOUND('',#1244,.T.);
#730=FACE_OUTER_BOUND('',#1245,.T.);
#731=FACE_OUTER_BOUND('',#1246,.T.);
#732=FACE_OUTER_BOUND('',#1247,.T.);
#733=FACE_OUTER_BOUND('',#1248,.T.);
#734=FACE_OUTER_BOUND('',#1249,.T.);
#735=FACE_OUTER_BOUND('',#1250,.T.);
#736=FACE_OUTER_BOUND('',#1251,.T.);
#737=FACE_OUTER_BOUND('',#1252,.T.);
#738=FACE_OUTER_BOUND('',#1253,.T.);
#739=FACE_OUTER_BOUND('',#1254,.T.);
#740=FACE_OUTER_BOUND('',#1255,.T.);
#741=FACE_OUTER_BOUND('',#1256,.T.);
#742=FACE_OUTER_BOUND('',#1257,.T.);
#743=FACE_OUTER_BOUND('',#1258,.T.);
#744=FACE_OUTER_BOUND('',#1259,.T.);
#745=FACE_OUTER_BOUND('',#1260,.T.);
#746=FACE_OUTER_BOUND('',#1261,.T.);
#747=FACE_OUTER_BOUND('',#1262,.T.);
#748=FACE_OUTER_BOUND('',#1263,.T.);
#749=FACE_OUTER_BOUND('',#1264,.T.);
#750=FACE_OUTER_BOUND('',#1265,.T.);
#751=FACE_OUTER_BOUND('',#1266,.T.);
#752=FACE_OUTER_BOUND('',#1267,.T.);
#753=FACE_OUTER_BOUND('',#1268,.T.);
#754=FACE_OUTER_BOUND('',#1269,.T.);
#755=FACE_OUTER_BOUND('',#1270,.T.);
#756=FACE_OUTER_BOUND('',#1271,.T.);
#757=FACE_OUTER_BOUND('',#1272,.T.);
#758=FACE_OUTER_BOUND('',#1273,.T.);
#759=FACE_OUTER_BOUND('',#1274,.T.);
#760=FACE_OUTER_BOUND('',#1275,.T.);
#761=FACE_OUTER_BOUND('',#1276,.T.);
#762=FACE_OUTER_BOUND('',#1277,.T.);
#763=FACE_OUTER_BOUND('',#1278,.T.);
#764=FACE_OUTER_BOUND('',#1279,.T.);
#765=FACE_OUTER_BOUND('',#1280,.T.);
#766=FACE_OUTER_BOUND('',#1281,.T.);
#767=FACE_OUTER_BOUND('',#1282,.T.);
#768=FACE_OUTER_BOUND('',#1283,.T.);
#769=FACE_OUTER_BOUND('',#1284,.T.);
#770=FACE_OUTER_BOUND('',#1285,.T.);
#771=FACE_OUTER_BOUND('',#1286,.T.);
#772=FACE_OUTER_BOUND('',#1287,.T.);
#773=FACE_OUTER_BOUND('',#1288,.T.);
#774=FACE_OUTER_BOUND('',#1289,.T.);
#775=FACE_OUTER_BOUND('',#1290,.T.);
#776=FACE_OUTER_BOUND('',#1291,.T.);
#777=FACE_OUTER_BOUND('',#1292,.T.);
#778=FACE_OUTER_BOUND('',#1293,.T.);
#779=FACE_OUTER_BOUND('',#1294,.T.);
#780=FACE_OUTER_BOUND('',#1295,.T.);
#781=FACE_OUTER_BOUND('',#1296,.T.);
#782=FACE_OUTER_BOUND('',#1297,.T.);
#783=FACE_OUTER_BOUND('',#1298,.T.);
#784=FACE_OUTER_BOUND('',#1299,.T.);
#785=FACE_OUTER_BOUND('',#1300,.T.);
#786=FACE_OUTER_BOUND('',#1301,.T.);
#787=FACE_OUTER_BOUND('',#1302,.T.);
#788=FACE_OUTER_BOUND('',#1303,.T.);
#789=FACE_OUTER_BOUND('',#1304,.T.);
#790=FACE_OUTER_BOUND('',#1305,.T.);
#791=FACE_OUTER_BOUND('',#1306,.T.);
#792=FACE_OUTER_BOUND('',#1307,.T.);
#793=FACE_OUTER_BOUND('',#1308,.T.);
#794=FACE_OUTER_BOUND('',#1309,.T.);
#795=FACE_OUTER_BOUND('',#1310,.T.);
#796=FACE_OUTER_BOUND('',#1311,.T.);
#797=FACE_OUTER_BOUND('',#1312,.T.);
#798=FACE_OUTER_BOUND('',#1313,.T.);
#799=FACE_OUTER_BOUND('',#1314,.T.);
#800=FACE_OUTER_BOUND('',#1315,.T.);
#801=FACE_OUTER_BOUND('',#1316,.T.);
#802=FACE_OUTER_BOUND('',#1317,.T.);
#803=FACE_OUTER_BOUND('',#1318,.T.);
#804=FACE_OUTER_BOUND('',#1319,.T.);
#805=FACE_OUTER_BOUND('',#1320,.T.);
#806=FACE_OUTER_BOUND('',#1321,.T.);
#807=FACE_OUTER_BOUND('',#1322,.T.);
#808=FACE_OUTER_BOUND('',#1323,.T.);
#809=FACE_OUTER_BOUND('',#1324,.T.);
#810=FACE_OUTER_BOUND('',#1325,.T.);
#811=FACE_OUTER_BOUND('',#1326,.T.);
#812=FACE_OUTER_BOUND('',#1327,.T.);
#813=FACE_OUTER_BOUND('',#1328,.T.);
#814=FACE_OUTER_BOUND('',#1329,.T.);
#815=FACE_OUTER_BOUND('',#1330,.T.);
#816=FACE_OUTER_BOUND('',#1331,.T.);
#817=FACE_OUTER_BOUND('',#1332,.T.);
#818=FACE_OUTER_BOUND('',#1333,.T.);
#819=FACE_OUTER_BOUND('',#1334,.T.);
#820=FACE_OUTER_BOUND('',#1335,.T.);
#821=FACE_OUTER_BOUND('',#1336,.T.);
#822=FACE_OUTER_BOUND('',#1337,.T.);
#823=FACE_OUTER_BOUND('',#1338,.T.);
#824=FACE_OUTER_BOUND('',#1339,.T.);
#825=FACE_OUTER_BOUND('',#1340,.T.);
#826=FACE_OUTER_BOUND('',#1341,.T.);
#827=FACE_OUTER_BOUND('',#1342,.T.);
#828=FACE_OUTER_BOUND('',#1343,.T.);
#829=FACE_OUTER_BOUND('',#1344,.T.);
#830=FACE_OUTER_BOUND('',#1345,.T.);
#831=FACE_OUTER_BOUND('',#1346,.T.);
#832=FACE_OUTER_BOUND('',#1347,.T.);
#833=FACE_OUTER_BOUND('',#1348,.T.);
#834=FACE_OUTER_BOUND('',#1349,.T.);
#835=FACE_OUTER_BOUND('',#1350,.T.);
#836=FACE_OUTER_BOUND('',#1351,.T.);
#837=FACE_OUTER_BOUND('',#1352,.T.);
#838=FACE_OUTER_BOUND('',#1353,.T.);
#839=FACE_OUTER_BOUND('',#1354,.T.);
#840=FACE_OUTER_BOUND('',#1355,.T.);
#841=FACE_OUTER_BOUND('',#1356,.T.);
#842=FACE_OUTER_BOUND('',#1357,.T.);
#843=FACE_OUTER_BOUND('',#1358,.T.);
#844=FACE_OUTER_BOUND('',#1359,.T.);
#845=FACE_OUTER_BOUND('',#1360,.T.);
#846=FACE_OUTER_BOUND('',#1361,.T.);
#847=FACE_OUTER_BOUND('',#1362,.T.);
#848=FACE_OUTER_BOUND('',#1363,.T.);
#849=FACE_OUTER_BOUND('',#1364,.T.);
#850=FACE_OUTER_BOUND('',#1365,.T.);
#851=FACE_OUTER_BOUND('',#1366,.T.);
#852=FACE_OUTER_BOUND('',#1367,.T.);
#853=FACE_OUTER_BOUND('',#1368,.T.);
#854=FACE_OUTER_BOUND('',#1369,.T.);
#855=FACE_OUTER_BOUND('',#1370,.T.);
#856=FACE_OUTER_BOUND('',#1371,.T.);
#857=FACE_OUTER_BOUND('',#1372,.T.);
#858=FACE_OUTER_BOUND('',#1373,.T.);
#859=FACE_OUTER_BOUND('',#1374,.T.);
#860=FACE_OUTER_BOUND('',#1375,.T.);
#861=FACE_OUTER_BOUND('',#1376,.T.);
#862=FACE_OUTER_BOUND('',#1377,.T.);
#863=FACE_OUTER_BOUND('',#1378,.T.);
#864=FACE_OUTER_BOUND('',#1379,.T.);
#865=FACE_OUTER_BOUND('',#1380,.T.);
#866=FACE_OUTER_BOUND('',#1381,.T.);
#867=FACE_OUTER_BOUND('',#1382,.T.);
#868=FACE_OUTER_BOUND('',#1383,.T.);
#869=FACE_OUTER_BOUND('',#1384,.T.);
#870=FACE_OUTER_BOUND('',#1385,.T.);
#871=FACE_OUTER_BOUND('',#1386,.T.);
#872=FACE_OUTER_BOUND('',#1387,.T.);
#873=FACE_OUTER_BOUND('',#1388,.T.);
#874=FACE_OUTER_BOUND('',#1389,.T.);
#875=FACE_OUTER_BOUND('',#1390,.T.);
#876=FACE_OUTER_BOUND('',#1391,.T.);
#877=FACE_OUTER_BOUND('',#1392,.T.);
#878=FACE_OUTER_BOUND('',#1393,.T.);
#879=FACE_OUTER_BOUND('',#1394,.T.);
#880=FACE_OUTER_BOUND('',#1395,.T.);
#881=FACE_OUTER_BOUND('',#1396,.T.);
#882=FACE_OUTER_BOUND('',#1397,.T.);
#883=FACE_OUTER_BOUND('',#1398,.T.);
#884=FACE_OUTER_BOUND('',#1399,.T.);
#885=FACE_OUTER_BOUND('',#1400,.T.);
#886=FACE_OUTER_BOUND('',#1401,.T.);
#887=FACE_OUTER_BOUND('',#1402,.T.);
#888=FACE_OUTER_BOUND('',#1403,.T.);
#889=FACE_OUTER_BOUND('',#1404,.T.);
#890=FACE_OUTER_BOUND('',#1405,.T.);
#891=FACE_OUTER_BOUND('',#1406,.T.);
#892=FACE_OUTER_BOUND('',#1407,.T.);
#893=FACE_OUTER_BOUND('',#1408,.T.);
#894=FACE_OUTER_BOUND('',#1409,.T.);
#895=FACE_OUTER_BOUND('',#1410,.T.);
#896=FACE_OUTER_BOUND('',#1411,.T.);
#897=FACE_OUTER_BOUND('',#1412,.T.);
#898=FACE_OUTER_BOUND('',#1413,.T.);
#899=FACE_OUTER_BOUND('',#1414,.T.);
#900=FACE_OUTER_BOUND('',#1415,.T.);
#901=FACE_OUTER_BOUND('',#1416,.T.);
#902=FACE_OUTER_BOUND('',#1417,.T.);
#903=FACE_OUTER_BOUND('',#1418,.T.);
#904=FACE_OUTER_BOUND('',#1419,.T.);
#905=FACE_OUTER_BOUND('',#1420,.T.);
#906=FACE_OUTER_BOUND('',#1421,.T.);
#907=FACE_OUTER_BOUND('',#1423,.T.);
#908=FACE_OUTER_BOUND('',#1424,.T.);
#909=FACE_OUTER_BOUND('',#1425,.T.);
#910=FACE_OUTER_BOUND('',#1426,.T.);
#911=FACE_OUTER_BOUND('',#1427,.T.);
#912=FACE_OUTER_BOUND('',#1428,.T.);
#913=FACE_OUTER_BOUND('',#1429,.T.);
#914=FACE_OUTER_BOUND('',#1431,.T.);
#915=FACE_OUTER_BOUND('',#1432,.T.);
#916=FACE_OUTER_BOUND('',#1433,.T.);
#917=FACE_OUTER_BOUND('',#1434,.T.);
#918=FACE_OUTER_BOUND('',#1435,.T.);
#919=FACE_OUTER_BOUND('',#1436,.T.);
#920=FACE_OUTER_BOUND('',#1437,.T.);
#921=FACE_OUTER_BOUND('',#1438,.T.);
#922=FACE_OUTER_BOUND('',#1439,.T.);
#923=FACE_OUTER_BOUND('',#1440,.T.);
#924=FACE_OUTER_BOUND('',#1441,.T.);
#925=FACE_OUTER_BOUND('',#1442,.T.);
#926=FACE_OUTER_BOUND('',#1443,.T.);
#927=FACE_OUTER_BOUND('',#1444,.T.);
#928=FACE_OUTER_BOUND('',#1445,.T.);
#929=FACE_OUTER_BOUND('',#1446,.T.);
#930=FACE_OUTER_BOUND('',#1447,.T.);
#931=FACE_OUTER_BOUND('',#1448,.T.);
#932=FACE_OUTER_BOUND('',#1449,.T.);
#933=FACE_OUTER_BOUND('',#1450,.T.);
#934=FACE_OUTER_BOUND('',#1451,.T.);
#935=FACE_OUTER_BOUND('',#1452,.T.);
#936=FACE_OUTER_BOUND('',#1453,.T.);
#937=FACE_OUTER_BOUND('',#1454,.T.);
#938=FACE_OUTER_BOUND('',#1455,.T.);
#939=FACE_OUTER_BOUND('',#1456,.T.);
#940=FACE_OUTER_BOUND('',#1457,.T.);
#941=FACE_OUTER_BOUND('',#1458,.T.);
#942=FACE_OUTER_BOUND('',#1459,.T.);
#943=FACE_OUTER_BOUND('',#1460,.T.);
#944=FACE_OUTER_BOUND('',#1461,.T.);
#945=FACE_OUTER_BOUND('',#1462,.T.);
#946=FACE_OUTER_BOUND('',#1468,.T.);
#947=FACE_OUTER_BOUND('',#1469,.T.);
#948=FACE_OUTER_BOUND('',#1470,.T.);
#949=FACE_OUTER_BOUND('',#1471,.T.);
#950=FACE_OUTER_BOUND('',#1472,.T.);
#951=FACE_OUTER_BOUND('',#1473,.T.);
#952=FACE_OUTER_BOUND('',#1474,.T.);
#953=FACE_OUTER_BOUND('',#1475,.T.);
#954=FACE_OUTER_BOUND('',#1476,.T.);
#955=FACE_OUTER_BOUND('',#1477,.T.);
#956=FACE_OUTER_BOUND('',#1478,.T.);
#957=FACE_OUTER_BOUND('',#1479,.T.);
#958=FACE_OUTER_BOUND('',#1480,.T.);
#959=FACE_OUTER_BOUND('',#1481,.T.);
#960=FACE_OUTER_BOUND('',#1485,.T.);
#961=FACE_OUTER_BOUND('',#1486,.T.);
#962=FACE_OUTER_BOUND('',#1487,.T.);
#963=FACE_OUTER_BOUND('',#1488,.T.);
#964=FACE_OUTER_BOUND('',#1489,.T.);
#965=FACE_OUTER_BOUND('',#1490,.T.);
#966=FACE_OUTER_BOUND('',#1491,.T.);
#967=FACE_OUTER_BOUND('',#1492,.T.);
#968=FACE_OUTER_BOUND('',#1493,.T.);
#969=FACE_OUTER_BOUND('',#1494,.T.);
#970=FACE_OUTER_BOUND('',#1495,.T.);
#971=FACE_OUTER_BOUND('',#1496,.T.);
#972=FACE_OUTER_BOUND('',#1497,.T.);
#973=FACE_OUTER_BOUND('',#1498,.T.);
#974=FACE_OUTER_BOUND('',#1499,.T.);
#975=FACE_OUTER_BOUND('',#1500,.T.);
#976=FACE_OUTER_BOUND('',#1501,.T.);
#977=FACE_OUTER_BOUND('',#1502,.T.);
#978=FACE_OUTER_BOUND('',#1503,.T.);
#979=FACE_OUTER_BOUND('',#1504,.T.);
#980=FACE_OUTER_BOUND('',#1505,.T.);
#981=FACE_OUTER_BOUND('',#1506,.T.);
#982=FACE_OUTER_BOUND('',#1507,.T.);
#983=FACE_OUTER_BOUND('',#1508,.T.);
#984=FACE_OUTER_BOUND('',#1509,.T.);
#985=FACE_OUTER_BOUND('',#1510,.T.);
#986=FACE_OUTER_BOUND('',#1511,.T.);
#987=FACE_OUTER_BOUND('',#1512,.T.);
#988=FACE_OUTER_BOUND('',#1513,.T.);
#989=FACE_OUTER_BOUND('',#1514,.T.);
#990=FACE_OUTER_BOUND('',#1518,.T.);
#991=FACE_OUTER_BOUND('',#1519,.T.);
#992=FACE_OUTER_BOUND('',#1520,.T.);
#993=FACE_OUTER_BOUND('',#1521,.T.);
#994=FACE_OUTER_BOUND('',#1522,.T.);
#995=FACE_OUTER_BOUND('',#1523,.T.);
#996=FACE_OUTER_BOUND('',#1524,.T.);
#997=FACE_OUTER_BOUND('',#1525,.T.);
#998=FACE_OUTER_BOUND('',#1526,.T.);
#999=FACE_OUTER_BOUND('',#1527,.T.);
#1000=FACE_OUTER_BOUND('',#1528,.T.);
#1001=FACE_OUTER_BOUND('',#1529,.T.);
#1002=FACE_OUTER_BOUND('',#1530,.T.);
#1003=FACE_OUTER_BOUND('',#1531,.T.);
#1004=FACE_OUTER_BOUND('',#1532,.T.);
#1005=FACE_OUTER_BOUND('',#1533,.T.);
#1006=FACE_OUTER_BOUND('',#1534,.T.);
#1007=FACE_OUTER_BOUND('',#1535,.T.);
#1008=FACE_OUTER_BOUND('',#1536,.T.);
#1009=FACE_OUTER_BOUND('',#1537,.T.);
#1010=FACE_OUTER_BOUND('',#1538,.T.);
#1011=FACE_OUTER_BOUND('',#1539,.T.);
#1012=FACE_OUTER_BOUND('',#1540,.T.);
#1013=FACE_OUTER_BOUND('',#1541,.T.);
#1014=FACE_OUTER_BOUND('',#1542,.T.);
#1015=FACE_OUTER_BOUND('',#1543,.T.);
#1016=FACE_OUTER_BOUND('',#1544,.T.);
#1017=FACE_OUTER_BOUND('',#1545,.T.);
#1018=FACE_OUTER_BOUND('',#1546,.T.);
#1019=FACE_OUTER_BOUND('',#1547,.T.);
#1020=FACE_OUTER_BOUND('',#1548,.T.);
#1021=FACE_OUTER_BOUND('',#1549,.T.);
#1022=FACE_OUTER_BOUND('',#1550,.T.);
#1023=FACE_OUTER_BOUND('',#1551,.T.);
#1024=FACE_OUTER_BOUND('',#1552,.T.);
#1025=FACE_OUTER_BOUND('',#1553,.T.);
#1026=FACE_OUTER_BOUND('',#1554,.T.);
#1027=FACE_OUTER_BOUND('',#1555,.T.);
#1028=FACE_OUTER_BOUND('',#1556,.T.);
#1029=FACE_OUTER_BOUND('',#1557,.T.);
#1030=FACE_OUTER_BOUND('',#1558,.T.);
#1031=FACE_OUTER_BOUND('',#1559,.T.);
#1032=FACE_OUTER_BOUND('',#1560,.T.);
#1033=FACE_OUTER_BOUND('',#1561,.T.);
#1034=FACE_OUTER_BOUND('',#1562,.T.);
#1035=FACE_OUTER_BOUND('',#1563,.T.);
#1036=FACE_OUTER_BOUND('',#1564,.T.);
#1037=FACE_OUTER_BOUND('',#1565,.T.);
#1038=FACE_OUTER_BOUND('',#1571,.T.);
#1039=FACE_OUTER_BOUND('',#1572,.T.);
#1040=FACE_OUTER_BOUND('',#1573,.T.);
#1041=FACE_OUTER_BOUND('',#1574,.T.);
#1042=FACE_OUTER_BOUND('',#1575,.T.);
#1043=FACE_OUTER_BOUND('',#1576,.T.);
#1044=FACE_OUTER_BOUND('',#1577,.T.);
#1045=FACE_OUTER_BOUND('',#1578,.T.);
#1046=FACE_OUTER_BOUND('',#1579,.T.);
#1047=FACE_OUTER_BOUND('',#1580,.T.);
#1048=FACE_OUTER_BOUND('',#1582,.T.);
#1049=FACE_OUTER_BOUND('',#1583,.T.);
#1050=FACE_OUTER_BOUND('',#1584,.T.);
#1051=FACE_OUTER_BOUND('',#1585,.T.);
#1052=FACE_OUTER_BOUND('',#1587,.T.);
#1053=FACE_OUTER_BOUND('',#1588,.T.);
#1054=FACE_OUTER_BOUND('',#1589,.T.);
#1055=FACE_OUTER_BOUND('',#1591,.T.);
#1056=EDGE_LOOP('',(#7082,#7083,#7084,#7085));
#1057=EDGE_LOOP('',(#7086));
#1058=EDGE_LOOP('',(#7087,#7088,#7089,#7090));
#1059=EDGE_LOOP('',(#7091));
#1060=EDGE_LOOP('',(#7092,#7093,#7094,#7095));
#1061=EDGE_LOOP('',(#7096));
#1062=EDGE_LOOP('',(#7097,#7098,#7099,#7100));
#1063=EDGE_LOOP('',(#7101,#7102,#7103,#7104));
#1064=EDGE_LOOP('',(#7105,#7106,#7107,#7108,#7109,#7110,#7111,#7112,#7113,
#7114,#7115,#7116,#7117,#7118,#7119,#7120,#7121,#7122,#7123,#7124,#7125,
#7126,#7127,#7128,#7129,#7130,#7131,#7132,#7133,#7134,#7135,#7136,#7137,
#7138,#7139,#7140,#7141,#7142,#7143,#7144,#7145,#7146,#7147,#7148,#7149,
#7150,#7151,#7152,#7153,#7154,#7155,#7156,#7157,#7158,#7159,#7160,#7161,
#7162,#7163,#7164));
#1065=EDGE_LOOP('',(#7165,#7166,#7167,#7168,#7169,#7170,#7171,#7172,#7173,
#7174,#7175,#7176,#7177,#7178,#7179,#7180,#7181,#7182,#7183,#7184,#7185,
#7186,#7187,#7188,#7189,#7190,#7191,#7192,#7193,#7194,#7195,#7196,#7197,
#7198,#7199,#7200,#7201,#7202,#7203,#7204,#7205,#7206,#7207,#7208));
#1066=EDGE_LOOP('',(#7209,#7210,#7211,#7212,#7213,#7214,#7215,#7216,#7217,
#7218,#7219,#7220,#7221,#7222,#7223,#7224,#7225,#7226,#7227,#7228,#7229,
#7230,#7231,#7232,#7233,#7234,#7235,#7236,#7237,#7238,#7239,#7240,#7241,
#7242,#7243,#7244,#7245,#7246,#7247,#7248,#7249,#7250,#7251,#7252,#7253,
#7254,#7255,#7256,#7257,#7258,#7259,#7260,#7261,#7262,#7263,#7264,#7265,
#7266,#7267,#7268));
#1067=EDGE_LOOP('',(#7269,#7270,#7271,#7272,#7273,#7274,#7275,#7276,#7277,
#7278,#7279,#7280,#7281,#7282,#7283,#7284,#7285,#7286,#7287,#7288,#7289,
#7290,#7291,#7292,#7293,#7294,#7295,#7296,#7297,#7298,#7299,#7300,#7301,
#7302,#7303,#7304,#7305,#7306,#7307,#7308,#7309,#7310,#7311,#7312));
#1068=EDGE_LOOP('',(#7313,#7314,#7315,#7316,#7317,#7318,#7319,#7320,#7321,
#7322,#7323,#7324,#7325,#7326,#7327,#7328,#7329,#7330,#7331,#7332,#7333,
#7334,#7335,#7336,#7337,#7338,#7339,#7340,#7341,#7342,#7343,#7344,#7345,
#7346,#7347,#7348,#7349,#7350,#7351,#7352,#7353,#7354,#7355,#7356,#7357,
#7358,#7359,#7360,#7361,#7362,#7363,#7364,#7365,#7366,#7367,#7368,#7369,
#7370,#7371,#7372));
#1069=EDGE_LOOP('',(#7373,#7374,#7375,#7376,#7377,#7378,#7379,#7380,#7381,
#7382,#7383,#7384,#7385,#7386,#7387,#7388,#7389,#7390,#7391,#7392,#7393,
#7394,#7395,#7396,#7397,#7398,#7399,#7400,#7401,#7402,#7403,#7404,#7405,
#7406,#7407,#7408,#7409,#7410,#7411,#7412,#7413,#7414,#7415,#7416));
#1070=EDGE_LOOP('',(#7417,#7418,#7419,#7420,#7421,#7422,#7423,#7424,#7425,
#7426,#7427,#7428));
#1071=EDGE_LOOP('',(#7429,#7430,#7431,#7432));
#1072=EDGE_LOOP('',(#7433,#7434,#7435,#7436));
#1073=EDGE_LOOP('',(#7437,#7438,#7439,#7440));
#1074=EDGE_LOOP('',(#7441,#7442,#7443,#7444));
#1075=EDGE_LOOP('',(#7445,#7446,#7447,#7448));
#1076=EDGE_LOOP('',(#7449,#7450,#7451,#7452));
#1077=EDGE_LOOP('',(#7453,#7454,#7455,#7456));
#1078=EDGE_LOOP('',(#7457,#7458,#7459,#7460));
#1079=EDGE_LOOP('',(#7461,#7462,#7463,#7464));
#1080=EDGE_LOOP('',(#7465,#7466,#7467,#7468));
#1081=EDGE_LOOP('',(#7469,#7470,#7471,#7472));
#1082=EDGE_LOOP('',(#7473,#7474,#7475,#7476));
#1083=EDGE_LOOP('',(#7477,#7478,#7479,#7480));
#1084=EDGE_LOOP('',(#7481,#7482,#7483,#7484));
#1085=EDGE_LOOP('',(#7485,#7486,#7487,#7488));
#1086=EDGE_LOOP('',(#7489,#7490,#7491,#7492));
#1087=EDGE_LOOP('',(#7493,#7494,#7495,#7496));
#1088=EDGE_LOOP('',(#7497,#7498,#7499,#7500));
#1089=EDGE_LOOP('',(#7501,#7502,#7503,#7504));
#1090=EDGE_LOOP('',(#7505,#7506,#7507,#7508));
#1091=EDGE_LOOP('',(#7509,#7510,#7511,#7512));
#1092=EDGE_LOOP('',(#7513,#7514,#7515,#7516));
#1093=EDGE_LOOP('',(#7517,#7518,#7519,#7520));
#1094=EDGE_LOOP('',(#7521,#7522,#7523,#7524));
#1095=EDGE_LOOP('',(#7525,#7526,#7527,#7528,#7529,#7530));
#1096=EDGE_LOOP('',(#7531,#7532,#7533,#7534));
#1097=EDGE_LOOP('',(#7535,#7536,#7537,#7538));
#1098=EDGE_LOOP('',(#7539,#7540,#7541,#7542));
#1099=EDGE_LOOP('',(#7543,#7544,#7545,#7546));
#1100=EDGE_LOOP('',(#7547,#7548,#7549,#7550,#7551));
#1101=EDGE_LOOP('',(#7552,#7553,#7554,#7555));
#1102=EDGE_LOOP('',(#7556,#7557,#7558,#7559));
#1103=EDGE_LOOP('',(#7560,#7561,#7562,#7563));
#1104=EDGE_LOOP('',(#7564,#7565,#7566,#7567));
#1105=EDGE_LOOP('',(#7568,#7569,#7570,#7571));
#1106=EDGE_LOOP('',(#7572,#7573,#7574,#7575));
#1107=EDGE_LOOP('',(#7576,#7577,#7578,#7579));
#1108=EDGE_LOOP('',(#7580,#7581,#7582,#7583));
#1109=EDGE_LOOP('',(#7584,#7585,#7586,#7587));
#1110=EDGE_LOOP('',(#7588,#7589,#7590,#7591));
#1111=EDGE_LOOP('',(#7592,#7593,#7594,#7595));
#1112=EDGE_LOOP('',(#7596,#7597,#7598,#7599));
#1113=EDGE_LOOP('',(#7600,#7601,#7602,#7603));
#1114=EDGE_LOOP('',(#7604,#7605,#7606,#7607));
#1115=EDGE_LOOP('',(#7608,#7609,#7610,#7611));
#1116=EDGE_LOOP('',(#7612,#7613,#7614,#7615));
#1117=EDGE_LOOP('',(#7616,#7617,#7618,#7619));
#1118=EDGE_LOOP('',(#7620,#7621,#7622,#7623));
#1119=EDGE_LOOP('',(#7624,#7625,#7626,#7627));
#1120=EDGE_LOOP('',(#7628,#7629,#7630,#7631));
#1121=EDGE_LOOP('',(#7632,#7633,#7634,#7635));
#1122=EDGE_LOOP('',(#7636,#7637,#7638,#7639));
#1123=EDGE_LOOP('',(#7640,#7641,#7642,#7643));
#1124=EDGE_LOOP('',(#7644,#7645,#7646,#7647));
#1125=EDGE_LOOP('',(#7648,#7649,#7650,#7651));
#1126=EDGE_LOOP('',(#7652,#7653,#7654,#7655));
#1127=EDGE_LOOP('',(#7656,#7657,#7658,#7659));
#1128=EDGE_LOOP('',(#7660,#7661,#7662,#7663));
#1129=EDGE_LOOP('',(#7664,#7665,#7666,#7667));
#1130=EDGE_LOOP('',(#7668,#7669,#7670,#7671));
#1131=EDGE_LOOP('',(#7672,#7673,#7674,#7675));
#1132=EDGE_LOOP('',(#7676,#7677,#7678,#7679));
#1133=EDGE_LOOP('',(#7680,#7681,#7682,#7683));
#1134=EDGE_LOOP('',(#7684,#7685,#7686,#7687));
#1135=EDGE_LOOP('',(#7688,#7689,#7690,#7691));
#1136=EDGE_LOOP('',(#7692,#7693,#7694,#7695));
#1137=EDGE_LOOP('',(#7696,#7697,#7698,#7699));
#1138=EDGE_LOOP('',(#7700,#7701,#7702,#7703));
#1139=EDGE_LOOP('',(#7704,#7705,#7706,#7707));
#1140=EDGE_LOOP('',(#7708,#7709,#7710,#7711));
#1141=EDGE_LOOP('',(#7712,#7713,#7714,#7715));
#1142=EDGE_LOOP('',(#7716,#7717,#7718,#7719));
#1143=EDGE_LOOP('',(#7720,#7721,#7722,#7723));
#1144=EDGE_LOOP('',(#7724,#7725,#7726,#7727));
#1145=EDGE_LOOP('',(#7728,#7729,#7730,#7731));
#1146=EDGE_LOOP('',(#7732,#7733,#7734,#7735));
#1147=EDGE_LOOP('',(#7736,#7737,#7738,#7739));
#1148=EDGE_LOOP('',(#7740,#7741,#7742,#7743));
#1149=EDGE_LOOP('',(#7744,#7745,#7746,#7747));
#1150=EDGE_LOOP('',(#7748,#7749,#7750,#7751));
#1151=EDGE_LOOP('',(#7752,#7753,#7754,#7755));
#1152=EDGE_LOOP('',(#7756,#7757,#7758,#7759));
#1153=EDGE_LOOP('',(#7760,#7761,#7762,#7763));
#1154=EDGE_LOOP('',(#7764,#7765,#7766,#7767));
#1155=EDGE_LOOP('',(#7768,#7769,#7770,#7771));
#1156=EDGE_LOOP('',(#7772,#7773,#7774,#7775));
#1157=EDGE_LOOP('',(#7776,#7777,#7778,#7779));
#1158=EDGE_LOOP('',(#7780,#7781,#7782,#7783));
#1159=EDGE_LOOP('',(#7784,#7785,#7786,#7787));
#1160=EDGE_LOOP('',(#7788,#7789,#7790,#7791));
#1161=EDGE_LOOP('',(#7792,#7793,#7794,#7795));
#1162=EDGE_LOOP('',(#7796,#7797,#7798,#7799));
#1163=EDGE_LOOP('',(#7800,#7801,#7802,#7803));
#1164=EDGE_LOOP('',(#7804,#7805,#7806,#7807));
#1165=EDGE_LOOP('',(#7808,#7809,#7810,#7811));
#1166=EDGE_LOOP('',(#7812,#7813,#7814,#7815));
#1167=EDGE_LOOP('',(#7816,#7817,#7818,#7819));
#1168=EDGE_LOOP('',(#7820,#7821,#7822,#7823));
#1169=EDGE_LOOP('',(#7824,#7825,#7826,#7827));
#1170=EDGE_LOOP('',(#7828,#7829,#7830,#7831));
#1171=EDGE_LOOP('',(#7832,#7833,#7834,#7835));
#1172=EDGE_LOOP('',(#7836,#7837,#7838,#7839));
#1173=EDGE_LOOP('',(#7840,#7841,#7842,#7843));
#1174=EDGE_LOOP('',(#7844,#7845,#7846,#7847));
#1175=EDGE_LOOP('',(#7848,#7849,#7850,#7851));
#1176=EDGE_LOOP('',(#7852,#7853,#7854,#7855));
#1177=EDGE_LOOP('',(#7856,#7857,#7858,#7859));
#1178=EDGE_LOOP('',(#7860,#7861,#7862,#7863));
#1179=EDGE_LOOP('',(#7864,#7865,#7866,#7867));
#1180=EDGE_LOOP('',(#7868,#7869,#7870,#7871));
#1181=EDGE_LOOP('',(#7872,#7873,#7874,#7875));
#1182=EDGE_LOOP('',(#7876,#7877,#7878,#7879));
#1183=EDGE_LOOP('',(#7880,#7881,#7882,#7883));
#1184=EDGE_LOOP('',(#7884,#7885,#7886,#7887));
#1185=EDGE_LOOP('',(#7888,#7889,#7890,#7891));
#1186=EDGE_LOOP('',(#7892,#7893,#7894,#7895));
#1187=EDGE_LOOP('',(#7896,#7897,#7898,#7899));
#1188=EDGE_LOOP('',(#7900,#7901,#7902,#7903));
#1189=EDGE_LOOP('',(#7904,#7905,#7906,#7907));
#1190=EDGE_LOOP('',(#7908,#7909,#7910,#7911));
#1191=EDGE_LOOP('',(#7912,#7913,#7914,#7915));
#1192=EDGE_LOOP('',(#7916,#7917,#7918,#7919));
#1193=EDGE_LOOP('',(#7920,#7921,#7922,#7923));
#1194=EDGE_LOOP('',(#7924,#7925,#7926,#7927));
#1195=EDGE_LOOP('',(#7928,#7929,#7930,#7931));
#1196=EDGE_LOOP('',(#7932,#7933,#7934,#7935));
#1197=EDGE_LOOP('',(#7936,#7937,#7938,#7939));
#1198=EDGE_LOOP('',(#7940,#7941,#7942,#7943));
#1199=EDGE_LOOP('',(#7944,#7945,#7946,#7947));
#1200=EDGE_LOOP('',(#7948,#7949,#7950,#7951));
#1201=EDGE_LOOP('',(#7952,#7953,#7954,#7955));
#1202=EDGE_LOOP('',(#7956,#7957,#7958,#7959));
#1203=EDGE_LOOP('',(#7960,#7961,#7962,#7963));
#1204=EDGE_LOOP('',(#7964,#7965,#7966,#7967));
#1205=EDGE_LOOP('',(#7968,#7969,#7970,#7971));
#1206=EDGE_LOOP('',(#7972,#7973,#7974,#7975));
#1207=EDGE_LOOP('',(#7976,#7977,#7978,#7979));
#1208=EDGE_LOOP('',(#7980,#7981,#7982,#7983));
#1209=EDGE_LOOP('',(#7984,#7985,#7986,#7987));
#1210=EDGE_LOOP('',(#7988,#7989,#7990,#7991));
#1211=EDGE_LOOP('',(#7992,#7993,#7994,#7995));
#1212=EDGE_LOOP('',(#7996,#7997,#7998,#7999));
#1213=EDGE_LOOP('',(#8000,#8001,#8002,#8003));
#1214=EDGE_LOOP('',(#8004,#8005,#8006,#8007));
#1215=EDGE_LOOP('',(#8008,#8009,#8010,#8011));
#1216=EDGE_LOOP('',(#8012,#8013,#8014,#8015));
#1217=EDGE_LOOP('',(#8016,#8017,#8018,#8019));
#1218=EDGE_LOOP('',(#8020,#8021,#8022,#8023));
#1219=EDGE_LOOP('',(#8024,#8025,#8026,#8027));
#1220=EDGE_LOOP('',(#8028,#8029,#8030,#8031));
#1221=EDGE_LOOP('',(#8032,#8033,#8034,#8035));
#1222=EDGE_LOOP('',(#8036,#8037,#8038,#8039));
#1223=EDGE_LOOP('',(#8040,#8041,#8042,#8043));
#1224=EDGE_LOOP('',(#8044,#8045,#8046,#8047));
#1225=EDGE_LOOP('',(#8048,#8049,#8050,#8051));
#1226=EDGE_LOOP('',(#8052,#8053,#8054,#8055));
#1227=EDGE_LOOP('',(#8056,#8057,#8058,#8059));
#1228=EDGE_LOOP('',(#8060,#8061,#8062,#8063));
#1229=EDGE_LOOP('',(#8064,#8065,#8066,#8067));
#1230=EDGE_LOOP('',(#8068,#8069,#8070,#8071));
#1231=EDGE_LOOP('',(#8072,#8073,#8074,#8075));
#1232=EDGE_LOOP('',(#8076,#8077,#8078,#8079));
#1233=EDGE_LOOP('',(#8080,#8081,#8082,#8083,#8084));
#1234=EDGE_LOOP('',(#8085,#8086,#8087,#8088,#8089));
#1235=EDGE_LOOP('',(#8090,#8091,#8092,#8093));
#1236=EDGE_LOOP('',(#8094,#8095,#8096,#8097));
#1237=EDGE_LOOP('',(#8098,#8099,#8100,#8101,#8102));
#1238=EDGE_LOOP('',(#8103,#8104,#8105,#8106));
#1239=EDGE_LOOP('',(#8107,#8108,#8109,#8110,#8111,#8112,#8113,#8114,#8115,
#8116,#8117,#8118,#8119,#8120,#8121,#8122,#8123,#8124));
#1240=EDGE_LOOP('',(#8125));
#1241=EDGE_LOOP('',(#8126,#8127,#8128,#8129));
#1242=EDGE_LOOP('',(#8130,#8131,#8132,#8133));
#1243=EDGE_LOOP('',(#8134,#8135,#8136,#8137));
#1244=EDGE_LOOP('',(#8138,#8139,#8140,#8141));
#1245=EDGE_LOOP('',(#8142,#8143,#8144,#8145));
#1246=EDGE_LOOP('',(#8146,#8147,#8148,#8149));
#1247=EDGE_LOOP('',(#8150,#8151,#8152,#8153));
#1248=EDGE_LOOP('',(#8154,#8155,#8156,#8157));
#1249=EDGE_LOOP('',(#8158,#8159,#8160,#8161));
#1250=EDGE_LOOP('',(#8162,#8163,#8164,#8165));
#1251=EDGE_LOOP('',(#8166,#8167,#8168,#8169));
#1252=EDGE_LOOP('',(#8170,#8171,#8172,#8173));
#1253=EDGE_LOOP('',(#8174,#8175,#8176,#8177));
#1254=EDGE_LOOP('',(#8178,#8179,#8180,#8181));
#1255=EDGE_LOOP('',(#8182,#8183,#8184,#8185));
#1256=EDGE_LOOP('',(#8186,#8187,#8188,#8189));
#1257=EDGE_LOOP('',(#8190,#8191,#8192,#8193));
#1258=EDGE_LOOP('',(#8194,#8195,#8196,#8197));
#1259=EDGE_LOOP('',(#8198,#8199,#8200,#8201));
#1260=EDGE_LOOP('',(#8202,#8203,#8204,#8205));
#1261=EDGE_LOOP('',(#8206,#8207,#8208,#8209));
#1262=EDGE_LOOP('',(#8210,#8211,#8212,#8213));
#1263=EDGE_LOOP('',(#8214,#8215,#8216,#8217));
#1264=EDGE_LOOP('',(#8218,#8219,#8220,#8221));
#1265=EDGE_LOOP('',(#8222,#8223,#8224,#8225));
#1266=EDGE_LOOP('',(#8226,#8227,#8228,#8229));
#1267=EDGE_LOOP('',(#8230,#8231,#8232,#8233));
#1268=EDGE_LOOP('',(#8234,#8235,#8236,#8237));
#1269=EDGE_LOOP('',(#8238,#8239,#8240,#8241));
#1270=EDGE_LOOP('',(#8242,#8243,#8244,#8245));
#1271=EDGE_LOOP('',(#8246,#8247,#8248,#8249));
#1272=EDGE_LOOP('',(#8250,#8251,#8252,#8253));
#1273=EDGE_LOOP('',(#8254,#8255,#8256,#8257));
#1274=EDGE_LOOP('',(#8258,#8259,#8260,#8261));
#1275=EDGE_LOOP('',(#8262,#8263,#8264,#8265));
#1276=EDGE_LOOP('',(#8266,#8267,#8268,#8269));
#1277=EDGE_LOOP('',(#8270,#8271,#8272,#8273));
#1278=EDGE_LOOP('',(#8274,#8275,#8276,#8277));
#1279=EDGE_LOOP('',(#8278,#8279,#8280,#8281));
#1280=EDGE_LOOP('',(#8282,#8283,#8284,#8285));
#1281=EDGE_LOOP('',(#8286,#8287,#8288,#8289));
#1282=EDGE_LOOP('',(#8290,#8291,#8292,#8293));
#1283=EDGE_LOOP('',(#8294,#8295,#8296,#8297));
#1284=EDGE_LOOP('',(#8298,#8299,#8300,#8301));
#1285=EDGE_LOOP('',(#8302,#8303,#8304,#8305));
#1286=EDGE_LOOP('',(#8306,#8307,#8308,#8309));
#1287=EDGE_LOOP('',(#8310,#8311,#8312,#8313));
#1288=EDGE_LOOP('',(#8314,#8315,#8316,#8317));
#1289=EDGE_LOOP('',(#8318,#8319,#8320,#8321));
#1290=EDGE_LOOP('',(#8322,#8323,#8324,#8325));
#1291=EDGE_LOOP('',(#8326,#8327,#8328,#8329));
#1292=EDGE_LOOP('',(#8330,#8331,#8332,#8333));
#1293=EDGE_LOOP('',(#8334,#8335,#8336,#8337));
#1294=EDGE_LOOP('',(#8338,#8339,#8340,#8341));
#1295=EDGE_LOOP('',(#8342,#8343,#8344,#8345));
#1296=EDGE_LOOP('',(#8346,#8347,#8348,#8349));
#1297=EDGE_LOOP('',(#8350,#8351,#8352,#8353));
#1298=EDGE_LOOP('',(#8354,#8355,#8356,#8357));
#1299=EDGE_LOOP('',(#8358,#8359,#8360,#8361));
#1300=EDGE_LOOP('',(#8362,#8363,#8364,#8365));
#1301=EDGE_LOOP('',(#8366,#8367,#8368,#8369));
#1302=EDGE_LOOP('',(#8370,#8371,#8372,#8373));
#1303=EDGE_LOOP('',(#8374,#8375,#8376,#8377));
#1304=EDGE_LOOP('',(#8378,#8379,#8380,#8381));
#1305=EDGE_LOOP('',(#8382,#8383,#8384,#8385));
#1306=EDGE_LOOP('',(#8386,#8387,#8388,#8389));
#1307=EDGE_LOOP('',(#8390,#8391,#8392,#8393));
#1308=EDGE_LOOP('',(#8394,#8395,#8396,#8397));
#1309=EDGE_LOOP('',(#8398,#8399,#8400,#8401));
#1310=EDGE_LOOP('',(#8402,#8403,#8404,#8405));
#1311=EDGE_LOOP('',(#8406,#8407,#8408,#8409));
#1312=EDGE_LOOP('',(#8410,#8411,#8412,#8413));
#1313=EDGE_LOOP('',(#8414,#8415,#8416,#8417));
#1314=EDGE_LOOP('',(#8418,#8419,#8420,#8421));
#1315=EDGE_LOOP('',(#8422,#8423,#8424,#8425));
#1316=EDGE_LOOP('',(#8426,#8427,#8428,#8429));
#1317=EDGE_LOOP('',(#8430,#8431,#8432,#8433));
#1318=EDGE_LOOP('',(#8434,#8435,#8436,#8437));
#1319=EDGE_LOOP('',(#8438,#8439,#8440,#8441));
#1320=EDGE_LOOP('',(#8442,#8443,#8444,#8445));
#1321=EDGE_LOOP('',(#8446,#8447,#8448,#8449));
#1322=EDGE_LOOP('',(#8450,#8451,#8452,#8453));
#1323=EDGE_LOOP('',(#8454,#8455,#8456,#8457));
#1324=EDGE_LOOP('',(#8458,#8459,#8460,#8461));
#1325=EDGE_LOOP('',(#8462,#8463,#8464,#8465));
#1326=EDGE_LOOP('',(#8466,#8467,#8468,#8469));
#1327=EDGE_LOOP('',(#8470,#8471,#8472,#8473));
#1328=EDGE_LOOP('',(#8474,#8475,#8476,#8477));
#1329=EDGE_LOOP('',(#8478,#8479,#8480,#8481));
#1330=EDGE_LOOP('',(#8482,#8483,#8484,#8485));
#1331=EDGE_LOOP('',(#8486,#8487,#8488,#8489));
#1332=EDGE_LOOP('',(#8490,#8491,#8492,#8493));
#1333=EDGE_LOOP('',(#8494,#8495,#8496,#8497));
#1334=EDGE_LOOP('',(#8498,#8499,#8500,#8501));
#1335=EDGE_LOOP('',(#8502,#8503,#8504,#8505));
#1336=EDGE_LOOP('',(#8506,#8507,#8508,#8509));
#1337=EDGE_LOOP('',(#8510,#8511,#8512,#8513));
#1338=EDGE_LOOP('',(#8514,#8515,#8516,#8517));
#1339=EDGE_LOOP('',(#8518,#8519,#8520,#8521));
#1340=EDGE_LOOP('',(#8522,#8523,#8524,#8525));
#1341=EDGE_LOOP('',(#8526,#8527,#8528,#8529));
#1342=EDGE_LOOP('',(#8530,#8531,#8532,#8533));
#1343=EDGE_LOOP('',(#8534,#8535,#8536,#8537));
#1344=EDGE_LOOP('',(#8538,#8539,#8540,#8541));
#1345=EDGE_LOOP('',(#8542,#8543,#8544,#8545));
#1346=EDGE_LOOP('',(#8546,#8547,#8548,#8549));
#1347=EDGE_LOOP('',(#8550,#8551,#8552,#8553));
#1348=EDGE_LOOP('',(#8554,#8555,#8556,#8557));
#1349=EDGE_LOOP('',(#8558,#8559,#8560,#8561));
#1350=EDGE_LOOP('',(#8562,#8563,#8564,#8565));
#1351=EDGE_LOOP('',(#8566,#8567,#8568,#8569));
#1352=EDGE_LOOP('',(#8570,#8571,#8572,#8573));
#1353=EDGE_LOOP('',(#8574,#8575,#8576,#8577));
#1354=EDGE_LOOP('',(#8578,#8579,#8580,#8581));
#1355=EDGE_LOOP('',(#8582,#8583,#8584,#8585));
#1356=EDGE_LOOP('',(#8586,#8587,#8588,#8589));
#1357=EDGE_LOOP('',(#8590,#8591,#8592,#8593));
#1358=EDGE_LOOP('',(#8594,#8595,#8596,#8597));
#1359=EDGE_LOOP('',(#8598,#8599,#8600,#8601));
#1360=EDGE_LOOP('',(#8602,#8603,#8604,#8605));
#1361=EDGE_LOOP('',(#8606,#8607,#8608,#8609));
#1362=EDGE_LOOP('',(#8610,#8611,#8612,#8613));
#1363=EDGE_LOOP('',(#8614,#8615,#8616,#8617));
#1364=EDGE_LOOP('',(#8618,#8619,#8620,#8621));
#1365=EDGE_LOOP('',(#8622,#8623,#8624,#8625));
#1366=EDGE_LOOP('',(#8626,#8627,#8628,#8629));
#1367=EDGE_LOOP('',(#8630,#8631,#8632,#8633));
#1368=EDGE_LOOP('',(#8634,#8635,#8636,#8637));
#1369=EDGE_LOOP('',(#8638,#8639,#8640,#8641));
#1370=EDGE_LOOP('',(#8642,#8643,#8644,#8645));
#1371=EDGE_LOOP('',(#8646,#8647,#8648,#8649));
#1372=EDGE_LOOP('',(#8650,#8651,#8652,#8653));
#1373=EDGE_LOOP('',(#8654,#8655,#8656,#8657));
#1374=EDGE_LOOP('',(#8658,#8659,#8660,#8661));
#1375=EDGE_LOOP('',(#8662,#8663,#8664,#8665));
#1376=EDGE_LOOP('',(#8666,#8667,#8668,#8669));
#1377=EDGE_LOOP('',(#8670,#8671,#8672,#8673));
#1378=EDGE_LOOP('',(#8674,#8675,#8676,#8677));
#1379=EDGE_LOOP('',(#8678,#8679,#8680,#8681));
#1380=EDGE_LOOP('',(#8682,#8683,#8684,#8685));
#1381=EDGE_LOOP('',(#8686,#8687,#8688,#8689));
#1382=EDGE_LOOP('',(#8690,#8691,#8692,#8693));
#1383=EDGE_LOOP('',(#8694,#8695,#8696,#8697));
#1384=EDGE_LOOP('',(#8698,#8699,#8700,#8701));
#1385=EDGE_LOOP('',(#8702,#8703,#8704,#8705));
#1386=EDGE_LOOP('',(#8706,#8707,#8708,#8709));
#1387=EDGE_LOOP('',(#8710,#8711,#8712,#8713));
#1388=EDGE_LOOP('',(#8714,#8715,#8716,#8717));
#1389=EDGE_LOOP('',(#8718,#8719,#8720,#8721));
#1390=EDGE_LOOP('',(#8722,#8723,#8724,#8725));
#1391=EDGE_LOOP('',(#8726,#8727,#8728,#8729));
#1392=EDGE_LOOP('',(#8730,#8731,#8732,#8733));
#1393=EDGE_LOOP('',(#8734,#8735,#8736,#8737));
#1394=EDGE_LOOP('',(#8738,#8739,#8740,#8741));
#1395=EDGE_LOOP('',(#8742,#8743,#8744,#8745));
#1396=EDGE_LOOP('',(#8746,#8747,#8748,#8749));
#1397=EDGE_LOOP('',(#8750,#8751,#8752,#8753));
#1398=EDGE_LOOP('',(#8754,#8755,#8756,#8757));
#1399=EDGE_LOOP('',(#8758,#8759,#8760,#8761));
#1400=EDGE_LOOP('',(#8762,#8763,#8764,#8765));
#1401=EDGE_LOOP('',(#8766,#8767,#8768,#8769));
#1402=EDGE_LOOP('',(#8770,#8771,#8772,#8773));
#1403=EDGE_LOOP('',(#8774,#8775,#8776,#8777));
#1404=EDGE_LOOP('',(#8778,#8779,#8780,#8781));
#1405=EDGE_LOOP('',(#8782,#8783,#8784,#8785));
#1406=EDGE_LOOP('',(#8786,#8787,#8788,#8789));
#1407=EDGE_LOOP('',(#8790,#8791,#8792,#8793));
#1408=EDGE_LOOP('',(#8794,#8795,#8796,#8797));
#1409=EDGE_LOOP('',(#8798,#8799,#8800,#8801));
#1410=EDGE_LOOP('',(#8802,#8803,#8804,#8805));
#1411=EDGE_LOOP('',(#8806,#8807,#8808,#8809));
#1412=EDGE_LOOP('',(#8810,#8811,#8812,#8813));
#1413=EDGE_LOOP('',(#8814,#8815,#8816,#8817));
#1414=EDGE_LOOP('',(#8818,#8819,#8820,#8821));
#1415=EDGE_LOOP('',(#8822,#8823,#8824,#8825));
#1416=EDGE_LOOP('',(#8826,#8827,#8828,#8829));
#1417=EDGE_LOOP('',(#8830,#8831,#8832,#8833));
#1418=EDGE_LOOP('',(#8834,#8835,#8836,#8837));
#1419=EDGE_LOOP('',(#8838,#8839,#8840,#8841));
#1420=EDGE_LOOP('',(#8842,#8843,#8844,#8845));
#1421=EDGE_LOOP('',(#8846,#8847,#8848,#8849,#8850,#8851,#8852,#8853,#8854,
#8855,#8856,#8857,#8858,#8859,#8860,#8861,#8862,#8863,#8864));
#1422=EDGE_LOOP('',(#8865));
#1423=EDGE_LOOP('',(#8866,#8867,#8868,#8869,#8870,#8871,#8872,#8873,#8874,
#8875,#8876,#8877,#8878,#8879,#8880,#8881,#8882,#8883));
#1424=EDGE_LOOP('',(#8884,#8885,#8886,#8887));
#1425=EDGE_LOOP('',(#8888,#8889,#8890,#8891));
#1426=EDGE_LOOP('',(#8892,#8893,#8894,#8895));
#1427=EDGE_LOOP('',(#8896,#8897,#8898,#8899));
#1428=EDGE_LOOP('',(#8900,#8901,#8902,#8903));
#1429=EDGE_LOOP('',(#8904,#8905,#8906,#8907,#8908,#8909,#8910,#8911,#8912,
#8913,#8914,#8915,#8916,#8917,#8918,#8919,#8920,#8921));
#1430=EDGE_LOOP('',(#8922));
#1431=EDGE_LOOP('',(#8923,#8924,#8925,#8926));
#1432=EDGE_LOOP('',(#8927,#8928,#8929,#8930,#8931,#8932,#8933,#8934,#8935,
#8936,#8937,#8938,#8939,#8940,#8941,#8942,#8943,#8944,#8945,#8946,#8947,
#8948,#8949,#8950,#8951,#8952,#8953,#8954,#8955,#8956,#8957,#8958,#8959,
#8960,#8961,#8962,#8963,#8964,#8965,#8966,#8967,#8968,#8969,#8970,#8971,
#8972,#8973,#8974,#8975,#8976,#8977,#8978,#8979,#8980,#8981,#8982,#8983,
#8984,#8985,#8986,#8987));
#1433=EDGE_LOOP('',(#8988,#8989,#8990,#8991));
#1434=EDGE_LOOP('',(#8992,#8993,#8994,#8995));
#1435=EDGE_LOOP('',(#8996,#8997,#8998,#8999));
#1436=EDGE_LOOP('',(#9000,#9001,#9002,#9003));
#1437=EDGE_LOOP('',(#9004,#9005,#9006,#9007));
#1438=EDGE_LOOP('',(#9008,#9009,#9010,#9011));
#1439=EDGE_LOOP('',(#9012,#9013,#9014,#9015));
#1440=EDGE_LOOP('',(#9016,#9017,#9018,#9019));
#1441=EDGE_LOOP('',(#9020,#9021,#9022,#9023,#9024));
#1442=EDGE_LOOP('',(#9025,#9026,#9027,#9028));
#1443=EDGE_LOOP('',(#9029,#9030,#9031,#9032));
#1444=EDGE_LOOP('',(#9033,#9034,#9035,#9036));
#1445=EDGE_LOOP('',(#9037,#9038,#9039,#9040));
#1446=EDGE_LOOP('',(#9041,#9042,#9043,#9044,#9045,#9046,#9047,#9048));
#1447=EDGE_LOOP('',(#9049,#9050,#9051,#9052));
#1448=EDGE_LOOP('',(#9053,#9054,#9055,#9056));
#1449=EDGE_LOOP('',(#9057,#9058,#9059,#9060));
#1450=EDGE_LOOP('',(#9061,#9062,#9063,#9064));
#1451=EDGE_LOOP('',(#9065,#9066,#9067,#9068));
#1452=EDGE_LOOP('',(#9069,#9070,#9071,#9072));
#1453=EDGE_LOOP('',(#9073,#9074,#9075,#9076,#9077,#9078));
#1454=EDGE_LOOP('',(#9079,#9080,#9081,#9082,#9083,#9084,#9085,#9086,#9087,
#9088));
#1455=EDGE_LOOP('',(#9089,#9090,#9091,#9092));
#1456=EDGE_LOOP('',(#9093,#9094,#9095,#9096));
#1457=EDGE_LOOP('',(#9097,#9098,#9099,#9100));
#1458=EDGE_LOOP('',(#9101,#9102,#9103,#9104));
#1459=EDGE_LOOP('',(#9105,#9106,#9107,#9108));
#1460=EDGE_LOOP('',(#9109,#9110,#9111,#9112));
#1461=EDGE_LOOP('',(#9113,#9114,#9115,#9116));
#1462=EDGE_LOOP('',(#9117,#9118,#9119,#9120));
#1463=EDGE_LOOP('',(#9121));
#1464=EDGE_LOOP('',(#9122));
#1465=EDGE_LOOP('',(#9123));
#1466=EDGE_LOOP('',(#9124));
#1467=EDGE_LOOP('',(#9125));
#1468=EDGE_LOOP('',(#9126,#9127,#9128,#9129));
#1469=EDGE_LOOP('',(#9130,#9131,#9132,#9133));
#1470=EDGE_LOOP('',(#9134,#9135,#9136,#9137));
#1471=EDGE_LOOP('',(#9138,#9139,#9140,#9141));
#1472=EDGE_LOOP('',(#9142,#9143,#9144,#9145));
#1473=EDGE_LOOP('',(#9146,#9147,#9148,#9149));
#1474=EDGE_LOOP('',(#9150,#9151,#9152,#9153));
#1475=EDGE_LOOP('',(#9154,#9155,#9156,#9157));
#1476=EDGE_LOOP('',(#9158,#9159,#9160,#9161));
#1477=EDGE_LOOP('',(#9162,#9163,#9164,#9165));
#1478=EDGE_LOOP('',(#9166,#9167,#9168,#9169));
#1479=EDGE_LOOP('',(#9170,#9171,#9172,#9173));
#1480=EDGE_LOOP('',(#9174,#9175,#9176,#9177));
#1481=EDGE_LOOP('',(#9178,#9179,#9180,#9181));
#1482=EDGE_LOOP('',(#9182,#9183,#9184,#9185,#9186,#9187,#9188,#9189,#9190,
#9191,#9192,#9193,#9194,#9195,#9196,#9197,#9198,#9199,#9200,#9201,#9202,
#9203,#9204,#9205,#9206,#9207,#9208,#9209,#9210,#9211,#9212,#9213,#9214,
#9215,#9216,#9217,#9218,#9219,#9220,#9221,#9222,#9223,#9224,#9225));
#1483=EDGE_LOOP('',(#9226,#9227,#9228,#9229,#9230,#9231,#9232,#9233,#9234,
#9235,#9236,#9237,#9238,#9239,#9240,#9241,#9242,#9243,#9244,#9245,#9246,
#9247,#9248,#9249,#9250,#9251,#9252,#9253,#9254,#9255,#9256,#9257,#9258,
#9259,#9260,#9261,#9262,#9263,#9264,#9265,#9266,#9267,#9268,#9269));
#1484=EDGE_LOOP('',(#9270,#9271,#9272,#9273,#9274,#9275,#9276,#9277,#9278,
#9279,#9280,#9281,#9282,#9283,#9284,#9285,#9286,#9287,#9288,#9289,#9290,
#9291,#9292,#9293,#9294,#9295,#9296,#9297,#9298,#9299,#9300,#9301,#9302,
#9303,#9304,#9305,#9306,#9307,#9308,#9309,#9310,#9311,#9312,#9313));
#1485=EDGE_LOOP('',(#9314,#9315,#9316,#9317));
#1486=EDGE_LOOP('',(#9318,#9319,#9320,#9321));
#1487=EDGE_LOOP('',(#9322,#9323,#9324,#9325));
#1488=EDGE_LOOP('',(#9326,#9327,#9328,#9329));
#1489=EDGE_LOOP('',(#9330,#9331,#9332,#9333));
#1490=EDGE_LOOP('',(#9334,#9335,#9336,#9337));
#1491=EDGE_LOOP('',(#9338,#9339,#9340,#9341));
#1492=EDGE_LOOP('',(#9342,#9343,#9344,#9345,#9346,#9347,#9348,#9349,#9350,
#9351));
#1493=EDGE_LOOP('',(#9352,#9353,#9354,#9355));
#1494=EDGE_LOOP('',(#9356,#9357,#9358,#9359));
#1495=EDGE_LOOP('',(#9360,#9361,#9362,#9363));
#1496=EDGE_LOOP('',(#9364,#9365,#9366,#9367));
#1497=EDGE_LOOP('',(#9368,#9369,#9370,#9371));
#1498=EDGE_LOOP('',(#9372,#9373,#9374,#9375));
#1499=EDGE_LOOP('',(#9376,#9377,#9378,#9379));
#1500=EDGE_LOOP('',(#9380,#9381,#9382,#9383));
#1501=EDGE_LOOP('',(#9384,#9385,#9386,#9387));
#1502=EDGE_LOOP('',(#9388,#9389,#9390,#9391));
#1503=EDGE_LOOP('',(#9392,#9393,#9394,#9395));
#1504=EDGE_LOOP('',(#9396,#9397,#9398,#9399));
#1505=EDGE_LOOP('',(#9400,#9401,#9402,#9403));
#1506=EDGE_LOOP('',(#9404,#9405,#9406,#9407));
#1507=EDGE_LOOP('',(#9408,#9409,#9410,#9411));
#1508=EDGE_LOOP('',(#9412,#9413,#9414,#9415,#9416,#9417));
#1509=EDGE_LOOP('',(#9418,#9419,#9420,#9421));
#1510=EDGE_LOOP('',(#9422,#9423,#9424,#9425,#9426));
#1511=EDGE_LOOP('',(#9427,#9428,#9429,#9430));
#1512=EDGE_LOOP('',(#9431,#9432,#9433,#9434));
#1513=EDGE_LOOP('',(#9435,#9436,#9437,#9438));
#1514=EDGE_LOOP('',(#9439,#9440,#9441,#9442));
#1515=EDGE_LOOP('',(#9443,#9444,#9445,#9446,#9447,#9448,#9449,#9450,#9451,
#9452,#9453,#9454,#9455,#9456,#9457,#9458,#9459,#9460,#9461,#9462,#9463,
#9464,#9465,#9466,#9467,#9468,#9469,#9470,#9471,#9472,#9473,#9474,#9475,
#9476,#9477,#9478,#9479,#9480,#9481,#9482,#9483,#9484,#9485,#9486,#9487,
#9488,#9489,#9490,#9491,#9492,#9493,#9494,#9495,#9496,#9497,#9498,#9499,
#9500,#9501,#9502));
#1516=EDGE_LOOP('',(#9503,#9504,#9505,#9506,#9507,#9508,#9509,#9510,#9511,
#9512,#9513,#9514,#9515,#9516,#9517,#9518,#9519,#9520,#9521,#9522,#9523,
#9524,#9525,#9526,#9527,#9528,#9529,#9530,#9531,#9532,#9533,#9534,#9535,
#9536,#9537,#9538,#9539,#9540,#9541,#9542,#9543,#9544,#9545,#9546,#9547,
#9548,#9549,#9550,#9551,#9552,#9553,#9554,#9555,#9556,#9557,#9558,#9559,
#9560,#9561,#9562));
#1517=EDGE_LOOP('',(#9563,#9564,#9565,#9566,#9567,#9568,#9569,#9570,#9571,
#9572,#9573,#9574,#9575,#9576,#9577,#9578,#9579,#9580,#9581,#9582,#9583,
#9584,#9585,#9586,#9587,#9588,#9589,#9590,#9591,#9592,#9593,#9594,#9595,
#9596,#9597,#9598,#9599,#9600,#9601,#9602,#9603,#9604,#9605,#9606,#9607,
#9608,#9609,#9610,#9611,#9612,#9613,#9614,#9615,#9616,#9617,#9618,#9619,
#9620,#9621,#9622));
#1518=EDGE_LOOP('',(#9623,#9624,#9625,#9626));
#1519=EDGE_LOOP('',(#9627,#9628,#9629,#9630));
#1520=EDGE_LOOP('',(#9631,#9632,#9633,#9634));
#1521=EDGE_LOOP('',(#9635,#9636,#9637,#9638,#9639));
#1522=EDGE_LOOP('',(#9640,#9641,#9642,#9643));
#1523=EDGE_LOOP('',(#9644,#9645,#9646,#9647));
#1524=EDGE_LOOP('',(#9648,#9649,#9650,#9651));
#1525=EDGE_LOOP('',(#9652,#9653,#9654,#9655));
#1526=EDGE_LOOP('',(#9656,#9657,#9658,#9659));
#1527=EDGE_LOOP('',(#9660,#9661,#9662,#9663));
#1528=EDGE_LOOP('',(#9664,#9665,#9666,#9667));
#1529=EDGE_LOOP('',(#9668,#9669,#9670,#9671));
#1530=EDGE_LOOP('',(#9672,#9673,#9674,#9675));
#1531=EDGE_LOOP('',(#9676,#9677,#9678,#9679));
#1532=EDGE_LOOP('',(#9680,#9681,#9682,#9683));
#1533=EDGE_LOOP('',(#9684,#9685,#9686,#9687));
#1534=EDGE_LOOP('',(#9688,#9689,#9690,#9691));
#1535=EDGE_LOOP('',(#9692,#9693,#9694,#9695));
#1536=EDGE_LOOP('',(#9696,#9697,#9698,#9699));
#1537=EDGE_LOOP('',(#9700,#9701,#9702,#9703));
#1538=EDGE_LOOP('',(#9704,#9705,#9706,#9707,#9708,#9709));
#1539=EDGE_LOOP('',(#9710,#9711,#9712,#9713));
#1540=EDGE_LOOP('',(#9714,#9715,#9716,#9717));
#1541=EDGE_LOOP('',(#9718,#9719,#9720,#9721));
#1542=EDGE_LOOP('',(#9722,#9723,#9724,#9725));
#1543=EDGE_LOOP('',(#9726,#9727,#9728,#9729));
#1544=EDGE_LOOP('',(#9730,#9731,#9732,#9733));
#1545=EDGE_LOOP('',(#9734,#9735,#9736,#9737));
#1546=EDGE_LOOP('',(#9738,#9739,#9740,#9741,#9742,#9743));
#1547=EDGE_LOOP('',(#9744,#9745,#9746,#9747));
#1548=EDGE_LOOP('',(#9748,#9749,#9750,#9751));
#1549=EDGE_LOOP('',(#9752,#9753,#9754,#9755));
#1550=EDGE_LOOP('',(#9756,#9757,#9758,#9759));
#1551=EDGE_LOOP('',(#9760,#9761,#9762,#9763));
#1552=EDGE_LOOP('',(#9764,#9765,#9766,#9767));
#1553=EDGE_LOOP('',(#9768,#9769,#9770,#9771));
#1554=EDGE_LOOP('',(#9772,#9773,#9774,#9775));
#1555=EDGE_LOOP('',(#9776,#9777,#9778,#9779));
#1556=EDGE_LOOP('',(#9780,#9781,#9782,#9783));
#1557=EDGE_LOOP('',(#9784,#9785,#9786,#9787));
#1558=EDGE_LOOP('',(#9788,#9789,#9790,#9791));
#1559=EDGE_LOOP('',(#9792,#9793,#9794,#9795));
#1560=EDGE_LOOP('',(#9796,#9797,#9798,#9799));
#1561=EDGE_LOOP('',(#9800,#9801,#9802,#9803,#9804,#9805));
#1562=EDGE_LOOP('',(#9806,#9807,#9808,#9809));
#1563=EDGE_LOOP('',(#9810,#9811,#9812,#9813));
#1564=EDGE_LOOP('',(#9814,#9815,#9816,#9817));
#1565=EDGE_LOOP('',(#9818,#9819,#9820,#9821));
#1566=EDGE_LOOP('',(#9822));
#1567=EDGE_LOOP('',(#9823));
#1568=EDGE_LOOP('',(#9824));
#1569=EDGE_LOOP('',(#9825));
#1570=EDGE_LOOP('',(#9826));
#1571=EDGE_LOOP('',(#9827,#9828,#9829,#9830));
#1572=EDGE_LOOP('',(#9831,#9832,#9833,#9834));
#1573=EDGE_LOOP('',(#9835,#9836,#9837,#9838));
#1574=EDGE_LOOP('',(#9839,#9840,#9841,#9842,#9843,#9844));
#1575=EDGE_LOOP('',(#9845,#9846,#9847,#9848));
#1576=EDGE_LOOP('',(#9849,#9850,#9851,#9852,#9853,#9854));
#1577=EDGE_LOOP('',(#9855,#9856,#9857,#9858));
#1578=EDGE_LOOP('',(#9859,#9860,#9861,#9862));
#1579=EDGE_LOOP('',(#9863,#9864,#9865,#9866,#9867,#9868,#9869,#9870,#9871,
#9872,#9873,#9874,#9875,#9876,#9877,#9878,#9879,#9880,#9881,#9882,#9883,
#9884,#9885,#9886,#9887,#9888,#9889,#9890,#9891,#9892,#9893,#9894,#9895,
#9896));
#1580=EDGE_LOOP('',(#9897,#9898,#9899,#9900));
#1581=EDGE_LOOP('',(#9901));
#1582=EDGE_LOOP('',(#9902,#9903,#9904,#9905));
#1583=EDGE_LOOP('',(#9906,#9907,#9908,#9909,#9910,#9911,#9912,#9913,#9914,
#9915,#9916,#9917,#9918,#9919,#9920,#9921,#9922,#9923,#9924,#9925,#9926,
#9927,#9928,#9929,#9930,#9931,#9932,#9933,#9934,#9935,#9936,#9937,#9938,
#9939,#9940,#9941,#9942,#9943,#9944,#9945,#9946,#9947,#9948,#9949,#9950,
#9951,#9952,#9953,#9954,#9955,#9956,#9957));
#1584=EDGE_LOOP('',(#9958,#9959,#9960,#9961));
#1585=EDGE_LOOP('',(#9962,#9963,#9964,#9965,#9966,#9967,#9968,#9969,#9970,
#9971,#9972,#9973,#9974,#9975,#9976,#9977,#9978,#9979,#9980,#9981,#9982,
#9983,#9984,#9985,#9986,#9987,#9988,#9989,#9990,#9991,#9992,#9993,#9994,
#9995));
#1586=EDGE_LOOP('',(#9996,#9997,#9998,#9999,#10000,#10001,#10002,#10003,
#10004,#10005,#10006,#10007,#10008,#10009,#10010,#10011,#10012,#10013,#10014,
#10015,#10016,#10017,#10018,#10019,#10020,#10021,#10022,#10023,#10024,#10025,
#10026,#10027,#10028,#10029,#10030,#10031,#10032,#10033,#10034,#10035,#10036,
#10037,#10038,#10039,#10040,#10041,#10042,#10043,#10044,#10045,#10046,#10047,
#10048,#10049,#10050,#10051,#10052,#10053,#10054,#10055,#10056,#10057,#10058,
#10059,#10060,#10061,#10062,#10063,#10064,#10065,#10066,#10067,#10068,#10069,
#10070,#10071,#10072,#10073,#10074,#10075,#10076));
#1587=EDGE_LOOP('',(#10077,#10078,#10079,#10080));
#1588=EDGE_LOOP('',(#10081,#10082,#10083,#10084));
#1589=EDGE_LOOP('',(#10085,#10086,#10087,#10088));
#1590=EDGE_LOOP('',(#10089));
#1591=EDGE_LOOP('',(#10090,#10091,#10092,#10093));
#1592=EDGE_LOOP('',(#10094));
#1593=EDGE_LOOP('',(#10095));
#1594=LINE('',#13742,#3071);
#1595=LINE('',#13749,#3072);
#1596=LINE('',#13756,#3073);
#1597=LINE('',#13763,#3074);
#1598=LINE('',#13768,#3075);
#1599=LINE('',#13772,#3076);
#1600=LINE('',#13777,#3077);
#1601=LINE('',#13779,#3078);
#1602=LINE('',#13781,#3079);
#1603=LINE('',#13783,#3080);
#1604=LINE('',#13785,#3081);
#1605=LINE('',#13787,#3082);
#1606=LINE('',#13789,#3083);
#1607=LINE('',#13791,#3084);
#1608=LINE('',#13793,#3085);
#1609=LINE('',#13795,#3086);
#1610=LINE('',#13797,#3087);
#1611=LINE('',#13799,#3088);
#1612=LINE('',#13801,#3089);
#1613=LINE('',#13803,#3090);
#1614=LINE('',#13805,#3091);
#1615=LINE('',#13807,#3092);
#1616=LINE('',#13809,#3093);
#1617=LINE('',#13811,#3094);
#1618=LINE('',#13813,#3095);
#1619=LINE('',#13815,#3096);
#1620=LINE('',#13817,#3097);
#1621=LINE('',#13819,#3098);
#1622=LINE('',#13821,#3099);
#1623=LINE('',#13823,#3100);
#1624=LINE('',#13825,#3101);
#1625=LINE('',#13827,#3102);
#1626=LINE('',#13829,#3103);
#1627=LINE('',#13831,#3104);
#1628=LINE('',#13833,#3105);
#1629=LINE('',#13835,#3106);
#1630=LINE('',#13837,#3107);
#1631=LINE('',#13839,#3108);
#1632=LINE('',#13841,#3109);
#1633=LINE('',#13843,#3110);
#1634=LINE('',#13845,#3111);
#1635=LINE('',#13847,#3112);
#1636=LINE('',#13849,#3113);
#1637=LINE('',#13851,#3114);
#1638=LINE('',#13853,#3115);
#1639=LINE('',#13855,#3116);
#1640=LINE('',#13857,#3117);
#1641=LINE('',#13859,#3118);
#1642=LINE('',#13861,#3119);
#1643=LINE('',#13863,#3120);
#1644=LINE('',#13865,#3121);
#1645=LINE('',#13867,#3122);
#1646=LINE('',#13869,#3123);
#1647=LINE('',#13871,#3124);
#1648=LINE('',#13873,#3125);
#1649=LINE('',#13875,#3126);
#1650=LINE('',#13877,#3127);
#1651=LINE('',#13879,#3128);
#1652=LINE('',#13881,#3129);
#1653=LINE('',#13883,#3130);
#1654=LINE('',#13885,#3131);
#1655=LINE('',#13887,#3132);
#1656=LINE('',#13889,#3133);
#1657=LINE('',#13891,#3134);
#1658=LINE('',#13893,#3135);
#1659=LINE('',#13894,#3136);
#1660=LINE('',#13897,#3137);
#1661=LINE('',#13899,#3138);
#1662=LINE('',#13901,#3139);
#1663=LINE('',#13903,#3140);
#1664=LINE('',#13905,#3141);
#1665=LINE('',#13907,#3142);
#1666=LINE('',#13909,#3143);
#1667=LINE('',#13911,#3144);
#1668=LINE('',#13913,#3145);
#1669=LINE('',#13915,#3146);
#1670=LINE('',#13917,#3147);
#1671=LINE('',#13919,#3148);
#1672=LINE('',#13921,#3149);
#1673=LINE('',#13923,#3150);
#1674=LINE('',#13925,#3151);
#1675=LINE('',#13927,#3152);
#1676=LINE('',#13929,#3153);
#1677=LINE('',#13931,#3154);
#1678=LINE('',#13933,#3155);
#1679=LINE('',#13935,#3156);
#1680=LINE('',#13937,#3157);
#1681=LINE('',#13939,#3158);
#1682=LINE('',#13941,#3159);
#1683=LINE('',#13943,#3160);
#1684=LINE('',#13945,#3161);
#1685=LINE('',#13947,#3162);
#1686=LINE('',#13949,#3163);
#1687=LINE('',#13951,#3164);
#1688=LINE('',#13953,#3165);
#1689=LINE('',#13955,#3166);
#1690=LINE('',#13957,#3167);
#1691=LINE('',#13959,#3168);
#1692=LINE('',#13961,#3169);
#1693=LINE('',#13963,#3170);
#1694=LINE('',#13965,#3171);
#1695=LINE('',#13967,#3172);
#1696=LINE('',#13969,#3173);
#1697=LINE('',#13971,#3174);
#1698=LINE('',#13973,#3175);
#1699=LINE('',#13975,#3176);
#1700=LINE('',#13977,#3177);
#1701=LINE('',#13979,#3178);
#1702=LINE('',#13981,#3179);
#1703=LINE('',#13982,#3180);
#1704=LINE('',#13986,#3181);
#1705=LINE('',#13988,#3182);
#1706=LINE('',#13990,#3183);
#1707=LINE('',#13992,#3184);
#1708=LINE('',#13994,#3185);
#1709=LINE('',#13996,#3186);
#1710=LINE('',#13998,#3187);
#1711=LINE('',#14000,#3188);
#1712=LINE('',#14002,#3189);
#1713=LINE('',#14004,#3190);
#1714=LINE('',#14006,#3191);
#1715=LINE('',#14008,#3192);
#1716=LINE('',#14010,#3193);
#1717=LINE('',#14012,#3194);
#1718=LINE('',#14014,#3195);
#1719=LINE('',#14016,#3196);
#1720=LINE('',#14018,#3197);
#1721=LINE('',#14020,#3198);
#1722=LINE('',#14022,#3199);
#1723=LINE('',#14024,#3200);
#1724=LINE('',#14026,#3201);
#1725=LINE('',#14028,#3202);
#1726=LINE('',#14030,#3203);
#1727=LINE('',#14032,#3204);
#1728=LINE('',#14034,#3205);
#1729=LINE('',#14036,#3206);
#1730=LINE('',#14038,#3207);
#1731=LINE('',#14040,#3208);
#1732=LINE('',#14042,#3209);
#1733=LINE('',#14044,#3210);
#1734=LINE('',#14046,#3211);
#1735=LINE('',#14048,#3212);
#1736=LINE('',#14050,#3213);
#1737=LINE('',#14052,#3214);
#1738=LINE('',#14054,#3215);
#1739=LINE('',#14056,#3216);
#1740=LINE('',#14058,#3217);
#1741=LINE('',#14060,#3218);
#1742=LINE('',#14062,#3219);
#1743=LINE('',#14064,#3220);
#1744=LINE('',#14066,#3221);
#1745=LINE('',#14068,#3222);
#1746=LINE('',#14070,#3223);
#1747=LINE('',#14072,#3224);
#1748=LINE('',#14074,#3225);
#1749=LINE('',#14076,#3226);
#1750=LINE('',#14078,#3227);
#1751=LINE('',#14080,#3228);
#1752=LINE('',#14082,#3229);
#1753=LINE('',#14084,#3230);
#1754=LINE('',#14086,#3231);
#1755=LINE('',#14088,#3232);
#1756=LINE('',#14090,#3233);
#1757=LINE('',#14092,#3234);
#1758=LINE('',#14094,#3235);
#1759=LINE('',#14096,#3236);
#1760=LINE('',#14098,#3237);
#1761=LINE('',#14100,#3238);
#1762=LINE('',#14102,#3239);
#1763=LINE('',#14103,#3240);
#1764=LINE('',#14106,#3241);
#1765=LINE('',#14108,#3242);
#1766=LINE('',#14110,#3243);
#1767=LINE('',#14112,#3244);
#1768=LINE('',#14114,#3245);
#1769=LINE('',#14116,#3246);
#1770=LINE('',#14118,#3247);
#1771=LINE('',#14120,#3248);
#1772=LINE('',#14122,#3249);
#1773=LINE('',#14124,#3250);
#1774=LINE('',#14126,#3251);
#1775=LINE('',#14128,#3252);
#1776=LINE('',#14130,#3253);
#1777=LINE('',#14132,#3254);
#1778=LINE('',#14134,#3255);
#1779=LINE('',#14136,#3256);
#1780=LINE('',#14138,#3257);
#1781=LINE('',#14140,#3258);
#1782=LINE('',#14142,#3259);
#1783=LINE('',#14144,#3260);
#1784=LINE('',#14146,#3261);
#1785=LINE('',#14148,#3262);
#1786=LINE('',#14150,#3263);
#1787=LINE('',#14152,#3264);
#1788=LINE('',#14154,#3265);
#1789=LINE('',#14156,#3266);
#1790=LINE('',#14158,#3267);
#1791=LINE('',#14160,#3268);
#1792=LINE('',#14162,#3269);
#1793=LINE('',#14164,#3270);
#1794=LINE('',#14166,#3271);
#1795=LINE('',#14168,#3272);
#1796=LINE('',#14170,#3273);
#1797=LINE('',#14172,#3274);
#1798=LINE('',#14174,#3275);
#1799=LINE('',#14176,#3276);
#1800=LINE('',#14178,#3277);
#1801=LINE('',#14180,#3278);
#1802=LINE('',#14182,#3279);
#1803=LINE('',#14184,#3280);
#1804=LINE('',#14186,#3281);
#1805=LINE('',#14188,#3282);
#1806=LINE('',#14190,#3283);
#1807=LINE('',#14191,#3284);
#1808=LINE('',#14195,#3285);
#1809=LINE('',#14197,#3286);
#1810=LINE('',#14199,#3287);
#1811=LINE('',#14201,#3288);
#1812=LINE('',#14203,#3289);
#1813=LINE('',#14205,#3290);
#1814=LINE('',#14207,#3291);
#1815=LINE('',#14209,#3292);
#1816=LINE('',#14211,#3293);
#1817=LINE('',#14213,#3294);
#1818=LINE('',#14215,#3295);
#1819=LINE('',#14217,#3296);
#1820=LINE('',#14219,#3297);
#1821=LINE('',#14221,#3298);
#1822=LINE('',#14223,#3299);
#1823=LINE('',#14225,#3300);
#1824=LINE('',#14227,#3301);
#1825=LINE('',#14229,#3302);
#1826=LINE('',#14231,#3303);
#1827=LINE('',#14233,#3304);
#1828=LINE('',#14235,#3305);
#1829=LINE('',#14237,#3306);
#1830=LINE('',#14239,#3307);
#1831=LINE('',#14241,#3308);
#1832=LINE('',#14243,#3309);
#1833=LINE('',#14245,#3310);
#1834=LINE('',#14247,#3311);
#1835=LINE('',#14249,#3312);
#1836=LINE('',#14251,#3313);
#1837=LINE('',#14253,#3314);
#1838=LINE('',#14255,#3315);
#1839=LINE('',#14257,#3316);
#1840=LINE('',#14259,#3317);
#1841=LINE('',#14261,#3318);
#1842=LINE('',#14263,#3319);
#1843=LINE('',#14265,#3320);
#1844=LINE('',#14267,#3321);
#1845=LINE('',#14269,#3322);
#1846=LINE('',#14271,#3323);
#1847=LINE('',#14273,#3324);
#1848=LINE('',#14275,#3325);
#1849=LINE('',#14277,#3326);
#1850=LINE('',#14279,#3327);
#1851=LINE('',#14281,#3328);
#1852=LINE('',#14283,#3329);
#1853=LINE('',#14285,#3330);
#1854=LINE('',#14287,#3331);
#1855=LINE('',#14289,#3332);
#1856=LINE('',#14291,#3333);
#1857=LINE('',#14293,#3334);
#1858=LINE('',#14295,#3335);
#1859=LINE('',#14297,#3336);
#1860=LINE('',#14299,#3337);
#1861=LINE('',#14301,#3338);
#1862=LINE('',#14303,#3339);
#1863=LINE('',#14305,#3340);
#1864=LINE('',#14307,#3341);
#1865=LINE('',#14309,#3342);
#1866=LINE('',#14311,#3343);
#1867=LINE('',#14312,#3344);
#1868=LINE('',#14315,#3345);
#1869=LINE('',#14317,#3346);
#1870=LINE('',#14319,#3347);
#1871=LINE('',#14321,#3348);
#1872=LINE('',#14323,#3349);
#1873=LINE('',#14325,#3350);
#1874=LINE('',#14327,#3351);
#1875=LINE('',#14329,#3352);
#1876=LINE('',#14331,#3353);
#1877=LINE('',#14333,#3354);
#1878=LINE('',#14335,#3355);
#1879=LINE('',#14337,#3356);
#1880=LINE('',#14339,#3357);
#1881=LINE('',#14341,#3358);
#1882=LINE('',#14343,#3359);
#1883=LINE('',#14345,#3360);
#1884=LINE('',#14347,#3361);
#1885=LINE('',#14349,#3362);
#1886=LINE('',#14351,#3363);
#1887=LINE('',#14353,#3364);
#1888=LINE('',#14355,#3365);
#1889=LINE('',#14357,#3366);
#1890=LINE('',#14359,#3367);
#1891=LINE('',#14361,#3368);
#1892=LINE('',#14363,#3369);
#1893=LINE('',#14365,#3370);
#1894=LINE('',#14367,#3371);
#1895=LINE('',#14369,#3372);
#1896=LINE('',#14371,#3373);
#1897=LINE('',#14373,#3374);
#1898=LINE('',#14375,#3375);
#1899=LINE('',#14377,#3376);
#1900=LINE('',#14379,#3377);
#1901=LINE('',#14381,#3378);
#1902=LINE('',#14383,#3379);
#1903=LINE('',#14385,#3380);
#1904=LINE('',#14387,#3381);
#1905=LINE('',#14389,#3382);
#1906=LINE('',#14391,#3383);
#1907=LINE('',#14393,#3384);
#1908=LINE('',#14395,#3385);
#1909=LINE('',#14397,#3386);
#1910=LINE('',#14399,#3387);
#1911=LINE('',#14400,#3388);
#1912=LINE('',#14404,#3389);
#1913=LINE('',#14406,#3390);
#1914=LINE('',#14408,#3391);
#1915=LINE('',#14409,#3392);
#1916=LINE('',#14413,#3393);
#1917=LINE('',#14417,#3394);
#1918=LINE('',#14421,#3395);
#1919=LINE('',#14423,#3396);
#1920=LINE('',#14427,#3397);
#1921=LINE('',#14429,#3398);
#1922=LINE('',#14431,#3399);
#1923=LINE('',#14432,#3400);
#1924=LINE('',#14435,#3401);
#1925=LINE('',#14437,#3402);
#1926=LINE('',#14438,#3403);
#1927=LINE('',#14441,#3404);
#1928=LINE('',#14443,#3405);
#1929=LINE('',#14444,#3406);
#1930=LINE('',#14447,#3407);
#1931=LINE('',#14449,#3408);
#1932=LINE('',#14450,#3409);
#1933=LINE('',#14453,#3410);
#1934=LINE('',#14455,#3411);
#1935=LINE('',#14456,#3412);
#1936=LINE('',#14459,#3413);
#1937=LINE('',#14461,#3414);
#1938=LINE('',#14462,#3415);
#1939=LINE('',#14465,#3416);
#1940=LINE('',#14467,#3417);
#1941=LINE('',#14468,#3418);
#1942=LINE('',#14471,#3419);
#1943=LINE('',#14473,#3420);
#1944=LINE('',#14474,#3421);
#1945=LINE('',#14477,#3422);
#1946=LINE('',#14479,#3423);
#1947=LINE('',#14480,#3424);
#1948=LINE('',#14483,#3425);
#1949=LINE('',#14485,#3426);
#1950=LINE('',#14486,#3427);
#1951=LINE('',#14489,#3428);
#1952=LINE('',#14491,#3429);
#1953=LINE('',#14492,#3430);
#1954=LINE('',#14495,#3431);
#1955=LINE('',#14497,#3432);
#1956=LINE('',#14498,#3433);
#1957=LINE('',#14502,#3434);
#1958=LINE('',#14504,#3435);
#1959=LINE('',#14506,#3436);
#1960=LINE('',#14507,#3437);
#1961=LINE('',#14510,#3438);
#1962=LINE('',#14512,#3439);
#1963=LINE('',#14513,#3440);
#1964=LINE('',#14516,#3441);
#1965=LINE('',#14518,#3442);
#1966=LINE('',#14519,#3443);
#1967=LINE('',#14522,#3444);
#1968=LINE('',#14524,#3445);
#1969=LINE('',#14525,#3446);
#1970=LINE('',#14528,#3447);
#1971=LINE('',#14530,#3448);
#1972=LINE('',#14531,#3449);
#1973=LINE('',#14534,#3450);
#1974=LINE('',#14536,#3451);
#1975=LINE('',#14537,#3452);
#1976=LINE('',#14540,#3453);
#1977=LINE('',#14542,#3454);
#1978=LINE('',#14543,#3455);
#1979=LINE('',#14546,#3456);
#1980=LINE('',#14548,#3457);
#1981=LINE('',#14549,#3458);
#1982=LINE('',#14552,#3459);
#1983=LINE('',#14554,#3460);
#1984=LINE('',#14555,#3461);
#1985=LINE('',#14558,#3462);
#1986=LINE('',#14560,#3463);
#1987=LINE('',#14561,#3464);
#1988=LINE('',#14565,#3465);
#1989=LINE('',#14566,#3466);
#1990=LINE('',#14567,#3467);
#1991=LINE('',#14570,#3468);
#1992=LINE('',#14572,#3469);
#1993=LINE('',#14573,#3470);
#1994=LINE('',#14576,#3471);
#1995=LINE('',#14577,#3472);
#1996=LINE('',#14580,#3473);
#1997=LINE('',#14581,#3474);
#1998=LINE('',#14584,#3475);
#1999=LINE('',#14586,#3476);
#2000=LINE('',#14587,#3477);
#2001=LINE('',#14590,#3478);
#2002=LINE('',#14593,#3479);
#2003=LINE('',#14596,#3480);
#2004=LINE('',#14597,#3481);
#2005=LINE('',#14601,#3482);
#2006=LINE('',#14604,#3483);
#2007=LINE('',#14606,#3484);
#2008=LINE('',#14607,#3485);
#2009=LINE('',#14610,#3486);
#2010=LINE('',#14611,#3487);
#2011=LINE('',#14614,#3488);
#2012=LINE('',#14615,#3489);
#2013=LINE('',#14618,#3490);
#2014=LINE('',#14619,#3491);
#2015=LINE('',#14622,#3492);
#2016=LINE('',#14623,#3493);
#2017=LINE('',#14626,#3494);
#2018=LINE('',#14627,#3495);
#2019=LINE('',#14630,#3496);
#2020=LINE('',#14631,#3497);
#2021=LINE('',#14634,#3498);
#2022=LINE('',#14635,#3499);
#2023=LINE('',#14638,#3500);
#2024=LINE('',#14639,#3501);
#2025=LINE('',#14642,#3502);
#2026=LINE('',#14643,#3503);
#2027=LINE('',#14646,#3504);
#2028=LINE('',#14647,#3505);
#2029=LINE('',#14650,#3506);
#2030=LINE('',#14651,#3507);
#2031=LINE('',#14654,#3508);
#2032=LINE('',#14655,#3509);
#2033=LINE('',#14658,#3510);
#2034=LINE('',#14659,#3511);
#2035=LINE('',#14662,#3512);
#2036=LINE('',#14663,#3513);
#2037=LINE('',#14666,#3514);
#2038=LINE('',#14667,#3515);
#2039=LINE('',#14670,#3516);
#2040=LINE('',#14671,#3517);
#2041=LINE('',#14674,#3518);
#2042=LINE('',#14675,#3519);
#2043=LINE('',#14678,#3520);
#2044=LINE('',#14679,#3521);
#2045=LINE('',#14682,#3522);
#2046=LINE('',#14683,#3523);
#2047=LINE('',#14686,#3524);
#2048=LINE('',#14687,#3525);
#2049=LINE('',#14690,#3526);
#2050=LINE('',#14691,#3527);
#2051=LINE('',#14694,#3528);
#2052=LINE('',#14695,#3529);
#2053=LINE('',#14698,#3530);
#2054=LINE('',#14699,#3531);
#2055=LINE('',#14702,#3532);
#2056=LINE('',#14703,#3533);
#2057=LINE('',#14706,#3534);
#2058=LINE('',#14707,#3535);
#2059=LINE('',#14710,#3536);
#2060=LINE('',#14711,#3537);
#2061=LINE('',#14714,#3538);
#2062=LINE('',#14715,#3539);
#2063=LINE('',#14718,#3540);
#2064=LINE('',#14719,#3541);
#2065=LINE('',#14722,#3542);
#2066=LINE('',#14723,#3543);
#2067=LINE('',#14726,#3544);
#2068=LINE('',#14727,#3545);
#2069=LINE('',#14730,#3546);
#2070=LINE('',#14731,#3547);
#2071=LINE('',#14734,#3548);
#2072=LINE('',#14735,#3549);
#2073=LINE('',#14738,#3550);
#2074=LINE('',#14739,#3551);
#2075=LINE('',#14742,#3552);
#2076=LINE('',#14743,#3553);
#2077=LINE('',#14746,#3554);
#2078=LINE('',#14747,#3555);
#2079=LINE('',#14750,#3556);
#2080=LINE('',#14751,#3557);
#2081=LINE('',#14754,#3558);
#2082=LINE('',#14755,#3559);
#2083=LINE('',#14758,#3560);
#2084=LINE('',#14759,#3561);
#2085=LINE('',#14762,#3562);
#2086=LINE('',#14763,#3563);
#2087=LINE('',#14766,#3564);
#2088=LINE('',#14767,#3565);
#2089=LINE('',#14770,#3566);
#2090=LINE('',#14771,#3567);
#2091=LINE('',#14774,#3568);
#2092=LINE('',#14775,#3569);
#2093=LINE('',#14777,#3570);
#2094=LINE('',#14780,#3571);
#2095=LINE('',#14782,#3572);
#2096=LINE('',#14783,#3573);
#2097=LINE('',#14786,#3574);
#2098=LINE('',#14787,#3575);
#2099=LINE('',#14790,#3576);
#2100=LINE('',#14791,#3577);
#2101=LINE('',#14794,#3578);
#2102=LINE('',#14795,#3579);
#2103=LINE('',#14798,#3580);
#2104=LINE('',#14799,#3581);
#2105=LINE('',#14802,#3582);
#2106=LINE('',#14803,#3583);
#2107=LINE('',#14806,#3584);
#2108=LINE('',#14807,#3585);
#2109=LINE('',#14810,#3586);
#2110=LINE('',#14811,#3587);
#2111=LINE('',#14814,#3588);
#2112=LINE('',#14815,#3589);
#2113=LINE('',#14818,#3590);
#2114=LINE('',#14819,#3591);
#2115=LINE('',#14822,#3592);
#2116=LINE('',#14823,#3593);
#2117=LINE('',#14826,#3594);
#2118=LINE('',#14827,#3595);
#2119=LINE('',#14830,#3596);
#2120=LINE('',#14831,#3597);
#2121=LINE('',#14834,#3598);
#2122=LINE('',#14835,#3599);
#2123=LINE('',#14838,#3600);
#2124=LINE('',#14839,#3601);
#2125=LINE('',#14842,#3602);
#2126=LINE('',#14843,#3603);
#2127=LINE('',#14846,#3604);
#2128=LINE('',#14847,#3605);
#2129=LINE('',#14850,#3606);
#2130=LINE('',#14851,#3607);
#2131=LINE('',#14854,#3608);
#2132=LINE('',#14855,#3609);
#2133=LINE('',#14858,#3610);
#2134=LINE('',#14859,#3611);
#2135=LINE('',#14862,#3612);
#2136=LINE('',#14863,#3613);
#2137=LINE('',#14866,#3614);
#2138=LINE('',#14867,#3615);
#2139=LINE('',#14870,#3616);
#2140=LINE('',#14871,#3617);
#2141=LINE('',#14874,#3618);
#2142=LINE('',#14875,#3619);
#2143=LINE('',#14878,#3620);
#2144=LINE('',#14879,#3621);
#2145=LINE('',#14882,#3622);
#2146=LINE('',#14883,#3623);
#2147=LINE('',#14886,#3624);
#2148=LINE('',#14887,#3625);
#2149=LINE('',#14890,#3626);
#2150=LINE('',#14891,#3627);
#2151=LINE('',#14894,#3628);
#2152=LINE('',#14895,#3629);
#2153=LINE('',#14898,#3630);
#2154=LINE('',#14899,#3631);
#2155=LINE('',#14902,#3632);
#2156=LINE('',#14903,#3633);
#2157=LINE('',#14906,#3634);
#2158=LINE('',#14907,#3635);
#2159=LINE('',#14910,#3636);
#2160=LINE('',#14911,#3637);
#2161=LINE('',#14914,#3638);
#2162=LINE('',#14915,#3639);
#2163=LINE('',#14918,#3640);
#2164=LINE('',#14919,#3641);
#2165=LINE('',#14922,#3642);
#2166=LINE('',#14923,#3643);
#2167=LINE('',#14926,#3644);
#2168=LINE('',#14927,#3645);
#2169=LINE('',#14930,#3646);
#2170=LINE('',#14931,#3647);
#2171=LINE('',#14934,#3648);
#2172=LINE('',#14935,#3649);
#2173=LINE('',#14938,#3650);
#2174=LINE('',#14939,#3651);
#2175=LINE('',#14942,#3652);
#2176=LINE('',#14943,#3653);
#2177=LINE('',#14946,#3654);
#2178=LINE('',#14947,#3655);
#2179=LINE('',#14950,#3656);
#2180=LINE('',#14951,#3657);
#2181=LINE('',#14953,#3658);
#2182=LINE('',#14956,#3659);
#2183=LINE('',#14958,#3660);
#2184=LINE('',#14959,#3661);
#2185=LINE('',#14962,#3662);
#2186=LINE('',#14963,#3663);
#2187=LINE('',#14966,#3664);
#2188=LINE('',#14967,#3665);
#2189=LINE('',#14970,#3666);
#2190=LINE('',#14971,#3667);
#2191=LINE('',#14974,#3668);
#2192=LINE('',#14975,#3669);
#2193=LINE('',#14978,#3670);
#2194=LINE('',#14979,#3671);
#2195=LINE('',#14982,#3672);
#2196=LINE('',#14983,#3673);
#2197=LINE('',#14986,#3674);
#2198=LINE('',#14987,#3675);
#2199=LINE('',#14990,#3676);
#2200=LINE('',#14991,#3677);
#2201=LINE('',#14994,#3678);
#2202=LINE('',#14995,#3679);
#2203=LINE('',#14998,#3680);
#2204=LINE('',#14999,#3681);
#2205=LINE('',#15002,#3682);
#2206=LINE('',#15003,#3683);
#2207=LINE('',#15006,#3684);
#2208=LINE('',#15007,#3685);
#2209=LINE('',#15010,#3686);
#2210=LINE('',#15011,#3687);
#2211=LINE('',#15014,#3688);
#2212=LINE('',#15015,#3689);
#2213=LINE('',#15018,#3690);
#2214=LINE('',#15019,#3691);
#2215=LINE('',#15022,#3692);
#2216=LINE('',#15023,#3693);
#2217=LINE('',#15026,#3694);
#2218=LINE('',#15027,#3695);
#2219=LINE('',#15030,#3696);
#2220=LINE('',#15031,#3697);
#2221=LINE('',#15034,#3698);
#2222=LINE('',#15035,#3699);
#2223=LINE('',#15038,#3700);
#2224=LINE('',#15039,#3701);
#2225=LINE('',#15042,#3702);
#2226=LINE('',#15043,#3703);
#2227=LINE('',#15046,#3704);
#2228=LINE('',#15047,#3705);
#2229=LINE('',#15050,#3706);
#2230=LINE('',#15051,#3707);
#2231=LINE('',#15054,#3708);
#2232=LINE('',#15055,#3709);
#2233=LINE('',#15058,#3710);
#2234=LINE('',#15059,#3711);
#2235=LINE('',#15062,#3712);
#2236=LINE('',#15063,#3713);
#2237=LINE('',#15066,#3714);
#2238=LINE('',#15067,#3715);
#2239=LINE('',#15070,#3716);
#2240=LINE('',#15071,#3717);
#2241=LINE('',#15074,#3718);
#2242=LINE('',#15075,#3719);
#2243=LINE('',#15078,#3720);
#2244=LINE('',#15079,#3721);
#2245=LINE('',#15082,#3722);
#2246=LINE('',#15083,#3723);
#2247=LINE('',#15086,#3724);
#2248=LINE('',#15087,#3725);
#2249=LINE('',#15090,#3726);
#2250=LINE('',#15091,#3727);
#2251=LINE('',#15094,#3728);
#2252=LINE('',#15095,#3729);
#2253=LINE('',#15098,#3730);
#2254=LINE('',#15099,#3731);
#2255=LINE('',#15102,#3732);
#2256=LINE('',#15103,#3733);
#2257=LINE('',#15106,#3734);
#2258=LINE('',#15107,#3735);
#2259=LINE('',#15110,#3736);
#2260=LINE('',#15111,#3737);
#2261=LINE('',#15114,#3738);
#2262=LINE('',#15115,#3739);
#2263=LINE('',#15118,#3740);
#2264=LINE('',#15119,#3741);
#2265=LINE('',#15122,#3742);
#2266=LINE('',#15123,#3743);
#2267=LINE('',#15126,#3744);
#2268=LINE('',#15127,#3745);
#2269=LINE('',#15129,#3746);
#2270=LINE('',#15132,#3747);
#2271=LINE('',#15134,#3748);
#2272=LINE('',#15135,#3749);
#2273=LINE('',#15139,#3750);
#2274=LINE('',#15142,#3751);
#2275=LINE('',#15143,#3752);
#2276=LINE('',#15147,#3753);
#2277=LINE('',#15150,#3754);
#2278=LINE('',#15151,#3755);
#2279=LINE('',#15154,#3756);
#2280=LINE('',#15156,#3757);
#2281=LINE('',#15157,#3758);
#2282=LINE('',#15161,#3759);
#2283=LINE('',#15162,#3760);
#2284=LINE('',#15164,#3761);
#2285=LINE('',#15165,#3762);
#2286=LINE('',#15169,#3763);
#2287=LINE('',#15170,#3764);
#2288=LINE('',#15171,#3765);
#2289=LINE('',#15174,#3766);
#2290=LINE('',#15175,#3767);
#2291=LINE('',#15178,#3768);
#2292=LINE('',#15179,#3769);
#2293=LINE('',#15182,#3770);
#2294=LINE('',#15183,#3771);
#2295=LINE('',#15186,#3772);
#2296=LINE('',#15187,#3773);
#2297=LINE('',#15190,#3774);
#2298=LINE('',#15191,#3775);
#2299=LINE('',#15194,#3776);
#2300=LINE('',#15195,#3777);
#2301=LINE('',#15198,#3778);
#2302=LINE('',#15199,#3779);
#2303=LINE('',#15202,#3780);
#2304=LINE('',#15203,#3781);
#2305=LINE('',#15206,#3782);
#2306=LINE('',#15207,#3783);
#2307=LINE('',#15210,#3784);
#2308=LINE('',#15211,#3785);
#2309=LINE('',#15214,#3786);
#2310=LINE('',#15215,#3787);
#2311=LINE('',#15218,#3788);
#2312=LINE('',#15219,#3789);
#2313=LINE('',#15222,#3790);
#2314=LINE('',#15223,#3791);
#2315=LINE('',#15226,#3792);
#2316=LINE('',#15227,#3793);
#2317=LINE('',#15230,#3794);
#2318=LINE('',#15231,#3795);
#2319=LINE('',#15234,#3796);
#2320=LINE('',#15235,#3797);
#2321=LINE('',#15238,#3798);
#2322=LINE('',#15239,#3799);
#2323=LINE('',#15242,#3800);
#2324=LINE('',#15243,#3801);
#2325=LINE('',#15246,#3802);
#2326=LINE('',#15247,#3803);
#2327=LINE('',#15250,#3804);
#2328=LINE('',#15251,#3805);
#2329=LINE('',#15254,#3806);
#2330=LINE('',#15255,#3807);
#2331=LINE('',#15258,#3808);
#2332=LINE('',#15259,#3809);
#2333=LINE('',#15262,#3810);
#2334=LINE('',#15263,#3811);
#2335=LINE('',#15266,#3812);
#2336=LINE('',#15267,#3813);
#2337=LINE('',#15270,#3814);
#2338=LINE('',#15271,#3815);
#2339=LINE('',#15274,#3816);
#2340=LINE('',#15275,#3817);
#2341=LINE('',#15278,#3818);
#2342=LINE('',#15279,#3819);
#2343=LINE('',#15282,#3820);
#2344=LINE('',#15283,#3821);
#2345=LINE('',#15286,#3822);
#2346=LINE('',#15287,#3823);
#2347=LINE('',#15290,#3824);
#2348=LINE('',#15291,#3825);
#2349=LINE('',#15294,#3826);
#2350=LINE('',#15295,#3827);
#2351=LINE('',#15298,#3828);
#2352=LINE('',#15299,#3829);
#2353=LINE('',#15302,#3830);
#2354=LINE('',#15303,#3831);
#2355=LINE('',#15306,#3832);
#2356=LINE('',#15307,#3833);
#2357=LINE('',#15310,#3834);
#2358=LINE('',#15311,#3835);
#2359=LINE('',#15314,#3836);
#2360=LINE('',#15315,#3837);
#2361=LINE('',#15318,#3838);
#2362=LINE('',#15319,#3839);
#2363=LINE('',#15322,#3840);
#2364=LINE('',#15323,#3841);
#2365=LINE('',#15326,#3842);
#2366=LINE('',#15327,#3843);
#2367=LINE('',#15330,#3844);
#2368=LINE('',#15331,#3845);
#2369=LINE('',#15334,#3846);
#2370=LINE('',#15335,#3847);
#2371=LINE('',#15338,#3848);
#2372=LINE('',#15339,#3849);
#2373=LINE('',#15342,#3850);
#2374=LINE('',#15343,#3851);
#2375=LINE('',#15346,#3852);
#2376=LINE('',#15347,#3853);
#2377=LINE('',#15350,#3854);
#2378=LINE('',#15351,#3855);
#2379=LINE('',#15354,#3856);
#2380=LINE('',#15355,#3857);
#2381=LINE('',#15358,#3858);
#2382=LINE('',#15359,#3859);
#2383=LINE('',#15362,#3860);
#2384=LINE('',#15363,#3861);
#2385=LINE('',#15366,#3862);
#2386=LINE('',#15367,#3863);
#2387=LINE('',#15370,#3864);
#2388=LINE('',#15371,#3865);
#2389=LINE('',#15374,#3866);
#2390=LINE('',#15375,#3867);
#2391=LINE('',#15378,#3868);
#2392=LINE('',#15379,#3869);
#2393=LINE('',#15382,#3870);
#2394=LINE('',#15383,#3871);
#2395=LINE('',#15386,#3872);
#2396=LINE('',#15387,#3873);
#2397=LINE('',#15390,#3874);
#2398=LINE('',#15391,#3875);
#2399=LINE('',#15394,#3876);
#2400=LINE('',#15395,#3877);
#2401=LINE('',#15398,#3878);
#2402=LINE('',#15399,#3879);
#2403=LINE('',#15402,#3880);
#2404=LINE('',#15403,#3881);
#2405=LINE('',#15405,#3882);
#2406=LINE('',#15409,#3883);
#2407=LINE('',#15410,#3884);
#2408=LINE('',#15411,#3885);
#2409=LINE('',#15414,#3886);
#2410=LINE('',#15415,#3887);
#2411=LINE('',#15418,#3888);
#2412=LINE('',#15419,#3889);
#2413=LINE('',#15422,#3890);
#2414=LINE('',#15423,#3891);
#2415=LINE('',#15426,#3892);
#2416=LINE('',#15427,#3893);
#2417=LINE('',#15430,#3894);
#2418=LINE('',#15431,#3895);
#2419=LINE('',#15434,#3896);
#2420=LINE('',#15435,#3897);
#2421=LINE('',#15438,#3898);
#2422=LINE('',#15439,#3899);
#2423=LINE('',#15442,#3900);
#2424=LINE('',#15443,#3901);
#2425=LINE('',#15446,#3902);
#2426=LINE('',#15447,#3903);
#2427=LINE('',#15450,#3904);
#2428=LINE('',#15451,#3905);
#2429=LINE('',#15454,#3906);
#2430=LINE('',#15455,#3907);
#2431=LINE('',#15458,#3908);
#2432=LINE('',#15459,#3909);
#2433=LINE('',#15462,#3910);
#2434=LINE('',#15463,#3911);
#2435=LINE('',#15466,#3912);
#2436=LINE('',#15467,#3913);
#2437=LINE('',#15470,#3914);
#2438=LINE('',#15471,#3915);
#2439=LINE('',#15474,#3916);
#2440=LINE('',#15475,#3917);
#2441=LINE('',#15478,#3918);
#2442=LINE('',#15479,#3919);
#2443=LINE('',#15482,#3920);
#2444=LINE('',#15483,#3921);
#2445=LINE('',#15486,#3922);
#2446=LINE('',#15487,#3923);
#2447=LINE('',#15490,#3924);
#2448=LINE('',#15491,#3925);
#2449=LINE('',#15494,#3926);
#2450=LINE('',#15495,#3927);
#2451=LINE('',#15498,#3928);
#2452=LINE('',#15499,#3929);
#2453=LINE('',#15502,#3930);
#2454=LINE('',#15503,#3931);
#2455=LINE('',#15506,#3932);
#2456=LINE('',#15507,#3933);
#2457=LINE('',#15510,#3934);
#2458=LINE('',#15511,#3935);
#2459=LINE('',#15514,#3936);
#2460=LINE('',#15515,#3937);
#2461=LINE('',#15518,#3938);
#2462=LINE('',#15519,#3939);
#2463=LINE('',#15522,#3940);
#2464=LINE('',#15523,#3941);
#2465=LINE('',#15526,#3942);
#2466=LINE('',#15527,#3943);
#2467=LINE('',#15530,#3944);
#2468=LINE('',#15531,#3945);
#2469=LINE('',#15534,#3946);
#2470=LINE('',#15535,#3947);
#2471=LINE('',#15538,#3948);
#2472=LINE('',#15539,#3949);
#2473=LINE('',#15542,#3950);
#2474=LINE('',#15543,#3951);
#2475=LINE('',#15546,#3952);
#2476=LINE('',#15547,#3953);
#2477=LINE('',#15550,#3954);
#2478=LINE('',#15551,#3955);
#2479=LINE('',#15554,#3956);
#2480=LINE('',#15555,#3957);
#2481=LINE('',#15558,#3958);
#2482=LINE('',#15559,#3959);
#2483=LINE('',#15562,#3960);
#2484=LINE('',#15563,#3961);
#2485=LINE('',#15566,#3962);
#2486=LINE('',#15567,#3963);
#2487=LINE('',#15570,#3964);
#2488=LINE('',#15571,#3965);
#2489=LINE('',#15574,#3966);
#2490=LINE('',#15575,#3967);
#2491=LINE('',#15578,#3968);
#2492=LINE('',#15579,#3969);
#2493=LINE('',#15582,#3970);
#2494=LINE('',#15583,#3971);
#2495=LINE('',#15586,#3972);
#2496=LINE('',#15587,#3973);
#2497=LINE('',#15590,#3974);
#2498=LINE('',#15591,#3975);
#2499=LINE('',#15594,#3976);
#2500=LINE('',#15595,#3977);
#2501=LINE('',#15598,#3978);
#2502=LINE('',#15599,#3979);
#2503=LINE('',#15602,#3980);
#2504=LINE('',#15603,#3981);
#2505=LINE('',#15606,#3982);
#2506=LINE('',#15607,#3983);
#2507=LINE('',#15610,#3984);
#2508=LINE('',#15611,#3985);
#2509=LINE('',#15614,#3986);
#2510=LINE('',#15615,#3987);
#2511=LINE('',#15618,#3988);
#2512=LINE('',#15619,#3989);
#2513=LINE('',#15622,#3990);
#2514=LINE('',#15623,#3991);
#2515=LINE('',#15626,#3992);
#2516=LINE('',#15627,#3993);
#2517=LINE('',#15630,#3994);
#2518=LINE('',#15631,#3995);
#2519=LINE('',#15634,#3996);
#2520=LINE('',#15635,#3997);
#2521=LINE('',#15638,#3998);
#2522=LINE('',#15639,#3999);
#2523=LINE('',#15642,#4000);
#2524=LINE('',#15643,#4001);
#2525=LINE('',#15645,#4002);
#2526=LINE('',#15649,#4003);
#2527=LINE('',#15650,#4004);
#2528=LINE('',#15651,#4005);
#2529=LINE('',#15654,#4006);
#2530=LINE('',#15655,#4007);
#2531=LINE('',#15658,#4008);
#2532=LINE('',#15659,#4009);
#2533=LINE('',#15662,#4010);
#2534=LINE('',#15663,#4011);
#2535=LINE('',#15666,#4012);
#2536=LINE('',#15667,#4013);
#2537=LINE('',#15670,#4014);
#2538=LINE('',#15671,#4015);
#2539=LINE('',#15674,#4016);
#2540=LINE('',#15675,#4017);
#2541=LINE('',#15678,#4018);
#2542=LINE('',#15679,#4019);
#2543=LINE('',#15682,#4020);
#2544=LINE('',#15683,#4021);
#2545=LINE('',#15686,#4022);
#2546=LINE('',#15687,#4023);
#2547=LINE('',#15690,#4024);
#2548=LINE('',#15691,#4025);
#2549=LINE('',#15694,#4026);
#2550=LINE('',#15695,#4027);
#2551=LINE('',#15698,#4028);
#2552=LINE('',#15699,#4029);
#2553=LINE('',#15702,#4030);
#2554=LINE('',#15703,#4031);
#2555=LINE('',#15706,#4032);
#2556=LINE('',#15707,#4033);
#2557=LINE('',#15710,#4034);
#2558=LINE('',#15711,#4035);
#2559=LINE('',#15714,#4036);
#2560=LINE('',#15715,#4037);
#2561=LINE('',#15718,#4038);
#2562=LINE('',#15719,#4039);
#2563=LINE('',#15722,#4040);
#2564=LINE('',#15723,#4041);
#2565=LINE('',#15726,#4042);
#2566=LINE('',#15727,#4043);
#2567=LINE('',#15730,#4044);
#2568=LINE('',#15731,#4045);
#2569=LINE('',#15734,#4046);
#2570=LINE('',#15735,#4047);
#2571=LINE('',#15738,#4048);
#2572=LINE('',#15739,#4049);
#2573=LINE('',#15742,#4050);
#2574=LINE('',#15743,#4051);
#2575=LINE('',#15746,#4052);
#2576=LINE('',#15747,#4053);
#2577=LINE('',#15750,#4054);
#2578=LINE('',#15751,#4055);
#2579=LINE('',#15754,#4056);
#2580=LINE('',#15755,#4057);
#2581=LINE('',#15758,#4058);
#2582=LINE('',#15759,#4059);
#2583=LINE('',#15762,#4060);
#2584=LINE('',#15763,#4061);
#2585=LINE('',#15766,#4062);
#2586=LINE('',#15767,#4063);
#2587=LINE('',#15770,#4064);
#2588=LINE('',#15771,#4065);
#2589=LINE('',#15774,#4066);
#2590=LINE('',#15775,#4067);
#2591=LINE('',#15778,#4068);
#2592=LINE('',#15779,#4069);
#2593=LINE('',#15782,#4070);
#2594=LINE('',#15783,#4071);
#2595=LINE('',#15786,#4072);
#2596=LINE('',#15787,#4073);
#2597=LINE('',#15790,#4074);
#2598=LINE('',#15791,#4075);
#2599=LINE('',#15794,#4076);
#2600=LINE('',#15795,#4077);
#2601=LINE('',#15798,#4078);
#2602=LINE('',#15799,#4079);
#2603=LINE('',#15802,#4080);
#2604=LINE('',#15803,#4081);
#2605=LINE('',#15806,#4082);
#2606=LINE('',#15807,#4083);
#2607=LINE('',#15810,#4084);
#2608=LINE('',#15811,#4085);
#2609=LINE('',#15814,#4086);
#2610=LINE('',#15815,#4087);
#2611=LINE('',#15818,#4088);
#2612=LINE('',#15819,#4089);
#2613=LINE('',#15822,#4090);
#2614=LINE('',#15823,#4091);
#2615=LINE('',#15826,#4092);
#2616=LINE('',#15827,#4093);
#2617=LINE('',#15830,#4094);
#2618=LINE('',#15831,#4095);
#2619=LINE('',#15834,#4096);
#2620=LINE('',#15835,#4097);
#2621=LINE('',#15838,#4098);
#2622=LINE('',#15839,#4099);
#2623=LINE('',#15842,#4100);
#2624=LINE('',#15843,#4101);
#2625=LINE('',#15846,#4102);
#2626=LINE('',#15847,#4103);
#2627=LINE('',#15850,#4104);
#2628=LINE('',#15851,#4105);
#2629=LINE('',#15854,#4106);
#2630=LINE('',#15855,#4107);
#2631=LINE('',#15858,#4108);
#2632=LINE('',#15859,#4109);
#2633=LINE('',#15862,#4110);
#2634=LINE('',#15863,#4111);
#2635=LINE('',#15866,#4112);
#2636=LINE('',#15867,#4113);
#2637=LINE('',#15870,#4114);
#2638=LINE('',#15871,#4115);
#2639=LINE('',#15874,#4116);
#2640=LINE('',#15875,#4117);
#2641=LINE('',#15878,#4118);
#2642=LINE('',#15879,#4119);
#2643=LINE('',#15882,#4120);
#2644=LINE('',#15883,#4121);
#2645=LINE('',#15885,#4122);
#2646=LINE('',#15889,#4123);
#2647=LINE('',#15891,#4124);
#2648=LINE('',#15893,#4125);
#2649=LINE('',#15895,#4126);
#2650=LINE('',#15897,#4127);
#2651=LINE('',#15899,#4128);
#2652=LINE('',#15901,#4129);
#2653=LINE('',#15903,#4130);
#2654=LINE('',#15905,#4131);
#2655=LINE('',#15907,#4132);
#2656=LINE('',#15909,#4133);
#2657=LINE('',#15911,#4134);
#2658=LINE('',#15913,#4135);
#2659=LINE('',#15915,#4136);
#2660=LINE('',#15917,#4137);
#2661=LINE('',#15919,#4138);
#2662=LINE('',#15921,#4139);
#2663=LINE('',#15923,#4140);
#2664=LINE('',#15924,#4141);
#2665=LINE('',#15928,#4142);
#2666=LINE('',#15930,#4143);
#2667=LINE('',#15932,#4144);
#2668=LINE('',#15934,#4145);
#2669=LINE('',#15936,#4146);
#2670=LINE('',#15938,#4147);
#2671=LINE('',#15940,#4148);
#2672=LINE('',#15942,#4149);
#2673=LINE('',#15944,#4150);
#2674=LINE('',#15946,#4151);
#2675=LINE('',#15948,#4152);
#2676=LINE('',#15950,#4153);
#2677=LINE('',#15952,#4154);
#2678=LINE('',#15954,#4155);
#2679=LINE('',#15956,#4156);
#2680=LINE('',#15958,#4157);
#2681=LINE('',#15960,#4158);
#2682=LINE('',#15961,#4159);
#2683=LINE('',#15966,#4160);
#2684=LINE('',#15972,#4161);
#2685=LINE('',#15978,#4162);
#2686=LINE('',#15984,#4163);
#2687=LINE('',#15990,#4164);
#2688=LINE('',#15995,#4165);
#2689=LINE('',#15997,#4166);
#2690=LINE('',#15999,#4167);
#2691=LINE('',#16001,#4168);
#2692=LINE('',#16002,#4169);
#2693=LINE('',#16004,#4170);
#2694=LINE('',#16005,#4171);
#2695=LINE('',#16008,#4172);
#2696=LINE('',#16009,#4173);
#2697=LINE('',#16012,#4174);
#2698=LINE('',#16014,#4175);
#2699=LINE('',#16016,#4176);
#2700=LINE('',#16018,#4177);
#2701=LINE('',#16020,#4178);
#2702=LINE('',#16022,#4179);
#2703=LINE('',#16024,#4180);
#2704=LINE('',#16025,#4181);
#2705=LINE('',#16027,#4182);
#2706=LINE('',#16029,#4183);
#2707=LINE('',#16031,#4184);
#2708=LINE('',#16033,#4185);
#2709=LINE('',#16035,#4186);
#2710=LINE('',#16037,#4187);
#2711=LINE('',#16039,#4188);
#2712=LINE('',#16041,#4189);
#2713=LINE('',#16043,#4190);
#2714=LINE('',#16045,#4191);
#2715=LINE('',#16047,#4192);
#2716=LINE('',#16049,#4193);
#2717=LINE('',#16051,#4194);
#2718=LINE('',#16053,#4195);
#2719=LINE('',#16055,#4196);
#2720=LINE('',#16057,#4197);
#2721=LINE('',#16059,#4198);
#2722=LINE('',#16060,#4199);
#2723=LINE('',#16062,#4200);
#2724=LINE('',#16064,#4201);
#2725=LINE('',#16066,#4202);
#2726=LINE('',#16068,#4203);
#2727=LINE('',#16070,#4204);
#2728=LINE('',#16071,#4205);
#2729=LINE('',#16074,#4206);
#2730=LINE('',#16076,#4207);
#2731=LINE('',#16077,#4208);
#2732=LINE('',#16080,#4209);
#2733=LINE('',#16081,#4210);
#2734=LINE('',#16084,#4211);
#2735=LINE('',#16086,#4212);
#2736=LINE('',#16087,#4213);
#2737=LINE('',#16090,#4214);
#2738=LINE('',#16091,#4215);
#2739=LINE('',#16094,#4216);
#2740=LINE('',#16096,#4217);
#2741=LINE('',#16097,#4218);
#2742=LINE('',#16100,#4219);
#2743=LINE('',#16101,#4220);
#2744=LINE('',#16104,#4221);
#2745=LINE('',#16106,#4222);
#2746=LINE('',#16107,#4223);
#2747=LINE('',#16110,#4224);
#2748=LINE('',#16111,#4225);
#2749=LINE('',#16114,#4226);
#2750=LINE('',#16115,#4227);
#2751=LINE('',#16118,#4228);
#2752=LINE('',#16119,#4229);
#2753=LINE('',#16122,#4230);
#2754=LINE('',#16123,#4231);
#2755=LINE('',#16126,#4232);
#2756=LINE('',#16127,#4233);
#2757=LINE('',#16130,#4234);
#2758=LINE('',#16131,#4235);
#2759=LINE('',#16134,#4236);
#2760=LINE('',#16135,#4237);
#2761=LINE('',#16138,#4238);
#2762=LINE('',#16139,#4239);
#2763=LINE('',#16142,#4240);
#2764=LINE('',#16143,#4241);
#2765=LINE('',#16146,#4242);
#2766=LINE('',#16147,#4243);
#2767=LINE('',#16150,#4244);
#2768=LINE('',#16151,#4245);
#2769=LINE('',#16154,#4246);
#2770=LINE('',#16155,#4247);
#2771=LINE('',#16158,#4248);
#2772=LINE('',#16159,#4249);
#2773=LINE('',#16161,#4250);
#2774=LINE('',#16164,#4251);
#2775=LINE('',#16166,#4252);
#2776=LINE('',#16168,#4253);
#2777=LINE('',#16170,#4254);
#2778=LINE('',#16171,#4255);
#2779=LINE('',#16174,#4256);
#2780=LINE('',#16176,#4257);
#2781=LINE('',#16177,#4258);
#2782=LINE('',#16180,#4259);
#2783=LINE('',#16182,#4260);
#2784=LINE('',#16183,#4261);
#2785=LINE('',#16186,#4262);
#2786=LINE('',#16188,#4263);
#2787=LINE('',#16189,#4264);
#2788=LINE('',#16192,#4265);
#2789=LINE('',#16194,#4266);
#2790=LINE('',#16195,#4267);
#2791=LINE('',#16198,#4268);
#2792=LINE('',#16200,#4269);
#2793=LINE('',#16201,#4270);
#2794=LINE('',#16204,#4271);
#2795=LINE('',#16206,#4272);
#2796=LINE('',#16207,#4273);
#2797=LINE('',#16210,#4274);
#2798=LINE('',#16212,#4275);
#2799=LINE('',#16213,#4276);
#2800=LINE('',#16216,#4277);
#2801=LINE('',#16218,#4278);
#2802=LINE('',#16219,#4279);
#2803=LINE('',#16222,#4280);
#2804=LINE('',#16224,#4281);
#2805=LINE('',#16225,#4282);
#2806=LINE('',#16228,#4283);
#2807=LINE('',#16230,#4284);
#2808=LINE('',#16231,#4285);
#2809=LINE('',#16234,#4286);
#2810=LINE('',#16236,#4287);
#2811=LINE('',#16237,#4288);
#2812=LINE('',#16240,#4289);
#2813=LINE('',#16242,#4290);
#2814=LINE('',#16243,#4291);
#2815=LINE('',#16246,#4292);
#2816=LINE('',#16248,#4293);
#2817=LINE('',#16249,#4294);
#2818=LINE('',#16252,#4295);
#2819=LINE('',#16254,#4296);
#2820=LINE('',#16255,#4297);
#2821=LINE('',#16259,#4298);
#2822=LINE('',#16261,#4299);
#2823=LINE('',#16263,#4300);
#2824=LINE('',#16264,#4301);
#2825=LINE('',#16267,#4302);
#2826=LINE('',#16269,#4303);
#2827=LINE('',#16270,#4304);
#2828=LINE('',#16273,#4305);
#2829=LINE('',#16275,#4306);
#2830=LINE('',#16276,#4307);
#2831=LINE('',#16279,#4308);
#2832=LINE('',#16281,#4309);
#2833=LINE('',#16282,#4310);
#2834=LINE('',#16285,#4311);
#2835=LINE('',#16287,#4312);
#2836=LINE('',#16288,#4313);
#2837=LINE('',#16291,#4314);
#2838=LINE('',#16293,#4315);
#2839=LINE('',#16294,#4316);
#2840=LINE('',#16297,#4317);
#2841=LINE('',#16299,#4318);
#2842=LINE('',#16300,#4319);
#2843=LINE('',#16303,#4320);
#2844=LINE('',#16305,#4321);
#2845=LINE('',#16306,#4322);
#2846=LINE('',#16309,#4323);
#2847=LINE('',#16311,#4324);
#2848=LINE('',#16312,#4325);
#2849=LINE('',#16315,#4326);
#2850=LINE('',#16317,#4327);
#2851=LINE('',#16318,#4328);
#2852=LINE('',#16321,#4329);
#2853=LINE('',#16323,#4330);
#2854=LINE('',#16324,#4331);
#2855=LINE('',#16327,#4332);
#2856=LINE('',#16329,#4333);
#2857=LINE('',#16330,#4334);
#2858=LINE('',#16333,#4335);
#2859=LINE('',#16335,#4336);
#2860=LINE('',#16336,#4337);
#2861=LINE('',#16339,#4338);
#2862=LINE('',#16341,#4339);
#2863=LINE('',#16342,#4340);
#2864=LINE('',#16345,#4341);
#2865=LINE('',#16347,#4342);
#2866=LINE('',#16348,#4343);
#2867=LINE('',#16350,#4344);
#2868=LINE('',#16351,#4345);
#2869=LINE('',#16355,#4346);
#2870=LINE('',#16356,#4347);
#2871=LINE('',#16357,#4348);
#2872=LINE('',#16360,#4349);
#2873=LINE('',#16361,#4350);
#2874=LINE('',#16364,#4351);
#2875=LINE('',#16365,#4352);
#2876=LINE('',#16368,#4353);
#2877=LINE('',#16369,#4354);
#2878=LINE('',#16372,#4355);
#2879=LINE('',#16373,#4356);
#2880=LINE('',#16376,#4357);
#2881=LINE('',#16377,#4358);
#2882=LINE('',#16380,#4359);
#2883=LINE('',#16381,#4360);
#2884=LINE('',#16384,#4361);
#2885=LINE('',#16385,#4362);
#2886=LINE('',#16388,#4363);
#2887=LINE('',#16389,#4364);
#2888=LINE('',#16392,#4365);
#2889=LINE('',#16393,#4366);
#2890=LINE('',#16396,#4367);
#2891=LINE('',#16397,#4368);
#2892=LINE('',#16400,#4369);
#2893=LINE('',#16401,#4370);
#2894=LINE('',#16404,#4371);
#2895=LINE('',#16405,#4372);
#2896=LINE('',#16408,#4373);
#2897=LINE('',#16409,#4374);
#2898=LINE('',#16412,#4375);
#2899=LINE('',#16413,#4376);
#2900=LINE('',#16416,#4377);
#2901=LINE('',#16417,#4378);
#2902=LINE('',#16420,#4379);
#2903=LINE('',#16421,#4380);
#2904=LINE('',#16424,#4381);
#2905=LINE('',#16426,#4382);
#2906=LINE('',#16427,#4383);
#2907=LINE('',#16430,#4384);
#2908=LINE('',#16432,#4385);
#2909=LINE('',#16433,#4386);
#2910=LINE('',#16436,#4387);
#2911=LINE('',#16438,#4388);
#2912=LINE('',#16439,#4389);
#2913=LINE('',#16442,#4390);
#2914=LINE('',#16444,#4391);
#2915=LINE('',#16445,#4392);
#2916=LINE('',#16448,#4393);
#2917=LINE('',#16450,#4394);
#2918=LINE('',#16451,#4395);
#2919=LINE('',#16454,#4396);
#2920=LINE('',#16456,#4397);
#2921=LINE('',#16457,#4398);
#2922=LINE('',#16460,#4399);
#2923=LINE('',#16462,#4400);
#2924=LINE('',#16463,#4401);
#2925=LINE('',#16466,#4402);
#2926=LINE('',#16468,#4403);
#2927=LINE('',#16469,#4404);
#2928=LINE('',#16472,#4405);
#2929=LINE('',#16473,#4406);
#2930=LINE('',#16474,#4407);
#2931=LINE('',#16477,#4408);
#2932=LINE('',#16478,#4409);
#2933=LINE('',#16481,#4410);
#2934=LINE('',#16482,#4411);
#2935=LINE('',#16485,#4412);
#2936=LINE('',#16486,#4413);
#2937=LINE('',#16489,#4414);
#2938=LINE('',#16490,#4415);
#2939=LINE('',#16493,#4416);
#2940=LINE('',#16494,#4417);
#2941=LINE('',#16497,#4418);
#2942=LINE('',#16498,#4419);
#2943=LINE('',#16501,#4420);
#2944=LINE('',#16502,#4421);
#2945=LINE('',#16505,#4422);
#2946=LINE('',#16506,#4423);
#2947=LINE('',#16509,#4424);
#2948=LINE('',#16510,#4425);
#2949=LINE('',#16513,#4426);
#2950=LINE('',#16514,#4427);
#2951=LINE('',#16517,#4428);
#2952=LINE('',#16518,#4429);
#2953=LINE('',#16521,#4430);
#2954=LINE('',#16522,#4431);
#2955=LINE('',#16525,#4432);
#2956=LINE('',#16526,#4433);
#2957=LINE('',#16529,#4434);
#2958=LINE('',#16530,#4435);
#2959=LINE('',#16533,#4436);
#2960=LINE('',#16534,#4437);
#2961=LINE('',#16537,#4438);
#2962=LINE('',#16538,#4439);
#2963=LINE('',#16541,#4440);
#2964=LINE('',#16543,#4441);
#2965=LINE('',#16544,#4442);
#2966=LINE('',#16547,#4443);
#2967=LINE('',#16549,#4444);
#2968=LINE('',#16550,#4445);
#2969=LINE('',#16553,#4446);
#2970=LINE('',#16555,#4447);
#2971=LINE('',#16556,#4448);
#2972=LINE('',#16560,#4449);
#2973=LINE('',#16562,#4450);
#2974=LINE('',#16564,#4451);
#2975=LINE('',#16565,#4452);
#2976=LINE('',#16568,#4453);
#2977=LINE('',#16570,#4454);
#2978=LINE('',#16571,#4455);
#2979=LINE('',#16574,#4456);
#2980=LINE('',#16576,#4457);
#2981=LINE('',#16577,#4458);
#2982=LINE('',#16580,#4459);
#2983=LINE('',#16582,#4460);
#2984=LINE('',#16583,#4461);
#2985=LINE('',#16586,#4462);
#2986=LINE('',#16588,#4463);
#2987=LINE('',#16589,#4464);
#2988=LINE('',#16592,#4465);
#2989=LINE('',#16593,#4466);
#2990=LINE('',#16594,#4467);
#2991=LINE('',#16597,#4468);
#2992=LINE('',#16598,#4469);
#2993=LINE('',#16601,#4470);
#2994=LINE('',#16602,#4471);
#2995=LINE('',#16605,#4472);
#2996=LINE('',#16606,#4473);
#2997=LINE('',#16609,#4474);
#2998=LINE('',#16610,#4475);
#2999=LINE('',#16613,#4476);
#3000=LINE('',#16614,#4477);
#3001=LINE('',#16617,#4478);
#3002=LINE('',#16618,#4479);
#3003=LINE('',#16621,#4480);
#3004=LINE('',#16622,#4481);
#3005=LINE('',#16625,#4482);
#3006=LINE('',#16626,#4483);
#3007=LINE('',#16629,#4484);
#3008=LINE('',#16630,#4485);
#3009=LINE('',#16633,#4486);
#3010=LINE('',#16634,#4487);
#3011=LINE('',#16637,#4488);
#3012=LINE('',#16638,#4489);
#3013=LINE('',#16641,#4490);
#3014=LINE('',#16642,#4491);
#3015=LINE('',#16645,#4492);
#3016=LINE('',#16646,#4493);
#3017=LINE('',#16649,#4494);
#3018=LINE('',#16650,#4495);
#3019=LINE('',#16653,#4496);
#3020=LINE('',#16655,#4497);
#3021=LINE('',#16656,#4498);
#3022=LINE('',#16659,#4499);
#3023=LINE('',#16661,#4500);
#3024=LINE('',#16662,#4501);
#3025=LINE('',#16665,#4502);
#3026=LINE('',#16667,#4503);
#3027=LINE('',#16668,#4504);
#3028=LINE('',#16671,#4505);
#3029=LINE('',#16673,#4506);
#3030=LINE('',#16674,#4507);
#3031=LINE('',#16677,#4508);
#3032=LINE('',#16679,#4509);
#3033=LINE('',#16680,#4510);
#3034=LINE('',#16683,#4511);
#3035=LINE('',#16685,#4512);
#3036=LINE('',#16686,#4513);
#3037=LINE('',#16689,#4514);
#3038=LINE('',#16691,#4515);
#3039=LINE('',#16692,#4516);
#3040=LINE('',#16695,#4517);
#3041=LINE('',#16697,#4518);
#3042=LINE('',#16698,#4519);
#3043=LINE('',#16701,#4520);
#3044=LINE('',#16702,#4521);
#3045=LINE('',#16703,#4522);
#3046=LINE('',#16706,#4523);
#3047=LINE('',#16707,#4524);
#3048=LINE('',#16710,#4525);
#3049=LINE('',#16711,#4526);
#3050=LINE('',#16713,#4527);
#3051=LINE('',#16716,#4528);
#3052=LINE('',#16718,#4529);
#3053=LINE('',#16719,#4530);
#3054=LINE('',#16722,#4531);
#3055=LINE('',#16724,#4532);
#3056=LINE('',#16725,#4533);
#3057=LINE('',#16728,#4534);
#3058=LINE('',#16729,#4535);
#3059=LINE('',#16734,#4536);
#3060=LINE('',#16735,#4537);
#3061=LINE('',#16738,#4538);
#3062=LINE('',#16740,#4539);
#3063=LINE('',#16741,#4540);
#3064=LINE('',#16744,#4541);
#3065=LINE('',#16745,#4542);
#3066=LINE('',#16747,#4543);
#3067=LINE('',#16749,#4544);
#3068=LINE('',#16750,#4545);
#3069=LINE('',#16752,#4546);
#3070=LINE('',#16755,#4547);
#3071=VECTOR('',#11182,0.3845);
#3072=VECTOR('',#11191,0.3845);
#3073=VECTOR('',#11200,0.3845);
#3074=VECTOR('',#11209,1.25);
#3075=VECTOR('',#11214,10.);
#3076=VECTOR('',#11217,10.);
#3077=VECTOR('',#11222,10.);
#3078=VECTOR('',#11223,10.);
#3079=VECTOR('',#11224,10.);
#3080=VECTOR('',#11225,10.);
#3081=VECTOR('',#11226,10.);
#3082=VECTOR('',#11227,10.);
#3083=VECTOR('',#11228,10.);
#3084=VECTOR('',#11229,10.);
#3085=VECTOR('',#11230,10.);
#3086=VECTOR('',#11231,10.);
#3087=VECTOR('',#11232,10.);
#3088=VECTOR('',#11233,10.);
#3089=VECTOR('',#11234,10.);
#3090=VECTOR('',#11235,10.);
#3091=VECTOR('',#11236,10.);
#3092=VECTOR('',#11237,10.);
#3093=VECTOR('',#11238,10.);
#3094=VECTOR('',#11239,10.);
#3095=VECTOR('',#11240,10.);
#3096=VECTOR('',#11241,10.);
#3097=VECTOR('',#11242,10.);
#3098=VECTOR('',#11243,10.);
#3099=VECTOR('',#11244,10.);
#3100=VECTOR('',#11245,10.);
#3101=VECTOR('',#11246,10.);
#3102=VECTOR('',#11247,10.);
#3103=VECTOR('',#11248,10.);
#3104=VECTOR('',#11249,10.);
#3105=VECTOR('',#11250,10.);
#3106=VECTOR('',#11251,10.);
#3107=VECTOR('',#11252,10.);
#3108=VECTOR('',#11253,10.);
#3109=VECTOR('',#11254,10.);
#3110=VECTOR('',#11255,10.);
#3111=VECTOR('',#11256,10.);
#3112=VECTOR('',#11257,10.);
#3113=VECTOR('',#11258,10.);
#3114=VECTOR('',#11259,10.);
#3115=VECTOR('',#11260,10.);
#3116=VECTOR('',#11261,10.);
#3117=VECTOR('',#11262,10.);
#3118=VECTOR('',#11263,10.);
#3119=VECTOR('',#11264,10.);
#3120=VECTOR('',#11265,10.);
#3121=VECTOR('',#11266,10.);
#3122=VECTOR('',#11267,10.);
#3123=VECTOR('',#11268,10.);
#3124=VECTOR('',#11269,10.);
#3125=VECTOR('',#11270,10.);
#3126=VECTOR('',#11271,10.);
#3127=VECTOR('',#11272,10.);
#3128=VECTOR('',#11273,10.);
#3129=VECTOR('',#11274,10.);
#3130=VECTOR('',#11275,10.);
#3131=VECTOR('',#11276,10.);
#3132=VECTOR('',#11277,10.);
#3133=VECTOR('',#11278,10.);
#3134=VECTOR('',#11279,10.);
#3135=VECTOR('',#11280,10.);
#3136=VECTOR('',#11281,10.);
#3137=VECTOR('',#11282,10.);
#3138=VECTOR('',#11283,10.);
#3139=VECTOR('',#11284,10.);
#3140=VECTOR('',#11285,10.);
#3141=VECTOR('',#11286,10.);
#3142=VECTOR('',#11287,10.);
#3143=VECTOR('',#11288,10.);
#3144=VECTOR('',#11289,10.);
#3145=VECTOR('',#11290,10.);
#3146=VECTOR('',#11291,10.);
#3147=VECTOR('',#11292,10.);
#3148=VECTOR('',#11293,10.);
#3149=VECTOR('',#11294,10.);
#3150=VECTOR('',#11295,10.);
#3151=VECTOR('',#11296,10.);
#3152=VECTOR('',#11297,10.);
#3153=VECTOR('',#11298,10.);
#3154=VECTOR('',#11299,10.);
#3155=VECTOR('',#11300,10.);
#3156=VECTOR('',#11301,10.);
#3157=VECTOR('',#11302,10.);
#3158=VECTOR('',#11303,10.);
#3159=VECTOR('',#11304,10.);
#3160=VECTOR('',#11305,10.);
#3161=VECTOR('',#11306,10.);
#3162=VECTOR('',#11307,10.);
#3163=VECTOR('',#11308,10.);
#3164=VECTOR('',#11309,10.);
#3165=VECTOR('',#11310,10.);
#3166=VECTOR('',#11311,10.);
#3167=VECTOR('',#11312,10.);
#3168=VECTOR('',#11313,10.);
#3169=VECTOR('',#11314,10.);
#3170=VECTOR('',#11315,10.);
#3171=VECTOR('',#11316,10.);
#3172=VECTOR('',#11317,10.);
#3173=VECTOR('',#11318,10.);
#3174=VECTOR('',#11319,10.);
#3175=VECTOR('',#11320,10.);
#3176=VECTOR('',#11321,10.);
#3177=VECTOR('',#11322,10.);
#3178=VECTOR('',#11323,10.);
#3179=VECTOR('',#11324,10.);
#3180=VECTOR('',#11325,10.);
#3181=VECTOR('',#11328,10.);
#3182=VECTOR('',#11329,10.);
#3183=VECTOR('',#11330,10.);
#3184=VECTOR('',#11331,10.);
#3185=VECTOR('',#11332,10.);
#3186=VECTOR('',#11333,10.);
#3187=VECTOR('',#11334,10.);
#3188=VECTOR('',#11335,10.);
#3189=VECTOR('',#11336,10.);
#3190=VECTOR('',#11337,10.);
#3191=VECTOR('',#11338,10.);
#3192=VECTOR('',#11339,10.);
#3193=VECTOR('',#11340,10.);
#3194=VECTOR('',#11341,10.);
#3195=VECTOR('',#11342,10.);
#3196=VECTOR('',#11343,10.);
#3197=VECTOR('',#11344,10.);
#3198=VECTOR('',#11345,10.);
#3199=VECTOR('',#11346,10.);
#3200=VECTOR('',#11347,10.);
#3201=VECTOR('',#11348,10.);
#3202=VECTOR('',#11349,10.);
#3203=VECTOR('',#11350,10.);
#3204=VECTOR('',#11351,10.);
#3205=VECTOR('',#11352,10.);
#3206=VECTOR('',#11353,10.);
#3207=VECTOR('',#11354,10.);
#3208=VECTOR('',#11355,10.);
#3209=VECTOR('',#11356,10.);
#3210=VECTOR('',#11357,10.);
#3211=VECTOR('',#11358,10.);
#3212=VECTOR('',#11359,10.);
#3213=VECTOR('',#11360,10.);
#3214=VECTOR('',#11361,10.);
#3215=VECTOR('',#11362,10.);
#3216=VECTOR('',#11363,10.);
#3217=VECTOR('',#11364,10.);
#3218=VECTOR('',#11365,10.);
#3219=VECTOR('',#11366,10.);
#3220=VECTOR('',#11367,10.);
#3221=VECTOR('',#11368,10.);
#3222=VECTOR('',#11369,10.);
#3223=VECTOR('',#11370,10.);
#3224=VECTOR('',#11371,10.);
#3225=VECTOR('',#11372,10.);
#3226=VECTOR('',#11373,10.);
#3227=VECTOR('',#11374,10.);
#3228=VECTOR('',#11375,10.);
#3229=VECTOR('',#11376,10.);
#3230=VECTOR('',#11377,10.);
#3231=VECTOR('',#11378,10.);
#3232=VECTOR('',#11379,10.);
#3233=VECTOR('',#11380,10.);
#3234=VECTOR('',#11381,10.);
#3235=VECTOR('',#11382,10.);
#3236=VECTOR('',#11383,10.);
#3237=VECTOR('',#11384,10.);
#3238=VECTOR('',#11385,10.);
#3239=VECTOR('',#11386,10.);
#3240=VECTOR('',#11387,10.);
#3241=VECTOR('',#11388,10.);
#3242=VECTOR('',#11389,10.);
#3243=VECTOR('',#11390,10.);
#3244=VECTOR('',#11391,10.);
#3245=VECTOR('',#11392,10.);
#3246=VECTOR('',#11393,10.);
#3247=VECTOR('',#11394,10.);
#3248=VECTOR('',#11395,10.);
#3249=VECTOR('',#11396,10.);
#3250=VECTOR('',#11397,10.);
#3251=VECTOR('',#11398,10.);
#3252=VECTOR('',#11399,10.);
#3253=VECTOR('',#11400,10.);
#3254=VECTOR('',#11401,10.);
#3255=VECTOR('',#11402,10.);
#3256=VECTOR('',#11403,10.);
#3257=VECTOR('',#11404,10.);
#3258=VECTOR('',#11405,10.);
#3259=VECTOR('',#11406,10.);
#3260=VECTOR('',#11407,10.);
#3261=VECTOR('',#11408,10.);
#3262=VECTOR('',#11409,10.);
#3263=VECTOR('',#11410,10.);
#3264=VECTOR('',#11411,10.);
#3265=VECTOR('',#11412,10.);
#3266=VECTOR('',#11413,10.);
#3267=VECTOR('',#11414,10.);
#3268=VECTOR('',#11415,10.);
#3269=VECTOR('',#11416,10.);
#3270=VECTOR('',#11417,10.);
#3271=VECTOR('',#11418,10.);
#3272=VECTOR('',#11419,10.);
#3273=VECTOR('',#11420,10.);
#3274=VECTOR('',#11421,10.);
#3275=VECTOR('',#11422,10.);
#3276=VECTOR('',#11423,10.);
#3277=VECTOR('',#11424,10.);
#3278=VECTOR('',#11425,10.);
#3279=VECTOR('',#11426,10.);
#3280=VECTOR('',#11427,10.);
#3281=VECTOR('',#11428,10.);
#3282=VECTOR('',#11429,10.);
#3283=VECTOR('',#11430,10.);
#3284=VECTOR('',#11431,10.);
#3285=VECTOR('',#11434,10.);
#3286=VECTOR('',#11435,10.);
#3287=VECTOR('',#11436,10.);
#3288=VECTOR('',#11437,10.);
#3289=VECTOR('',#11438,10.);
#3290=VECTOR('',#11439,10.);
#3291=VECTOR('',#11440,10.);
#3292=VECTOR('',#11441,10.);
#3293=VECTOR('',#11442,10.);
#3294=VECTOR('',#11443,10.);
#3295=VECTOR('',#11444,10.);
#3296=VECTOR('',#11445,10.);
#3297=VECTOR('',#11446,10.);
#3298=VECTOR('',#11447,10.);
#3299=VECTOR('',#11448,10.);
#3300=VECTOR('',#11449,10.);
#3301=VECTOR('',#11450,10.);
#3302=VECTOR('',#11451,10.);
#3303=VECTOR('',#11452,10.);
#3304=VECTOR('',#11453,10.);
#3305=VECTOR('',#11454,10.);
#3306=VECTOR('',#11455,10.);
#3307=VECTOR('',#11456,10.);
#3308=VECTOR('',#11457,10.);
#3309=VECTOR('',#11458,10.);
#3310=VECTOR('',#11459,10.);
#3311=VECTOR('',#11460,10.);
#3312=VECTOR('',#11461,10.);
#3313=VECTOR('',#11462,10.);
#3314=VECTOR('',#11463,10.);
#3315=VECTOR('',#11464,10.);
#3316=VECTOR('',#11465,10.);
#3317=VECTOR('',#11466,10.);
#3318=VECTOR('',#11467,10.);
#3319=VECTOR('',#11468,10.);
#3320=VECTOR('',#11469,10.);
#3321=VECTOR('',#11470,10.);
#3322=VECTOR('',#11471,10.);
#3323=VECTOR('',#11472,10.);
#3324=VECTOR('',#11473,10.);
#3325=VECTOR('',#11474,10.);
#3326=VECTOR('',#11475,10.);
#3327=VECTOR('',#11476,10.);
#3328=VECTOR('',#11477,10.);
#3329=VECTOR('',#11478,10.);
#3330=VECTOR('',#11479,10.);
#3331=VECTOR('',#11480,10.);
#3332=VECTOR('',#11481,10.);
#3333=VECTOR('',#11482,10.);
#3334=VECTOR('',#11483,10.);
#3335=VECTOR('',#11484,10.);
#3336=VECTOR('',#11485,10.);
#3337=VECTOR('',#11486,10.);
#3338=VECTOR('',#11487,10.);
#3339=VECTOR('',#11488,10.);
#3340=VECTOR('',#11489,10.);
#3341=VECTOR('',#11490,10.);
#3342=VECTOR('',#11491,10.);
#3343=VECTOR('',#11492,10.);
#3344=VECTOR('',#11493,10.);
#3345=VECTOR('',#11494,10.);
#3346=VECTOR('',#11495,10.);
#3347=VECTOR('',#11496,10.);
#3348=VECTOR('',#11497,10.);
#3349=VECTOR('',#11498,10.);
#3350=VECTOR('',#11499,10.);
#3351=VECTOR('',#11500,10.);
#3352=VECTOR('',#11501,10.);
#3353=VECTOR('',#11502,10.);
#3354=VECTOR('',#11503,10.);
#3355=VECTOR('',#11504,10.);
#3356=VECTOR('',#11505,10.);
#3357=VECTOR('',#11506,10.);
#3358=VECTOR('',#11507,10.);
#3359=VECTOR('',#11508,10.);
#3360=VECTOR('',#11509,10.);
#3361=VECTOR('',#11510,10.);
#3362=VECTOR('',#11511,10.);
#3363=VECTOR('',#11512,10.);
#3364=VECTOR('',#11513,10.);
#3365=VECTOR('',#11514,10.);
#3366=VECTOR('',#11515,10.);
#3367=VECTOR('',#11516,10.);
#3368=VECTOR('',#11517,10.);
#3369=VECTOR('',#11518,10.);
#3370=VECTOR('',#11519,10.);
#3371=VECTOR('',#11520,10.);
#3372=VECTOR('',#11521,10.);
#3373=VECTOR('',#11522,10.);
#3374=VECTOR('',#11523,10.);
#3375=VECTOR('',#11524,10.);
#3376=VECTOR('',#11525,10.);
#3377=VECTOR('',#11526,10.);
#3378=VECTOR('',#11527,10.);
#3379=VECTOR('',#11528,10.);
#3380=VECTOR('',#11529,10.);
#3381=VECTOR('',#11530,10.);
#3382=VECTOR('',#11531,10.);
#3383=VECTOR('',#11532,10.);
#3384=VECTOR('',#11533,10.);
#3385=VECTOR('',#11534,10.);
#3386=VECTOR('',#11535,10.);
#3387=VECTOR('',#11536,10.);
#3388=VECTOR('',#11537,10.);
#3389=VECTOR('',#11540,10.);
#3390=VECTOR('',#11541,10.);
#3391=VECTOR('',#11542,10.);
#3392=VECTOR('',#11543,10.);
#3393=VECTOR('',#11546,10.);
#3394=VECTOR('',#11549,10.);
#3395=VECTOR('',#11552,10.);
#3396=VECTOR('',#11555,10.);
#3397=VECTOR('',#11558,10.);
#3398=VECTOR('',#11559,10.);
#3399=VECTOR('',#11560,10.);
#3400=VECTOR('',#11561,10.);
#3401=VECTOR('',#11564,10.);
#3402=VECTOR('',#11565,10.);
#3403=VECTOR('',#11566,10.);
#3404=VECTOR('',#11569,10.);
#3405=VECTOR('',#11570,10.);
#3406=VECTOR('',#11571,10.);
#3407=VECTOR('',#11574,10.);
#3408=VECTOR('',#11575,10.);
#3409=VECTOR('',#11576,10.);
#3410=VECTOR('',#11579,10.);
#3411=VECTOR('',#11580,10.);
#3412=VECTOR('',#11581,10.);
#3413=VECTOR('',#11584,10.);
#3414=VECTOR('',#11585,10.);
#3415=VECTOR('',#11586,10.);
#3416=VECTOR('',#11589,10.);
#3417=VECTOR('',#11590,10.);
#3418=VECTOR('',#11591,10.);
#3419=VECTOR('',#11594,10.);
#3420=VECTOR('',#11595,10.);
#3421=VECTOR('',#11596,10.);
#3422=VECTOR('',#11599,10.);
#3423=VECTOR('',#11600,10.);
#3424=VECTOR('',#11601,10.);
#3425=VECTOR('',#11604,10.);
#3426=VECTOR('',#11605,10.);
#3427=VECTOR('',#11606,10.);
#3428=VECTOR('',#11609,10.);
#3429=VECTOR('',#11610,10.);
#3430=VECTOR('',#11611,10.);
#3431=VECTOR('',#11614,10.);
#3432=VECTOR('',#11615,10.);
#3433=VECTOR('',#11616,10.);
#3434=VECTOR('',#11619,10.);
#3435=VECTOR('',#11620,10.);
#3436=VECTOR('',#11621,10.);
#3437=VECTOR('',#11622,10.);
#3438=VECTOR('',#11625,10.);
#3439=VECTOR('',#11626,10.);
#3440=VECTOR('',#11627,10.);
#3441=VECTOR('',#11630,10.);
#3442=VECTOR('',#11631,10.);
#3443=VECTOR('',#11632,10.);
#3444=VECTOR('',#11635,10.);
#3445=VECTOR('',#11636,10.);
#3446=VECTOR('',#11637,10.);
#3447=VECTOR('',#11640,10.);
#3448=VECTOR('',#11641,10.);
#3449=VECTOR('',#11642,10.);
#3450=VECTOR('',#11645,10.);
#3451=VECTOR('',#11646,10.);
#3452=VECTOR('',#11647,10.);
#3453=VECTOR('',#11650,10.);
#3454=VECTOR('',#11651,10.);
#3455=VECTOR('',#11652,10.);
#3456=VECTOR('',#11655,10.);
#3457=VECTOR('',#11656,10.);
#3458=VECTOR('',#11657,10.);
#3459=VECTOR('',#11660,10.);
#3460=VECTOR('',#11661,10.);
#3461=VECTOR('',#11662,10.);
#3462=VECTOR('',#11665,10.);
#3463=VECTOR('',#11666,10.);
#3464=VECTOR('',#11667,10.);
#3465=VECTOR('',#11670,10.);
#3466=VECTOR('',#11671,10.);
#3467=VECTOR('',#11672,10.);
#3468=VECTOR('',#11675,10.);
#3469=VECTOR('',#11676,10.);
#3470=VECTOR('',#11677,10.);
#3471=VECTOR('',#11680,10.);
#3472=VECTOR('',#11681,10.);
#3473=VECTOR('',#11684,10.);
#3474=VECTOR('',#11685,10.);
#3475=VECTOR('',#11688,10.);
#3476=VECTOR('',#11689,10.);
#3477=VECTOR('',#11690,10.);
#3478=VECTOR('',#11693,10.);
#3479=VECTOR('',#11696,10.);
#3480=VECTOR('',#11699,10.);
#3481=VECTOR('',#11700,10.);
#3482=VECTOR('',#11705,10.);
#3483=VECTOR('',#11708,10.);
#3484=VECTOR('',#11709,10.);
#3485=VECTOR('',#11710,10.);
#3486=VECTOR('',#11713,10.);
#3487=VECTOR('',#11714,10.);
#3488=VECTOR('',#11717,10.);
#3489=VECTOR('',#11718,10.);
#3490=VECTOR('',#11721,10.);
#3491=VECTOR('',#11722,10.);
#3492=VECTOR('',#11725,10.);
#3493=VECTOR('',#11726,10.);
#3494=VECTOR('',#11729,10.);
#3495=VECTOR('',#11730,10.);
#3496=VECTOR('',#11733,10.);
#3497=VECTOR('',#11734,10.);
#3498=VECTOR('',#11737,10.);
#3499=VECTOR('',#11738,10.);
#3500=VECTOR('',#11741,10.);
#3501=VECTOR('',#11742,10.);
#3502=VECTOR('',#11745,10.);
#3503=VECTOR('',#11746,10.);
#3504=VECTOR('',#11749,10.);
#3505=VECTOR('',#11750,10.);
#3506=VECTOR('',#11753,10.);
#3507=VECTOR('',#11754,10.);
#3508=VECTOR('',#11757,10.);
#3509=VECTOR('',#11758,10.);
#3510=VECTOR('',#11761,10.);
#3511=VECTOR('',#11762,10.);
#3512=VECTOR('',#11765,10.);
#3513=VECTOR('',#11766,10.);
#3514=VECTOR('',#11769,10.);
#3515=VECTOR('',#11770,10.);
#3516=VECTOR('',#11773,10.);
#3517=VECTOR('',#11774,10.);
#3518=VECTOR('',#11777,10.);
#3519=VECTOR('',#11778,10.);
#3520=VECTOR('',#11781,10.);
#3521=VECTOR('',#11782,10.);
#3522=VECTOR('',#11785,10.);
#3523=VECTOR('',#11786,10.);
#3524=VECTOR('',#11789,10.);
#3525=VECTOR('',#11790,10.);
#3526=VECTOR('',#11793,10.);
#3527=VECTOR('',#11794,10.);
#3528=VECTOR('',#11797,10.);
#3529=VECTOR('',#11798,10.);
#3530=VECTOR('',#11801,10.);
#3531=VECTOR('',#11802,10.);
#3532=VECTOR('',#11805,10.);
#3533=VECTOR('',#11806,10.);
#3534=VECTOR('',#11809,10.);
#3535=VECTOR('',#11810,10.);
#3536=VECTOR('',#11813,10.);
#3537=VECTOR('',#11814,10.);
#3538=VECTOR('',#11817,10.);
#3539=VECTOR('',#11818,10.);
#3540=VECTOR('',#11821,10.);
#3541=VECTOR('',#11822,10.);
#3542=VECTOR('',#11825,10.);
#3543=VECTOR('',#11826,10.);
#3544=VECTOR('',#11829,10.);
#3545=VECTOR('',#11830,10.);
#3546=VECTOR('',#11833,10.);
#3547=VECTOR('',#11834,10.);
#3548=VECTOR('',#11837,10.);
#3549=VECTOR('',#11838,10.);
#3550=VECTOR('',#11841,10.);
#3551=VECTOR('',#11842,10.);
#3552=VECTOR('',#11845,10.);
#3553=VECTOR('',#11846,10.);
#3554=VECTOR('',#11849,10.);
#3555=VECTOR('',#11850,10.);
#3556=VECTOR('',#11853,10.);
#3557=VECTOR('',#11854,10.);
#3558=VECTOR('',#11857,10.);
#3559=VECTOR('',#11858,10.);
#3560=VECTOR('',#11861,10.);
#3561=VECTOR('',#11862,10.);
#3562=VECTOR('',#11865,10.);
#3563=VECTOR('',#11866,10.);
#3564=VECTOR('',#11869,10.);
#3565=VECTOR('',#11870,10.);
#3566=VECTOR('',#11873,10.);
#3567=VECTOR('',#11874,10.);
#3568=VECTOR('',#11877,10.);
#3569=VECTOR('',#11878,10.);
#3570=VECTOR('',#11881,10.);
#3571=VECTOR('',#11884,10.);
#3572=VECTOR('',#11885,10.);
#3573=VECTOR('',#11886,10.);
#3574=VECTOR('',#11889,10.);
#3575=VECTOR('',#11890,10.);
#3576=VECTOR('',#11893,10.);
#3577=VECTOR('',#11894,10.);
#3578=VECTOR('',#11897,10.);
#3579=VECTOR('',#11898,10.);
#3580=VECTOR('',#11901,10.);
#3581=VECTOR('',#11902,10.);
#3582=VECTOR('',#11905,10.);
#3583=VECTOR('',#11906,10.);
#3584=VECTOR('',#11909,10.);
#3585=VECTOR('',#11910,10.);
#3586=VECTOR('',#11913,10.);
#3587=VECTOR('',#11914,10.);
#3588=VECTOR('',#11917,10.);
#3589=VECTOR('',#11918,10.);
#3590=VECTOR('',#11921,10.);
#3591=VECTOR('',#11922,10.);
#3592=VECTOR('',#11925,10.);
#3593=VECTOR('',#11926,10.);
#3594=VECTOR('',#11929,10.);
#3595=VECTOR('',#11930,10.);
#3596=VECTOR('',#11933,10.);
#3597=VECTOR('',#11934,10.);
#3598=VECTOR('',#11937,10.);
#3599=VECTOR('',#11938,10.);
#3600=VECTOR('',#11941,10.);
#3601=VECTOR('',#11942,10.);
#3602=VECTOR('',#11945,10.);
#3603=VECTOR('',#11946,10.);
#3604=VECTOR('',#11949,10.);
#3605=VECTOR('',#11950,10.);
#3606=VECTOR('',#11953,10.);
#3607=VECTOR('',#11954,10.);
#3608=VECTOR('',#11957,10.);
#3609=VECTOR('',#11958,10.);
#3610=VECTOR('',#11961,10.);
#3611=VECTOR('',#11962,10.);
#3612=VECTOR('',#11965,10.);
#3613=VECTOR('',#11966,10.);
#3614=VECTOR('',#11969,10.);
#3615=VECTOR('',#11970,10.);
#3616=VECTOR('',#11973,10.);
#3617=VECTOR('',#11974,10.);
#3618=VECTOR('',#11977,10.);
#3619=VECTOR('',#11978,10.);
#3620=VECTOR('',#11981,10.);
#3621=VECTOR('',#11982,10.);
#3622=VECTOR('',#11985,10.);
#3623=VECTOR('',#11986,10.);
#3624=VECTOR('',#11989,10.);
#3625=VECTOR('',#11990,10.);
#3626=VECTOR('',#11993,10.);
#3627=VECTOR('',#11994,10.);
#3628=VECTOR('',#11997,10.);
#3629=VECTOR('',#11998,10.);
#3630=VECTOR('',#12001,10.);
#3631=VECTOR('',#12002,10.);
#3632=VECTOR('',#12005,10.);
#3633=VECTOR('',#12006,10.);
#3634=VECTOR('',#12009,10.);
#3635=VECTOR('',#12010,10.);
#3636=VECTOR('',#12013,10.);
#3637=VECTOR('',#12014,10.);
#3638=VECTOR('',#12017,10.);
#3639=VECTOR('',#12018,10.);
#3640=VECTOR('',#12021,10.);
#3641=VECTOR('',#12022,10.);
#3642=VECTOR('',#12025,10.);
#3643=VECTOR('',#12026,10.);
#3644=VECTOR('',#12029,10.);
#3645=VECTOR('',#12030,10.);
#3646=VECTOR('',#12033,10.);
#3647=VECTOR('',#12034,10.);
#3648=VECTOR('',#12037,10.);
#3649=VECTOR('',#12038,10.);
#3650=VECTOR('',#12041,10.);
#3651=VECTOR('',#12042,10.);
#3652=VECTOR('',#12045,10.);
#3653=VECTOR('',#12046,10.);
#3654=VECTOR('',#12049,10.);
#3655=VECTOR('',#12050,10.);
#3656=VECTOR('',#12053,10.);
#3657=VECTOR('',#12054,10.);
#3658=VECTOR('',#12057,10.);
#3659=VECTOR('',#12060,10.);
#3660=VECTOR('',#12061,10.);
#3661=VECTOR('',#12062,10.);
#3662=VECTOR('',#12065,10.);
#3663=VECTOR('',#12066,10.);
#3664=VECTOR('',#12069,10.);
#3665=VECTOR('',#12070,10.);
#3666=VECTOR('',#12073,10.);
#3667=VECTOR('',#12074,10.);
#3668=VECTOR('',#12077,10.);
#3669=VECTOR('',#12078,10.);
#3670=VECTOR('',#12081,10.);
#3671=VECTOR('',#12082,10.);
#3672=VECTOR('',#12085,10.);
#3673=VECTOR('',#12086,10.);
#3674=VECTOR('',#12089,10.);
#3675=VECTOR('',#12090,10.);
#3676=VECTOR('',#12093,10.);
#3677=VECTOR('',#12094,10.);
#3678=VECTOR('',#12097,10.);
#3679=VECTOR('',#12098,10.);
#3680=VECTOR('',#12101,10.);
#3681=VECTOR('',#12102,10.);
#3682=VECTOR('',#12105,10.);
#3683=VECTOR('',#12106,10.);
#3684=VECTOR('',#12109,10.);
#3685=VECTOR('',#12110,10.);
#3686=VECTOR('',#12113,10.);
#3687=VECTOR('',#12114,10.);
#3688=VECTOR('',#12117,10.);
#3689=VECTOR('',#12118,10.);
#3690=VECTOR('',#12121,10.);
#3691=VECTOR('',#12122,10.);
#3692=VECTOR('',#12125,10.);
#3693=VECTOR('',#12126,10.);
#3694=VECTOR('',#12129,10.);
#3695=VECTOR('',#12130,10.);
#3696=VECTOR('',#12133,10.);
#3697=VECTOR('',#12134,10.);
#3698=VECTOR('',#12137,10.);
#3699=VECTOR('',#12138,10.);
#3700=VECTOR('',#12141,10.);
#3701=VECTOR('',#12142,10.);
#3702=VECTOR('',#12145,10.);
#3703=VECTOR('',#12146,10.);
#3704=VECTOR('',#12149,10.);
#3705=VECTOR('',#12150,10.);
#3706=VECTOR('',#12153,10.);
#3707=VECTOR('',#12154,10.);
#3708=VECTOR('',#12157,10.);
#3709=VECTOR('',#12158,10.);
#3710=VECTOR('',#12161,10.);
#3711=VECTOR('',#12162,10.);
#3712=VECTOR('',#12165,10.);
#3713=VECTOR('',#12166,10.);
#3714=VECTOR('',#12169,10.);
#3715=VECTOR('',#12170,10.);
#3716=VECTOR('',#12173,10.);
#3717=VECTOR('',#12174,10.);
#3718=VECTOR('',#12177,10.);
#3719=VECTOR('',#12178,10.);
#3720=VECTOR('',#12181,10.);
#3721=VECTOR('',#12182,10.);
#3722=VECTOR('',#12185,10.);
#3723=VECTOR('',#12186,10.);
#3724=VECTOR('',#12189,10.);
#3725=VECTOR('',#12190,10.);
#3726=VECTOR('',#12193,10.);
#3727=VECTOR('',#12194,10.);
#3728=VECTOR('',#12197,10.);
#3729=VECTOR('',#12198,10.);
#3730=VECTOR('',#12201,10.);
#3731=VECTOR('',#12202,10.);
#3732=VECTOR('',#12205,10.);
#3733=VECTOR('',#12206,10.);
#3734=VECTOR('',#12209,10.);
#3735=VECTOR('',#12210,10.);
#3736=VECTOR('',#12213,10.);
#3737=VECTOR('',#12214,10.);
#3738=VECTOR('',#12217,10.);
#3739=VECTOR('',#12218,10.);
#3740=VECTOR('',#12221,10.);
#3741=VECTOR('',#12222,10.);
#3742=VECTOR('',#12225,10.);
#3743=VECTOR('',#12226,10.);
#3744=VECTOR('',#12229,10.);
#3745=VECTOR('',#12230,10.);
#3746=VECTOR('',#12233,10.);
#3747=VECTOR('',#12236,10.);
#3748=VECTOR('',#12237,10.);
#3749=VECTOR('',#12238,10.);
#3750=VECTOR('',#12243,10.);
#3751=VECTOR('',#12246,10.);
#3752=VECTOR('',#12247,10.);
#3753=VECTOR('',#12252,10.);
#3754=VECTOR('',#12255,10.);
#3755=VECTOR('',#12256,10.);
#3756=VECTOR('',#12259,10.);
#3757=VECTOR('',#12260,10.);
#3758=VECTOR('',#12261,10.);
#3759=VECTOR('',#12264,10.);
#3760=VECTOR('',#12265,10.);
#3761=VECTOR('',#12266,10.);
#3762=VECTOR('',#12267,10.);
#3763=VECTOR('',#12270,10.);
#3764=VECTOR('',#12271,10.);
#3765=VECTOR('',#12272,10.);
#3766=VECTOR('',#12275,10.);
#3767=VECTOR('',#12276,10.);
#3768=VECTOR('',#12279,10.);
#3769=VECTOR('',#12280,10.);
#3770=VECTOR('',#12283,10.);
#3771=VECTOR('',#12284,10.);
#3772=VECTOR('',#12287,10.);
#3773=VECTOR('',#12288,10.);
#3774=VECTOR('',#12291,10.);
#3775=VECTOR('',#12292,10.);
#3776=VECTOR('',#12295,10.);
#3777=VECTOR('',#12296,10.);
#3778=VECTOR('',#12299,10.);
#3779=VECTOR('',#12300,10.);
#3780=VECTOR('',#12303,10.);
#3781=VECTOR('',#12304,10.);
#3782=VECTOR('',#12307,10.);
#3783=VECTOR('',#12308,10.);
#3784=VECTOR('',#12311,10.);
#3785=VECTOR('',#12312,10.);
#3786=VECTOR('',#12315,10.);
#3787=VECTOR('',#12316,10.);
#3788=VECTOR('',#12319,10.);
#3789=VECTOR('',#12320,10.);
#3790=VECTOR('',#12323,10.);
#3791=VECTOR('',#12324,10.);
#3792=VECTOR('',#12327,10.);
#3793=VECTOR('',#12328,10.);
#3794=VECTOR('',#12331,10.);
#3795=VECTOR('',#12332,10.);
#3796=VECTOR('',#12335,10.);
#3797=VECTOR('',#12336,10.);
#3798=VECTOR('',#12339,10.);
#3799=VECTOR('',#12340,10.);
#3800=VECTOR('',#12343,10.);
#3801=VECTOR('',#12344,10.);
#3802=VECTOR('',#12347,10.);
#3803=VECTOR('',#12348,10.);
#3804=VECTOR('',#12351,10.);
#3805=VECTOR('',#12352,10.);
#3806=VECTOR('',#12355,10.);
#3807=VECTOR('',#12356,10.);
#3808=VECTOR('',#12359,10.);
#3809=VECTOR('',#12360,10.);
#3810=VECTOR('',#12363,10.);
#3811=VECTOR('',#12364,10.);
#3812=VECTOR('',#12367,10.);
#3813=VECTOR('',#12368,10.);
#3814=VECTOR('',#12371,10.);
#3815=VECTOR('',#12372,10.);
#3816=VECTOR('',#12375,10.);
#3817=VECTOR('',#12376,10.);
#3818=VECTOR('',#12379,10.);
#3819=VECTOR('',#12380,10.);
#3820=VECTOR('',#12383,10.);
#3821=VECTOR('',#12384,10.);
#3822=VECTOR('',#12387,10.);
#3823=VECTOR('',#12388,10.);
#3824=VECTOR('',#12391,10.);
#3825=VECTOR('',#12392,10.);
#3826=VECTOR('',#12395,10.);
#3827=VECTOR('',#12396,10.);
#3828=VECTOR('',#12399,10.);
#3829=VECTOR('',#12400,10.);
#3830=VECTOR('',#12403,10.);
#3831=VECTOR('',#12404,10.);
#3832=VECTOR('',#12407,10.);
#3833=VECTOR('',#12408,10.);
#3834=VECTOR('',#12411,10.);
#3835=VECTOR('',#12412,10.);
#3836=VECTOR('',#12415,10.);
#3837=VECTOR('',#12416,10.);
#3838=VECTOR('',#12419,10.);
#3839=VECTOR('',#12420,10.);
#3840=VECTOR('',#12423,10.);
#3841=VECTOR('',#12424,10.);
#3842=VECTOR('',#12427,10.);
#3843=VECTOR('',#12428,10.);
#3844=VECTOR('',#12431,10.);
#3845=VECTOR('',#12432,10.);
#3846=VECTOR('',#12435,10.);
#3847=VECTOR('',#12436,10.);
#3848=VECTOR('',#12439,10.);
#3849=VECTOR('',#12440,10.);
#3850=VECTOR('',#12443,10.);
#3851=VECTOR('',#12444,10.);
#3852=VECTOR('',#12447,10.);
#3853=VECTOR('',#12448,10.);
#3854=VECTOR('',#12451,10.);
#3855=VECTOR('',#12452,10.);
#3856=VECTOR('',#12455,10.);
#3857=VECTOR('',#12456,10.);
#3858=VECTOR('',#12459,10.);
#3859=VECTOR('',#12460,10.);
#3860=VECTOR('',#12463,10.);
#3861=VECTOR('',#12464,10.);
#3862=VECTOR('',#12467,10.);
#3863=VECTOR('',#12468,10.);
#3864=VECTOR('',#12471,10.);
#3865=VECTOR('',#12472,10.);
#3866=VECTOR('',#12475,10.);
#3867=VECTOR('',#12476,10.);
#3868=VECTOR('',#12479,10.);
#3869=VECTOR('',#12480,10.);
#3870=VECTOR('',#12483,10.);
#3871=VECTOR('',#12484,10.);
#3872=VECTOR('',#12487,10.);
#3873=VECTOR('',#12488,10.);
#3874=VECTOR('',#12491,10.);
#3875=VECTOR('',#12492,10.);
#3876=VECTOR('',#12495,10.);
#3877=VECTOR('',#12496,10.);
#3878=VECTOR('',#12499,10.);
#3879=VECTOR('',#12500,10.);
#3880=VECTOR('',#12503,10.);
#3881=VECTOR('',#12504,10.);
#3882=VECTOR('',#12507,10.);
#3883=VECTOR('',#12510,10.);
#3884=VECTOR('',#12511,10.);
#3885=VECTOR('',#12512,10.);
#3886=VECTOR('',#12515,10.);
#3887=VECTOR('',#12516,10.);
#3888=VECTOR('',#12519,10.);
#3889=VECTOR('',#12520,10.);
#3890=VECTOR('',#12523,10.);
#3891=VECTOR('',#12524,10.);
#3892=VECTOR('',#12527,10.);
#3893=VECTOR('',#12528,10.);
#3894=VECTOR('',#12531,10.);
#3895=VECTOR('',#12532,10.);
#3896=VECTOR('',#12535,10.);
#3897=VECTOR('',#12536,10.);
#3898=VECTOR('',#12539,10.);
#3899=VECTOR('',#12540,10.);
#3900=VECTOR('',#12543,10.);
#3901=VECTOR('',#12544,10.);
#3902=VECTOR('',#12547,10.);
#3903=VECTOR('',#12548,10.);
#3904=VECTOR('',#12551,10.);
#3905=VECTOR('',#12552,10.);
#3906=VECTOR('',#12555,10.);
#3907=VECTOR('',#12556,10.);
#3908=VECTOR('',#12559,10.);
#3909=VECTOR('',#12560,10.);
#3910=VECTOR('',#12563,10.);
#3911=VECTOR('',#12564,10.);
#3912=VECTOR('',#12567,10.);
#3913=VECTOR('',#12568,10.);
#3914=VECTOR('',#12571,10.);
#3915=VECTOR('',#12572,10.);
#3916=VECTOR('',#12575,10.);
#3917=VECTOR('',#12576,10.);
#3918=VECTOR('',#12579,10.);
#3919=VECTOR('',#12580,10.);
#3920=VECTOR('',#12583,10.);
#3921=VECTOR('',#12584,10.);
#3922=VECTOR('',#12587,10.);
#3923=VECTOR('',#12588,10.);
#3924=VECTOR('',#12591,10.);
#3925=VECTOR('',#12592,10.);
#3926=VECTOR('',#12595,10.);
#3927=VECTOR('',#12596,10.);
#3928=VECTOR('',#12599,10.);
#3929=VECTOR('',#12600,10.);
#3930=VECTOR('',#12603,10.);
#3931=VECTOR('',#12604,10.);
#3932=VECTOR('',#12607,10.);
#3933=VECTOR('',#12608,10.);
#3934=VECTOR('',#12611,10.);
#3935=VECTOR('',#12612,10.);
#3936=VECTOR('',#12615,10.);
#3937=VECTOR('',#12616,10.);
#3938=VECTOR('',#12619,10.);
#3939=VECTOR('',#12620,10.);
#3940=VECTOR('',#12623,10.);
#3941=VECTOR('',#12624,10.);
#3942=VECTOR('',#12627,10.);
#3943=VECTOR('',#12628,10.);
#3944=VECTOR('',#12631,10.);
#3945=VECTOR('',#12632,10.);
#3946=VECTOR('',#12635,10.);
#3947=VECTOR('',#12636,10.);
#3948=VECTOR('',#12639,10.);
#3949=VECTOR('',#12640,10.);
#3950=VECTOR('',#12643,10.);
#3951=VECTOR('',#12644,10.);
#3952=VECTOR('',#12647,10.);
#3953=VECTOR('',#12648,10.);
#3954=VECTOR('',#12651,10.);
#3955=VECTOR('',#12652,10.);
#3956=VECTOR('',#12655,10.);
#3957=VECTOR('',#12656,10.);
#3958=VECTOR('',#12659,10.);
#3959=VECTOR('',#12660,10.);
#3960=VECTOR('',#12663,10.);
#3961=VECTOR('',#12664,10.);
#3962=VECTOR('',#12667,10.);
#3963=VECTOR('',#12668,10.);
#3964=VECTOR('',#12671,10.);
#3965=VECTOR('',#12672,10.);
#3966=VECTOR('',#12675,10.);
#3967=VECTOR('',#12676,10.);
#3968=VECTOR('',#12679,10.);
#3969=VECTOR('',#12680,10.);
#3970=VECTOR('',#12683,10.);
#3971=VECTOR('',#12684,10.);
#3972=VECTOR('',#12687,10.);
#3973=VECTOR('',#12688,10.);
#3974=VECTOR('',#12691,10.);
#3975=VECTOR('',#12692,10.);
#3976=VECTOR('',#12695,10.);
#3977=VECTOR('',#12696,10.);
#3978=VECTOR('',#12699,10.);
#3979=VECTOR('',#12700,10.);
#3980=VECTOR('',#12703,10.);
#3981=VECTOR('',#12704,10.);
#3982=VECTOR('',#12707,10.);
#3983=VECTOR('',#12708,10.);
#3984=VECTOR('',#12711,10.);
#3985=VECTOR('',#12712,10.);
#3986=VECTOR('',#12715,10.);
#3987=VECTOR('',#12716,10.);
#3988=VECTOR('',#12719,10.);
#3989=VECTOR('',#12720,10.);
#3990=VECTOR('',#12723,10.);
#3991=VECTOR('',#12724,10.);
#3992=VECTOR('',#12727,10.);
#3993=VECTOR('',#12728,10.);
#3994=VECTOR('',#12731,10.);
#3995=VECTOR('',#12732,10.);
#3996=VECTOR('',#12735,10.);
#3997=VECTOR('',#12736,10.);
#3998=VECTOR('',#12739,10.);
#3999=VECTOR('',#12740,10.);
#4000=VECTOR('',#12743,10.);
#4001=VECTOR('',#12744,10.);
#4002=VECTOR('',#12747,10.);
#4003=VECTOR('',#12750,10.);
#4004=VECTOR('',#12751,10.);
#4005=VECTOR('',#12752,10.);
#4006=VECTOR('',#12755,10.);
#4007=VECTOR('',#12756,10.);
#4008=VECTOR('',#12759,10.);
#4009=VECTOR('',#12760,10.);
#4010=VECTOR('',#12763,10.);
#4011=VECTOR('',#12764,10.);
#4012=VECTOR('',#12767,10.);
#4013=VECTOR('',#12768,10.);
#4014=VECTOR('',#12771,10.);
#4015=VECTOR('',#12772,10.);
#4016=VECTOR('',#12775,10.);
#4017=VECTOR('',#12776,10.);
#4018=VECTOR('',#12779,10.);
#4019=VECTOR('',#12780,10.);
#4020=VECTOR('',#12783,10.);
#4021=VECTOR('',#12784,10.);
#4022=VECTOR('',#12787,10.);
#4023=VECTOR('',#12788,10.);
#4024=VECTOR('',#12791,10.);
#4025=VECTOR('',#12792,10.);
#4026=VECTOR('',#12795,10.);
#4027=VECTOR('',#12796,10.);
#4028=VECTOR('',#12799,10.);
#4029=VECTOR('',#12800,10.);
#4030=VECTOR('',#12803,10.);
#4031=VECTOR('',#12804,10.);
#4032=VECTOR('',#12807,10.);
#4033=VECTOR('',#12808,10.);
#4034=VECTOR('',#12811,10.);
#4035=VECTOR('',#12812,10.);
#4036=VECTOR('',#12815,10.);
#4037=VECTOR('',#12816,10.);
#4038=VECTOR('',#12819,10.);
#4039=VECTOR('',#12820,10.);
#4040=VECTOR('',#12823,10.);
#4041=VECTOR('',#12824,10.);
#4042=VECTOR('',#12827,10.);
#4043=VECTOR('',#12828,10.);
#4044=VECTOR('',#12831,10.);
#4045=VECTOR('',#12832,10.);
#4046=VECTOR('',#12835,10.);
#4047=VECTOR('',#12836,10.);
#4048=VECTOR('',#12839,10.);
#4049=VECTOR('',#12840,10.);
#4050=VECTOR('',#12843,10.);
#4051=VECTOR('',#12844,10.);
#4052=VECTOR('',#12847,10.);
#4053=VECTOR('',#12848,10.);
#4054=VECTOR('',#12851,10.);
#4055=VECTOR('',#12852,10.);
#4056=VECTOR('',#12855,10.);
#4057=VECTOR('',#12856,10.);
#4058=VECTOR('',#12859,10.);
#4059=VECTOR('',#12860,10.);
#4060=VECTOR('',#12863,10.);
#4061=VECTOR('',#12864,10.);
#4062=VECTOR('',#12867,10.);
#4063=VECTOR('',#12868,10.);
#4064=VECTOR('',#12871,10.);
#4065=VECTOR('',#12872,10.);
#4066=VECTOR('',#12875,10.);
#4067=VECTOR('',#12876,10.);
#4068=VECTOR('',#12879,10.);
#4069=VECTOR('',#12880,10.);
#4070=VECTOR('',#12883,10.);
#4071=VECTOR('',#12884,10.);
#4072=VECTOR('',#12887,10.);
#4073=VECTOR('',#12888,10.);
#4074=VECTOR('',#12891,10.);
#4075=VECTOR('',#12892,10.);
#4076=VECTOR('',#12895,10.);
#4077=VECTOR('',#12896,10.);
#4078=VECTOR('',#12899,10.);
#4079=VECTOR('',#12900,10.);
#4080=VECTOR('',#12903,10.);
#4081=VECTOR('',#12904,10.);
#4082=VECTOR('',#12907,10.);
#4083=VECTOR('',#12908,10.);
#4084=VECTOR('',#12911,10.);
#4085=VECTOR('',#12912,10.);
#4086=VECTOR('',#12915,10.);
#4087=VECTOR('',#12916,10.);
#4088=VECTOR('',#12919,10.);
#4089=VECTOR('',#12920,10.);
#4090=VECTOR('',#12923,10.);
#4091=VECTOR('',#12924,10.);
#4092=VECTOR('',#12927,10.);
#4093=VECTOR('',#12928,10.);
#4094=VECTOR('',#12931,10.);
#4095=VECTOR('',#12932,10.);
#4096=VECTOR('',#12935,10.);
#4097=VECTOR('',#12936,10.);
#4098=VECTOR('',#12939,10.);
#4099=VECTOR('',#12940,10.);
#4100=VECTOR('',#12943,10.);
#4101=VECTOR('',#12944,10.);
#4102=VECTOR('',#12947,10.);
#4103=VECTOR('',#12948,10.);
#4104=VECTOR('',#12951,10.);
#4105=VECTOR('',#12952,10.);
#4106=VECTOR('',#12955,10.);
#4107=VECTOR('',#12956,10.);
#4108=VECTOR('',#12959,10.);
#4109=VECTOR('',#12960,10.);
#4110=VECTOR('',#12963,10.);
#4111=VECTOR('',#12964,10.);
#4112=VECTOR('',#12967,10.);
#4113=VECTOR('',#12968,10.);
#4114=VECTOR('',#12971,10.);
#4115=VECTOR('',#12972,10.);
#4116=VECTOR('',#12975,10.);
#4117=VECTOR('',#12976,10.);
#4118=VECTOR('',#12979,10.);
#4119=VECTOR('',#12980,10.);
#4120=VECTOR('',#12983,10.);
#4121=VECTOR('',#12984,10.);
#4122=VECTOR('',#12987,10.);
#4123=VECTOR('',#12990,10.);
#4124=VECTOR('',#12991,10.);
#4125=VECTOR('',#12992,10.);
#4126=VECTOR('',#12993,10.);
#4127=VECTOR('',#12994,10.);
#4128=VECTOR('',#12995,10.);
#4129=VECTOR('',#12996,10.);
#4130=VECTOR('',#12997,10.);
#4131=VECTOR('',#12998,10.);
#4132=VECTOR('',#12999,10.);
#4133=VECTOR('',#13000,10.);
#4134=VECTOR('',#13001,10.);
#4135=VECTOR('',#13002,10.);
#4136=VECTOR('',#13003,10.);
#4137=VECTOR('',#13004,10.);
#4138=VECTOR('',#13005,10.);
#4139=VECTOR('',#13006,10.);
#4140=VECTOR('',#13007,10.);
#4141=VECTOR('',#13008,10.);
#4142=VECTOR('',#13011,10.);
#4143=VECTOR('',#13012,10.);
#4144=VECTOR('',#13013,10.);
#4145=VECTOR('',#13014,10.);
#4146=VECTOR('',#13015,10.);
#4147=VECTOR('',#13016,10.);
#4148=VECTOR('',#13017,10.);
#4149=VECTOR('',#13018,10.);
#4150=VECTOR('',#13019,10.);
#4151=VECTOR('',#13020,10.);
#4152=VECTOR('',#13021,10.);
#4153=VECTOR('',#13022,10.);
#4154=VECTOR('',#13023,10.);
#4155=VECTOR('',#13024,10.);
#4156=VECTOR('',#13025,10.);
#4157=VECTOR('',#13026,10.);
#4158=VECTOR('',#13027,10.);
#4159=VECTOR('',#13028,10.);
#4160=VECTOR('',#13033,0.5);
#4161=VECTOR('',#13040,0.5);
#4162=VECTOR('',#13047,0.5);
#4163=VECTOR('',#13054,0.5);
#4164=VECTOR('',#13061,0.5);
#4165=VECTOR('',#13066,10.);
#4166=VECTOR('',#13067,10.);
#4167=VECTOR('',#13068,10.);
#4168=VECTOR('',#13069,10.);
#4169=VECTOR('',#13070,10.);
#4170=VECTOR('',#13071,10.);
#4171=VECTOR('',#13072,10.);
#4172=VECTOR('',#13075,10.);
#4173=VECTOR('',#13076,10.);
#4174=VECTOR('',#13079,10.);
#4175=VECTOR('',#13080,10.);
#4176=VECTOR('',#13081,10.);
#4177=VECTOR('',#13082,10.);
#4178=VECTOR('',#13083,10.);
#4179=VECTOR('',#13084,10.);
#4180=VECTOR('',#13085,10.);
#4181=VECTOR('',#13086,10.);
#4182=VECTOR('',#13087,10.);
#4183=VECTOR('',#13088,10.);
#4184=VECTOR('',#13089,10.);
#4185=VECTOR('',#13090,10.);
#4186=VECTOR('',#13091,10.);
#4187=VECTOR('',#13092,10.);
#4188=VECTOR('',#13093,10.);
#4189=VECTOR('',#13094,10.);
#4190=VECTOR('',#13095,10.);
#4191=VECTOR('',#13096,10.);
#4192=VECTOR('',#13097,10.);
#4193=VECTOR('',#13098,10.);
#4194=VECTOR('',#13099,10.);
#4195=VECTOR('',#13100,10.);
#4196=VECTOR('',#13101,10.);
#4197=VECTOR('',#13102,10.);
#4198=VECTOR('',#13103,10.);
#4199=VECTOR('',#13104,10.);
#4200=VECTOR('',#13105,10.);
#4201=VECTOR('',#13106,10.);
#4202=VECTOR('',#13107,10.);
#4203=VECTOR('',#13108,10.);
#4204=VECTOR('',#13109,10.);
#4205=VECTOR('',#13110,10.);
#4206=VECTOR('',#13113,10.);
#4207=VECTOR('',#13114,10.);
#4208=VECTOR('',#13115,10.);
#4209=VECTOR('',#13118,10.);
#4210=VECTOR('',#13119,10.);
#4211=VECTOR('',#13122,10.);
#4212=VECTOR('',#13123,10.);
#4213=VECTOR('',#13124,10.);
#4214=VECTOR('',#13127,10.);
#4215=VECTOR('',#13128,10.);
#4216=VECTOR('',#13131,10.);
#4217=VECTOR('',#13132,10.);
#4218=VECTOR('',#13133,10.);
#4219=VECTOR('',#13136,10.);
#4220=VECTOR('',#13137,10.);
#4221=VECTOR('',#13140,10.);
#4222=VECTOR('',#13141,10.);
#4223=VECTOR('',#13142,10.);
#4224=VECTOR('',#13145,10.);
#4225=VECTOR('',#13146,10.);
#4226=VECTOR('',#13149,10.);
#4227=VECTOR('',#13150,10.);
#4228=VECTOR('',#13153,10.);
#4229=VECTOR('',#13154,10.);
#4230=VECTOR('',#13157,10.);
#4231=VECTOR('',#13158,10.);
#4232=VECTOR('',#13161,10.);
#4233=VECTOR('',#13162,10.);
#4234=VECTOR('',#13165,10.);
#4235=VECTOR('',#13166,10.);
#4236=VECTOR('',#13169,10.);
#4237=VECTOR('',#13170,10.);
#4238=VECTOR('',#13173,10.);
#4239=VECTOR('',#13174,10.);
#4240=VECTOR('',#13177,10.);
#4241=VECTOR('',#13178,10.);
#4242=VECTOR('',#13181,10.);
#4243=VECTOR('',#13182,10.);
#4244=VECTOR('',#13185,10.);
#4245=VECTOR('',#13186,10.);
#4246=VECTOR('',#13189,10.);
#4247=VECTOR('',#13190,10.);
#4248=VECTOR('',#13193,10.);
#4249=VECTOR('',#13194,10.);
#4250=VECTOR('',#13197,10.);
#4251=VECTOR('',#13200,10.);
#4252=VECTOR('',#13201,10.);
#4253=VECTOR('',#13202,10.);
#4254=VECTOR('',#13203,10.);
#4255=VECTOR('',#13204,10.);
#4256=VECTOR('',#13207,10.);
#4257=VECTOR('',#13208,10.);
#4258=VECTOR('',#13209,10.);
#4259=VECTOR('',#13212,10.);
#4260=VECTOR('',#13213,10.);
#4261=VECTOR('',#13214,10.);
#4262=VECTOR('',#13217,10.);
#4263=VECTOR('',#13218,10.);
#4264=VECTOR('',#13219,10.);
#4265=VECTOR('',#13222,10.);
#4266=VECTOR('',#13223,10.);
#4267=VECTOR('',#13224,10.);
#4268=VECTOR('',#13227,10.);
#4269=VECTOR('',#13228,10.);
#4270=VECTOR('',#13229,10.);
#4271=VECTOR('',#13232,10.);
#4272=VECTOR('',#13233,10.);
#4273=VECTOR('',#13234,10.);
#4274=VECTOR('',#13237,10.);
#4275=VECTOR('',#13238,10.);
#4276=VECTOR('',#13239,10.);
#4277=VECTOR('',#13242,10.);
#4278=VECTOR('',#13243,10.);
#4279=VECTOR('',#13244,10.);
#4280=VECTOR('',#13247,10.);
#4281=VECTOR('',#13248,10.);
#4282=VECTOR('',#13249,10.);
#4283=VECTOR('',#13252,10.);
#4284=VECTOR('',#13253,10.);
#4285=VECTOR('',#13254,10.);
#4286=VECTOR('',#13257,10.);
#4287=VECTOR('',#13258,10.);
#4288=VECTOR('',#13259,10.);
#4289=VECTOR('',#13262,10.);
#4290=VECTOR('',#13263,10.);
#4291=VECTOR('',#13264,10.);
#4292=VECTOR('',#13267,10.);
#4293=VECTOR('',#13268,10.);
#4294=VECTOR('',#13269,10.);
#4295=VECTOR('',#13272,10.);
#4296=VECTOR('',#13273,10.);
#4297=VECTOR('',#13274,10.);
#4298=VECTOR('',#13277,10.);
#4299=VECTOR('',#13278,10.);
#4300=VECTOR('',#13279,10.);
#4301=VECTOR('',#13280,10.);
#4302=VECTOR('',#13283,10.);
#4303=VECTOR('',#13284,10.);
#4304=VECTOR('',#13285,10.);
#4305=VECTOR('',#13288,10.);
#4306=VECTOR('',#13289,10.);
#4307=VECTOR('',#13290,10.);
#4308=VECTOR('',#13293,10.);
#4309=VECTOR('',#13294,10.);
#4310=VECTOR('',#13295,10.);
#4311=VECTOR('',#13298,10.);
#4312=VECTOR('',#13299,10.);
#4313=VECTOR('',#13300,10.);
#4314=VECTOR('',#13303,10.);
#4315=VECTOR('',#13304,10.);
#4316=VECTOR('',#13305,10.);
#4317=VECTOR('',#13308,10.);
#4318=VECTOR('',#13309,10.);
#4319=VECTOR('',#13310,10.);
#4320=VECTOR('',#13313,10.);
#4321=VECTOR('',#13314,10.);
#4322=VECTOR('',#13315,10.);
#4323=VECTOR('',#13318,10.);
#4324=VECTOR('',#13319,10.);
#4325=VECTOR('',#13320,10.);
#4326=VECTOR('',#13323,10.);
#4327=VECTOR('',#13324,10.);
#4328=VECTOR('',#13325,10.);
#4329=VECTOR('',#13328,10.);
#4330=VECTOR('',#13329,10.);
#4331=VECTOR('',#13330,10.);
#4332=VECTOR('',#13333,10.);
#4333=VECTOR('',#13334,10.);
#4334=VECTOR('',#13335,10.);
#4335=VECTOR('',#13338,10.);
#4336=VECTOR('',#13339,10.);
#4337=VECTOR('',#13340,10.);
#4338=VECTOR('',#13343,10.);
#4339=VECTOR('',#13344,10.);
#4340=VECTOR('',#13345,10.);
#4341=VECTOR('',#13348,10.);
#4342=VECTOR('',#13349,10.);
#4343=VECTOR('',#13350,10.);
#4344=VECTOR('',#13353,10.);
#4345=VECTOR('',#13354,10.);
#4346=VECTOR('',#13357,10.);
#4347=VECTOR('',#13358,10.);
#4348=VECTOR('',#13359,10.);
#4349=VECTOR('',#13362,10.);
#4350=VECTOR('',#13363,10.);
#4351=VECTOR('',#13366,10.);
#4352=VECTOR('',#13367,10.);
#4353=VECTOR('',#13370,10.);
#4354=VECTOR('',#13371,10.);
#4355=VECTOR('',#13374,10.);
#4356=VECTOR('',#13375,10.);
#4357=VECTOR('',#13378,10.);
#4358=VECTOR('',#13379,10.);
#4359=VECTOR('',#13382,10.);
#4360=VECTOR('',#13383,10.);
#4361=VECTOR('',#13386,10.);
#4362=VECTOR('',#13387,10.);
#4363=VECTOR('',#13390,10.);
#4364=VECTOR('',#13391,10.);
#4365=VECTOR('',#13394,10.);
#4366=VECTOR('',#13395,10.);
#4367=VECTOR('',#13398,10.);
#4368=VECTOR('',#13399,10.);
#4369=VECTOR('',#13402,10.);
#4370=VECTOR('',#13403,10.);
#4371=VECTOR('',#13406,10.);
#4372=VECTOR('',#13407,10.);
#4373=VECTOR('',#13410,10.);
#4374=VECTOR('',#13411,10.);
#4375=VECTOR('',#13414,10.);
#4376=VECTOR('',#13415,10.);
#4377=VECTOR('',#13418,10.);
#4378=VECTOR('',#13419,10.);
#4379=VECTOR('',#13422,10.);
#4380=VECTOR('',#13423,10.);
#4381=VECTOR('',#13426,10.);
#4382=VECTOR('',#13427,10.);
#4383=VECTOR('',#13428,10.);
#4384=VECTOR('',#13431,10.);
#4385=VECTOR('',#13432,10.);
#4386=VECTOR('',#13433,10.);
#4387=VECTOR('',#13436,10.);
#4388=VECTOR('',#13437,10.);
#4389=VECTOR('',#13438,10.);
#4390=VECTOR('',#13441,10.);
#4391=VECTOR('',#13442,10.);
#4392=VECTOR('',#13443,10.);
#4393=VECTOR('',#13446,10.);
#4394=VECTOR('',#13447,10.);
#4395=VECTOR('',#13448,10.);
#4396=VECTOR('',#13451,10.);
#4397=VECTOR('',#13452,10.);
#4398=VECTOR('',#13453,10.);
#4399=VECTOR('',#13456,10.);
#4400=VECTOR('',#13457,10.);
#4401=VECTOR('',#13458,10.);
#4402=VECTOR('',#13461,10.);
#4403=VECTOR('',#13462,10.);
#4404=VECTOR('',#13463,10.);
#4405=VECTOR('',#13466,10.);
#4406=VECTOR('',#13467,10.);
#4407=VECTOR('',#13468,10.);
#4408=VECTOR('',#13471,10.);
#4409=VECTOR('',#13472,10.);
#4410=VECTOR('',#13475,10.);
#4411=VECTOR('',#13476,10.);
#4412=VECTOR('',#13479,10.);
#4413=VECTOR('',#13480,10.);
#4414=VECTOR('',#13483,10.);
#4415=VECTOR('',#13484,10.);
#4416=VECTOR('',#13487,10.);
#4417=VECTOR('',#13488,10.);
#4418=VECTOR('',#13491,10.);
#4419=VECTOR('',#13492,10.);
#4420=VECTOR('',#13495,10.);
#4421=VECTOR('',#13496,10.);
#4422=VECTOR('',#13499,10.);
#4423=VECTOR('',#13500,10.);
#4424=VECTOR('',#13503,10.);
#4425=VECTOR('',#13504,10.);
#4426=VECTOR('',#13507,10.);
#4427=VECTOR('',#13508,10.);
#4428=VECTOR('',#13511,10.);
#4429=VECTOR('',#13512,10.);
#4430=VECTOR('',#13515,10.);
#4431=VECTOR('',#13516,10.);
#4432=VECTOR('',#13519,10.);
#4433=VECTOR('',#13520,10.);
#4434=VECTOR('',#13523,10.);
#4435=VECTOR('',#13524,10.);
#4436=VECTOR('',#13527,10.);
#4437=VECTOR('',#13528,10.);
#4438=VECTOR('',#13531,10.);
#4439=VECTOR('',#13532,10.);
#4440=VECTOR('',#13535,10.);
#4441=VECTOR('',#13536,10.);
#4442=VECTOR('',#13537,10.);
#4443=VECTOR('',#13540,10.);
#4444=VECTOR('',#13541,10.);
#4445=VECTOR('',#13542,10.);
#4446=VECTOR('',#13545,10.);
#4447=VECTOR('',#13546,10.);
#4448=VECTOR('',#13547,10.);
#4449=VECTOR('',#13550,10.);
#4450=VECTOR('',#13551,10.);
#4451=VECTOR('',#13552,10.);
#4452=VECTOR('',#13553,10.);
#4453=VECTOR('',#13556,10.);
#4454=VECTOR('',#13557,10.);
#4455=VECTOR('',#13558,10.);
#4456=VECTOR('',#13561,10.);
#4457=VECTOR('',#13562,10.);
#4458=VECTOR('',#13563,10.);
#4459=VECTOR('',#13566,10.);
#4460=VECTOR('',#13567,10.);
#4461=VECTOR('',#13568,10.);
#4462=VECTOR('',#13571,10.);
#4463=VECTOR('',#13572,10.);
#4464=VECTOR('',#13573,10.);
#4465=VECTOR('',#13576,10.);
#4466=VECTOR('',#13577,10.);
#4467=VECTOR('',#13578,10.);
#4468=VECTOR('',#13581,10.);
#4469=VECTOR('',#13582,10.);
#4470=VECTOR('',#13585,10.);
#4471=VECTOR('',#13586,10.);
#4472=VECTOR('',#13589,10.);
#4473=VECTOR('',#13590,10.);
#4474=VECTOR('',#13593,10.);
#4475=VECTOR('',#13594,10.);
#4476=VECTOR('',#13597,10.);
#4477=VECTOR('',#13598,10.);
#4478=VECTOR('',#13601,10.);
#4479=VECTOR('',#13602,10.);
#4480=VECTOR('',#13605,10.);
#4481=VECTOR('',#13606,10.);
#4482=VECTOR('',#13609,10.);
#4483=VECTOR('',#13610,10.);
#4484=VECTOR('',#13613,10.);
#4485=VECTOR('',#13614,10.);
#4486=VECTOR('',#13617,10.);
#4487=VECTOR('',#13618,10.);
#4488=VECTOR('',#13621,10.);
#4489=VECTOR('',#13622,10.);
#4490=VECTOR('',#13625,10.);
#4491=VECTOR('',#13626,10.);
#4492=VECTOR('',#13629,10.);
#4493=VECTOR('',#13630,10.);
#4494=VECTOR('',#13633,10.);
#4495=VECTOR('',#13634,10.);
#4496=VECTOR('',#13637,10.);
#4497=VECTOR('',#13638,10.);
#4498=VECTOR('',#13639,10.);
#4499=VECTOR('',#13642,10.);
#4500=VECTOR('',#13643,10.);
#4501=VECTOR('',#13644,10.);
#4502=VECTOR('',#13647,10.);
#4503=VECTOR('',#13648,10.);
#4504=VECTOR('',#13649,10.);
#4505=VECTOR('',#13652,10.);
#4506=VECTOR('',#13653,10.);
#4507=VECTOR('',#13654,10.);
#4508=VECTOR('',#13657,10.);
#4509=VECTOR('',#13658,10.);
#4510=VECTOR('',#13659,10.);
#4511=VECTOR('',#13662,10.);
#4512=VECTOR('',#13663,10.);
#4513=VECTOR('',#13664,10.);
#4514=VECTOR('',#13667,10.);
#4515=VECTOR('',#13668,10.);
#4516=VECTOR('',#13669,10.);
#4517=VECTOR('',#13672,10.);
#4518=VECTOR('',#13673,10.);
#4519=VECTOR('',#13674,10.);
#4520=VECTOR('',#13677,10.);
#4521=VECTOR('',#13678,10.);
#4522=VECTOR('',#13679,10.);
#4523=VECTOR('',#13682,10.);
#4524=VECTOR('',#13683,10.);
#4525=VECTOR('',#13686,10.);
#4526=VECTOR('',#13687,10.);
#4527=VECTOR('',#13690,10.);
#4528=VECTOR('',#13693,10.);
#4529=VECTOR('',#13694,10.);
#4530=VECTOR('',#13695,10.);
#4531=VECTOR('',#13698,10.);
#4532=VECTOR('',#13699,10.);
#4533=VECTOR('',#13700,10.);
#4534=VECTOR('',#13703,10.);
#4535=VECTOR('',#13704,10.);
#4536=VECTOR('',#13709,10.);
#4537=VECTOR('',#13710,10.);
#4538=VECTOR('',#13713,10.);
#4539=VECTOR('',#13714,10.);
#4540=VECTOR('',#13715,10.);
#4541=VECTOR('',#13718,10.);
#4542=VECTOR('',#13719,10.);
#4543=VECTOR('',#13722,10.);
#4544=VECTOR('',#13723,10.);
#4545=VECTOR('',#13724,10.);
#4546=VECTOR('',#13727,10.);
#4547=VECTOR('',#13730,1.25);
#4548=CIRCLE('',#10636,0.3847);
#4549=CIRCLE('',#10637,0.3847);
#4550=CIRCLE('',#10640,0.3847);
#4551=CIRCLE('',#10641,0.3847);
#4552=CIRCLE('',#10644,0.3847);
#4553=CIRCLE('',#10645,0.3847);
#4554=CIRCLE('',#10648,1.25);
#4555=CIRCLE('',#10651,1.5);
#4556=CIRCLE('',#10652,1.5);
#4557=CIRCLE('',#10657,1.5);
#4558=CIRCLE('',#10658,1.5);
#4559=CIRCLE('',#10659,1.5);
#4560=CIRCLE('',#10660,1.5);
#4561=CIRCLE('',#11017,0.5);
#4562=CIRCLE('',#11018,0.5);
#4563=CIRCLE('',#11020,0.5);
#4564=CIRCLE('',#11021,0.5);
#4565=CIRCLE('',#11023,0.5);
#4566=CIRCLE('',#11024,0.5);
#4567=CIRCLE('',#11026,0.5);
#4568=CIRCLE('',#11027,0.5);
#4569=CIRCLE('',#11029,0.5);
#4570=CIRCLE('',#11030,0.5);
#4571=CIRCLE('',#11166,1.25);
#4572=VERTEX_POINT('',#13739);
#4573=VERTEX_POINT('',#13741);
#4574=VERTEX_POINT('',#13746);
#4575=VERTEX_POINT('',#13748);
#4576=VERTEX_POINT('',#13753);
#4577=VERTEX_POINT('',#13755);
#4578=VERTEX_POINT('',#13760);
#4579=VERTEX_POINT('',#13762);
#4580=VERTEX_POINT('',#13766);
#4581=VERTEX_POINT('',#13767);
#4582=VERTEX_POINT('',#13769);
#4583=VERTEX_POINT('',#13771);
#4584=VERTEX_POINT('',#13775);
#4585=VERTEX_POINT('',#13776);
#4586=VERTEX_POINT('',#13778);
#4587=VERTEX_POINT('',#13780);
#4588=VERTEX_POINT('',#13782);
#4589=VERTEX_POINT('',#13784);
#4590=VERTEX_POINT('',#13786);
#4591=VERTEX_POINT('',#13788);
#4592=VERTEX_POINT('',#13790);
#4593=VERTEX_POINT('',#13792);
#4594=VERTEX_POINT('',#13794);
#4595=VERTEX_POINT('',#13796);
#4596=VERTEX_POINT('',#13798);
#4597=VERTEX_POINT('',#13800);
#4598=VERTEX_POINT('',#13802);
#4599=VERTEX_POINT('',#13804);
#4600=VERTEX_POINT('',#13806);
#4601=VERTEX_POINT('',#13808);
#4602=VERTEX_POINT('',#13810);
#4603=VERTEX_POINT('',#13812);
#4604=VERTEX_POINT('',#13814);
#4605=VERTEX_POINT('',#13816);
#4606=VERTEX_POINT('',#13818);
#4607=VERTEX_POINT('',#13820);
#4608=VERTEX_POINT('',#13822);
#4609=VERTEX_POINT('',#13824);
#4610=VERTEX_POINT('',#13826);
#4611=VERTEX_POINT('',#13828);
#4612=VERTEX_POINT('',#13830);
#4613=VERTEX_POINT('',#13832);
#4614=VERTEX_POINT('',#13834);
#4615=VERTEX_POINT('',#13836);
#4616=VERTEX_POINT('',#13838);
#4617=VERTEX_POINT('',#13840);
#4618=VERTEX_POINT('',#13842);
#4619=VERTEX_POINT('',#13844);
#4620=VERTEX_POINT('',#13846);
#4621=VERTEX_POINT('',#13848);
#4622=VERTEX_POINT('',#13850);
#4623=VERTEX_POINT('',#13852);
#4624=VERTEX_POINT('',#13854);
#4625=VERTEX_POINT('',#13856);
#4626=VERTEX_POINT('',#13858);
#4627=VERTEX_POINT('',#13860);
#4628=VERTEX_POINT('',#13862);
#4629=VERTEX_POINT('',#13864);
#4630=VERTEX_POINT('',#13866);
#4631=VERTEX_POINT('',#13868);
#4632=VERTEX_POINT('',#13870);
#4633=VERTEX_POINT('',#13872);
#4634=VERTEX_POINT('',#13874);
#4635=VERTEX_POINT('',#13876);
#4636=VERTEX_POINT('',#13878);
#4637=VERTEX_POINT('',#13880);
#4638=VERTEX_POINT('',#13882);
#4639=VERTEX_POINT('',#13884);
#4640=VERTEX_POINT('',#13886);
#4641=VERTEX_POINT('',#13888);
#4642=VERTEX_POINT('',#13890);
#4643=VERTEX_POINT('',#13892);
#4644=VERTEX_POINT('',#13895);
#4645=VERTEX_POINT('',#13896);
#4646=VERTEX_POINT('',#13898);
#4647=VERTEX_POINT('',#13900);
#4648=VERTEX_POINT('',#13902);
#4649=VERTEX_POINT('',#13904);
#4650=VERTEX_POINT('',#13906);
#4651=VERTEX_POINT('',#13908);
#4652=VERTEX_POINT('',#13910);
#4653=VERTEX_POINT('',#13912);
#4654=VERTEX_POINT('',#13914);
#4655=VERTEX_POINT('',#13916);
#4656=VERTEX_POINT('',#13918);
#4657=VERTEX_POINT('',#13920);
#4658=VERTEX_POINT('',#13922);
#4659=VERTEX_POINT('',#13924);
#4660=VERTEX_POINT('',#13926);
#4661=VERTEX_POINT('',#13928);
#4662=VERTEX_POINT('',#13930);
#4663=VERTEX_POINT('',#13932);
#4664=VERTEX_POINT('',#13934);
#4665=VERTEX_POINT('',#13936);
#4666=VERTEX_POINT('',#13938);
#4667=VERTEX_POINT('',#13940);
#4668=VERTEX_POINT('',#13942);
#4669=VERTEX_POINT('',#13944);
#4670=VERTEX_POINT('',#13946);
#4671=VERTEX_POINT('',#13948);
#4672=VERTEX_POINT('',#13950);
#4673=VERTEX_POINT('',#13952);
#4674=VERTEX_POINT('',#13954);
#4675=VERTEX_POINT('',#13956);
#4676=VERTEX_POINT('',#13958);
#4677=VERTEX_POINT('',#13960);
#4678=VERTEX_POINT('',#13962);
#4679=VERTEX_POINT('',#13964);
#4680=VERTEX_POINT('',#13966);
#4681=VERTEX_POINT('',#13968);
#4682=VERTEX_POINT('',#13970);
#4683=VERTEX_POINT('',#13972);
#4684=VERTEX_POINT('',#13974);
#4685=VERTEX_POINT('',#13976);
#4686=VERTEX_POINT('',#13978);
#4687=VERTEX_POINT('',#13980);
#4688=VERTEX_POINT('',#13984);
#4689=VERTEX_POINT('',#13985);
#4690=VERTEX_POINT('',#13987);
#4691=VERTEX_POINT('',#13989);
#4692=VERTEX_POINT('',#13991);
#4693=VERTEX_POINT('',#13993);
#4694=VERTEX_POINT('',#13995);
#4695=VERTEX_POINT('',#13997);
#4696=VERTEX_POINT('',#13999);
#4697=VERTEX_POINT('',#14001);
#4698=VERTEX_POINT('',#14003);
#4699=VERTEX_POINT('',#14005);
#4700=VERTEX_POINT('',#14007);
#4701=VERTEX_POINT('',#14009);
#4702=VERTEX_POINT('',#14011);
#4703=VERTEX_POINT('',#14013);
#4704=VERTEX_POINT('',#14015);
#4705=VERTEX_POINT('',#14017);
#4706=VERTEX_POINT('',#14019);
#4707=VERTEX_POINT('',#14021);
#4708=VERTEX_POINT('',#14023);
#4709=VERTEX_POINT('',#14025);
#4710=VERTEX_POINT('',#14027);
#4711=VERTEX_POINT('',#14029);
#4712=VERTEX_POINT('',#14031);
#4713=VERTEX_POINT('',#14033);
#4714=VERTEX_POINT('',#14035);
#4715=VERTEX_POINT('',#14037);
#4716=VERTEX_POINT('',#14039);
#4717=VERTEX_POINT('',#14041);
#4718=VERTEX_POINT('',#14043);
#4719=VERTEX_POINT('',#14045);
#4720=VERTEX_POINT('',#14047);
#4721=VERTEX_POINT('',#14049);
#4722=VERTEX_POINT('',#14051);
#4723=VERTEX_POINT('',#14053);
#4724=VERTEX_POINT('',#14055);
#4725=VERTEX_POINT('',#14057);
#4726=VERTEX_POINT('',#14059);
#4727=VERTEX_POINT('',#14061);
#4728=VERTEX_POINT('',#14063);
#4729=VERTEX_POINT('',#14065);
#4730=VERTEX_POINT('',#14067);
#4731=VERTEX_POINT('',#14069);
#4732=VERTEX_POINT('',#14071);
#4733=VERTEX_POINT('',#14073);
#4734=VERTEX_POINT('',#14075);
#4735=VERTEX_POINT('',#14077);
#4736=VERTEX_POINT('',#14079);
#4737=VERTEX_POINT('',#14081);
#4738=VERTEX_POINT('',#14083);
#4739=VERTEX_POINT('',#14085);
#4740=VERTEX_POINT('',#14087);
#4741=VERTEX_POINT('',#14089);
#4742=VERTEX_POINT('',#14091);
#4743=VERTEX_POINT('',#14093);
#4744=VERTEX_POINT('',#14095);
#4745=VERTEX_POINT('',#14097);
#4746=VERTEX_POINT('',#14099);
#4747=VERTEX_POINT('',#14101);
#4748=VERTEX_POINT('',#14104);
#4749=VERTEX_POINT('',#14105);
#4750=VERTEX_POINT('',#14107);
#4751=VERTEX_POINT('',#14109);
#4752=VERTEX_POINT('',#14111);
#4753=VERTEX_POINT('',#14113);
#4754=VERTEX_POINT('',#14115);
#4755=VERTEX_POINT('',#14117);
#4756=VERTEX_POINT('',#14119);
#4757=VERTEX_POINT('',#14121);
#4758=VERTEX_POINT('',#14123);
#4759=VERTEX_POINT('',#14125);
#4760=VERTEX_POINT('',#14127);
#4761=VERTEX_POINT('',#14129);
#4762=VERTEX_POINT('',#14131);
#4763=VERTEX_POINT('',#14133);
#4764=VERTEX_POINT('',#14135);
#4765=VERTEX_POINT('',#14137);
#4766=VERTEX_POINT('',#14139);
#4767=VERTEX_POINT('',#14141);
#4768=VERTEX_POINT('',#14143);
#4769=VERTEX_POINT('',#14145);
#4770=VERTEX_POINT('',#14147);
#4771=VERTEX_POINT('',#14149);
#4772=VERTEX_POINT('',#14151);
#4773=VERTEX_POINT('',#14153);
#4774=VERTEX_POINT('',#14155);
#4775=VERTEX_POINT('',#14157);
#4776=VERTEX_POINT('',#14159);
#4777=VERTEX_POINT('',#14161);
#4778=VERTEX_POINT('',#14163);
#4779=VERTEX_POINT('',#14165);
#4780=VERTEX_POINT('',#14167);
#4781=VERTEX_POINT('',#14169);
#4782=VERTEX_POINT('',#14171);
#4783=VERTEX_POINT('',#14173);
#4784=VERTEX_POINT('',#14175);
#4785=VERTEX_POINT('',#14177);
#4786=VERTEX_POINT('',#14179);
#4787=VERTEX_POINT('',#14181);
#4788=VERTEX_POINT('',#14183);
#4789=VERTEX_POINT('',#14185);
#4790=VERTEX_POINT('',#14187);
#4791=VERTEX_POINT('',#14189);
#4792=VERTEX_POINT('',#14193);
#4793=VERTEX_POINT('',#14194);
#4794=VERTEX_POINT('',#14196);
#4795=VERTEX_POINT('',#14198);
#4796=VERTEX_POINT('',#14200);
#4797=VERTEX_POINT('',#14202);
#4798=VERTEX_POINT('',#14204);
#4799=VERTEX_POINT('',#14206);
#4800=VERTEX_POINT('',#14208);
#4801=VERTEX_POINT('',#14210);
#4802=VERTEX_POINT('',#14212);
#4803=VERTEX_POINT('',#14214);
#4804=VERTEX_POINT('',#14216);
#4805=VERTEX_POINT('',#14218);
#4806=VERTEX_POINT('',#14220);
#4807=VERTEX_POINT('',#14222);
#4808=VERTEX_POINT('',#14224);
#4809=VERTEX_POINT('',#14226);
#4810=VERTEX_POINT('',#14228);
#4811=VERTEX_POINT('',#14230);
#4812=VERTEX_POINT('',#14232);
#4813=VERTEX_POINT('',#14234);
#4814=VERTEX_POINT('',#14236);
#4815=VERTEX_POINT('',#14238);
#4816=VERTEX_POINT('',#14240);
#4817=VERTEX_POINT('',#14242);
#4818=VERTEX_POINT('',#14244);
#4819=VERTEX_POINT('',#14246);
#4820=VERTEX_POINT('',#14248);
#4821=VERTEX_POINT('',#14250);
#4822=VERTEX_POINT('',#14252);
#4823=VERTEX_POINT('',#14254);
#4824=VERTEX_POINT('',#14256);
#4825=VERTEX_POINT('',#14258);
#4826=VERTEX_POINT('',#14260);
#4827=VERTEX_POINT('',#14262);
#4828=VERTEX_POINT('',#14264);
#4829=VERTEX_POINT('',#14266);
#4830=VERTEX_POINT('',#14268);
#4831=VERTEX_POINT('',#14270);
#4832=VERTEX_POINT('',#14272);
#4833=VERTEX_POINT('',#14274);
#4834=VERTEX_POINT('',#14276);
#4835=VERTEX_POINT('',#14278);
#4836=VERTEX_POINT('',#14280);
#4837=VERTEX_POINT('',#14282);
#4838=VERTEX_POINT('',#14284);
#4839=VERTEX_POINT('',#14286);
#4840=VERTEX_POINT('',#14288);
#4841=VERTEX_POINT('',#14290);
#4842=VERTEX_POINT('',#14292);
#4843=VERTEX_POINT('',#14294);
#4844=VERTEX_POINT('',#14296);
#4845=VERTEX_POINT('',#14298);
#4846=VERTEX_POINT('',#14300);
#4847=VERTEX_POINT('',#14302);
#4848=VERTEX_POINT('',#14304);
#4849=VERTEX_POINT('',#14306);
#4850=VERTEX_POINT('',#14308);
#4851=VERTEX_POINT('',#14310);
#4852=VERTEX_POINT('',#14313);
#4853=VERTEX_POINT('',#14314);
#4854=VERTEX_POINT('',#14316);
#4855=VERTEX_POINT('',#14318);
#4856=VERTEX_POINT('',#14320);
#4857=VERTEX_POINT('',#14322);
#4858=VERTEX_POINT('',#14324);
#4859=VERTEX_POINT('',#14326);
#4860=VERTEX_POINT('',#14328);
#4861=VERTEX_POINT('',#14330);
#4862=VERTEX_POINT('',#14332);
#4863=VERTEX_POINT('',#14334);
#4864=VERTEX_POINT('',#14336);
#4865=VERTEX_POINT('',#14338);
#4866=VERTEX_POINT('',#14340);
#4867=VERTEX_POINT('',#14342);
#4868=VERTEX_POINT('',#14344);
#4869=VERTEX_POINT('',#14346);
#4870=VERTEX_POINT('',#14348);
#4871=VERTEX_POINT('',#14350);
#4872=VERTEX_POINT('',#14352);
#4873=VERTEX_POINT('',#14354);
#4874=VERTEX_POINT('',#14356);
#4875=VERTEX_POINT('',#14358);
#4876=VERTEX_POINT('',#14360);
#4877=VERTEX_POINT('',#14362);
#4878=VERTEX_POINT('',#14364);
#4879=VERTEX_POINT('',#14366);
#4880=VERTEX_POINT('',#14368);
#4881=VERTEX_POINT('',#14370);
#4882=VERTEX_POINT('',#14372);
#4883=VERTEX_POINT('',#14374);
#4884=VERTEX_POINT('',#14376);
#4885=VERTEX_POINT('',#14378);
#4886=VERTEX_POINT('',#14380);
#4887=VERTEX_POINT('',#14382);
#4888=VERTEX_POINT('',#14384);
#4889=VERTEX_POINT('',#14386);
#4890=VERTEX_POINT('',#14388);
#4891=VERTEX_POINT('',#14390);
#4892=VERTEX_POINT('',#14392);
#4893=VERTEX_POINT('',#14394);
#4894=VERTEX_POINT('',#14396);
#4895=VERTEX_POINT('',#14398);
#4896=VERTEX_POINT('',#14402);
#4897=VERTEX_POINT('',#14403);
#4898=VERTEX_POINT('',#14405);
#4899=VERTEX_POINT('',#14407);
#4900=VERTEX_POINT('',#14410);
#4901=VERTEX_POINT('',#14412);
#4902=VERTEX_POINT('',#14414);
#4903=VERTEX_POINT('',#14416);
#4904=VERTEX_POINT('',#14418);
#4905=VERTEX_POINT('',#14420);
#4906=VERTEX_POINT('',#14425);
#4907=VERTEX_POINT('',#14426);
#4908=VERTEX_POINT('',#14428);
#4909=VERTEX_POINT('',#14430);
#4910=VERTEX_POINT('',#14434);
#4911=VERTEX_POINT('',#14436);
#4912=VERTEX_POINT('',#14440);
#4913=VERTEX_POINT('',#14442);
#4914=VERTEX_POINT('',#14446);
#4915=VERTEX_POINT('',#14448);
#4916=VERTEX_POINT('',#14452);
#4917=VERTEX_POINT('',#14454);
#4918=VERTEX_POINT('',#14458);
#4919=VERTEX_POINT('',#14460);
#4920=VERTEX_POINT('',#14464);
#4921=VERTEX_POINT('',#14466);
#4922=VERTEX_POINT('',#14470);
#4923=VERTEX_POINT('',#14472);
#4924=VERTEX_POINT('',#14476);
#4925=VERTEX_POINT('',#14478);
#4926=VERTEX_POINT('',#14482);
#4927=VERTEX_POINT('',#14484);
#4928=VERTEX_POINT('',#14488);
#4929=VERTEX_POINT('',#14490);
#4930=VERTEX_POINT('',#14494);
#4931=VERTEX_POINT('',#14496);
#4932=VERTEX_POINT('',#14500);
#4933=VERTEX_POINT('',#14501);
#4934=VERTEX_POINT('',#14503);
#4935=VERTEX_POINT('',#14505);
#4936=VERTEX_POINT('',#14509);
#4937=VERTEX_POINT('',#14511);
#4938=VERTEX_POINT('',#14515);
#4939=VERTEX_POINT('',#14517);
#4940=VERTEX_POINT('',#14521);
#4941=VERTEX_POINT('',#14523);
#4942=VERTEX_POINT('',#14527);
#4943=VERTEX_POINT('',#14529);
#4944=VERTEX_POINT('',#14533);
#4945=VERTEX_POINT('',#14535);
#4946=VERTEX_POINT('',#14539);
#4947=VERTEX_POINT('',#14541);
#4948=VERTEX_POINT('',#14545);
#4949=VERTEX_POINT('',#14547);
#4950=VERTEX_POINT('',#14551);
#4951=VERTEX_POINT('',#14553);
#4952=VERTEX_POINT('',#14557);
#4953=VERTEX_POINT('',#14559);
#4954=VERTEX_POINT('',#14563);
#4955=VERTEX_POINT('',#14564);
#4956=VERTEX_POINT('',#14569);
#4957=VERTEX_POINT('',#14571);
#4958=VERTEX_POINT('',#14575);
#4959=VERTEX_POINT('',#14579);
#4960=VERTEX_POINT('',#14583);
#4961=VERTEX_POINT('',#14585);
#4962=VERTEX_POINT('',#14589);
#4963=VERTEX_POINT('',#14591);
#4964=VERTEX_POINT('',#14595);
#4965=VERTEX_POINT('',#14599);
#4966=VERTEX_POINT('',#14603);
#4967=VERTEX_POINT('',#14605);
#4968=VERTEX_POINT('',#14609);
#4969=VERTEX_POINT('',#14613);
#4970=VERTEX_POINT('',#14617);
#4971=VERTEX_POINT('',#14621);
#4972=VERTEX_POINT('',#14625);
#4973=VERTEX_POINT('',#14629);
#4974=VERTEX_POINT('',#14633);
#4975=VERTEX_POINT('',#14637);
#4976=VERTEX_POINT('',#14641);
#4977=VERTEX_POINT('',#14645);
#4978=VERTEX_POINT('',#14649);
#4979=VERTEX_POINT('',#14653);
#4980=VERTEX_POINT('',#14657);
#4981=VERTEX_POINT('',#14661);
#4982=VERTEX_POINT('',#14665);
#4983=VERTEX_POINT('',#14669);
#4984=VERTEX_POINT('',#14673);
#4985=VERTEX_POINT('',#14677);
#4986=VERTEX_POINT('',#14681);
#4987=VERTEX_POINT('',#14685);
#4988=VERTEX_POINT('',#14689);
#4989=VERTEX_POINT('',#14693);
#4990=VERTEX_POINT('',#14697);
#4991=VERTEX_POINT('',#14701);
#4992=VERTEX_POINT('',#14705);
#4993=VERTEX_POINT('',#14709);
#4994=VERTEX_POINT('',#14713);
#4995=VERTEX_POINT('',#14717);
#4996=VERTEX_POINT('',#14721);
#4997=VERTEX_POINT('',#14725);
#4998=VERTEX_POINT('',#14729);
#4999=VERTEX_POINT('',#14733);
#5000=VERTEX_POINT('',#14737);
#5001=VERTEX_POINT('',#14741);
#5002=VERTEX_POINT('',#14745);
#5003=VERTEX_POINT('',#14749);
#5004=VERTEX_POINT('',#14753);
#5005=VERTEX_POINT('',#14757);
#5006=VERTEX_POINT('',#14761);
#5007=VERTEX_POINT('',#14765);
#5008=VERTEX_POINT('',#14769);
#5009=VERTEX_POINT('',#14773);
#5010=VERTEX_POINT('',#14779);
#5011=VERTEX_POINT('',#14781);
#5012=VERTEX_POINT('',#14785);
#5013=VERTEX_POINT('',#14789);
#5014=VERTEX_POINT('',#14793);
#5015=VERTEX_POINT('',#14797);
#5016=VERTEX_POINT('',#14801);
#5017=VERTEX_POINT('',#14805);
#5018=VERTEX_POINT('',#14809);
#5019=VERTEX_POINT('',#14813);
#5020=VERTEX_POINT('',#14817);
#5021=VERTEX_POINT('',#14821);
#5022=VERTEX_POINT('',#14825);
#5023=VERTEX_POINT('',#14829);
#5024=VERTEX_POINT('',#14833);
#5025=VERTEX_POINT('',#14837);
#5026=VERTEX_POINT('',#14841);
#5027=VERTEX_POINT('',#14845);
#5028=VERTEX_POINT('',#14849);
#5029=VERTEX_POINT('',#14853);
#5030=VERTEX_POINT('',#14857);
#5031=VERTEX_POINT('',#14861);
#5032=VERTEX_POINT('',#14865);
#5033=VERTEX_POINT('',#14869);
#5034=VERTEX_POINT('',#14873);
#5035=VERTEX_POINT('',#14877);
#5036=VERTEX_POINT('',#14881);
#5037=VERTEX_POINT('',#14885);
#5038=VERTEX_POINT('',#14889);
#5039=VERTEX_POINT('',#14893);
#5040=VERTEX_POINT('',#14897);
#5041=VERTEX_POINT('',#14901);
#5042=VERTEX_POINT('',#14905);
#5043=VERTEX_POINT('',#14909);
#5044=VERTEX_POINT('',#14913);
#5045=VERTEX_POINT('',#14917);
#5046=VERTEX_POINT('',#14921);
#5047=VERTEX_POINT('',#14925);
#5048=VERTEX_POINT('',#14929);
#5049=VERTEX_POINT('',#14933);
#5050=VERTEX_POINT('',#14937);
#5051=VERTEX_POINT('',#14941);
#5052=VERTEX_POINT('',#14945);
#5053=VERTEX_POINT('',#14949);
#5054=VERTEX_POINT('',#14955);
#5055=VERTEX_POINT('',#14957);
#5056=VERTEX_POINT('',#14961);
#5057=VERTEX_POINT('',#14965);
#5058=VERTEX_POINT('',#14969);
#5059=VERTEX_POINT('',#14973);
#5060=VERTEX_POINT('',#14977);
#5061=VERTEX_POINT('',#14981);
#5062=VERTEX_POINT('',#14985);
#5063=VERTEX_POINT('',#14989);
#5064=VERTEX_POINT('',#14993);
#5065=VERTEX_POINT('',#14997);
#5066=VERTEX_POINT('',#15001);
#5067=VERTEX_POINT('',#15005);
#5068=VERTEX_POINT('',#15009);
#5069=VERTEX_POINT('',#15013);
#5070=VERTEX_POINT('',#15017);
#5071=VERTEX_POINT('',#15021);
#5072=VERTEX_POINT('',#15025);
#5073=VERTEX_POINT('',#15029);
#5074=VERTEX_POINT('',#15033);
#5075=VERTEX_POINT('',#15037);
#5076=VERTEX_POINT('',#15041);
#5077=VERTEX_POINT('',#15045);
#5078=VERTEX_POINT('',#15049);
#5079=VERTEX_POINT('',#15053);
#5080=VERTEX_POINT('',#15057);
#5081=VERTEX_POINT('',#15061);
#5082=VERTEX_POINT('',#15065);
#5083=VERTEX_POINT('',#15069);
#5084=VERTEX_POINT('',#15073);
#5085=VERTEX_POINT('',#15077);
#5086=VERTEX_POINT('',#15081);
#5087=VERTEX_POINT('',#15085);
#5088=VERTEX_POINT('',#15089);
#5089=VERTEX_POINT('',#15093);
#5090=VERTEX_POINT('',#15097);
#5091=VERTEX_POINT('',#15101);
#5092=VERTEX_POINT('',#15105);
#5093=VERTEX_POINT('',#15109);
#5094=VERTEX_POINT('',#15113);
#5095=VERTEX_POINT('',#15117);
#5096=VERTEX_POINT('',#15121);
#5097=VERTEX_POINT('',#15125);
#5098=VERTEX_POINT('',#15131);
#5099=VERTEX_POINT('',#15133);
#5100=VERTEX_POINT('',#15137);
#5101=VERTEX_POINT('',#15141);
#5102=VERTEX_POINT('',#15145);
#5103=VERTEX_POINT('',#15149);
#5104=VERTEX_POINT('',#15153);
#5105=VERTEX_POINT('',#15155);
#5106=VERTEX_POINT('',#15159);
#5107=VERTEX_POINT('',#15160);
#5108=VERTEX_POINT('',#15163);
#5109=VERTEX_POINT('',#15167);
#5110=VERTEX_POINT('',#15168);
#5111=VERTEX_POINT('',#15173);
#5112=VERTEX_POINT('',#15177);
#5113=VERTEX_POINT('',#15181);
#5114=VERTEX_POINT('',#15185);
#5115=VERTEX_POINT('',#15189);
#5116=VERTEX_POINT('',#15193);
#5117=VERTEX_POINT('',#15197);
#5118=VERTEX_POINT('',#15201);
#5119=VERTEX_POINT('',#15205);
#5120=VERTEX_POINT('',#15209);
#5121=VERTEX_POINT('',#15213);
#5122=VERTEX_POINT('',#15217);
#5123=VERTEX_POINT('',#15221);
#5124=VERTEX_POINT('',#15225);
#5125=VERTEX_POINT('',#15229);
#5126=VERTEX_POINT('',#15233);
#5127=VERTEX_POINT('',#15237);
#5128=VERTEX_POINT('',#15241);
#5129=VERTEX_POINT('',#15245);
#5130=VERTEX_POINT('',#15249);
#5131=VERTEX_POINT('',#15253);
#5132=VERTEX_POINT('',#15257);
#5133=VERTEX_POINT('',#15261);
#5134=VERTEX_POINT('',#15265);
#5135=VERTEX_POINT('',#15269);
#5136=VERTEX_POINT('',#15273);
#5137=VERTEX_POINT('',#15277);
#5138=VERTEX_POINT('',#15281);
#5139=VERTEX_POINT('',#15285);
#5140=VERTEX_POINT('',#15289);
#5141=VERTEX_POINT('',#15293);
#5142=VERTEX_POINT('',#15297);
#5143=VERTEX_POINT('',#15301);
#5144=VERTEX_POINT('',#15305);
#5145=VERTEX_POINT('',#15309);
#5146=VERTEX_POINT('',#15313);
#5147=VERTEX_POINT('',#15317);
#5148=VERTEX_POINT('',#15321);
#5149=VERTEX_POINT('',#15325);
#5150=VERTEX_POINT('',#15329);
#5151=VERTEX_POINT('',#15333);
#5152=VERTEX_POINT('',#15337);
#5153=VERTEX_POINT('',#15341);
#5154=VERTEX_POINT('',#15345);
#5155=VERTEX_POINT('',#15349);
#5156=VERTEX_POINT('',#15353);
#5157=VERTEX_POINT('',#15357);
#5158=VERTEX_POINT('',#15361);
#5159=VERTEX_POINT('',#15365);
#5160=VERTEX_POINT('',#15369);
#5161=VERTEX_POINT('',#15373);
#5162=VERTEX_POINT('',#15377);
#5163=VERTEX_POINT('',#15381);
#5164=VERTEX_POINT('',#15385);
#5165=VERTEX_POINT('',#15389);
#5166=VERTEX_POINT('',#15393);
#5167=VERTEX_POINT('',#15397);
#5168=VERTEX_POINT('',#15401);
#5169=VERTEX_POINT('',#15407);
#5170=VERTEX_POINT('',#15408);
#5171=VERTEX_POINT('',#15413);
#5172=VERTEX_POINT('',#15417);
#5173=VERTEX_POINT('',#15421);
#5174=VERTEX_POINT('',#15425);
#5175=VERTEX_POINT('',#15429);
#5176=VERTEX_POINT('',#15433);
#5177=VERTEX_POINT('',#15437);
#5178=VERTEX_POINT('',#15441);
#5179=VERTEX_POINT('',#15445);
#5180=VERTEX_POINT('',#15449);
#5181=VERTEX_POINT('',#15453);
#5182=VERTEX_POINT('',#15457);
#5183=VERTEX_POINT('',#15461);
#5184=VERTEX_POINT('',#15465);
#5185=VERTEX_POINT('',#15469);
#5186=VERTEX_POINT('',#15473);
#5187=VERTEX_POINT('',#15477);
#5188=VERTEX_POINT('',#15481);
#5189=VERTEX_POINT('',#15485);
#5190=VERTEX_POINT('',#15489);
#5191=VERTEX_POINT('',#15493);
#5192=VERTEX_POINT('',#15497);
#5193=VERTEX_POINT('',#15501);
#5194=VERTEX_POINT('',#15505);
#5195=VERTEX_POINT('',#15509);
#5196=VERTEX_POINT('',#15513);
#5197=VERTEX_POINT('',#15517);
#5198=VERTEX_POINT('',#15521);
#5199=VERTEX_POINT('',#15525);
#5200=VERTEX_POINT('',#15529);
#5201=VERTEX_POINT('',#15533);
#5202=VERTEX_POINT('',#15537);
#5203=VERTEX_POINT('',#15541);
#5204=VERTEX_POINT('',#15545);
#5205=VERTEX_POINT('',#15549);
#5206=VERTEX_POINT('',#15553);
#5207=VERTEX_POINT('',#15557);
#5208=VERTEX_POINT('',#15561);
#5209=VERTEX_POINT('',#15565);
#5210=VERTEX_POINT('',#15569);
#5211=VERTEX_POINT('',#15573);
#5212=VERTEX_POINT('',#15577);
#5213=VERTEX_POINT('',#15581);
#5214=VERTEX_POINT('',#15585);
#5215=VERTEX_POINT('',#15589);
#5216=VERTEX_POINT('',#15593);
#5217=VERTEX_POINT('',#15597);
#5218=VERTEX_POINT('',#15601);
#5219=VERTEX_POINT('',#15605);
#5220=VERTEX_POINT('',#15609);
#5221=VERTEX_POINT('',#15613);
#5222=VERTEX_POINT('',#15617);
#5223=VERTEX_POINT('',#15621);
#5224=VERTEX_POINT('',#15625);
#5225=VERTEX_POINT('',#15629);
#5226=VERTEX_POINT('',#15633);
#5227=VERTEX_POINT('',#15637);
#5228=VERTEX_POINT('',#15641);
#5229=VERTEX_POINT('',#15647);
#5230=VERTEX_POINT('',#15648);
#5231=VERTEX_POINT('',#15653);
#5232=VERTEX_POINT('',#15657);
#5233=VERTEX_POINT('',#15661);
#5234=VERTEX_POINT('',#15665);
#5235=VERTEX_POINT('',#15669);
#5236=VERTEX_POINT('',#15673);
#5237=VERTEX_POINT('',#15677);
#5238=VERTEX_POINT('',#15681);
#5239=VERTEX_POINT('',#15685);
#5240=VERTEX_POINT('',#15689);
#5241=VERTEX_POINT('',#15693);
#5242=VERTEX_POINT('',#15697);
#5243=VERTEX_POINT('',#15701);
#5244=VERTEX_POINT('',#15705);
#5245=VERTEX_POINT('',#15709);
#5246=VERTEX_POINT('',#15713);
#5247=VERTEX_POINT('',#15717);
#5248=VERTEX_POINT('',#15721);
#5249=VERTEX_POINT('',#15725);
#5250=VERTEX_POINT('',#15729);
#5251=VERTEX_POINT('',#15733);
#5252=VERTEX_POINT('',#15737);
#5253=VERTEX_POINT('',#15741);
#5254=VERTEX_POINT('',#15745);
#5255=VERTEX_POINT('',#15749);
#5256=VERTEX_POINT('',#15753);
#5257=VERTEX_POINT('',#15757);
#5258=VERTEX_POINT('',#15761);
#5259=VERTEX_POINT('',#15765);
#5260=VERTEX_POINT('',#15769);
#5261=VERTEX_POINT('',#15773);
#5262=VERTEX_POINT('',#15777);
#5263=VERTEX_POINT('',#15781);
#5264=VERTEX_POINT('',#15785);
#5265=VERTEX_POINT('',#15789);
#5266=VERTEX_POINT('',#15793);
#5267=VERTEX_POINT('',#15797);
#5268=VERTEX_POINT('',#15801);
#5269=VERTEX_POINT('',#15805);
#5270=VERTEX_POINT('',#15809);
#5271=VERTEX_POINT('',#15813);
#5272=VERTEX_POINT('',#15817);
#5273=VERTEX_POINT('',#15821);
#5274=VERTEX_POINT('',#15825);
#5275=VERTEX_POINT('',#15829);
#5276=VERTEX_POINT('',#15833);
#5277=VERTEX_POINT('',#15837);
#5278=VERTEX_POINT('',#15841);
#5279=VERTEX_POINT('',#15845);
#5280=VERTEX_POINT('',#15849);
#5281=VERTEX_POINT('',#15853);
#5282=VERTEX_POINT('',#15857);
#5283=VERTEX_POINT('',#15861);
#5284=VERTEX_POINT('',#15865);
#5285=VERTEX_POINT('',#15869);
#5286=VERTEX_POINT('',#15873);
#5287=VERTEX_POINT('',#15877);
#5288=VERTEX_POINT('',#15881);
#5289=VERTEX_POINT('',#15887);
#5290=VERTEX_POINT('',#15888);
#5291=VERTEX_POINT('',#15890);
#5292=VERTEX_POINT('',#15892);
#5293=VERTEX_POINT('',#15894);
#5294=VERTEX_POINT('',#15896);
#5295=VERTEX_POINT('',#15898);
#5296=VERTEX_POINT('',#15900);
#5297=VERTEX_POINT('',#15902);
#5298=VERTEX_POINT('',#15904);
#5299=VERTEX_POINT('',#15906);
#5300=VERTEX_POINT('',#15908);
#5301=VERTEX_POINT('',#15910);
#5302=VERTEX_POINT('',#15912);
#5303=VERTEX_POINT('',#15914);
#5304=VERTEX_POINT('',#15916);
#5305=VERTEX_POINT('',#15918);
#5306=VERTEX_POINT('',#15920);
#5307=VERTEX_POINT('',#15922);
#5308=VERTEX_POINT('',#15926);
#5309=VERTEX_POINT('',#15927);
#5310=VERTEX_POINT('',#15929);
#5311=VERTEX_POINT('',#15931);
#5312=VERTEX_POINT('',#15933);
#5313=VERTEX_POINT('',#15935);
#5314=VERTEX_POINT('',#15937);
#5315=VERTEX_POINT('',#15939);
#5316=VERTEX_POINT('',#15941);
#5317=VERTEX_POINT('',#15943);
#5318=VERTEX_POINT('',#15945);
#5319=VERTEX_POINT('',#15947);
#5320=VERTEX_POINT('',#15949);
#5321=VERTEX_POINT('',#15951);
#5322=VERTEX_POINT('',#15953);
#5323=VERTEX_POINT('',#15955);
#5324=VERTEX_POINT('',#15957);
#5325=VERTEX_POINT('',#15959);
#5326=VERTEX_POINT('',#15963);
#5327=VERTEX_POINT('',#15965);
#5328=VERTEX_POINT('',#15969);
#5329=VERTEX_POINT('',#15971);
#5330=VERTEX_POINT('',#15975);
#5331=VERTEX_POINT('',#15977);
#5332=VERTEX_POINT('',#15981);
#5333=VERTEX_POINT('',#15983);
#5334=VERTEX_POINT('',#15987);
#5335=VERTEX_POINT('',#15989);
#5336=VERTEX_POINT('',#15993);
#5337=VERTEX_POINT('',#15994);
#5338=VERTEX_POINT('',#15996);
#5339=VERTEX_POINT('',#15998);
#5340=VERTEX_POINT('',#16000);
#5341=VERTEX_POINT('',#16003);
#5342=VERTEX_POINT('',#16007);
#5343=VERTEX_POINT('',#16011);
#5344=VERTEX_POINT('',#16013);
#5345=VERTEX_POINT('',#16015);
#5346=VERTEX_POINT('',#16017);
#5347=VERTEX_POINT('',#16019);
#5348=VERTEX_POINT('',#16021);
#5349=VERTEX_POINT('',#16023);
#5350=VERTEX_POINT('',#16026);
#5351=VERTEX_POINT('',#16028);
#5352=VERTEX_POINT('',#16030);
#5353=VERTEX_POINT('',#16032);
#5354=VERTEX_POINT('',#16034);
#5355=VERTEX_POINT('',#16036);
#5356=VERTEX_POINT('',#16038);
#5357=VERTEX_POINT('',#16040);
#5358=VERTEX_POINT('',#16042);
#5359=VERTEX_POINT('',#16044);
#5360=VERTEX_POINT('',#16046);
#5361=VERTEX_POINT('',#16048);
#5362=VERTEX_POINT('',#16050);
#5363=VERTEX_POINT('',#16052);
#5364=VERTEX_POINT('',#16054);
#5365=VERTEX_POINT('',#16056);
#5366=VERTEX_POINT('',#16058);
#5367=VERTEX_POINT('',#16061);
#5368=VERTEX_POINT('',#16063);
#5369=VERTEX_POINT('',#16065);
#5370=VERTEX_POINT('',#16067);
#5371=VERTEX_POINT('',#16069);
#5372=VERTEX_POINT('',#16073);
#5373=VERTEX_POINT('',#16075);
#5374=VERTEX_POINT('',#16079);
#5375=VERTEX_POINT('',#16083);
#5376=VERTEX_POINT('',#16085);
#5377=VERTEX_POINT('',#16089);
#5378=VERTEX_POINT('',#16093);
#5379=VERTEX_POINT('',#16095);
#5380=VERTEX_POINT('',#16099);
#5381=VERTEX_POINT('',#16103);
#5382=VERTEX_POINT('',#16105);
#5383=VERTEX_POINT('',#16109);
#5384=VERTEX_POINT('',#16113);
#5385=VERTEX_POINT('',#16117);
#5386=VERTEX_POINT('',#16121);
#5387=VERTEX_POINT('',#16125);
#5388=VERTEX_POINT('',#16129);
#5389=VERTEX_POINT('',#16133);
#5390=VERTEX_POINT('',#16137);
#5391=VERTEX_POINT('',#16141);
#5392=VERTEX_POINT('',#16145);
#5393=VERTEX_POINT('',#16149);
#5394=VERTEX_POINT('',#16153);
#5395=VERTEX_POINT('',#16157);
#5396=VERTEX_POINT('',#16163);
#5397=VERTEX_POINT('',#16165);
#5398=VERTEX_POINT('',#16167);
#5399=VERTEX_POINT('',#16169);
#5400=VERTEX_POINT('',#16173);
#5401=VERTEX_POINT('',#16175);
#5402=VERTEX_POINT('',#16179);
#5403=VERTEX_POINT('',#16181);
#5404=VERTEX_POINT('',#16185);
#5405=VERTEX_POINT('',#16187);
#5406=VERTEX_POINT('',#16191);
#5407=VERTEX_POINT('',#16193);
#5408=VERTEX_POINT('',#16197);
#5409=VERTEX_POINT('',#16199);
#5410=VERTEX_POINT('',#16203);
#5411=VERTEX_POINT('',#16205);
#5412=VERTEX_POINT('',#16209);
#5413=VERTEX_POINT('',#16211);
#5414=VERTEX_POINT('',#16215);
#5415=VERTEX_POINT('',#16217);
#5416=VERTEX_POINT('',#16221);
#5417=VERTEX_POINT('',#16223);
#5418=VERTEX_POINT('',#16227);
#5419=VERTEX_POINT('',#16229);
#5420=VERTEX_POINT('',#16233);
#5421=VERTEX_POINT('',#16235);
#5422=VERTEX_POINT('',#16239);
#5423=VERTEX_POINT('',#16241);
#5424=VERTEX_POINT('',#16245);
#5425=VERTEX_POINT('',#16247);
#5426=VERTEX_POINT('',#16251);
#5427=VERTEX_POINT('',#16253);
#5428=VERTEX_POINT('',#16257);
#5429=VERTEX_POINT('',#16258);
#5430=VERTEX_POINT('',#16260);
#5431=VERTEX_POINT('',#16262);
#5432=VERTEX_POINT('',#16266);
#5433=VERTEX_POINT('',#16268);
#5434=VERTEX_POINT('',#16272);
#5435=VERTEX_POINT('',#16274);
#5436=VERTEX_POINT('',#16278);
#5437=VERTEX_POINT('',#16280);
#5438=VERTEX_POINT('',#16284);
#5439=VERTEX_POINT('',#16286);
#5440=VERTEX_POINT('',#16290);
#5441=VERTEX_POINT('',#16292);
#5442=VERTEX_POINT('',#16296);
#5443=VERTEX_POINT('',#16298);
#5444=VERTEX_POINT('',#16302);
#5445=VERTEX_POINT('',#16304);
#5446=VERTEX_POINT('',#16308);
#5447=VERTEX_POINT('',#16310);
#5448=VERTEX_POINT('',#16314);
#5449=VERTEX_POINT('',#16316);
#5450=VERTEX_POINT('',#16320);
#5451=VERTEX_POINT('',#16322);
#5452=VERTEX_POINT('',#16326);
#5453=VERTEX_POINT('',#16328);
#5454=VERTEX_POINT('',#16332);
#5455=VERTEX_POINT('',#16334);
#5456=VERTEX_POINT('',#16338);
#5457=VERTEX_POINT('',#16340);
#5458=VERTEX_POINT('',#16344);
#5459=VERTEX_POINT('',#16346);
#5460=VERTEX_POINT('',#16353);
#5461=VERTEX_POINT('',#16354);
#5462=VERTEX_POINT('',#16359);
#5463=VERTEX_POINT('',#16363);
#5464=VERTEX_POINT('',#16367);
#5465=VERTEX_POINT('',#16371);
#5466=VERTEX_POINT('',#16375);
#5467=VERTEX_POINT('',#16379);
#5468=VERTEX_POINT('',#16383);
#5469=VERTEX_POINT('',#16387);
#5470=VERTEX_POINT('',#16391);
#5471=VERTEX_POINT('',#16395);
#5472=VERTEX_POINT('',#16399);
#5473=VERTEX_POINT('',#16403);
#5474=VERTEX_POINT('',#16407);
#5475=VERTEX_POINT('',#16411);
#5476=VERTEX_POINT('',#16415);
#5477=VERTEX_POINT('',#16419);
#5478=VERTEX_POINT('',#16423);
#5479=VERTEX_POINT('',#16425);
#5480=VERTEX_POINT('',#16429);
#5481=VERTEX_POINT('',#16431);
#5482=VERTEX_POINT('',#16435);
#5483=VERTEX_POINT('',#16437);
#5484=VERTEX_POINT('',#16441);
#5485=VERTEX_POINT('',#16443);
#5486=VERTEX_POINT('',#16447);
#5487=VERTEX_POINT('',#16449);
#5488=VERTEX_POINT('',#16453);
#5489=VERTEX_POINT('',#16455);
#5490=VERTEX_POINT('',#16459);
#5491=VERTEX_POINT('',#16461);
#5492=VERTEX_POINT('',#16465);
#5493=VERTEX_POINT('',#16467);
#5494=VERTEX_POINT('',#16471);
#5495=VERTEX_POINT('',#16476);
#5496=VERTEX_POINT('',#16480);
#5497=VERTEX_POINT('',#16484);
#5498=VERTEX_POINT('',#16488);
#5499=VERTEX_POINT('',#16492);
#5500=VERTEX_POINT('',#16496);
#5501=VERTEX_POINT('',#16500);
#5502=VERTEX_POINT('',#16504);
#5503=VERTEX_POINT('',#16508);
#5504=VERTEX_POINT('',#16512);
#5505=VERTEX_POINT('',#16516);
#5506=VERTEX_POINT('',#16520);
#5507=VERTEX_POINT('',#16524);
#5508=VERTEX_POINT('',#16528);
#5509=VERTEX_POINT('',#16532);
#5510=VERTEX_POINT('',#16536);
#5511=VERTEX_POINT('',#16540);
#5512=VERTEX_POINT('',#16542);
#5513=VERTEX_POINT('',#16546);
#5514=VERTEX_POINT('',#16548);
#5515=VERTEX_POINT('',#16552);
#5516=VERTEX_POINT('',#16554);
#5517=VERTEX_POINT('',#16558);
#5518=VERTEX_POINT('',#16559);
#5519=VERTEX_POINT('',#16561);
#5520=VERTEX_POINT('',#16563);
#5521=VERTEX_POINT('',#16567);
#5522=VERTEX_POINT('',#16569);
#5523=VERTEX_POINT('',#16573);
#5524=VERTEX_POINT('',#16575);
#5525=VERTEX_POINT('',#16579);
#5526=VERTEX_POINT('',#16581);
#5527=VERTEX_POINT('',#16585);
#5528=VERTEX_POINT('',#16587);
#5529=VERTEX_POINT('',#16591);
#5530=VERTEX_POINT('',#16596);
#5531=VERTEX_POINT('',#16600);
#5532=VERTEX_POINT('',#16604);
#5533=VERTEX_POINT('',#16608);
#5534=VERTEX_POINT('',#16612);
#5535=VERTEX_POINT('',#16616);
#5536=VERTEX_POINT('',#16620);
#5537=VERTEX_POINT('',#16624);
#5538=VERTEX_POINT('',#16628);
#5539=VERTEX_POINT('',#16632);
#5540=VERTEX_POINT('',#16636);
#5541=VERTEX_POINT('',#16640);
#5542=VERTEX_POINT('',#16644);
#5543=VERTEX_POINT('',#16648);
#5544=VERTEX_POINT('',#16652);
#5545=VERTEX_POINT('',#16654);
#5546=VERTEX_POINT('',#16658);
#5547=VERTEX_POINT('',#16660);
#5548=VERTEX_POINT('',#16664);
#5549=VERTEX_POINT('',#16666);
#5550=VERTEX_POINT('',#16670);
#5551=VERTEX_POINT('',#16672);
#5552=VERTEX_POINT('',#16676);
#5553=VERTEX_POINT('',#16678);
#5554=VERTEX_POINT('',#16682);
#5555=VERTEX_POINT('',#16684);
#5556=VERTEX_POINT('',#16688);
#5557=VERTEX_POINT('',#16690);
#5558=VERTEX_POINT('',#16694);
#5559=VERTEX_POINT('',#16696);
#5560=VERTEX_POINT('',#16700);
#5561=VERTEX_POINT('',#16705);
#5562=VERTEX_POINT('',#16709);
#5563=VERTEX_POINT('',#16715);
#5564=VERTEX_POINT('',#16717);
#5565=VERTEX_POINT('',#16721);
#5566=VERTEX_POINT('',#16723);
#5567=VERTEX_POINT('',#16727);
#5568=VERTEX_POINT('',#16730);
#5569=VERTEX_POINT('',#16733);
#5570=VERTEX_POINT('',#16737);
#5571=VERTEX_POINT('',#16739);
#5572=VERTEX_POINT('',#16743);
#5573=VERTEX_POINT('',#16748);
#5574=VERTEX_POINT('',#16754);
#5575=EDGE_CURVE('',#4572,#4572,#4548,.F.);
#5576=EDGE_CURVE('',#4572,#4573,#1594,.T.);
#5577=EDGE_CURVE('',#4573,#4573,#4549,.F.);
#5578=EDGE_CURVE('',#4574,#4574,#4550,.F.);
#5579=EDGE_CURVE('',#4574,#4575,#1595,.T.);
#5580=EDGE_CURVE('',#4575,#4575,#4551,.F.);
#5581=EDGE_CURVE('',#4576,#4576,#4552,.F.);
#5582=EDGE_CURVE('',#4576,#4577,#1596,.T.);
#5583=EDGE_CURVE('',#4577,#4577,#4553,.F.);
#5584=EDGE_CURVE('',#4578,#4578,#4554,.T.);
#5585=EDGE_CURVE('',#4578,#4579,#1597,.T.);
#5586=EDGE_CURVE('',#4579,#4579,#42,.T.);
#5587=EDGE_CURVE('',#4580,#4581,#1598,.T.);
#5588=EDGE_CURVE('',#4582,#4581,#4555,.T.);
#5589=EDGE_CURVE('',#4583,#4582,#1599,.T.);
#5590=EDGE_CURVE('',#4580,#4583,#4556,.T.);
#5591=EDGE_CURVE('',#4584,#4585,#1600,.T.);
#5592=EDGE_CURVE('',#4586,#4584,#1601,.T.);
#5593=EDGE_CURVE('',#4587,#4586,#1602,.T.);
#5594=EDGE_CURVE('',#4588,#4587,#1603,.T.);
#5595=EDGE_CURVE('',#4589,#4588,#1604,.T.);
#5596=EDGE_CURVE('',#4590,#4589,#1605,.T.);
#5597=EDGE_CURVE('',#4591,#4590,#1606,.T.);
#5598=EDGE_CURVE('',#4592,#4591,#1607,.T.);
#5599=EDGE_CURVE('',#4593,#4592,#1608,.T.);
#5600=EDGE_CURVE('',#4594,#4593,#1609,.T.);
#5601=EDGE_CURVE('',#4595,#4594,#1610,.T.);
#5602=EDGE_CURVE('',#4596,#4595,#1611,.T.);
#5603=EDGE_CURVE('',#4597,#4596,#1612,.T.);
#5604=EDGE_CURVE('',#4598,#4597,#1613,.T.);
#5605=EDGE_CURVE('',#4599,#4598,#1614,.T.);
#5606=EDGE_CURVE('',#4600,#4599,#1615,.T.);
#5607=EDGE_CURVE('',#4601,#4600,#1616,.T.);
#5608=EDGE_CURVE('',#4602,#4601,#1617,.T.);
#5609=EDGE_CURVE('',#4603,#4602,#1618,.T.);
#5610=EDGE_CURVE('',#4604,#4603,#1619,.T.);
#5611=EDGE_CURVE('',#4605,#4604,#1620,.T.);
#5612=EDGE_CURVE('',#4606,#4605,#1621,.T.);
#5613=EDGE_CURVE('',#4607,#4606,#1622,.T.);
#5614=EDGE_CURVE('',#4608,#4607,#1623,.T.);
#5615=EDGE_CURVE('',#4609,#4608,#1624,.T.);
#5616=EDGE_CURVE('',#4610,#4609,#1625,.T.);
#5617=EDGE_CURVE('',#4611,#4610,#1626,.T.);
#5618=EDGE_CURVE('',#4612,#4611,#1627,.T.);
#5619=EDGE_CURVE('',#4613,#4612,#1628,.T.);
#5620=EDGE_CURVE('',#4614,#4613,#1629,.T.);
#5621=EDGE_CURVE('',#4615,#4614,#1630,.T.);
#5622=EDGE_CURVE('',#4616,#4615,#1631,.T.);
#5623=EDGE_CURVE('',#4617,#4616,#1632,.T.);
#5624=EDGE_CURVE('',#4618,#4617,#1633,.T.);
#5625=EDGE_CURVE('',#4619,#4618,#1634,.T.);
#5626=EDGE_CURVE('',#4620,#4619,#1635,.T.);
#5627=EDGE_CURVE('',#4621,#4620,#1636,.T.);
#5628=EDGE_CURVE('',#4622,#4621,#1637,.T.);
#5629=EDGE_CURVE('',#4623,#4622,#1638,.T.);
#5630=EDGE_CURVE('',#4624,#4623,#1639,.T.);
#5631=EDGE_CURVE('',#4625,#4624,#1640,.T.);
#5632=EDGE_CURVE('',#4626,#4625,#1641,.T.);
#5633=EDGE_CURVE('',#4627,#4626,#1642,.T.);
#5634=EDGE_CURVE('',#4628,#4627,#1643,.T.);
#5635=EDGE_CURVE('',#4629,#4628,#1644,.T.);
#5636=EDGE_CURVE('',#4630,#4629,#1645,.T.);
#5637=EDGE_CURVE('',#4631,#4630,#1646,.T.);
#5638=EDGE_CURVE('',#4632,#4631,#1647,.T.);
#5639=EDGE_CURVE('',#4633,#4632,#1648,.T.);
#5640=EDGE_CURVE('',#4634,#4633,#1649,.T.);
#5641=EDGE_CURVE('',#4635,#4634,#1650,.T.);
#5642=EDGE_CURVE('',#4636,#4635,#1651,.T.);
#5643=EDGE_CURVE('',#4637,#4636,#1652,.T.);
#5644=EDGE_CURVE('',#4638,#4637,#1653,.T.);
#5645=EDGE_CURVE('',#4639,#4638,#1654,.T.);
#5646=EDGE_CURVE('',#4640,#4639,#1655,.T.);
#5647=EDGE_CURVE('',#4641,#4640,#1656,.T.);
#5648=EDGE_CURVE('',#4642,#4641,#1657,.T.);
#5649=EDGE_CURVE('',#4643,#4642,#1658,.T.);
#5650=EDGE_CURVE('',#4585,#4643,#1659,.T.);
#5651=EDGE_CURVE('',#4644,#4645,#1660,.T.);
#5652=EDGE_CURVE('',#4645,#4646,#1661,.T.);
#5653=EDGE_CURVE('',#4646,#4647,#1662,.T.);
#5654=EDGE_CURVE('',#4647,#4648,#1663,.T.);
#5655=EDGE_CURVE('',#4648,#4649,#1664,.T.);
#5656=EDGE_CURVE('',#4649,#4650,#1665,.T.);
#5657=EDGE_CURVE('',#4650,#4651,#1666,.T.);
#5658=EDGE_CURVE('',#4651,#4652,#1667,.T.);
#5659=EDGE_CURVE('',#4652,#4653,#1668,.T.);
#5660=EDGE_CURVE('',#4653,#4654,#1669,.T.);
#5661=EDGE_CURVE('',#4654,#4655,#1670,.T.);
#5662=EDGE_CURVE('',#4655,#4656,#1671,.T.);
#5663=EDGE_CURVE('',#4656,#4657,#1672,.T.);
#5664=EDGE_CURVE('',#4657,#4658,#1673,.T.);
#5665=EDGE_CURVE('',#4658,#4659,#1674,.T.);
#5666=EDGE_CURVE('',#4659,#4660,#1675,.T.);
#5667=EDGE_CURVE('',#4660,#4661,#1676,.T.);
#5668=EDGE_CURVE('',#4661,#4662,#1677,.T.);
#5669=EDGE_CURVE('',#4662,#4663,#1678,.T.);
#5670=EDGE_CURVE('',#4663,#4664,#1679,.T.);
#5671=EDGE_CURVE('',#4664,#4665,#1680,.T.);
#5672=EDGE_CURVE('',#4665,#4666,#1681,.T.);
#5673=EDGE_CURVE('',#4666,#4667,#1682,.T.);
#5674=EDGE_CURVE('',#4667,#4668,#1683,.T.);
#5675=EDGE_CURVE('',#4668,#4669,#1684,.T.);
#5676=EDGE_CURVE('',#4669,#4670,#1685,.T.);
#5677=EDGE_CURVE('',#4670,#4671,#1686,.T.);
#5678=EDGE_CURVE('',#4671,#4672,#1687,.T.);
#5679=EDGE_CURVE('',#4672,#4673,#1688,.T.);
#5680=EDGE_CURVE('',#4673,#4674,#1689,.T.);
#5681=EDGE_CURVE('',#4674,#4675,#1690,.T.);
#5682=EDGE_CURVE('',#4675,#4676,#1691,.T.);
#5683=EDGE_CURVE('',#4676,#4677,#1692,.T.);
#5684=EDGE_CURVE('',#4677,#4678,#1693,.T.);
#5685=EDGE_CURVE('',#4678,#4679,#1694,.T.);
#5686=EDGE_CURVE('',#4679,#4680,#1695,.T.);
#5687=EDGE_CURVE('',#4680,#4681,#1696,.T.);
#5688=EDGE_CURVE('',#4681,#4682,#1697,.T.);
#5689=EDGE_CURVE('',#4682,#4683,#1698,.T.);
#5690=EDGE_CURVE('',#4683,#4684,#1699,.T.);
#5691=EDGE_CURVE('',#4684,#4685,#1700,.T.);
#5692=EDGE_CURVE('',#4685,#4686,#1701,.T.);
#5693=EDGE_CURVE('',#4686,#4687,#1702,.T.);
#5694=EDGE_CURVE('',#4687,#4644,#1703,.T.);
#5695=EDGE_CURVE('',#4688,#4689,#1704,.T.);
#5696=EDGE_CURVE('',#4690,#4688,#1705,.T.);
#5697=EDGE_CURVE('',#4691,#4690,#1706,.T.);
#5698=EDGE_CURVE('',#4692,#4691,#1707,.T.);
#5699=EDGE_CURVE('',#4693,#4692,#1708,.T.);
#5700=EDGE_CURVE('',#4694,#4693,#1709,.T.);
#5701=EDGE_CURVE('',#4695,#4694,#1710,.T.);
#5702=EDGE_CURVE('',#4696,#4695,#1711,.T.);
#5703=EDGE_CURVE('',#4697,#4696,#1712,.T.);
#5704=EDGE_CURVE('',#4698,#4697,#1713,.T.);
#5705=EDGE_CURVE('',#4699,#4698,#1714,.T.);
#5706=EDGE_CURVE('',#4700,#4699,#1715,.T.);
#5707=EDGE_CURVE('',#4701,#4700,#1716,.T.);
#5708=EDGE_CURVE('',#4702,#4701,#1717,.T.);
#5709=EDGE_CURVE('',#4703,#4702,#1718,.T.);
#5710=EDGE_CURVE('',#4704,#4703,#1719,.T.);
#5711=EDGE_CURVE('',#4705,#4704,#1720,.T.);
#5712=EDGE_CURVE('',#4706,#4705,#1721,.T.);
#5713=EDGE_CURVE('',#4707,#4706,#1722,.T.);
#5714=EDGE_CURVE('',#4708,#4707,#1723,.T.);
#5715=EDGE_CURVE('',#4709,#4708,#1724,.T.);
#5716=EDGE_CURVE('',#4710,#4709,#1725,.T.);
#5717=EDGE_CURVE('',#4711,#4710,#1726,.T.);
#5718=EDGE_CURVE('',#4712,#4711,#1727,.T.);
#5719=EDGE_CURVE('',#4713,#4712,#1728,.T.);
#5720=EDGE_CURVE('',#4714,#4713,#1729,.T.);
#5721=EDGE_CURVE('',#4715,#4714,#1730,.T.);
#5722=EDGE_CURVE('',#4716,#4715,#1731,.T.);
#5723=EDGE_CURVE('',#4717,#4716,#1732,.T.);
#5724=EDGE_CURVE('',#4718,#4717,#1733,.T.);
#5725=EDGE_CURVE('',#4719,#4718,#1734,.T.);
#5726=EDGE_CURVE('',#4720,#4719,#1735,.T.);
#5727=EDGE_CURVE('',#4721,#4720,#1736,.T.);
#5728=EDGE_CURVE('',#4722,#4721,#1737,.T.);
#5729=EDGE_CURVE('',#4723,#4722,#1738,.T.);
#5730=EDGE_CURVE('',#4724,#4723,#1739,.T.);
#5731=EDGE_CURVE('',#4725,#4724,#1740,.T.);
#5732=EDGE_CURVE('',#4726,#4725,#1741,.T.);
#5733=EDGE_CURVE('',#4727,#4726,#1742,.T.);
#5734=EDGE_CURVE('',#4728,#4727,#1743,.T.);
#5735=EDGE_CURVE('',#4729,#4728,#1744,.T.);
#5736=EDGE_CURVE('',#4730,#4729,#1745,.T.);
#5737=EDGE_CURVE('',#4731,#4730,#1746,.T.);
#5738=EDGE_CURVE('',#4732,#4731,#1747,.T.);
#5739=EDGE_CURVE('',#4733,#4732,#1748,.T.);
#5740=EDGE_CURVE('',#4734,#4733,#1749,.T.);
#5741=EDGE_CURVE('',#4735,#4734,#1750,.T.);
#5742=EDGE_CURVE('',#4736,#4735,#1751,.T.);
#5743=EDGE_CURVE('',#4737,#4736,#1752,.T.);
#5744=EDGE_CURVE('',#4738,#4737,#1753,.T.);
#5745=EDGE_CURVE('',#4739,#4738,#1754,.T.);
#5746=EDGE_CURVE('',#4740,#4739,#1755,.T.);
#5747=EDGE_CURVE('',#4741,#4740,#1756,.T.);
#5748=EDGE_CURVE('',#4742,#4741,#1757,.T.);
#5749=EDGE_CURVE('',#4743,#4742,#1758,.T.);
#5750=EDGE_CURVE('',#4744,#4743,#1759,.T.);
#5751=EDGE_CURVE('',#4745,#4744,#1760,.T.);
#5752=EDGE_CURVE('',#4746,#4745,#1761,.T.);
#5753=EDGE_CURVE('',#4747,#4746,#1762,.T.);
#5754=EDGE_CURVE('',#4689,#4747,#1763,.T.);
#5755=EDGE_CURVE('',#4748,#4749,#1764,.T.);
#5756=EDGE_CURVE('',#4749,#4750,#1765,.T.);
#5757=EDGE_CURVE('',#4750,#4751,#1766,.T.);
#5758=EDGE_CURVE('',#4751,#4752,#1767,.T.);
#5759=EDGE_CURVE('',#4752,#4753,#1768,.T.);
#5760=EDGE_CURVE('',#4753,#4754,#1769,.T.);
#5761=EDGE_CURVE('',#4754,#4755,#1770,.T.);
#5762=EDGE_CURVE('',#4755,#4756,#1771,.T.);
#5763=EDGE_CURVE('',#4756,#4757,#1772,.T.);
#5764=EDGE_CURVE('',#4757,#4758,#1773,.T.);
#5765=EDGE_CURVE('',#4758,#4759,#1774,.T.);
#5766=EDGE_CURVE('',#4759,#4760,#1775,.T.);
#5767=EDGE_CURVE('',#4760,#4761,#1776,.T.);
#5768=EDGE_CURVE('',#4761,#4762,#1777,.T.);
#5769=EDGE_CURVE('',#4762,#4763,#1778,.T.);
#5770=EDGE_CURVE('',#4763,#4764,#1779,.T.);
#5771=EDGE_CURVE('',#4764,#4765,#1780,.T.);
#5772=EDGE_CURVE('',#4765,#4766,#1781,.T.);
#5773=EDGE_CURVE('',#4766,#4767,#1782,.T.);
#5774=EDGE_CURVE('',#4767,#4768,#1783,.T.);
#5775=EDGE_CURVE('',#4768,#4769,#1784,.T.);
#5776=EDGE_CURVE('',#4769,#4770,#1785,.T.);
#5777=EDGE_CURVE('',#4770,#4771,#1786,.T.);
#5778=EDGE_CURVE('',#4771,#4772,#1787,.T.);
#5779=EDGE_CURVE('',#4772,#4773,#1788,.T.);
#5780=EDGE_CURVE('',#4773,#4774,#1789,.T.);
#5781=EDGE_CURVE('',#4774,#4775,#1790,.T.);
#5782=EDGE_CURVE('',#4775,#4776,#1791,.T.);
#5783=EDGE_CURVE('',#4776,#4777,#1792,.T.);
#5784=EDGE_CURVE('',#4777,#4778,#1793,.T.);
#5785=EDGE_CURVE('',#4778,#4779,#1794,.T.);
#5786=EDGE_CURVE('',#4779,#4780,#1795,.T.);
#5787=EDGE_CURVE('',#4780,#4781,#1796,.T.);
#5788=EDGE_CURVE('',#4781,#4782,#1797,.T.);
#5789=EDGE_CURVE('',#4782,#4783,#1798,.T.);
#5790=EDGE_CURVE('',#4783,#4784,#1799,.T.);
#5791=EDGE_CURVE('',#4784,#4785,#1800,.T.);
#5792=EDGE_CURVE('',#4785,#4786,#1801,.T.);
#5793=EDGE_CURVE('',#4786,#4787,#1802,.T.);
#5794=EDGE_CURVE('',#4787,#4788,#1803,.T.);
#5795=EDGE_CURVE('',#4788,#4789,#1804,.T.);
#5796=EDGE_CURVE('',#4789,#4790,#1805,.T.);
#5797=EDGE_CURVE('',#4790,#4791,#1806,.T.);
#5798=EDGE_CURVE('',#4791,#4748,#1807,.T.);
#5799=EDGE_CURVE('',#4792,#4793,#1808,.T.);
#5800=EDGE_CURVE('',#4794,#4792,#1809,.T.);
#5801=EDGE_CURVE('',#4795,#4794,#1810,.T.);
#5802=EDGE_CURVE('',#4796,#4795,#1811,.T.);
#5803=EDGE_CURVE('',#4797,#4796,#1812,.T.);
#5804=EDGE_CURVE('',#4798,#4797,#1813,.T.);
#5805=EDGE_CURVE('',#4799,#4798,#1814,.T.);
#5806=EDGE_CURVE('',#4800,#4799,#1815,.T.);
#5807=EDGE_CURVE('',#4801,#4800,#1816,.T.);
#5808=EDGE_CURVE('',#4802,#4801,#1817,.T.);
#5809=EDGE_CURVE('',#4803,#4802,#1818,.T.);
#5810=EDGE_CURVE('',#4804,#4803,#1819,.T.);
#5811=EDGE_CURVE('',#4805,#4804,#1820,.T.);
#5812=EDGE_CURVE('',#4806,#4805,#1821,.T.);
#5813=EDGE_CURVE('',#4807,#4806,#1822,.T.);
#5814=EDGE_CURVE('',#4808,#4807,#1823,.T.);
#5815=EDGE_CURVE('',#4809,#4808,#1824,.T.);
#5816=EDGE_CURVE('',#4810,#4809,#1825,.T.);
#5817=EDGE_CURVE('',#4811,#4810,#1826,.T.);
#5818=EDGE_CURVE('',#4812,#4811,#1827,.T.);
#5819=EDGE_CURVE('',#4813,#4812,#1828,.T.);
#5820=EDGE_CURVE('',#4814,#4813,#1829,.T.);
#5821=EDGE_CURVE('',#4815,#4814,#1830,.T.);
#5822=EDGE_CURVE('',#4816,#4815,#1831,.T.);
#5823=EDGE_CURVE('',#4817,#4816,#1832,.T.);
#5824=EDGE_CURVE('',#4818,#4817,#1833,.T.);
#5825=EDGE_CURVE('',#4819,#4818,#1834,.T.);
#5826=EDGE_CURVE('',#4820,#4819,#1835,.T.);
#5827=EDGE_CURVE('',#4821,#4820,#1836,.T.);
#5828=EDGE_CURVE('',#4822,#4821,#1837,.T.);
#5829=EDGE_CURVE('',#4823,#4822,#1838,.T.);
#5830=EDGE_CURVE('',#4824,#4823,#1839,.T.);
#5831=EDGE_CURVE('',#4825,#4824,#1840,.T.);
#5832=EDGE_CURVE('',#4826,#4825,#1841,.T.);
#5833=EDGE_CURVE('',#4827,#4826,#1842,.T.);
#5834=EDGE_CURVE('',#4828,#4827,#1843,.T.);
#5835=EDGE_CURVE('',#4829,#4828,#1844,.T.);
#5836=EDGE_CURVE('',#4830,#4829,#1845,.T.);
#5837=EDGE_CURVE('',#4831,#4830,#1846,.T.);
#5838=EDGE_CURVE('',#4832,#4831,#1847,.T.);
#5839=EDGE_CURVE('',#4833,#4832,#1848,.T.);
#5840=EDGE_CURVE('',#4834,#4833,#1849,.T.);
#5841=EDGE_CURVE('',#4835,#4834,#1850,.T.);
#5842=EDGE_CURVE('',#4836,#4835,#1851,.T.);
#5843=EDGE_CURVE('',#4837,#4836,#1852,.T.);
#5844=EDGE_CURVE('',#4838,#4837,#1853,.T.);
#5845=EDGE_CURVE('',#4839,#4838,#1854,.T.);
#5846=EDGE_CURVE('',#4840,#4839,#1855,.T.);
#5847=EDGE_CURVE('',#4841,#4840,#1856,.T.);
#5848=EDGE_CURVE('',#4842,#4841,#1857,.T.);
#5849=EDGE_CURVE('',#4843,#4842,#1858,.T.);
#5850=EDGE_CURVE('',#4844,#4843,#1859,.T.);
#5851=EDGE_CURVE('',#4845,#4844,#1860,.T.);
#5852=EDGE_CURVE('',#4846,#4845,#1861,.T.);
#5853=EDGE_CURVE('',#4847,#4846,#1862,.T.);
#5854=EDGE_CURVE('',#4848,#4847,#1863,.T.);
#5855=EDGE_CURVE('',#4849,#4848,#1864,.T.);
#5856=EDGE_CURVE('',#4850,#4849,#1865,.T.);
#5857=EDGE_CURVE('',#4851,#4850,#1866,.T.);
#5858=EDGE_CURVE('',#4793,#4851,#1867,.T.);
#5859=EDGE_CURVE('',#4852,#4853,#1868,.T.);
#5860=EDGE_CURVE('',#4853,#4854,#1869,.T.);
#5861=EDGE_CURVE('',#4854,#4855,#1870,.T.);
#5862=EDGE_CURVE('',#4855,#4856,#1871,.T.);
#5863=EDGE_CURVE('',#4856,#4857,#1872,.T.);
#5864=EDGE_CURVE('',#4857,#4858,#1873,.T.);
#5865=EDGE_CURVE('',#4858,#4859,#1874,.T.);
#5866=EDGE_CURVE('',#4859,#4860,#1875,.T.);
#5867=EDGE_CURVE('',#4860,#4861,#1876,.T.);
#5868=EDGE_CURVE('',#4861,#4862,#1877,.T.);
#5869=EDGE_CURVE('',#4862,#4863,#1878,.T.);
#5870=EDGE_CURVE('',#4863,#4864,#1879,.T.);
#5871=EDGE_CURVE('',#4864,#4865,#1880,.T.);
#5872=EDGE_CURVE('',#4865,#4866,#1881,.T.);
#5873=EDGE_CURVE('',#4866,#4867,#1882,.T.);
#5874=EDGE_CURVE('',#4867,#4868,#1883,.T.);
#5875=EDGE_CURVE('',#4868,#4869,#1884,.T.);
#5876=EDGE_CURVE('',#4869,#4870,#1885,.T.);
#5877=EDGE_CURVE('',#4870,#4871,#1886,.T.);
#5878=EDGE_CURVE('',#4871,#4872,#1887,.T.);
#5879=EDGE_CURVE('',#4872,#4873,#1888,.T.);
#5880=EDGE_CURVE('',#4873,#4874,#1889,.T.);
#5881=EDGE_CURVE('',#4874,#4875,#1890,.T.);
#5882=EDGE_CURVE('',#4875,#4876,#1891,.T.);
#5883=EDGE_CURVE('',#4876,#4877,#1892,.T.);
#5884=EDGE_CURVE('',#4877,#4878,#1893,.T.);
#5885=EDGE_CURVE('',#4878,#4879,#1894,.T.);
#5886=EDGE_CURVE('',#4879,#4880,#1895,.T.);
#5887=EDGE_CURVE('',#4880,#4881,#1896,.T.);
#5888=EDGE_CURVE('',#4881,#4882,#1897,.T.);
#5889=EDGE_CURVE('',#4882,#4883,#1898,.T.);
#5890=EDGE_CURVE('',#4883,#4884,#1899,.T.);
#5891=EDGE_CURVE('',#4884,#4885,#1900,.T.);
#5892=EDGE_CURVE('',#4885,#4886,#1901,.T.);
#5893=EDGE_CURVE('',#4886,#4887,#1902,.T.);
#5894=EDGE_CURVE('',#4887,#4888,#1903,.T.);
#5895=EDGE_CURVE('',#4888,#4889,#1904,.T.);
#5896=EDGE_CURVE('',#4889,#4890,#1905,.T.);
#5897=EDGE_CURVE('',#4890,#4891,#1906,.T.);
#5898=EDGE_CURVE('',#4891,#4892,#1907,.T.);
#5899=EDGE_CURVE('',#4892,#4893,#1908,.T.);
#5900=EDGE_CURVE('',#4893,#4894,#1909,.T.);
#5901=EDGE_CURVE('',#4894,#4895,#1910,.T.);
#5902=EDGE_CURVE('',#4895,#4852,#1911,.T.);
#5903=EDGE_CURVE('',#4896,#4897,#1912,.T.);
#5904=EDGE_CURVE('',#4898,#4896,#1913,.T.);
#5905=EDGE_CURVE('',#4899,#4898,#1914,.T.);
#5906=EDGE_CURVE('',#4899,#4580,#1915,.T.);
#5907=EDGE_CURVE('',#4900,#4580,#4557,.T.);
#5908=EDGE_CURVE('',#4901,#4900,#1916,.T.);
#5909=EDGE_CURVE('',#4902,#4901,#4558,.T.);
#5910=EDGE_CURVE('',#4903,#4902,#1917,.T.);
#5911=EDGE_CURVE('',#4904,#4903,#4559,.T.);
#5912=EDGE_CURVE('',#4905,#4904,#1918,.T.);
#5913=EDGE_CURVE('',#4581,#4905,#4560,.T.);
#5914=EDGE_CURVE('',#4581,#4897,#1919,.T.);
#5915=EDGE_CURVE('',#4906,#4907,#1920,.T.);
#5916=EDGE_CURVE('',#4906,#4908,#1921,.T.);
#5917=EDGE_CURVE('',#4908,#4909,#1922,.T.);
#5918=EDGE_CURVE('',#4909,#4907,#1923,.T.);
#5919=EDGE_CURVE('',#4908,#4910,#1924,.T.);
#5920=EDGE_CURVE('',#4910,#4911,#1925,.T.);
#5921=EDGE_CURVE('',#4911,#4909,#1926,.T.);
#5922=EDGE_CURVE('',#4910,#4912,#1927,.T.);
#5923=EDGE_CURVE('',#4912,#4913,#1928,.T.);
#5924=EDGE_CURVE('',#4913,#4911,#1929,.T.);
#5925=EDGE_CURVE('',#4912,#4914,#1930,.T.);
#5926=EDGE_CURVE('',#4914,#4915,#1931,.T.);
#5927=EDGE_CURVE('',#4915,#4913,#1932,.T.);
#5928=EDGE_CURVE('',#4914,#4916,#1933,.T.);
#5929=EDGE_CURVE('',#4916,#4917,#1934,.T.);
#5930=EDGE_CURVE('',#4917,#4915,#1935,.T.);
#5931=EDGE_CURVE('',#4916,#4918,#1936,.T.);
#5932=EDGE_CURVE('',#4918,#4919,#1937,.T.);
#5933=EDGE_CURVE('',#4919,#4917,#1938,.T.);
#5934=EDGE_CURVE('',#4918,#4920,#1939,.T.);
#5935=EDGE_CURVE('',#4920,#4921,#1940,.T.);
#5936=EDGE_CURVE('',#4921,#4919,#1941,.T.);
#5937=EDGE_CURVE('',#4920,#4922,#1942,.T.);
#5938=EDGE_CURVE('',#4922,#4923,#1943,.T.);
#5939=EDGE_CURVE('',#4923,#4921,#1944,.T.);
#5940=EDGE_CURVE('',#4922,#4924,#1945,.T.);
#5941=EDGE_CURVE('',#4924,#4925,#1946,.T.);
#5942=EDGE_CURVE('',#4925,#4923,#1947,.T.);
#5943=EDGE_CURVE('',#4924,#4926,#1948,.T.);
#5944=EDGE_CURVE('',#4926,#4927,#1949,.T.);
#5945=EDGE_CURVE('',#4927,#4925,#1950,.T.);
#5946=EDGE_CURVE('',#4926,#4928,#1951,.T.);
#5947=EDGE_CURVE('',#4928,#4929,#1952,.T.);
#5948=EDGE_CURVE('',#4929,#4927,#1953,.T.);
#5949=EDGE_CURVE('',#4928,#4930,#1954,.T.);
#5950=EDGE_CURVE('',#4930,#4931,#1955,.T.);
#5951=EDGE_CURVE('',#4931,#4929,#1956,.T.);
#5952=EDGE_CURVE('',#4932,#4933,#1957,.T.);
#5953=EDGE_CURVE('',#4932,#4934,#1958,.T.);
#5954=EDGE_CURVE('',#4934,#4935,#1959,.T.);
#5955=EDGE_CURVE('',#4935,#4933,#1960,.T.);
#5956=EDGE_CURVE('',#4934,#4936,#1961,.T.);
#5957=EDGE_CURVE('',#4936,#4937,#1962,.T.);
#5958=EDGE_CURVE('',#4937,#4935,#1963,.T.);
#5959=EDGE_CURVE('',#4936,#4938,#1964,.T.);
#5960=EDGE_CURVE('',#4938,#4939,#1965,.T.);
#5961=EDGE_CURVE('',#4939,#4937,#1966,.T.);
#5962=EDGE_CURVE('',#4938,#4940,#1967,.T.);
#5963=EDGE_CURVE('',#4940,#4941,#1968,.T.);
#5964=EDGE_CURVE('',#4941,#4939,#1969,.T.);
#5965=EDGE_CURVE('',#4940,#4942,#1970,.T.);
#5966=EDGE_CURVE('',#4942,#4943,#1971,.T.);
#5967=EDGE_CURVE('',#4943,#4941,#1972,.T.);
#5968=EDGE_CURVE('',#4942,#4944,#1973,.T.);
#5969=EDGE_CURVE('',#4944,#4945,#1974,.T.);
#5970=EDGE_CURVE('',#4945,#4943,#1975,.T.);
#5971=EDGE_CURVE('',#4944,#4946,#1976,.T.);
#5972=EDGE_CURVE('',#4946,#4947,#1977,.T.);
#5973=EDGE_CURVE('',#4947,#4945,#1978,.T.);
#5974=EDGE_CURVE('',#4946,#4948,#1979,.T.);
#5975=EDGE_CURVE('',#4948,#4949,#1980,.T.);
#5976=EDGE_CURVE('',#4949,#4947,#1981,.T.);
#5977=EDGE_CURVE('',#4948,#4950,#1982,.T.);
#5978=EDGE_CURVE('',#4950,#4951,#1983,.T.);
#5979=EDGE_CURVE('',#4951,#4949,#1984,.T.);
#5980=EDGE_CURVE('',#4950,#4952,#1985,.T.);
#5981=EDGE_CURVE('',#4952,#4953,#1986,.T.);
#5982=EDGE_CURVE('',#4953,#4951,#1987,.T.);
#5983=EDGE_CURVE('',#4954,#4955,#1988,.T.);
#5984=EDGE_CURVE('',#4954,#4906,#1989,.T.);
#5985=EDGE_CURVE('',#4907,#4955,#1990,.T.);
#5986=EDGE_CURVE('',#4956,#4898,#1991,.T.);
#5987=EDGE_CURVE('',#4957,#4956,#1992,.T.);
#5988=EDGE_CURVE('',#4957,#4899,#1993,.T.);
#5989=EDGE_CURVE('',#4958,#4957,#1994,.T.);
#5990=EDGE_CURVE('',#4897,#4958,#1995,.T.);
#5991=EDGE_CURVE('',#4959,#4958,#1996,.T.);
#5992=EDGE_CURVE('',#4896,#4959,#1997,.T.);
#5993=EDGE_CURVE('',#4952,#4960,#1998,.T.);
#5994=EDGE_CURVE('',#4960,#4961,#1999,.T.);
#5995=EDGE_CURVE('',#4961,#4953,#2000,.T.);
#5996=EDGE_CURVE('',#4962,#4903,#2001,.T.);
#5997=EDGE_CURVE('',#4963,#4962,#43,.T.);
#5998=EDGE_CURVE('',#4963,#4904,#2002,.T.);
#5999=EDGE_CURVE('',#4964,#4963,#2003,.T.);
#6000=EDGE_CURVE('',#4964,#4905,#2004,.T.);
#6001=EDGE_CURVE('',#4965,#4964,#44,.T.);
#6002=EDGE_CURVE('',#4965,#4582,#2005,.T.);
#6003=EDGE_CURVE('',#4966,#4749,#2006,.T.);
#6004=EDGE_CURVE('',#4967,#4966,#2007,.T.);
#6005=EDGE_CURVE('',#4967,#4750,#2008,.T.);
#6006=EDGE_CURVE('',#4968,#4967,#2009,.T.);
#6007=EDGE_CURVE('',#4968,#4751,#2010,.T.);
#6008=EDGE_CURVE('',#4969,#4968,#2011,.T.);
#6009=EDGE_CURVE('',#4969,#4752,#2012,.T.);
#6010=EDGE_CURVE('',#4970,#4969,#2013,.T.);
#6011=EDGE_CURVE('',#4970,#4753,#2014,.T.);
#6012=EDGE_CURVE('',#4971,#4970,#2015,.T.);
#6013=EDGE_CURVE('',#4971,#4754,#2016,.T.);
#6014=EDGE_CURVE('',#4972,#4971,#2017,.T.);
#6015=EDGE_CURVE('',#4972,#4755,#2018,.T.);
#6016=EDGE_CURVE('',#4973,#4972,#2019,.T.);
#6017=EDGE_CURVE('',#4973,#4756,#2020,.T.);
#6018=EDGE_CURVE('',#4974,#4973,#2021,.T.);
#6019=EDGE_CURVE('',#4974,#4757,#2022,.T.);
#6020=EDGE_CURVE('',#4975,#4974,#2023,.T.);
#6021=EDGE_CURVE('',#4975,#4758,#2024,.T.);
#6022=EDGE_CURVE('',#4976,#4975,#2025,.T.);
#6023=EDGE_CURVE('',#4976,#4759,#2026,.T.);
#6024=EDGE_CURVE('',#4977,#4976,#2027,.T.);
#6025=EDGE_CURVE('',#4977,#4760,#2028,.T.);
#6026=EDGE_CURVE('',#4978,#4977,#2029,.T.);
#6027=EDGE_CURVE('',#4978,#4761,#2030,.T.);
#6028=EDGE_CURVE('',#4979,#4978,#2031,.T.);
#6029=EDGE_CURVE('',#4979,#4762,#2032,.T.);
#6030=EDGE_CURVE('',#4980,#4979,#2033,.T.);
#6031=EDGE_CURVE('',#4980,#4763,#2034,.T.);
#6032=EDGE_CURVE('',#4981,#4980,#2035,.T.);
#6033=EDGE_CURVE('',#4981,#4764,#2036,.T.);
#6034=EDGE_CURVE('',#4982,#4981,#2037,.T.);
#6035=EDGE_CURVE('',#4982,#4765,#2038,.T.);
#6036=EDGE_CURVE('',#4983,#4982,#2039,.T.);
#6037=EDGE_CURVE('',#4983,#4766,#2040,.T.);
#6038=EDGE_CURVE('',#4984,#4983,#2041,.T.);
#6039=EDGE_CURVE('',#4984,#4767,#2042,.T.);
#6040=EDGE_CURVE('',#4985,#4984,#2043,.T.);
#6041=EDGE_CURVE('',#4985,#4768,#2044,.T.);
#6042=EDGE_CURVE('',#4986,#4985,#2045,.T.);
#6043=EDGE_CURVE('',#4986,#4769,#2046,.T.);
#6044=EDGE_CURVE('',#4987,#4986,#2047,.T.);
#6045=EDGE_CURVE('',#4987,#4770,#2048,.T.);
#6046=EDGE_CURVE('',#4988,#4987,#2049,.T.);
#6047=EDGE_CURVE('',#4988,#4771,#2050,.T.);
#6048=EDGE_CURVE('',#4989,#4988,#2051,.T.);
#6049=EDGE_CURVE('',#4989,#4772,#2052,.T.);
#6050=EDGE_CURVE('',#4990,#4989,#2053,.T.);
#6051=EDGE_CURVE('',#4990,#4773,#2054,.T.);
#6052=EDGE_CURVE('',#4991,#4990,#2055,.T.);
#6053=EDGE_CURVE('',#4991,#4774,#2056,.T.);
#6054=EDGE_CURVE('',#4992,#4991,#2057,.T.);
#6055=EDGE_CURVE('',#4992,#4775,#2058,.T.);
#6056=EDGE_CURVE('',#4993,#4992,#2059,.T.);
#6057=EDGE_CURVE('',#4993,#4776,#2060,.T.);
#6058=EDGE_CURVE('',#4994,#4993,#2061,.T.);
#6059=EDGE_CURVE('',#4994,#4777,#2062,.T.);
#6060=EDGE_CURVE('',#4995,#4994,#2063,.T.);
#6061=EDGE_CURVE('',#4995,#4778,#2064,.T.);
#6062=EDGE_CURVE('',#4996,#4995,#2065,.T.);
#6063=EDGE_CURVE('',#4996,#4779,#2066,.T.);
#6064=EDGE_CURVE('',#4997,#4996,#2067,.T.);
#6065=EDGE_CURVE('',#4997,#4780,#2068,.T.);
#6066=EDGE_CURVE('',#4998,#4997,#2069,.T.);
#6067=EDGE_CURVE('',#4998,#4781,#2070,.T.);
#6068=EDGE_CURVE('',#4999,#4998,#2071,.T.);
#6069=EDGE_CURVE('',#4999,#4782,#2072,.T.);
#6070=EDGE_CURVE('',#5000,#4999,#2073,.T.);
#6071=EDGE_CURVE('',#5000,#4783,#2074,.T.);
#6072=EDGE_CURVE('',#5001,#5000,#2075,.T.);
#6073=EDGE_CURVE('',#5001,#4784,#2076,.T.);
#6074=EDGE_CURVE('',#5002,#5001,#2077,.T.);
#6075=EDGE_CURVE('',#5002,#4785,#2078,.T.);
#6076=EDGE_CURVE('',#5003,#5002,#2079,.T.);
#6077=EDGE_CURVE('',#5003,#4786,#2080,.T.);
#6078=EDGE_CURVE('',#5004,#5003,#2081,.T.);
#6079=EDGE_CURVE('',#5004,#4787,#2082,.T.);
#6080=EDGE_CURVE('',#5005,#5004,#2083,.T.);
#6081=EDGE_CURVE('',#5005,#4788,#2084,.T.);
#6082=EDGE_CURVE('',#5006,#5005,#2085,.T.);
#6083=EDGE_CURVE('',#5006,#4789,#2086,.T.);
#6084=EDGE_CURVE('',#5007,#5006,#2087,.T.);
#6085=EDGE_CURVE('',#5007,#4790,#2088,.T.);
#6086=EDGE_CURVE('',#5008,#5007,#2089,.T.);
#6087=EDGE_CURVE('',#5008,#4791,#2090,.T.);
#6088=EDGE_CURVE('',#5009,#5008,#2091,.T.);
#6089=EDGE_CURVE('',#5009,#4748,#2092,.T.);
#6090=EDGE_CURVE('',#4966,#5009,#2093,.T.);
#6091=EDGE_CURVE('',#5010,#4853,#2094,.T.);
#6092=EDGE_CURVE('',#5011,#5010,#2095,.T.);
#6093=EDGE_CURVE('',#5011,#4854,#2096,.T.);
#6094=EDGE_CURVE('',#5012,#5011,#2097,.T.);
#6095=EDGE_CURVE('',#5012,#4855,#2098,.T.);
#6096=EDGE_CURVE('',#5013,#5012,#2099,.T.);
#6097=EDGE_CURVE('',#5013,#4856,#2100,.T.);
#6098=EDGE_CURVE('',#5014,#5013,#2101,.T.);
#6099=EDGE_CURVE('',#5014,#4857,#2102,.T.);
#6100=EDGE_CURVE('',#5015,#5014,#2103,.T.);
#6101=EDGE_CURVE('',#5015,#4858,#2104,.T.);
#6102=EDGE_CURVE('',#5016,#5015,#2105,.T.);
#6103=EDGE_CURVE('',#5016,#4859,#2106,.T.);
#6104=EDGE_CURVE('',#5017,#5016,#2107,.T.);
#6105=EDGE_CURVE('',#5017,#4860,#2108,.T.);
#6106=EDGE_CURVE('',#5018,#5017,#2109,.T.);
#6107=EDGE_CURVE('',#5018,#4861,#2110,.T.);
#6108=EDGE_CURVE('',#5019,#5018,#2111,.T.);
#6109=EDGE_CURVE('',#5019,#4862,#2112,.T.);
#6110=EDGE_CURVE('',#5020,#5019,#2113,.T.);
#6111=EDGE_CURVE('',#5020,#4863,#2114,.T.);
#6112=EDGE_CURVE('',#5021,#5020,#2115,.T.);
#6113=EDGE_CURVE('',#5021,#4864,#2116,.T.);
#6114=EDGE_CURVE('',#5022,#5021,#2117,.T.);
#6115=EDGE_CURVE('',#5022,#4865,#2118,.T.);
#6116=EDGE_CURVE('',#5023,#5022,#2119,.T.);
#6117=EDGE_CURVE('',#5023,#4866,#2120,.T.);
#6118=EDGE_CURVE('',#5024,#5023,#2121,.T.);
#6119=EDGE_CURVE('',#5024,#4867,#2122,.T.);
#6120=EDGE_CURVE('',#5025,#5024,#2123,.T.);
#6121=EDGE_CURVE('',#5025,#4868,#2124,.T.);
#6122=EDGE_CURVE('',#5026,#5025,#2125,.T.);
#6123=EDGE_CURVE('',#5026,#4869,#2126,.T.);
#6124=EDGE_CURVE('',#5027,#5026,#2127,.T.);
#6125=EDGE_CURVE('',#5027,#4870,#2128,.T.);
#6126=EDGE_CURVE('',#5028,#5027,#2129,.T.);
#6127=EDGE_CURVE('',#5028,#4871,#2130,.T.);
#6128=EDGE_CURVE('',#5029,#5028,#2131,.T.);
#6129=EDGE_CURVE('',#5029,#4872,#2132,.T.);
#6130=EDGE_CURVE('',#5030,#5029,#2133,.T.);
#6131=EDGE_CURVE('',#5030,#4873,#2134,.T.);
#6132=EDGE_CURVE('',#5031,#5030,#2135,.T.);
#6133=EDGE_CURVE('',#5031,#4874,#2136,.T.);
#6134=EDGE_CURVE('',#5032,#5031,#2137,.T.);
#6135=EDGE_CURVE('',#5032,#4875,#2138,.T.);
#6136=EDGE_CURVE('',#5033,#5032,#2139,.T.);
#6137=EDGE_CURVE('',#5033,#4876,#2140,.T.);
#6138=EDGE_CURVE('',#5034,#5033,#2141,.T.);
#6139=EDGE_CURVE('',#5034,#4877,#2142,.T.);
#6140=EDGE_CURVE('',#5035,#5034,#2143,.T.);
#6141=EDGE_CURVE('',#5035,#4878,#2144,.T.);
#6142=EDGE_CURVE('',#5036,#5035,#2145,.T.);
#6143=EDGE_CURVE('',#5036,#4879,#2146,.T.);
#6144=EDGE_CURVE('',#5037,#5036,#2147,.T.);
#6145=EDGE_CURVE('',#5037,#4880,#2148,.T.);
#6146=EDGE_CURVE('',#5038,#5037,#2149,.T.);
#6147=EDGE_CURVE('',#5038,#4881,#2150,.T.);
#6148=EDGE_CURVE('',#5039,#5038,#2151,.T.);
#6149=EDGE_CURVE('',#5039,#4882,#2152,.T.);
#6150=EDGE_CURVE('',#5040,#5039,#2153,.T.);
#6151=EDGE_CURVE('',#5040,#4883,#2154,.T.);
#6152=EDGE_CURVE('',#5041,#5040,#2155,.T.);
#6153=EDGE_CURVE('',#5041,#4884,#2156,.T.);
#6154=EDGE_CURVE('',#5042,#5041,#2157,.T.);
#6155=EDGE_CURVE('',#5042,#4885,#2158,.T.);
#6156=EDGE_CURVE('',#5043,#5042,#2159,.T.);
#6157=EDGE_CURVE('',#5043,#4886,#2160,.T.);
#6158=EDGE_CURVE('',#5044,#5043,#2161,.T.);
#6159=EDGE_CURVE('',#5044,#4887,#2162,.T.);
#6160=EDGE_CURVE('',#5045,#5044,#2163,.T.);
#6161=EDGE_CURVE('',#5045,#4888,#2164,.T.);
#6162=EDGE_CURVE('',#5046,#5045,#2165,.T.);
#6163=EDGE_CURVE('',#5046,#4889,#2166,.T.);
#6164=EDGE_CURVE('',#5047,#5046,#2167,.T.);
#6165=EDGE_CURVE('',#5047,#4890,#2168,.T.);
#6166=EDGE_CURVE('',#5048,#5047,#2169,.T.);
#6167=EDGE_CURVE('',#5048,#4891,#2170,.T.);
#6168=EDGE_CURVE('',#5049,#5048,#2171,.T.);
#6169=EDGE_CURVE('',#5049,#4892,#2172,.T.);
#6170=EDGE_CURVE('',#5050,#5049,#2173,.T.);
#6171=EDGE_CURVE('',#5050,#4893,#2174,.T.);
#6172=EDGE_CURVE('',#5051,#5050,#2175,.T.);
#6173=EDGE_CURVE('',#5051,#4894,#2176,.T.);
#6174=EDGE_CURVE('',#5052,#5051,#2177,.T.);
#6175=EDGE_CURVE('',#5052,#4895,#2178,.T.);
#6176=EDGE_CURVE('',#5053,#5052,#2179,.T.);
#6177=EDGE_CURVE('',#5053,#4852,#2180,.T.);
#6178=EDGE_CURVE('',#5010,#5053,#2181,.T.);
#6179=EDGE_CURVE('',#5054,#4645,#2182,.T.);
#6180=EDGE_CURVE('',#5055,#5054,#2183,.T.);
#6181=EDGE_CURVE('',#5055,#4646,#2184,.T.);
#6182=EDGE_CURVE('',#5056,#5055,#2185,.T.);
#6183=EDGE_CURVE('',#5056,#4647,#2186,.T.);
#6184=EDGE_CURVE('',#5057,#5056,#2187,.T.);
#6185=EDGE_CURVE('',#5057,#4648,#2188,.T.);
#6186=EDGE_CURVE('',#5058,#5057,#2189,.T.);
#6187=EDGE_CURVE('',#5058,#4649,#2190,.T.);
#6188=EDGE_CURVE('',#5059,#5058,#2191,.T.);
#6189=EDGE_CURVE('',#5059,#4650,#2192,.T.);
#6190=EDGE_CURVE('',#5060,#5059,#2193,.T.);
#6191=EDGE_CURVE('',#5060,#4651,#2194,.T.);
#6192=EDGE_CURVE('',#5061,#5060,#2195,.T.);
#6193=EDGE_CURVE('',#5061,#4652,#2196,.T.);
#6194=EDGE_CURVE('',#5062,#5061,#2197,.T.);
#6195=EDGE_CURVE('',#5062,#4653,#2198,.T.);
#6196=EDGE_CURVE('',#5063,#5062,#2199,.T.);
#6197=EDGE_CURVE('',#5063,#4654,#2200,.T.);
#6198=EDGE_CURVE('',#5064,#5063,#2201,.T.);
#6199=EDGE_CURVE('',#5064,#4655,#2202,.T.);
#6200=EDGE_CURVE('',#5065,#5064,#2203,.T.);
#6201=EDGE_CURVE('',#5065,#4656,#2204,.T.);
#6202=EDGE_CURVE('',#5066,#5065,#2205,.T.);
#6203=EDGE_CURVE('',#5066,#4657,#2206,.T.);
#6204=EDGE_CURVE('',#5067,#5066,#2207,.T.);
#6205=EDGE_CURVE('',#5067,#4658,#2208,.T.);
#6206=EDGE_CURVE('',#5068,#5067,#2209,.T.);
#6207=EDGE_CURVE('',#5068,#4659,#2210,.T.);
#6208=EDGE_CURVE('',#5069,#5068,#2211,.T.);
#6209=EDGE_CURVE('',#5069,#4660,#2212,.T.);
#6210=EDGE_CURVE('',#5070,#5069,#2213,.T.);
#6211=EDGE_CURVE('',#5070,#4661,#2214,.T.);
#6212=EDGE_CURVE('',#5071,#5070,#2215,.T.);
#6213=EDGE_CURVE('',#5071,#4662,#2216,.T.);
#6214=EDGE_CURVE('',#5072,#5071,#2217,.T.);
#6215=EDGE_CURVE('',#5072,#4663,#2218,.T.);
#6216=EDGE_CURVE('',#5073,#5072,#2219,.T.);
#6217=EDGE_CURVE('',#5073,#4664,#2220,.T.);
#6218=EDGE_CURVE('',#5074,#5073,#2221,.T.);
#6219=EDGE_CURVE('',#5074,#4665,#2222,.T.);
#6220=EDGE_CURVE('',#5075,#5074,#2223,.T.);
#6221=EDGE_CURVE('',#5075,#4666,#2224,.T.);
#6222=EDGE_CURVE('',#5076,#5075,#2225,.T.);
#6223=EDGE_CURVE('',#5076,#4667,#2226,.T.);
#6224=EDGE_CURVE('',#5077,#5076,#2227,.T.);
#6225=EDGE_CURVE('',#5077,#4668,#2228,.T.);
#6226=EDGE_CURVE('',#5078,#5077,#2229,.T.);
#6227=EDGE_CURVE('',#5078,#4669,#2230,.T.);
#6228=EDGE_CURVE('',#5079,#5078,#2231,.T.);
#6229=EDGE_CURVE('',#5079,#4670,#2232,.T.);
#6230=EDGE_CURVE('',#5080,#5079,#2233,.T.);
#6231=EDGE_CURVE('',#5080,#4671,#2234,.T.);
#6232=EDGE_CURVE('',#5081,#5080,#2235,.T.);
#6233=EDGE_CURVE('',#5081,#4672,#2236,.T.);
#6234=EDGE_CURVE('',#5082,#5081,#2237,.T.);
#6235=EDGE_CURVE('',#5082,#4673,#2238,.T.);
#6236=EDGE_CURVE('',#5083,#5082,#2239,.T.);
#6237=EDGE_CURVE('',#5083,#4674,#2240,.T.);
#6238=EDGE_CURVE('',#5084,#5083,#2241,.T.);
#6239=EDGE_CURVE('',#5084,#4675,#2242,.T.);
#6240=EDGE_CURVE('',#5085,#5084,#2243,.T.);
#6241=EDGE_CURVE('',#5085,#4676,#2244,.T.);
#6242=EDGE_CURVE('',#5086,#5085,#2245,.T.);
#6243=EDGE_CURVE('',#5086,#4677,#2246,.T.);
#6244=EDGE_CURVE('',#5087,#5086,#2247,.T.);
#6245=EDGE_CURVE('',#5087,#4678,#2248,.T.);
#6246=EDGE_CURVE('',#5088,#5087,#2249,.T.);
#6247=EDGE_CURVE('',#5088,#4679,#2250,.T.);
#6248=EDGE_CURVE('',#5089,#5088,#2251,.T.);
#6249=EDGE_CURVE('',#5089,#4680,#2252,.T.);
#6250=EDGE_CURVE('',#5090,#5089,#2253,.T.);
#6251=EDGE_CURVE('',#5090,#4681,#2254,.T.);
#6252=EDGE_CURVE('',#5091,#5090,#2255,.T.);
#6253=EDGE_CURVE('',#5091,#4682,#2256,.T.);
#6254=EDGE_CURVE('',#5092,#5091,#2257,.T.);
#6255=EDGE_CURVE('',#5092,#4683,#2258,.T.);
#6256=EDGE_CURVE('',#5093,#5092,#2259,.T.);
#6257=EDGE_CURVE('',#5093,#4684,#2260,.T.);
#6258=EDGE_CURVE('',#5094,#5093,#2261,.T.);
#6259=EDGE_CURVE('',#5094,#4685,#2262,.T.);
#6260=EDGE_CURVE('',#5095,#5094,#2263,.T.);
#6261=EDGE_CURVE('',#5095,#4686,#2264,.T.);
#6262=EDGE_CURVE('',#5096,#5095,#2265,.T.);
#6263=EDGE_CURVE('',#5096,#4687,#2266,.T.);
#6264=EDGE_CURVE('',#5097,#5096,#2267,.T.);
#6265=EDGE_CURVE('',#5097,#4644,#2268,.T.);
#6266=EDGE_CURVE('',#5054,#5097,#2269,.T.);
#6267=EDGE_CURVE('',#5098,#4965,#2270,.T.);
#6268=EDGE_CURVE('',#5099,#5098,#2271,.T.);
#6269=EDGE_CURVE('',#5099,#4583,#2272,.T.);
#6270=EDGE_CURVE('',#5100,#5099,#45,.T.);
#6271=EDGE_CURVE('',#4900,#5100,#2273,.T.);
#6272=EDGE_CURVE('',#5101,#5100,#2274,.T.);
#6273=EDGE_CURVE('',#5101,#4901,#2275,.T.);
#6274=EDGE_CURVE('',#5102,#5101,#46,.T.);
#6275=EDGE_CURVE('',#5102,#4902,#2276,.T.);
#6276=EDGE_CURVE('',#5103,#5102,#2277,.T.);
#6277=EDGE_CURVE('',#4962,#5103,#2278,.T.);
#6278=EDGE_CURVE('',#4930,#5104,#2279,.T.);
#6279=EDGE_CURVE('',#5104,#5105,#2280,.T.);
#6280=EDGE_CURVE('',#5105,#4931,#2281,.T.);
#6281=EDGE_CURVE('',#5106,#5107,#2282,.T.);
#6282=EDGE_CURVE('',#5107,#4955,#2283,.T.);
#6283=EDGE_CURVE('',#5108,#5105,#2284,.T.);
#6284=EDGE_CURVE('',#5106,#5108,#2285,.T.);
#6285=EDGE_CURVE('',#5109,#5110,#2286,.T.);
#6286=EDGE_CURVE('',#5109,#4587,#2287,.T.);
#6287=EDGE_CURVE('',#5110,#4586,#2288,.T.);
#6288=EDGE_CURVE('',#5111,#5109,#2289,.T.);
#6289=EDGE_CURVE('',#5111,#4588,#2290,.T.);
#6290=EDGE_CURVE('',#5112,#5111,#2291,.T.);
#6291=EDGE_CURVE('',#5112,#4589,#2292,.T.);
#6292=EDGE_CURVE('',#5113,#5112,#2293,.T.);
#6293=EDGE_CURVE('',#5113,#4590,#2294,.T.);
#6294=EDGE_CURVE('',#5114,#5113,#2295,.T.);
#6295=EDGE_CURVE('',#5114,#4591,#2296,.T.);
#6296=EDGE_CURVE('',#5115,#5114,#2297,.T.);
#6297=EDGE_CURVE('',#5115,#4592,#2298,.T.);
#6298=EDGE_CURVE('',#5116,#5115,#2299,.T.);
#6299=EDGE_CURVE('',#5116,#4593,#2300,.T.);
#6300=EDGE_CURVE('',#5117,#5116,#2301,.T.);
#6301=EDGE_CURVE('',#5117,#4594,#2302,.T.);
#6302=EDGE_CURVE('',#5118,#5117,#2303,.T.);
#6303=EDGE_CURVE('',#5118,#4595,#2304,.T.);
#6304=EDGE_CURVE('',#5119,#5118,#2305,.T.);
#6305=EDGE_CURVE('',#5119,#4596,#2306,.T.);
#6306=EDGE_CURVE('',#5120,#5119,#2307,.T.);
#6307=EDGE_CURVE('',#5120,#4597,#2308,.T.);
#6308=EDGE_CURVE('',#5121,#5120,#2309,.T.);
#6309=EDGE_CURVE('',#5121,#4598,#2310,.T.);
#6310=EDGE_CURVE('',#5122,#5121,#2311,.T.);
#6311=EDGE_CURVE('',#5122,#4599,#2312,.T.);
#6312=EDGE_CURVE('',#5123,#5122,#2313,.T.);
#6313=EDGE_CURVE('',#5123,#4600,#2314,.T.);
#6314=EDGE_CURVE('',#5124,#5123,#2315,.T.);
#6315=EDGE_CURVE('',#5124,#4601,#2316,.T.);
#6316=EDGE_CURVE('',#5125,#5124,#2317,.T.);
#6317=EDGE_CURVE('',#5125,#4602,#2318,.T.);
#6318=EDGE_CURVE('',#5126,#5125,#2319,.T.);
#6319=EDGE_CURVE('',#5126,#4603,#2320,.T.);
#6320=EDGE_CURVE('',#5127,#5126,#2321,.T.);
#6321=EDGE_CURVE('',#5127,#4604,#2322,.T.);
#6322=EDGE_CURVE('',#5128,#5127,#2323,.T.);
#6323=EDGE_CURVE('',#5128,#4605,#2324,.T.);
#6324=EDGE_CURVE('',#5129,#5128,#2325,.T.);
#6325=EDGE_CURVE('',#5129,#4606,#2326,.T.);
#6326=EDGE_CURVE('',#5130,#5129,#2327,.T.);
#6327=EDGE_CURVE('',#5130,#4607,#2328,.T.);
#6328=EDGE_CURVE('',#5131,#5130,#2329,.T.);
#6329=EDGE_CURVE('',#5131,#4608,#2330,.T.);
#6330=EDGE_CURVE('',#5132,#5131,#2331,.T.);
#6331=EDGE_CURVE('',#5132,#4609,#2332,.T.);
#6332=EDGE_CURVE('',#5133,#5132,#2333,.T.);
#6333=EDGE_CURVE('',#5133,#4610,#2334,.T.);
#6334=EDGE_CURVE('',#5134,#5133,#2335,.T.);
#6335=EDGE_CURVE('',#5134,#4611,#2336,.T.);
#6336=EDGE_CURVE('',#5135,#5134,#2337,.T.);
#6337=EDGE_CURVE('',#5135,#4612,#2338,.T.);
#6338=EDGE_CURVE('',#5136,#5135,#2339,.T.);
#6339=EDGE_CURVE('',#5136,#4613,#2340,.T.);
#6340=EDGE_CURVE('',#5137,#5136,#2341,.T.);
#6341=EDGE_CURVE('',#5137,#4614,#2342,.T.);
#6342=EDGE_CURVE('',#5138,#5137,#2343,.T.);
#6343=EDGE_CURVE('',#5138,#4615,#2344,.T.);
#6344=EDGE_CURVE('',#5139,#5138,#2345,.T.);
#6345=EDGE_CURVE('',#5139,#4616,#2346,.T.);
#6346=EDGE_CURVE('',#5140,#5139,#2347,.T.);
#6347=EDGE_CURVE('',#5140,#4617,#2348,.T.);
#6348=EDGE_CURVE('',#5141,#5140,#2349,.T.);
#6349=EDGE_CURVE('',#5141,#4618,#2350,.T.);
#6350=EDGE_CURVE('',#5142,#5141,#2351,.T.);
#6351=EDGE_CURVE('',#5142,#4619,#2352,.T.);
#6352=EDGE_CURVE('',#5143,#5142,#2353,.T.);
#6353=EDGE_CURVE('',#5143,#4620,#2354,.T.);
#6354=EDGE_CURVE('',#5144,#5143,#2355,.T.);
#6355=EDGE_CURVE('',#5144,#4621,#2356,.T.);
#6356=EDGE_CURVE('',#5145,#5144,#2357,.T.);
#6357=EDGE_CURVE('',#5145,#4622,#2358,.T.);
#6358=EDGE_CURVE('',#5146,#5145,#2359,.T.);
#6359=EDGE_CURVE('',#5146,#4623,#2360,.T.);
#6360=EDGE_CURVE('',#5147,#5146,#2361,.T.);
#6361=EDGE_CURVE('',#5147,#4624,#2362,.T.);
#6362=EDGE_CURVE('',#5148,#5147,#2363,.T.);
#6363=EDGE_CURVE('',#5148,#4625,#2364,.T.);
#6364=EDGE_CURVE('',#5149,#5148,#2365,.T.);
#6365=EDGE_CURVE('',#5149,#4626,#2366,.T.);
#6366=EDGE_CURVE('',#5150,#5149,#2367,.T.);
#6367=EDGE_CURVE('',#5150,#4627,#2368,.T.);
#6368=EDGE_CURVE('',#5151,#5150,#2369,.T.);
#6369=EDGE_CURVE('',#5151,#4628,#2370,.T.);
#6370=EDGE_CURVE('',#5152,#5151,#2371,.T.);
#6371=EDGE_CURVE('',#5152,#4629,#2372,.T.);
#6372=EDGE_CURVE('',#5153,#5152,#2373,.T.);
#6373=EDGE_CURVE('',#5153,#4630,#2374,.T.);
#6374=EDGE_CURVE('',#5154,#5153,#2375,.T.);
#6375=EDGE_CURVE('',#5154,#4631,#2376,.T.);
#6376=EDGE_CURVE('',#5155,#5154,#2377,.T.);
#6377=EDGE_CURVE('',#5155,#4632,#2378,.T.);
#6378=EDGE_CURVE('',#5156,#5155,#2379,.T.);
#6379=EDGE_CURVE('',#5156,#4633,#2380,.T.);
#6380=EDGE_CURVE('',#5157,#5156,#2381,.T.);
#6381=EDGE_CURVE('',#5157,#4634,#2382,.T.);
#6382=EDGE_CURVE('',#5158,#5157,#2383,.T.);
#6383=EDGE_CURVE('',#5158,#4635,#2384,.T.);
#6384=EDGE_CURVE('',#5159,#5158,#2385,.T.);
#6385=EDGE_CURVE('',#5159,#4636,#2386,.T.);
#6386=EDGE_CURVE('',#5160,#5159,#2387,.T.);
#6387=EDGE_CURVE('',#5160,#4637,#2388,.T.);
#6388=EDGE_CURVE('',#5161,#5160,#2389,.T.);
#6389=EDGE_CURVE('',#5161,#4638,#2390,.T.);
#6390=EDGE_CURVE('',#5162,#5161,#2391,.T.);
#6391=EDGE_CURVE('',#5162,#4639,#2392,.T.);
#6392=EDGE_CURVE('',#5163,#5162,#2393,.T.);
#6393=EDGE_CURVE('',#5163,#4640,#2394,.T.);
#6394=EDGE_CURVE('',#5164,#5163,#2395,.T.);
#6395=EDGE_CURVE('',#5164,#4641,#2396,.T.);
#6396=EDGE_CURVE('',#5165,#5164,#2397,.T.);
#6397=EDGE_CURVE('',#5165,#4642,#2398,.T.);
#6398=EDGE_CURVE('',#5166,#5165,#2399,.T.);
#6399=EDGE_CURVE('',#5166,#4643,#2400,.T.);
#6400=EDGE_CURVE('',#5167,#5166,#2401,.T.);
#6401=EDGE_CURVE('',#5167,#4585,#2402,.T.);
#6402=EDGE_CURVE('',#5168,#5167,#2403,.T.);
#6403=EDGE_CURVE('',#5168,#4584,#2404,.T.);
#6404=EDGE_CURVE('',#5110,#5168,#2405,.T.);
#6405=EDGE_CURVE('',#5169,#5170,#2406,.T.);
#6406=EDGE_CURVE('',#5169,#4691,#2407,.T.);
#6407=EDGE_CURVE('',#5170,#4690,#2408,.T.);
#6408=EDGE_CURVE('',#5171,#5169,#2409,.T.);
#6409=EDGE_CURVE('',#5171,#4692,#2410,.T.);
#6410=EDGE_CURVE('',#5172,#5171,#2411,.T.);
#6411=EDGE_CURVE('',#5172,#4693,#2412,.T.);
#6412=EDGE_CURVE('',#5173,#5172,#2413,.T.);
#6413=EDGE_CURVE('',#5173,#4694,#2414,.T.);
#6414=EDGE_CURVE('',#5174,#5173,#2415,.T.);
#6415=EDGE_CURVE('',#5174,#4695,#2416,.T.);
#6416=EDGE_CURVE('',#5175,#5174,#2417,.T.);
#6417=EDGE_CURVE('',#5175,#4696,#2418,.T.);
#6418=EDGE_CURVE('',#5176,#5175,#2419,.T.);
#6419=EDGE_CURVE('',#5176,#4697,#2420,.T.);
#6420=EDGE_CURVE('',#5177,#5176,#2421,.T.);
#6421=EDGE_CURVE('',#5177,#4698,#2422,.T.);
#6422=EDGE_CURVE('',#5178,#5177,#2423,.T.);
#6423=EDGE_CURVE('',#5178,#4699,#2424,.T.);
#6424=EDGE_CURVE('',#5179,#5178,#2425,.T.);
#6425=EDGE_CURVE('',#5179,#4700,#2426,.T.);
#6426=EDGE_CURVE('',#5180,#5179,#2427,.T.);
#6427=EDGE_CURVE('',#5180,#4701,#2428,.T.);
#6428=EDGE_CURVE('',#5181,#5180,#2429,.T.);
#6429=EDGE_CURVE('',#5181,#4702,#2430,.T.);
#6430=EDGE_CURVE('',#5182,#5181,#2431,.T.);
#6431=EDGE_CURVE('',#5182,#4703,#2432,.T.);
#6432=EDGE_CURVE('',#5183,#5182,#2433,.T.);
#6433=EDGE_CURVE('',#5183,#4704,#2434,.T.);
#6434=EDGE_CURVE('',#5184,#5183,#2435,.T.);
#6435=EDGE_CURVE('',#5184,#4705,#2436,.T.);
#6436=EDGE_CURVE('',#5185,#5184,#2437,.T.);
#6437=EDGE_CURVE('',#5185,#4706,#2438,.T.);
#6438=EDGE_CURVE('',#5186,#5185,#2439,.T.);
#6439=EDGE_CURVE('',#5186,#4707,#2440,.T.);
#6440=EDGE_CURVE('',#5187,#5186,#2441,.T.);
#6441=EDGE_CURVE('',#5187,#4708,#2442,.T.);
#6442=EDGE_CURVE('',#5188,#5187,#2443,.T.);
#6443=EDGE_CURVE('',#5188,#4709,#2444,.T.);
#6444=EDGE_CURVE('',#5189,#5188,#2445,.T.);
#6445=EDGE_CURVE('',#5189,#4710,#2446,.T.);
#6446=EDGE_CURVE('',#5190,#5189,#2447,.T.);
#6447=EDGE_CURVE('',#5190,#4711,#2448,.T.);
#6448=EDGE_CURVE('',#5191,#5190,#2449,.T.);
#6449=EDGE_CURVE('',#5191,#4712,#2450,.T.);
#6450=EDGE_CURVE('',#5192,#5191,#2451,.T.);
#6451=EDGE_CURVE('',#5192,#4713,#2452,.T.);
#6452=EDGE_CURVE('',#5193,#5192,#2453,.T.);
#6453=EDGE_CURVE('',#5193,#4714,#2454,.T.);
#6454=EDGE_CURVE('',#5194,#5193,#2455,.T.);
#6455=EDGE_CURVE('',#5194,#4715,#2456,.T.);
#6456=EDGE_CURVE('',#5195,#5194,#2457,.T.);
#6457=EDGE_CURVE('',#5195,#4716,#2458,.T.);
#6458=EDGE_CURVE('',#5196,#5195,#2459,.T.);
#6459=EDGE_CURVE('',#5196,#4717,#2460,.T.);
#6460=EDGE_CURVE('',#5197,#5196,#2461,.T.);
#6461=EDGE_CURVE('',#5197,#4718,#2462,.T.);
#6462=EDGE_CURVE('',#5198,#5197,#2463,.T.);
#6463=EDGE_CURVE('',#5198,#4719,#2464,.T.);
#6464=EDGE_CURVE('',#5199,#5198,#2465,.T.);
#6465=EDGE_CURVE('',#5199,#4720,#2466,.T.);
#6466=EDGE_CURVE('',#5200,#5199,#2467,.T.);
#6467=EDGE_CURVE('',#5200,#4721,#2468,.T.);
#6468=EDGE_CURVE('',#5201,#5200,#2469,.T.);
#6469=EDGE_CURVE('',#5201,#4722,#2470,.T.);
#6470=EDGE_CURVE('',#5202,#5201,#2471,.T.);
#6471=EDGE_CURVE('',#5202,#4723,#2472,.T.);
#6472=EDGE_CURVE('',#5203,#5202,#2473,.T.);
#6473=EDGE_CURVE('',#5203,#4724,#2474,.T.);
#6474=EDGE_CURVE('',#5204,#5203,#2475,.T.);
#6475=EDGE_CURVE('',#5204,#4725,#2476,.T.);
#6476=EDGE_CURVE('',#5205,#5204,#2477,.T.);
#6477=EDGE_CURVE('',#5205,#4726,#2478,.T.);
#6478=EDGE_CURVE('',#5206,#5205,#2479,.T.);
#6479=EDGE_CURVE('',#5206,#4727,#2480,.T.);
#6480=EDGE_CURVE('',#5207,#5206,#2481,.T.);
#6481=EDGE_CURVE('',#5207,#4728,#2482,.T.);
#6482=EDGE_CURVE('',#5208,#5207,#2483,.T.);
#6483=EDGE_CURVE('',#5208,#4729,#2484,.T.);
#6484=EDGE_CURVE('',#5209,#5208,#2485,.T.);
#6485=EDGE_CURVE('',#5209,#4730,#2486,.T.);
#6486=EDGE_CURVE('',#5210,#5209,#2487,.T.);
#6487=EDGE_CURVE('',#5210,#4731,#2488,.T.);
#6488=EDGE_CURVE('',#5211,#5210,#2489,.T.);
#6489=EDGE_CURVE('',#5211,#4732,#2490,.T.);
#6490=EDGE_CURVE('',#5212,#5211,#2491,.T.);
#6491=EDGE_CURVE('',#5212,#4733,#2492,.T.);
#6492=EDGE_CURVE('',#5213,#5212,#2493,.T.);
#6493=EDGE_CURVE('',#5213,#4734,#2494,.T.);
#6494=EDGE_CURVE('',#5214,#5213,#2495,.T.);
#6495=EDGE_CURVE('',#5214,#4735,#2496,.T.);
#6496=EDGE_CURVE('',#5215,#5214,#2497,.T.);
#6497=EDGE_CURVE('',#5215,#4736,#2498,.T.);
#6498=EDGE_CURVE('',#5216,#5215,#2499,.T.);
#6499=EDGE_CURVE('',#5216,#4737,#2500,.T.);
#6500=EDGE_CURVE('',#5217,#5216,#2501,.T.);
#6501=EDGE_CURVE('',#5217,#4738,#2502,.T.);
#6502=EDGE_CURVE('',#5218,#5217,#2503,.T.);
#6503=EDGE_CURVE('',#5218,#4739,#2504,.T.);
#6504=EDGE_CURVE('',#5219,#5218,#2505,.T.);
#6505=EDGE_CURVE('',#5219,#4740,#2506,.T.);
#6506=EDGE_CURVE('',#5220,#5219,#2507,.T.);
#6507=EDGE_CURVE('',#5220,#4741,#2508,.T.);
#6508=EDGE_CURVE('',#5221,#5220,#2509,.T.);
#6509=EDGE_CURVE('',#5221,#4742,#2510,.T.);
#6510=EDGE_CURVE('',#5222,#5221,#2511,.T.);
#6511=EDGE_CURVE('',#5222,#4743,#2512,.T.);
#6512=EDGE_CURVE('',#5223,#5222,#2513,.T.);
#6513=EDGE_CURVE('',#5223,#4744,#2514,.T.);
#6514=EDGE_CURVE('',#5224,#5223,#2515,.T.);
#6515=EDGE_CURVE('',#5224,#4745,#2516,.T.);
#6516=EDGE_CURVE('',#5225,#5224,#2517,.T.);
#6517=EDGE_CURVE('',#5225,#4746,#2518,.T.);
#6518=EDGE_CURVE('',#5226,#5225,#2519,.T.);
#6519=EDGE_CURVE('',#5226,#4747,#2520,.T.);
#6520=EDGE_CURVE('',#5227,#5226,#2521,.T.);
#6521=EDGE_CURVE('',#5227,#4689,#2522,.T.);
#6522=EDGE_CURVE('',#5228,#5227,#2523,.T.);
#6523=EDGE_CURVE('',#5228,#4688,#2524,.T.);
#6524=EDGE_CURVE('',#5170,#5228,#2525,.T.);
#6525=EDGE_CURVE('',#5229,#5230,#2526,.T.);
#6526=EDGE_CURVE('',#5229,#4795,#2527,.T.);
#6527=EDGE_CURVE('',#5230,#4794,#2528,.T.);
#6528=EDGE_CURVE('',#5231,#5229,#2529,.T.);
#6529=EDGE_CURVE('',#5231,#4796,#2530,.T.);
#6530=EDGE_CURVE('',#5232,#5231,#2531,.T.);
#6531=EDGE_CURVE('',#5232,#4797,#2532,.T.);
#6532=EDGE_CURVE('',#5233,#5232,#2533,.T.);
#6533=EDGE_CURVE('',#5233,#4798,#2534,.T.);
#6534=EDGE_CURVE('',#5234,#5233,#2535,.T.);
#6535=EDGE_CURVE('',#5234,#4799,#2536,.T.);
#6536=EDGE_CURVE('',#5235,#5234,#2537,.T.);
#6537=EDGE_CURVE('',#5235,#4800,#2538,.T.);
#6538=EDGE_CURVE('',#5236,#5235,#2539,.T.);
#6539=EDGE_CURVE('',#5236,#4801,#2540,.T.);
#6540=EDGE_CURVE('',#5237,#5236,#2541,.T.);
#6541=EDGE_CURVE('',#5237,#4802,#2542,.T.);
#6542=EDGE_CURVE('',#5238,#5237,#2543,.T.);
#6543=EDGE_CURVE('',#5238,#4803,#2544,.T.);
#6544=EDGE_CURVE('',#5239,#5238,#2545,.T.);
#6545=EDGE_CURVE('',#5239,#4804,#2546,.T.);
#6546=EDGE_CURVE('',#5240,#5239,#2547,.T.);
#6547=EDGE_CURVE('',#5240,#4805,#2548,.T.);
#6548=EDGE_CURVE('',#5241,#5240,#2549,.T.);
#6549=EDGE_CURVE('',#5241,#4806,#2550,.T.);
#6550=EDGE_CURVE('',#5242,#5241,#2551,.T.);
#6551=EDGE_CURVE('',#5242,#4807,#2552,.T.);
#6552=EDGE_CURVE('',#5243,#5242,#2553,.T.);
#6553=EDGE_CURVE('',#5243,#4808,#2554,.T.);
#6554=EDGE_CURVE('',#5244,#5243,#2555,.T.);
#6555=EDGE_CURVE('',#5244,#4809,#2556,.T.);
#6556=EDGE_CURVE('',#5245,#5244,#2557,.T.);
#6557=EDGE_CURVE('',#5245,#4810,#2558,.T.);
#6558=EDGE_CURVE('',#5246,#5245,#2559,.T.);
#6559=EDGE_CURVE('',#5246,#4811,#2560,.T.);
#6560=EDGE_CURVE('',#5247,#5246,#2561,.T.);
#6561=EDGE_CURVE('',#5247,#4812,#2562,.T.);
#6562=EDGE_CURVE('',#5248,#5247,#2563,.T.);
#6563=EDGE_CURVE('',#5248,#4813,#2564,.T.);
#6564=EDGE_CURVE('',#5249,#5248,#2565,.T.);
#6565=EDGE_CURVE('',#5249,#4814,#2566,.T.);
#6566=EDGE_CURVE('',#5250,#5249,#2567,.T.);
#6567=EDGE_CURVE('',#5250,#4815,#2568,.T.);
#6568=EDGE_CURVE('',#5251,#5250,#2569,.T.);
#6569=EDGE_CURVE('',#5251,#4816,#2570,.T.);
#6570=EDGE_CURVE('',#5252,#5251,#2571,.T.);
#6571=EDGE_CURVE('',#5252,#4817,#2572,.T.);
#6572=EDGE_CURVE('',#5253,#5252,#2573,.T.);
#6573=EDGE_CURVE('',#5253,#4818,#2574,.T.);
#6574=EDGE_CURVE('',#5254,#5253,#2575,.T.);
#6575=EDGE_CURVE('',#5254,#4819,#2576,.T.);
#6576=EDGE_CURVE('',#5255,#5254,#2577,.T.);
#6577=EDGE_CURVE('',#5255,#4820,#2578,.T.);
#6578=EDGE_CURVE('',#5256,#5255,#2579,.T.);
#6579=EDGE_CURVE('',#5256,#4821,#2580,.T.);
#6580=EDGE_CURVE('',#5257,#5256,#2581,.T.);
#6581=EDGE_CURVE('',#5257,#4822,#2582,.T.);
#6582=EDGE_CURVE('',#5258,#5257,#2583,.T.);
#6583=EDGE_CURVE('',#5258,#4823,#2584,.T.);
#6584=EDGE_CURVE('',#5259,#5258,#2585,.T.);
#6585=EDGE_CURVE('',#5259,#4824,#2586,.T.);
#6586=EDGE_CURVE('',#5260,#5259,#2587,.T.);
#6587=EDGE_CURVE('',#5260,#4825,#2588,.T.);
#6588=EDGE_CURVE('',#5261,#5260,#2589,.T.);
#6589=EDGE_CURVE('',#5261,#4826,#2590,.T.);
#6590=EDGE_CURVE('',#5262,#5261,#2591,.T.);
#6591=EDGE_CURVE('',#5262,#4827,#2592,.T.);
#6592=EDGE_CURVE('',#5263,#5262,#2593,.T.);
#6593=EDGE_CURVE('',#5263,#4828,#2594,.T.);
#6594=EDGE_CURVE('',#5264,#5263,#2595,.T.);
#6595=EDGE_CURVE('',#5264,#4829,#2596,.T.);
#6596=EDGE_CURVE('',#5265,#5264,#2597,.T.);
#6597=EDGE_CURVE('',#5265,#4830,#2598,.T.);
#6598=EDGE_CURVE('',#5266,#5265,#2599,.T.);
#6599=EDGE_CURVE('',#5266,#4831,#2600,.T.);
#6600=EDGE_CURVE('',#5267,#5266,#2601,.T.);
#6601=EDGE_CURVE('',#5267,#4832,#2602,.T.);
#6602=EDGE_CURVE('',#5268,#5267,#2603,.T.);
#6603=EDGE_CURVE('',#5268,#4833,#2604,.T.);
#6604=EDGE_CURVE('',#5269,#5268,#2605,.T.);
#6605=EDGE_CURVE('',#5269,#4834,#2606,.T.);
#6606=EDGE_CURVE('',#5270,#5269,#2607,.T.);
#6607=EDGE_CURVE('',#5270,#4835,#2608,.T.);
#6608=EDGE_CURVE('',#5271,#5270,#2609,.T.);
#6609=EDGE_CURVE('',#5271,#4836,#2610,.T.);
#6610=EDGE_CURVE('',#5272,#5271,#2611,.T.);
#6611=EDGE_CURVE('',#5272,#4837,#2612,.T.);
#6612=EDGE_CURVE('',#5273,#5272,#2613,.T.);
#6613=EDGE_CURVE('',#5273,#4838,#2614,.T.);
#6614=EDGE_CURVE('',#5274,#5273,#2615,.T.);
#6615=EDGE_CURVE('',#5274,#4839,#2616,.T.);
#6616=EDGE_CURVE('',#5275,#5274,#2617,.T.);
#6617=EDGE_CURVE('',#5275,#4840,#2618,.T.);
#6618=EDGE_CURVE('',#5276,#5275,#2619,.T.);
#6619=EDGE_CURVE('',#5276,#4841,#2620,.T.);
#6620=EDGE_CURVE('',#5277,#5276,#2621,.T.);
#6621=EDGE_CURVE('',#5277,#4842,#2622,.T.);
#6622=EDGE_CURVE('',#5278,#5277,#2623,.T.);
#6623=EDGE_CURVE('',#5278,#4843,#2624,.T.);
#6624=EDGE_CURVE('',#5279,#5278,#2625,.T.);
#6625=EDGE_CURVE('',#5279,#4844,#2626,.T.);
#6626=EDGE_CURVE('',#5280,#5279,#2627,.T.);
#6627=EDGE_CURVE('',#5280,#4845,#2628,.T.);
#6628=EDGE_CURVE('',#5281,#5280,#2629,.T.);
#6629=EDGE_CURVE('',#5281,#4846,#2630,.T.);
#6630=EDGE_CURVE('',#5282,#5281,#2631,.T.);
#6631=EDGE_CURVE('',#5282,#4847,#2632,.T.);
#6632=EDGE_CURVE('',#5283,#5282,#2633,.T.);
#6633=EDGE_CURVE('',#5283,#4848,#2634,.T.);
#6634=EDGE_CURVE('',#5284,#5283,#2635,.T.);
#6635=EDGE_CURVE('',#5284,#4849,#2636,.T.);
#6636=EDGE_CURVE('',#5285,#5284,#2637,.T.);
#6637=EDGE_CURVE('',#5285,#4850,#2638,.T.);
#6638=EDGE_CURVE('',#5286,#5285,#2639,.T.);
#6639=EDGE_CURVE('',#5286,#4851,#2640,.T.);
#6640=EDGE_CURVE('',#5287,#5286,#2641,.T.);
#6641=EDGE_CURVE('',#5287,#4793,#2642,.T.);
#6642=EDGE_CURVE('',#5288,#5287,#2643,.T.);
#6643=EDGE_CURVE('',#5288,#4792,#2644,.T.);
#6644=EDGE_CURVE('',#5230,#5288,#2645,.T.);
#6645=EDGE_CURVE('',#5289,#5290,#2646,.T.);
#6646=EDGE_CURVE('',#5290,#5291,#2647,.T.);
#6647=EDGE_CURVE('',#5292,#5291,#2648,.T.);
#6648=EDGE_CURVE('',#5293,#5292,#2649,.T.);
#6649=EDGE_CURVE('',#5294,#5293,#2650,.T.);
#6650=EDGE_CURVE('',#5295,#5294,#2651,.T.);
#6651=EDGE_CURVE('',#5296,#5295,#2652,.T.);
#6652=EDGE_CURVE('',#5297,#5296,#2653,.T.);
#6653=EDGE_CURVE('',#5298,#5297,#2654,.T.);
#6654=EDGE_CURVE('',#5299,#5298,#2655,.T.);
#6655=EDGE_CURVE('',#5300,#5299,#2656,.T.);
#6656=EDGE_CURVE('',#5301,#5300,#2657,.T.);
#6657=EDGE_CURVE('',#5302,#5301,#2658,.T.);
#6658=EDGE_CURVE('',#5303,#5302,#2659,.T.);
#6659=EDGE_CURVE('',#5304,#5303,#2660,.T.);
#6660=EDGE_CURVE('',#5305,#5304,#2661,.T.);
#6661=EDGE_CURVE('',#5306,#5305,#2662,.T.);
#6662=EDGE_CURVE('',#5307,#5306,#2663,.T.);
#6663=EDGE_CURVE('',#5289,#5307,#2664,.T.);
#6664=EDGE_CURVE('',#5308,#5309,#2665,.T.);
#6665=EDGE_CURVE('',#5310,#5309,#2666,.T.);
#6666=EDGE_CURVE('',#5311,#5310,#2667,.T.);
#6667=EDGE_CURVE('',#5312,#5311,#2668,.T.);
#6668=EDGE_CURVE('',#5313,#5312,#2669,.T.);
#6669=EDGE_CURVE('',#5314,#5313,#2670,.T.);
#6670=EDGE_CURVE('',#5315,#5314,#2671,.T.);
#6671=EDGE_CURVE('',#5316,#5315,#2672,.T.);
#6672=EDGE_CURVE('',#5317,#5316,#2673,.T.);
#6673=EDGE_CURVE('',#5318,#5317,#2674,.T.);
#6674=EDGE_CURVE('',#5319,#5318,#2675,.T.);
#6675=EDGE_CURVE('',#5320,#5319,#2676,.T.);
#6676=EDGE_CURVE('',#5321,#5320,#2677,.T.);
#6677=EDGE_CURVE('',#5322,#5321,#2678,.T.);
#6678=EDGE_CURVE('',#5323,#5322,#2679,.T.);
#6679=EDGE_CURVE('',#5324,#5323,#2680,.T.);
#6680=EDGE_CURVE('',#5325,#5324,#2681,.T.);
#6681=EDGE_CURVE('',#5325,#5308,#2682,.T.);
#6682=EDGE_CURVE('',#5326,#5326,#4561,.T.);
#6683=EDGE_CURVE('',#5326,#5327,#2683,.T.);
#6684=EDGE_CURVE('',#5327,#5327,#4562,.T.);
#6685=EDGE_CURVE('',#5328,#5328,#4563,.T.);
#6686=EDGE_CURVE('',#5328,#5329,#2684,.T.);
#6687=EDGE_CURVE('',#5329,#5329,#4564,.T.);
#6688=EDGE_CURVE('',#5330,#5330,#4565,.T.);
#6689=EDGE_CURVE('',#5330,#5331,#2685,.T.);
#6690=EDGE_CURVE('',#5331,#5331,#4566,.T.);
#6691=EDGE_CURVE('',#5332,#5332,#4567,.T.);
#6692=EDGE_CURVE('',#5332,#5333,#2686,.T.);
#6693=EDGE_CURVE('',#5333,#5333,#4568,.T.);
#6694=EDGE_CURVE('',#5334,#5334,#4569,.T.);
#6695=EDGE_CURVE('',#5334,#5335,#2687,.T.);
#6696=EDGE_CURVE('',#5335,#5335,#4570,.T.);
#6697=EDGE_CURVE('',#5336,#5337,#2688,.T.);
#6698=EDGE_CURVE('',#5338,#5337,#2689,.T.);
#6699=EDGE_CURVE('',#5339,#5338,#2690,.T.);
#6700=EDGE_CURVE('',#5340,#5339,#2691,.T.);
#6701=EDGE_CURVE('',#4933,#5340,#2692,.T.);
#6702=EDGE_CURVE('',#5341,#4961,#2693,.T.);
#6703=EDGE_CURVE('',#5341,#5336,#2694,.T.);
#6704=EDGE_CURVE('',#5342,#5340,#2695,.T.);
#6705=EDGE_CURVE('',#5342,#4932,#2696,.T.);
#6706=EDGE_CURVE('',#5343,#4959,#2697,.T.);
#6707=EDGE_CURVE('',#5344,#5343,#2698,.T.);
#6708=EDGE_CURVE('',#5345,#5344,#2699,.T.);
#6709=EDGE_CURVE('',#5346,#5345,#2700,.T.);
#6710=EDGE_CURVE('',#5347,#5346,#2701,.T.);
#6711=EDGE_CURVE('',#5348,#5347,#2702,.T.);
#6712=EDGE_CURVE('',#5349,#5348,#2703,.T.);
#6713=EDGE_CURVE('',#4960,#5349,#2704,.T.);
#6714=EDGE_CURVE('',#5350,#5342,#2705,.T.);
#6715=EDGE_CURVE('',#5351,#5350,#2706,.T.);
#6716=EDGE_CURVE('',#5352,#5351,#2707,.T.);
#6717=EDGE_CURVE('',#5353,#5352,#2708,.T.);
#6718=EDGE_CURVE('',#5354,#5353,#2709,.T.);
#6719=EDGE_CURVE('',#5355,#5354,#2710,.T.);
#6720=EDGE_CURVE('',#5356,#5355,#2711,.T.);
#6721=EDGE_CURVE('',#5357,#5356,#2712,.T.);
#6722=EDGE_CURVE('',#5358,#5357,#2713,.T.);
#6723=EDGE_CURVE('',#5359,#5358,#2714,.T.);
#6724=EDGE_CURVE('',#5360,#5359,#2715,.T.);
#6725=EDGE_CURVE('',#5361,#5360,#2716,.T.);
#6726=EDGE_CURVE('',#5362,#5361,#2717,.T.);
#6727=EDGE_CURVE('',#5363,#5362,#2718,.T.);
#6728=EDGE_CURVE('',#5364,#5363,#2719,.T.);
#6729=EDGE_CURVE('',#5365,#5364,#2720,.T.);
#6730=EDGE_CURVE('',#5366,#5365,#2721,.T.);
#6731=EDGE_CURVE('',#5104,#5366,#2722,.T.);
#6732=EDGE_CURVE('',#5367,#4954,#2723,.T.);
#6733=EDGE_CURVE('',#5368,#5367,#2724,.T.);
#6734=EDGE_CURVE('',#5369,#5368,#2725,.T.);
#6735=EDGE_CURVE('',#5370,#5369,#2726,.T.);
#6736=EDGE_CURVE('',#5371,#5370,#2727,.T.);
#6737=EDGE_CURVE('',#4956,#5371,#2728,.T.);
#6738=EDGE_CURVE('',#5341,#5372,#2729,.T.);
#6739=EDGE_CURVE('',#5372,#5373,#2730,.T.);
#6740=EDGE_CURVE('',#5336,#5373,#2731,.T.);
#6741=EDGE_CURVE('',#5373,#5374,#2732,.T.);
#6742=EDGE_CURVE('',#5337,#5374,#2733,.T.);
#6743=EDGE_CURVE('',#5325,#5375,#2734,.T.);
#6744=EDGE_CURVE('',#5375,#5376,#2735,.T.);
#6745=EDGE_CURVE('',#5308,#5376,#2736,.T.);
#6746=EDGE_CURVE('',#5376,#5377,#2737,.T.);
#6747=EDGE_CURVE('',#5309,#5377,#2738,.T.);
#6748=EDGE_CURVE('',#5289,#5378,#2739,.T.);
#6749=EDGE_CURVE('',#5378,#5379,#2740,.T.);
#6750=EDGE_CURVE('',#5290,#5379,#2741,.T.);
#6751=EDGE_CURVE('',#5379,#5380,#2742,.T.);
#6752=EDGE_CURVE('',#5291,#5380,#2743,.T.);
#6753=EDGE_CURVE('',#5106,#5381,#2744,.T.);
#6754=EDGE_CURVE('',#5381,#5382,#2745,.T.);
#6755=EDGE_CURVE('',#5107,#5382,#2746,.T.);
#6756=EDGE_CURVE('',#5382,#5383,#2747,.T.);
#6757=EDGE_CURVE('',#4955,#5383,#2748,.T.);
#6758=EDGE_CURVE('',#5367,#5384,#2749,.T.);
#6759=EDGE_CURVE('',#5383,#5384,#2750,.T.);
#6760=EDGE_CURVE('',#5368,#5385,#2751,.T.);
#6761=EDGE_CURVE('',#5384,#5385,#2752,.T.);
#6762=EDGE_CURVE('',#5369,#5386,#2753,.T.);
#6763=EDGE_CURVE('',#5385,#5386,#2754,.T.);
#6764=EDGE_CURVE('',#5370,#5387,#2755,.T.);
#6765=EDGE_CURVE('',#5386,#5387,#2756,.T.);
#6766=EDGE_CURVE('',#5371,#5388,#2757,.T.);
#6767=EDGE_CURVE('',#5387,#5388,#2758,.T.);
#6768=EDGE_CURVE('',#5388,#5389,#2759,.T.);
#6769=EDGE_CURVE('',#5343,#5389,#2760,.T.);
#6770=EDGE_CURVE('',#5344,#5390,#2761,.T.);
#6771=EDGE_CURVE('',#5389,#5390,#2762,.T.);
#6772=EDGE_CURVE('',#5345,#5391,#2763,.T.);
#6773=EDGE_CURVE('',#5390,#5391,#2764,.T.);
#6774=EDGE_CURVE('',#5346,#5392,#2765,.T.);
#6775=EDGE_CURVE('',#5391,#5392,#2766,.T.);
#6776=EDGE_CURVE('',#5347,#5393,#2767,.T.);
#6777=EDGE_CURVE('',#5392,#5393,#2768,.T.);
#6778=EDGE_CURVE('',#5348,#5394,#2769,.T.);
#6779=EDGE_CURVE('',#5393,#5394,#2770,.T.);
#6780=EDGE_CURVE('',#5349,#5395,#2771,.T.);
#6781=EDGE_CURVE('',#5394,#5395,#2772,.T.);
#6782=EDGE_CURVE('',#5395,#5372,#2773,.T.);
#6783=EDGE_CURVE('',#5396,#5103,#2774,.T.);
#6784=EDGE_CURVE('',#5397,#5396,#2775,.T.);
#6785=EDGE_CURVE('',#5398,#5397,#2776,.T.);
#6786=EDGE_CURVE('',#5399,#5398,#2777,.T.);
#6787=EDGE_CURVE('',#5098,#5399,#2778,.T.);
#6788=EDGE_CURVE('',#5400,#5397,#2779,.T.);
#6789=EDGE_CURVE('',#5401,#5400,#2780,.T.);
#6790=EDGE_CURVE('',#5398,#5401,#2781,.T.);
#6791=EDGE_CURVE('',#5402,#5400,#2782,.T.);
#6792=EDGE_CURVE('',#5403,#5402,#2783,.T.);
#6793=EDGE_CURVE('',#5401,#5403,#2784,.T.);
#6794=EDGE_CURVE('',#5404,#5402,#2785,.T.);
#6795=EDGE_CURVE('',#5405,#5404,#2786,.T.);
#6796=EDGE_CURVE('',#5403,#5405,#2787,.T.);
#6797=EDGE_CURVE('',#5406,#5404,#2788,.T.);
#6798=EDGE_CURVE('',#5407,#5406,#2789,.T.);
#6799=EDGE_CURVE('',#5405,#5407,#2790,.T.);
#6800=EDGE_CURVE('',#5408,#5406,#2791,.T.);
#6801=EDGE_CURVE('',#5409,#5408,#2792,.T.);
#6802=EDGE_CURVE('',#5407,#5409,#2793,.T.);
#6803=EDGE_CURVE('',#5410,#5408,#2794,.T.);
#6804=EDGE_CURVE('',#5411,#5410,#2795,.T.);
#6805=EDGE_CURVE('',#5409,#5411,#2796,.T.);
#6806=EDGE_CURVE('',#5412,#5410,#2797,.T.);
#6807=EDGE_CURVE('',#5413,#5412,#2798,.T.);
#6808=EDGE_CURVE('',#5411,#5413,#2799,.T.);
#6809=EDGE_CURVE('',#5414,#5412,#2800,.T.);
#6810=EDGE_CURVE('',#5415,#5414,#2801,.T.);
#6811=EDGE_CURVE('',#5413,#5415,#2802,.T.);
#6812=EDGE_CURVE('',#5416,#5414,#2803,.T.);
#6813=EDGE_CURVE('',#5417,#5416,#2804,.T.);
#6814=EDGE_CURVE('',#5415,#5417,#2805,.T.);
#6815=EDGE_CURVE('',#5418,#5416,#2806,.T.);
#6816=EDGE_CURVE('',#5419,#5418,#2807,.T.);
#6817=EDGE_CURVE('',#5417,#5419,#2808,.T.);
#6818=EDGE_CURVE('',#5420,#5418,#2809,.T.);
#6819=EDGE_CURVE('',#5421,#5420,#2810,.T.);
#6820=EDGE_CURVE('',#5419,#5421,#2811,.T.);
#6821=EDGE_CURVE('',#5422,#5420,#2812,.T.);
#6822=EDGE_CURVE('',#5423,#5422,#2813,.T.);
#6823=EDGE_CURVE('',#5421,#5423,#2814,.T.);
#6824=EDGE_CURVE('',#5424,#5422,#2815,.T.);
#6825=EDGE_CURVE('',#5425,#5424,#2816,.T.);
#6826=EDGE_CURVE('',#5423,#5425,#2817,.T.);
#6827=EDGE_CURVE('',#5426,#5424,#2818,.T.);
#6828=EDGE_CURVE('',#5427,#5426,#2819,.T.);
#6829=EDGE_CURVE('',#5425,#5427,#2820,.T.);
#6830=EDGE_CURVE('',#5428,#5429,#2821,.T.);
#6831=EDGE_CURVE('',#5430,#5429,#2822,.T.);
#6832=EDGE_CURVE('',#5431,#5430,#2823,.T.);
#6833=EDGE_CURVE('',#5428,#5431,#2824,.T.);
#6834=EDGE_CURVE('',#5432,#5430,#2825,.T.);
#6835=EDGE_CURVE('',#5433,#5432,#2826,.T.);
#6836=EDGE_CURVE('',#5431,#5433,#2827,.T.);
#6837=EDGE_CURVE('',#5434,#5432,#2828,.T.);
#6838=EDGE_CURVE('',#5435,#5434,#2829,.T.);
#6839=EDGE_CURVE('',#5433,#5435,#2830,.T.);
#6840=EDGE_CURVE('',#5436,#5434,#2831,.T.);
#6841=EDGE_CURVE('',#5437,#5436,#2832,.T.);
#6842=EDGE_CURVE('',#5435,#5437,#2833,.T.);
#6843=EDGE_CURVE('',#5438,#5436,#2834,.T.);
#6844=EDGE_CURVE('',#5439,#5438,#2835,.T.);
#6845=EDGE_CURVE('',#5437,#5439,#2836,.T.);
#6846=EDGE_CURVE('',#5440,#5438,#2837,.T.);
#6847=EDGE_CURVE('',#5441,#5440,#2838,.T.);
#6848=EDGE_CURVE('',#5439,#5441,#2839,.T.);
#6849=EDGE_CURVE('',#5442,#5440,#2840,.T.);
#6850=EDGE_CURVE('',#5443,#5442,#2841,.T.);
#6851=EDGE_CURVE('',#5441,#5443,#2842,.T.);
#6852=EDGE_CURVE('',#5444,#5442,#2843,.T.);
#6853=EDGE_CURVE('',#5445,#5444,#2844,.T.);
#6854=EDGE_CURVE('',#5443,#5445,#2845,.T.);
#6855=EDGE_CURVE('',#5446,#5444,#2846,.T.);
#6856=EDGE_CURVE('',#5447,#5446,#2847,.T.);
#6857=EDGE_CURVE('',#5445,#5447,#2848,.T.);
#6858=EDGE_CURVE('',#5448,#5446,#2849,.T.);
#6859=EDGE_CURVE('',#5449,#5448,#2850,.T.);
#6860=EDGE_CURVE('',#5447,#5449,#2851,.T.);
#6861=EDGE_CURVE('',#5450,#5448,#2852,.T.);
#6862=EDGE_CURVE('',#5451,#5450,#2853,.T.);
#6863=EDGE_CURVE('',#5449,#5451,#2854,.T.);
#6864=EDGE_CURVE('',#5452,#5450,#2855,.T.);
#6865=EDGE_CURVE('',#5453,#5452,#2856,.T.);
#6866=EDGE_CURVE('',#5451,#5453,#2857,.T.);
#6867=EDGE_CURVE('',#5454,#5452,#2858,.T.);
#6868=EDGE_CURVE('',#5455,#5454,#2859,.T.);
#6869=EDGE_CURVE('',#5453,#5455,#2860,.T.);
#6870=EDGE_CURVE('',#5456,#5454,#2861,.T.);
#6871=EDGE_CURVE('',#5457,#5456,#2862,.T.);
#6872=EDGE_CURVE('',#5455,#5457,#2863,.T.);
#6873=EDGE_CURVE('',#5458,#5456,#2864,.T.);
#6874=EDGE_CURVE('',#5459,#5458,#2865,.T.);
#6875=EDGE_CURVE('',#5457,#5459,#2866,.T.);
#6876=EDGE_CURVE('',#5459,#5399,#2867,.T.);
#6877=EDGE_CURVE('',#5396,#5458,#2868,.T.);
#6878=EDGE_CURVE('',#5460,#5461,#2869,.T.);
#6879=EDGE_CURVE('',#5460,#5352,#2870,.T.);
#6880=EDGE_CURVE('',#5461,#5351,#2871,.T.);
#6881=EDGE_CURVE('',#5462,#5460,#2872,.T.);
#6882=EDGE_CURVE('',#5462,#5353,#2873,.T.);
#6883=EDGE_CURVE('',#5463,#5462,#2874,.T.);
#6884=EDGE_CURVE('',#5463,#5354,#2875,.T.);
#6885=EDGE_CURVE('',#5464,#5463,#2876,.T.);
#6886=EDGE_CURVE('',#5464,#5355,#2877,.T.);
#6887=EDGE_CURVE('',#5465,#5464,#2878,.T.);
#6888=EDGE_CURVE('',#5465,#5356,#2879,.T.);
#6889=EDGE_CURVE('',#5466,#5465,#2880,.T.);
#6890=EDGE_CURVE('',#5466,#5357,#2881,.T.);
#6891=EDGE_CURVE('',#5467,#5466,#2882,.T.);
#6892=EDGE_CURVE('',#5467,#5358,#2883,.T.);
#6893=EDGE_CURVE('',#5468,#5467,#2884,.T.);
#6894=EDGE_CURVE('',#5468,#5359,#2885,.T.);
#6895=EDGE_CURVE('',#5469,#5468,#2886,.T.);
#6896=EDGE_CURVE('',#5469,#5360,#2887,.T.);
#6897=EDGE_CURVE('',#5470,#5469,#2888,.T.);
#6898=EDGE_CURVE('',#5470,#5361,#2889,.T.);
#6899=EDGE_CURVE('',#5471,#5470,#2890,.T.);
#6900=EDGE_CURVE('',#5471,#5362,#2891,.T.);
#6901=EDGE_CURVE('',#5472,#5471,#2892,.T.);
#6902=EDGE_CURVE('',#5472,#5363,#2893,.T.);
#6903=EDGE_CURVE('',#5473,#5472,#2894,.T.);
#6904=EDGE_CURVE('',#5473,#5364,#2895,.T.);
#6905=EDGE_CURVE('',#5474,#5473,#2896,.T.);
#6906=EDGE_CURVE('',#5474,#5365,#2897,.T.);
#6907=EDGE_CURVE('',#5366,#5475,#2898,.T.);
#6908=EDGE_CURVE('',#5475,#5474,#2899,.T.);
#6909=EDGE_CURVE('',#5476,#5475,#2900,.T.);
#6910=EDGE_CURVE('',#5476,#5108,#2901,.T.);
#6911=EDGE_CURVE('',#5477,#5476,#2902,.T.);
#6912=EDGE_CURVE('',#5477,#5106,#2903,.T.);
#6913=EDGE_CURVE('',#5478,#5477,#2904,.T.);
#6914=EDGE_CURVE('',#5478,#5479,#2905,.T.);
#6915=EDGE_CURVE('',#5479,#5381,#2906,.T.);
#6916=EDGE_CURVE('',#5480,#5478,#2907,.T.);
#6917=EDGE_CURVE('',#5480,#5481,#2908,.T.);
#6918=EDGE_CURVE('',#5481,#5479,#2909,.T.);
#6919=EDGE_CURVE('',#5482,#5480,#2910,.T.);
#6920=EDGE_CURVE('',#5482,#5483,#2911,.T.);
#6921=EDGE_CURVE('',#5483,#5481,#2912,.T.);
#6922=EDGE_CURVE('',#5484,#5482,#2913,.T.);
#6923=EDGE_CURVE('',#5484,#5485,#2914,.T.);
#6924=EDGE_CURVE('',#5485,#5483,#2915,.T.);
#6925=EDGE_CURVE('',#5486,#5484,#2916,.T.);
#6926=EDGE_CURVE('',#5486,#5487,#2917,.T.);
#6927=EDGE_CURVE('',#5487,#5485,#2918,.T.);
#6928=EDGE_CURVE('',#5488,#5486,#2919,.T.);
#6929=EDGE_CURVE('',#5488,#5489,#2920,.T.);
#6930=EDGE_CURVE('',#5489,#5487,#2921,.T.);
#6931=EDGE_CURVE('',#5490,#5488,#2922,.T.);
#6932=EDGE_CURVE('',#5490,#5491,#2923,.T.);
#6933=EDGE_CURVE('',#5491,#5489,#2924,.T.);
#6934=EDGE_CURVE('',#5492,#5490,#2925,.T.);
#6935=EDGE_CURVE('',#5492,#5493,#2926,.T.);
#6936=EDGE_CURVE('',#5493,#5491,#2927,.T.);
#6937=EDGE_CURVE('',#5494,#5492,#2928,.T.);
#6938=EDGE_CURVE('',#5494,#5291,#2929,.T.);
#6939=EDGE_CURVE('',#5380,#5493,#2930,.T.);
#6940=EDGE_CURVE('',#5495,#5494,#2931,.T.);
#6941=EDGE_CURVE('',#5495,#5292,#2932,.T.);
#6942=EDGE_CURVE('',#5496,#5495,#2933,.T.);
#6943=EDGE_CURVE('',#5496,#5293,#2934,.T.);
#6944=EDGE_CURVE('',#5497,#5496,#2935,.T.);
#6945=EDGE_CURVE('',#5497,#5294,#2936,.T.);
#6946=EDGE_CURVE('',#5498,#5497,#2937,.T.);
#6947=EDGE_CURVE('',#5498,#5295,#2938,.T.);
#6948=EDGE_CURVE('',#5499,#5498,#2939,.T.);
#6949=EDGE_CURVE('',#5499,#5296,#2940,.T.);
#6950=EDGE_CURVE('',#5500,#5499,#2941,.T.);
#6951=EDGE_CURVE('',#5500,#5297,#2942,.T.);
#6952=EDGE_CURVE('',#5501,#5500,#2943,.T.);
#6953=EDGE_CURVE('',#5501,#5298,#2944,.T.);
#6954=EDGE_CURVE('',#5502,#5501,#2945,.T.);
#6955=EDGE_CURVE('',#5502,#5299,#2946,.T.);
#6956=EDGE_CURVE('',#5503,#5502,#2947,.T.);
#6957=EDGE_CURVE('',#5503,#5300,#2948,.T.);
#6958=EDGE_CURVE('',#5504,#5503,#2949,.T.);
#6959=EDGE_CURVE('',#5504,#5301,#2950,.T.);
#6960=EDGE_CURVE('',#5505,#5504,#2951,.T.);
#6961=EDGE_CURVE('',#5505,#5302,#2952,.T.);
#6962=EDGE_CURVE('',#5506,#5505,#2953,.T.);
#6963=EDGE_CURVE('',#5506,#5303,#2954,.T.);
#6964=EDGE_CURVE('',#5507,#5506,#2955,.T.);
#6965=EDGE_CURVE('',#5507,#5304,#2956,.T.);
#6966=EDGE_CURVE('',#5508,#5507,#2957,.T.);
#6967=EDGE_CURVE('',#5508,#5305,#2958,.T.);
#6968=EDGE_CURVE('',#5509,#5508,#2959,.T.);
#6969=EDGE_CURVE('',#5509,#5306,#2960,.T.);
#6970=EDGE_CURVE('',#5510,#5509,#2961,.T.);
#6971=EDGE_CURVE('',#5510,#5307,#2962,.T.);
#6972=EDGE_CURVE('',#5511,#5510,#2963,.T.);
#6973=EDGE_CURVE('',#5511,#5512,#2964,.T.);
#6974=EDGE_CURVE('',#5512,#5378,#2965,.T.);
#6975=EDGE_CURVE('',#5513,#5511,#2966,.T.);
#6976=EDGE_CURVE('',#5513,#5514,#2967,.T.);
#6977=EDGE_CURVE('',#5514,#5512,#2968,.T.);
#6978=EDGE_CURVE('',#5515,#5513,#2969,.T.);
#6979=EDGE_CURVE('',#5515,#5516,#2970,.T.);
#6980=EDGE_CURVE('',#5516,#5514,#2971,.T.);
#6981=EDGE_CURVE('',#5517,#5518,#2972,.T.);
#6982=EDGE_CURVE('',#5519,#5517,#2973,.T.);
#6983=EDGE_CURVE('',#5519,#5520,#2974,.T.);
#6984=EDGE_CURVE('',#5520,#5518,#2975,.T.);
#6985=EDGE_CURVE('',#5521,#5519,#2976,.T.);
#6986=EDGE_CURVE('',#5521,#5522,#2977,.T.);
#6987=EDGE_CURVE('',#5522,#5520,#2978,.T.);
#6988=EDGE_CURVE('',#5523,#5521,#2979,.T.);
#6989=EDGE_CURVE('',#5523,#5524,#2980,.T.);
#6990=EDGE_CURVE('',#5524,#5522,#2981,.T.);
#6991=EDGE_CURVE('',#5525,#5523,#2982,.T.);
#6992=EDGE_CURVE('',#5525,#5526,#2983,.T.);
#6993=EDGE_CURVE('',#5526,#5524,#2984,.T.);
#6994=EDGE_CURVE('',#5527,#5525,#2985,.T.);
#6995=EDGE_CURVE('',#5527,#5528,#2986,.T.);
#6996=EDGE_CURVE('',#5528,#5526,#2987,.T.);
#6997=EDGE_CURVE('',#5529,#5527,#2988,.T.);
#6998=EDGE_CURVE('',#5529,#5310,#2989,.T.);
#6999=EDGE_CURVE('',#5377,#5528,#2990,.T.);
#7000=EDGE_CURVE('',#5530,#5529,#2991,.T.);
#7001=EDGE_CURVE('',#5530,#5311,#2992,.T.);
#7002=EDGE_CURVE('',#5531,#5530,#2993,.T.);
#7003=EDGE_CURVE('',#5531,#5312,#2994,.T.);
#7004=EDGE_CURVE('',#5532,#5531,#2995,.T.);
#7005=EDGE_CURVE('',#5532,#5313,#2996,.T.);
#7006=EDGE_CURVE('',#5533,#5532,#2997,.T.);
#7007=EDGE_CURVE('',#5533,#5314,#2998,.T.);
#7008=EDGE_CURVE('',#5534,#5533,#2999,.T.);
#7009=EDGE_CURVE('',#5534,#5315,#3000,.T.);
#7010=EDGE_CURVE('',#5535,#5534,#3001,.T.);
#7011=EDGE_CURVE('',#5535,#5316,#3002,.T.);
#7012=EDGE_CURVE('',#5536,#5535,#3003,.T.);
#7013=EDGE_CURVE('',#5536,#5317,#3004,.T.);
#7014=EDGE_CURVE('',#5537,#5536,#3005,.T.);
#7015=EDGE_CURVE('',#5537,#5318,#3006,.T.);
#7016=EDGE_CURVE('',#5538,#5537,#3007,.T.);
#7017=EDGE_CURVE('',#5538,#5319,#3008,.T.);
#7018=EDGE_CURVE('',#5539,#5538,#3009,.T.);
#7019=EDGE_CURVE('',#5539,#5320,#3010,.T.);
#7020=EDGE_CURVE('',#5540,#5539,#3011,.T.);
#7021=EDGE_CURVE('',#5540,#5321,#3012,.T.);
#7022=EDGE_CURVE('',#5541,#5540,#3013,.T.);
#7023=EDGE_CURVE('',#5541,#5322,#3014,.T.);
#7024=EDGE_CURVE('',#5542,#5541,#3015,.T.);
#7025=EDGE_CURVE('',#5542,#5323,#3016,.T.);
#7026=EDGE_CURVE('',#5543,#5542,#3017,.T.);
#7027=EDGE_CURVE('',#5543,#5324,#3018,.T.);
#7028=EDGE_CURVE('',#5544,#5543,#3019,.T.);
#7029=EDGE_CURVE('',#5544,#5545,#3020,.T.);
#7030=EDGE_CURVE('',#5545,#5375,#3021,.T.);
#7031=EDGE_CURVE('',#5546,#5544,#3022,.T.);
#7032=EDGE_CURVE('',#5546,#5547,#3023,.T.);
#7033=EDGE_CURVE('',#5547,#5545,#3024,.T.);
#7034=EDGE_CURVE('',#5548,#5546,#3025,.T.);
#7035=EDGE_CURVE('',#5548,#5549,#3026,.T.);
#7036=EDGE_CURVE('',#5549,#5547,#3027,.T.);
#7037=EDGE_CURVE('',#5550,#5548,#3028,.T.);
#7038=EDGE_CURVE('',#5550,#5551,#3029,.T.);
#7039=EDGE_CURVE('',#5551,#5549,#3030,.T.);
#7040=EDGE_CURVE('',#5552,#5550,#3031,.T.);
#7041=EDGE_CURVE('',#5552,#5553,#3032,.T.);
#7042=EDGE_CURVE('',#5553,#5551,#3033,.T.);
#7043=EDGE_CURVE('',#5554,#5552,#3034,.T.);
#7044=EDGE_CURVE('',#5554,#5555,#3035,.T.);
#7045=EDGE_CURVE('',#5555,#5553,#3036,.T.);
#7046=EDGE_CURVE('',#5556,#5554,#3037,.T.);
#7047=EDGE_CURVE('',#5556,#5557,#3038,.T.);
#7048=EDGE_CURVE('',#5557,#5555,#3039,.T.);
#7049=EDGE_CURVE('',#5558,#5556,#3040,.T.);
#7050=EDGE_CURVE('',#5558,#5559,#3041,.T.);
#7051=EDGE_CURVE('',#5559,#5557,#3042,.T.);
#7052=EDGE_CURVE('',#5560,#5558,#3043,.T.);
#7053=EDGE_CURVE('',#5560,#5338,#3044,.T.);
#7054=EDGE_CURVE('',#5374,#5559,#3045,.T.);
#7055=EDGE_CURVE('',#5561,#5560,#3046,.T.);
#7056=EDGE_CURVE('',#5561,#5339,#3047,.T.);
#7057=EDGE_CURVE('',#5562,#5561,#3048,.T.);
#7058=EDGE_CURVE('',#5562,#5350,#3049,.T.);
#7059=EDGE_CURVE('',#5461,#5562,#3050,.T.);
#7060=EDGE_CURVE('',#5563,#5515,#3051,.T.);
#7061=EDGE_CURVE('',#5563,#5564,#3052,.T.);
#7062=EDGE_CURVE('',#5564,#5516,#3053,.T.);
#7063=EDGE_CURVE('',#5427,#5565,#3054,.T.);
#7064=EDGE_CURVE('',#5565,#5566,#3055,.T.);
#7065=EDGE_CURVE('',#5566,#5428,#3056,.T.);
#7066=EDGE_CURVE('',#5566,#5567,#3057,.T.);
#7067=EDGE_CURVE('',#5429,#5567,#3058,.T.);
#7068=EDGE_CURVE('',#5568,#5568,#4571,.T.);
#7069=EDGE_CURVE('',#5569,#5426,#3059,.T.);
#7070=EDGE_CURVE('',#5565,#5569,#3060,.T.);
#7071=EDGE_CURVE('',#5570,#5564,#3061,.T.);
#7072=EDGE_CURVE('',#5571,#5570,#3062,.T.);
#7073=EDGE_CURVE('',#5518,#5571,#3063,.T.);
#7074=EDGE_CURVE('',#5572,#5571,#3064,.T.);
#7075=EDGE_CURVE('',#5517,#5572,#3065,.T.);
#7076=EDGE_CURVE('',#5567,#5569,#3066,.T.);
#7077=EDGE_CURVE('',#5572,#5573,#3067,.T.);
#7078=EDGE_CURVE('',#5573,#5563,#3068,.T.);
#7079=EDGE_CURVE('',#5573,#5570,#3069,.T.);
#7080=EDGE_CURVE('',#5568,#5574,#3070,.T.);
#7081=EDGE_CURVE('',#5574,#5574,#47,.T.);
#7082=ORIENTED_EDGE('',*,*,#5575,.F.);
#7083=ORIENTED_EDGE('',*,*,#5576,.T.);
#7084=ORIENTED_EDGE('',*,*,#5577,.T.);
#7085=ORIENTED_EDGE('',*,*,#5576,.F.);
#7086=ORIENTED_EDGE('',*,*,#5577,.F.);
#7087=ORIENTED_EDGE('',*,*,#5578,.F.);
#7088=ORIENTED_EDGE('',*,*,#5579,.T.);
#7089=ORIENTED_EDGE('',*,*,#5580,.T.);
#7090=ORIENTED_EDGE('',*,*,#5579,.F.);
#7091=ORIENTED_EDGE('',*,*,#5580,.F.);
#7092=ORIENTED_EDGE('',*,*,#5581,.F.);
#7093=ORIENTED_EDGE('',*,*,#5582,.T.);
#7094=ORIENTED_EDGE('',*,*,#5583,.T.);
#7095=ORIENTED_EDGE('',*,*,#5582,.F.);
#7096=ORIENTED_EDGE('',*,*,#5583,.F.);
#7097=ORIENTED_EDGE('',*,*,#5584,.F.);
#7098=ORIENTED_EDGE('',*,*,#5585,.T.);
#7099=ORIENTED_EDGE('',*,*,#5586,.F.);
#7100=ORIENTED_EDGE('',*,*,#5585,.F.);
#7101=ORIENTED_EDGE('',*,*,#5587,.T.);
#7102=ORIENTED_EDGE('',*,*,#5588,.F.);
#7103=ORIENTED_EDGE('',*,*,#5589,.F.);
#7104=ORIENTED_EDGE('',*,*,#5590,.F.);
#7105=ORIENTED_EDGE('',*,*,#5591,.F.);
#7106=ORIENTED_EDGE('',*,*,#5592,.F.);
#7107=ORIENTED_EDGE('',*,*,#5593,.F.);
#7108=ORIENTED_EDGE('',*,*,#5594,.F.);
#7109=ORIENTED_EDGE('',*,*,#5595,.F.);
#7110=ORIENTED_EDGE('',*,*,#5596,.F.);
#7111=ORIENTED_EDGE('',*,*,#5597,.F.);
#7112=ORIENTED_EDGE('',*,*,#5598,.F.);
#7113=ORIENTED_EDGE('',*,*,#5599,.F.);
#7114=ORIENTED_EDGE('',*,*,#5600,.F.);
#7115=ORIENTED_EDGE('',*,*,#5601,.F.);
#7116=ORIENTED_EDGE('',*,*,#5602,.F.);
#7117=ORIENTED_EDGE('',*,*,#5603,.F.);
#7118=ORIENTED_EDGE('',*,*,#5604,.F.);
#7119=ORIENTED_EDGE('',*,*,#5605,.F.);
#7120=ORIENTED_EDGE('',*,*,#5606,.F.);
#7121=ORIENTED_EDGE('',*,*,#5607,.F.);
#7122=ORIENTED_EDGE('',*,*,#5608,.F.);
#7123=ORIENTED_EDGE('',*,*,#5609,.F.);
#7124=ORIENTED_EDGE('',*,*,#5610,.F.);
#7125=ORIENTED_EDGE('',*,*,#5611,.F.);
#7126=ORIENTED_EDGE('',*,*,#5612,.F.);
#7127=ORIENTED_EDGE('',*,*,#5613,.F.);
#7128=ORIENTED_EDGE('',*,*,#5614,.F.);
#7129=ORIENTED_EDGE('',*,*,#5615,.F.);
#7130=ORIENTED_EDGE('',*,*,#5616,.F.);
#7131=ORIENTED_EDGE('',*,*,#5617,.F.);
#7132=ORIENTED_EDGE('',*,*,#5618,.F.);
#7133=ORIENTED_EDGE('',*,*,#5619,.F.);
#7134=ORIENTED_EDGE('',*,*,#5620,.F.);
#7135=ORIENTED_EDGE('',*,*,#5621,.F.);
#7136=ORIENTED_EDGE('',*,*,#5622,.F.);
#7137=ORIENTED_EDGE('',*,*,#5623,.F.);
#7138=ORIENTED_EDGE('',*,*,#5624,.F.);
#7139=ORIENTED_EDGE('',*,*,#5625,.F.);
#7140=ORIENTED_EDGE('',*,*,#5626,.F.);
#7141=ORIENTED_EDGE('',*,*,#5627,.F.);
#7142=ORIENTED_EDGE('',*,*,#5628,.F.);
#7143=ORIENTED_EDGE('',*,*,#5629,.F.);
#7144=ORIENTED_EDGE('',*,*,#5630,.F.);
#7145=ORIENTED_EDGE('',*,*,#5631,.F.);
#7146=ORIENTED_EDGE('',*,*,#5632,.F.);
#7147=ORIENTED_EDGE('',*,*,#5633,.F.);
#7148=ORIENTED_EDGE('',*,*,#5634,.F.);
#7149=ORIENTED_EDGE('',*,*,#5635,.F.);
#7150=ORIENTED_EDGE('',*,*,#5636,.F.);
#7151=ORIENTED_EDGE('',*,*,#5637,.F.);
#7152=ORIENTED_EDGE('',*,*,#5638,.F.);
#7153=ORIENTED_EDGE('',*,*,#5639,.F.);
#7154=ORIENTED_EDGE('',*,*,#5640,.F.);
#7155=ORIENTED_EDGE('',*,*,#5641,.F.);
#7156=ORIENTED_EDGE('',*,*,#5642,.F.);
#7157=ORIENTED_EDGE('',*,*,#5643,.F.);
#7158=ORIENTED_EDGE('',*,*,#5644,.F.);
#7159=ORIENTED_EDGE('',*,*,#5645,.F.);
#7160=ORIENTED_EDGE('',*,*,#5646,.F.);
#7161=ORIENTED_EDGE('',*,*,#5647,.F.);
#7162=ORIENTED_EDGE('',*,*,#5648,.F.);
#7163=ORIENTED_EDGE('',*,*,#5649,.F.);
#7164=ORIENTED_EDGE('',*,*,#5650,.F.);
#7165=ORIENTED_EDGE('',*,*,#5651,.T.);
#7166=ORIENTED_EDGE('',*,*,#5652,.T.);
#7167=ORIENTED_EDGE('',*,*,#5653,.T.);
#7168=ORIENTED_EDGE('',*,*,#5654,.T.);
#7169=ORIENTED_EDGE('',*,*,#5655,.T.);
#7170=ORIENTED_EDGE('',*,*,#5656,.T.);
#7171=ORIENTED_EDGE('',*,*,#5657,.T.);
#7172=ORIENTED_EDGE('',*,*,#5658,.T.);
#7173=ORIENTED_EDGE('',*,*,#5659,.T.);
#7174=ORIENTED_EDGE('',*,*,#5660,.T.);
#7175=ORIENTED_EDGE('',*,*,#5661,.T.);
#7176=ORIENTED_EDGE('',*,*,#5662,.T.);
#7177=ORIENTED_EDGE('',*,*,#5663,.T.);
#7178=ORIENTED_EDGE('',*,*,#5664,.T.);
#7179=ORIENTED_EDGE('',*,*,#5665,.T.);
#7180=ORIENTED_EDGE('',*,*,#5666,.T.);
#7181=ORIENTED_EDGE('',*,*,#5667,.T.);
#7182=ORIENTED_EDGE('',*,*,#5668,.T.);
#7183=ORIENTED_EDGE('',*,*,#5669,.T.);
#7184=ORIENTED_EDGE('',*,*,#5670,.T.);
#7185=ORIENTED_EDGE('',*,*,#5671,.T.);
#7186=ORIENTED_EDGE('',*,*,#5672,.T.);
#7187=ORIENTED_EDGE('',*,*,#5673,.T.);
#7188=ORIENTED_EDGE('',*,*,#5674,.T.);
#7189=ORIENTED_EDGE('',*,*,#5675,.T.);
#7190=ORIENTED_EDGE('',*,*,#5676,.T.);
#7191=ORIENTED_EDGE('',*,*,#5677,.T.);
#7192=ORIENTED_EDGE('',*,*,#5678,.T.);
#7193=ORIENTED_EDGE('',*,*,#5679,.T.);
#7194=ORIENTED_EDGE('',*,*,#5680,.T.);
#7195=ORIENTED_EDGE('',*,*,#5681,.T.);
#7196=ORIENTED_EDGE('',*,*,#5682,.T.);
#7197=ORIENTED_EDGE('',*,*,#5683,.T.);
#7198=ORIENTED_EDGE('',*,*,#5684,.T.);
#7199=ORIENTED_EDGE('',*,*,#5685,.T.);
#7200=ORIENTED_EDGE('',*,*,#5686,.T.);
#7201=ORIENTED_EDGE('',*,*,#5687,.T.);
#7202=ORIENTED_EDGE('',*,*,#5688,.T.);
#7203=ORIENTED_EDGE('',*,*,#5689,.T.);
#7204=ORIENTED_EDGE('',*,*,#5690,.T.);
#7205=ORIENTED_EDGE('',*,*,#5691,.T.);
#7206=ORIENTED_EDGE('',*,*,#5692,.T.);
#7207=ORIENTED_EDGE('',*,*,#5693,.T.);
#7208=ORIENTED_EDGE('',*,*,#5694,.T.);
#7209=ORIENTED_EDGE('',*,*,#5695,.F.);
#7210=ORIENTED_EDGE('',*,*,#5696,.F.);
#7211=ORIENTED_EDGE('',*,*,#5697,.F.);
#7212=ORIENTED_EDGE('',*,*,#5698,.F.);
#7213=ORIENTED_EDGE('',*,*,#5699,.F.);
#7214=ORIENTED_EDGE('',*,*,#5700,.F.);
#7215=ORIENTED_EDGE('',*,*,#5701,.F.);
#7216=ORIENTED_EDGE('',*,*,#5702,.F.);
#7217=ORIENTED_EDGE('',*,*,#5703,.F.);
#7218=ORIENTED_EDGE('',*,*,#5704,.F.);
#7219=ORIENTED_EDGE('',*,*,#5705,.F.);
#7220=ORIENTED_EDGE('',*,*,#5706,.F.);
#7221=ORIENTED_EDGE('',*,*,#5707,.F.);
#7222=ORIENTED_EDGE('',*,*,#5708,.F.);
#7223=ORIENTED_EDGE('',*,*,#5709,.F.);
#7224=ORIENTED_EDGE('',*,*,#5710,.F.);
#7225=ORIENTED_EDGE('',*,*,#5711,.F.);
#7226=ORIENTED_EDGE('',*,*,#5712,.F.);
#7227=ORIENTED_EDGE('',*,*,#5713,.F.);
#7228=ORIENTED_EDGE('',*,*,#5714,.F.);
#7229=ORIENTED_EDGE('',*,*,#5715,.F.);
#7230=ORIENTED_EDGE('',*,*,#5716,.F.);
#7231=ORIENTED_EDGE('',*,*,#5717,.F.);
#7232=ORIENTED_EDGE('',*,*,#5718,.F.);
#7233=ORIENTED_EDGE('',*,*,#5719,.F.);
#7234=ORIENTED_EDGE('',*,*,#5720,.F.);
#7235=ORIENTED_EDGE('',*,*,#5721,.F.);
#7236=ORIENTED_EDGE('',*,*,#5722,.F.);
#7237=ORIENTED_EDGE('',*,*,#5723,.F.);
#7238=ORIENTED_EDGE('',*,*,#5724,.F.);
#7239=ORIENTED_EDGE('',*,*,#5725,.F.);
#7240=ORIENTED_EDGE('',*,*,#5726,.F.);
#7241=ORIENTED_EDGE('',*,*,#5727,.F.);
#7242=ORIENTED_EDGE('',*,*,#5728,.F.);
#7243=ORIENTED_EDGE('',*,*,#5729,.F.);
#7244=ORIENTED_EDGE('',*,*,#5730,.F.);
#7245=ORIENTED_EDGE('',*,*,#5731,.F.);
#7246=ORIENTED_EDGE('',*,*,#5732,.F.);
#7247=ORIENTED_EDGE('',*,*,#5733,.F.);
#7248=ORIENTED_EDGE('',*,*,#5734,.F.);
#7249=ORIENTED_EDGE('',*,*,#5735,.F.);
#7250=ORIENTED_EDGE('',*,*,#5736,.F.);
#7251=ORIENTED_EDGE('',*,*,#5737,.F.);
#7252=ORIENTED_EDGE('',*,*,#5738,.F.);
#7253=ORIENTED_EDGE('',*,*,#5739,.F.);
#7254=ORIENTED_EDGE('',*,*,#5740,.F.);
#7255=ORIENTED_EDGE('',*,*,#5741,.F.);
#7256=ORIENTED_EDGE('',*,*,#5742,.F.);
#7257=ORIENTED_EDGE('',*,*,#5743,.F.);
#7258=ORIENTED_EDGE('',*,*,#5744,.F.);
#7259=ORIENTED_EDGE('',*,*,#5745,.F.);
#7260=ORIENTED_EDGE('',*,*,#5746,.F.);
#7261=ORIENTED_EDGE('',*,*,#5747,.F.);
#7262=ORIENTED_EDGE('',*,*,#5748,.F.);
#7263=ORIENTED_EDGE('',*,*,#5749,.F.);
#7264=ORIENTED_EDGE('',*,*,#5750,.F.);
#7265=ORIENTED_EDGE('',*,*,#5751,.F.);
#7266=ORIENTED_EDGE('',*,*,#5752,.F.);
#7267=ORIENTED_EDGE('',*,*,#5753,.F.);
#7268=ORIENTED_EDGE('',*,*,#5754,.F.);
#7269=ORIENTED_EDGE('',*,*,#5755,.T.);
#7270=ORIENTED_EDGE('',*,*,#5756,.T.);
#7271=ORIENTED_EDGE('',*,*,#5757,.T.);
#7272=ORIENTED_EDGE('',*,*,#5758,.T.);
#7273=ORIENTED_EDGE('',*,*,#5759,.T.);
#7274=ORIENTED_EDGE('',*,*,#5760,.T.);
#7275=ORIENTED_EDGE('',*,*,#5761,.T.);
#7276=ORIENTED_EDGE('',*,*,#5762,.T.);
#7277=ORIENTED_EDGE('',*,*,#5763,.T.);
#7278=ORIENTED_EDGE('',*,*,#5764,.T.);
#7279=ORIENTED_EDGE('',*,*,#5765,.T.);
#7280=ORIENTED_EDGE('',*,*,#5766,.T.);
#7281=ORIENTED_EDGE('',*,*,#5767,.T.);
#7282=ORIENTED_EDGE('',*,*,#5768,.T.);
#7283=ORIENTED_EDGE('',*,*,#5769,.T.);
#7284=ORIENTED_EDGE('',*,*,#5770,.T.);
#7285=ORIENTED_EDGE('',*,*,#5771,.T.);
#7286=ORIENTED_EDGE('',*,*,#5772,.T.);
#7287=ORIENTED_EDGE('',*,*,#5773,.T.);
#7288=ORIENTED_EDGE('',*,*,#5774,.T.);
#7289=ORIENTED_EDGE('',*,*,#5775,.T.);
#7290=ORIENTED_EDGE('',*,*,#5776,.T.);
#7291=ORIENTED_EDGE('',*,*,#5777,.T.);
#7292=ORIENTED_EDGE('',*,*,#5778,.T.);
#7293=ORIENTED_EDGE('',*,*,#5779,.T.);
#7294=ORIENTED_EDGE('',*,*,#5780,.T.);
#7295=ORIENTED_EDGE('',*,*,#5781,.T.);
#7296=ORIENTED_EDGE('',*,*,#5782,.T.);
#7297=ORIENTED_EDGE('',*,*,#5783,.T.);
#7298=ORIENTED_EDGE('',*,*,#5784,.T.);
#7299=ORIENTED_EDGE('',*,*,#5785,.T.);
#7300=ORIENTED_EDGE('',*,*,#5786,.T.);
#7301=ORIENTED_EDGE('',*,*,#5787,.T.);
#7302=ORIENTED_EDGE('',*,*,#5788,.T.);
#7303=ORIENTED_EDGE('',*,*,#5789,.T.);
#7304=ORIENTED_EDGE('',*,*,#5790,.T.);
#7305=ORIENTED_EDGE('',*,*,#5791,.T.);
#7306=ORIENTED_EDGE('',*,*,#5792,.T.);
#7307=ORIENTED_EDGE('',*,*,#5793,.T.);
#7308=ORIENTED_EDGE('',*,*,#5794,.T.);
#7309=ORIENTED_EDGE('',*,*,#5795,.T.);
#7310=ORIENTED_EDGE('',*,*,#5796,.T.);
#7311=ORIENTED_EDGE('',*,*,#5797,.T.);
#7312=ORIENTED_EDGE('',*,*,#5798,.T.);
#7313=ORIENTED_EDGE('',*,*,#5799,.F.);
#7314=ORIENTED_EDGE('',*,*,#5800,.F.);
#7315=ORIENTED_EDGE('',*,*,#5801,.F.);
#7316=ORIENTED_EDGE('',*,*,#5802,.F.);
#7317=ORIENTED_EDGE('',*,*,#5803,.F.);
#7318=ORIENTED_EDGE('',*,*,#5804,.F.);
#7319=ORIENTED_EDGE('',*,*,#5805,.F.);
#7320=ORIENTED_EDGE('',*,*,#5806,.F.);
#7321=ORIENTED_EDGE('',*,*,#5807,.F.);
#7322=ORIENTED_EDGE('',*,*,#5808,.F.);
#7323=ORIENTED_EDGE('',*,*,#5809,.F.);
#7324=ORIENTED_EDGE('',*,*,#5810,.F.);
#7325=ORIENTED_EDGE('',*,*,#5811,.F.);
#7326=ORIENTED_EDGE('',*,*,#5812,.F.);
#7327=ORIENTED_EDGE('',*,*,#5813,.F.);
#7328=ORIENTED_EDGE('',*,*,#5814,.F.);
#7329=ORIENTED_EDGE('',*,*,#5815,.F.);
#7330=ORIENTED_EDGE('',*,*,#5816,.F.);
#7331=ORIENTED_EDGE('',*,*,#5817,.F.);
#7332=ORIENTED_EDGE('',*,*,#5818,.F.);
#7333=ORIENTED_EDGE('',*,*,#5819,.F.);
#7334=ORIENTED_EDGE('',*,*,#5820,.F.);
#7335=ORIENTED_EDGE('',*,*,#5821,.F.);
#7336=ORIENTED_EDGE('',*,*,#5822,.F.);
#7337=ORIENTED_EDGE('',*,*,#5823,.F.);
#7338=ORIENTED_EDGE('',*,*,#5824,.F.);
#7339=ORIENTED_EDGE('',*,*,#5825,.F.);
#7340=ORIENTED_EDGE('',*,*,#5826,.F.);
#7341=ORIENTED_EDGE('',*,*,#5827,.F.);
#7342=ORIENTED_EDGE('',*,*,#5828,.F.);
#7343=ORIENTED_EDGE('',*,*,#5829,.F.);
#7344=ORIENTED_EDGE('',*,*,#5830,.F.);
#7345=ORIENTED_EDGE('',*,*,#5831,.F.);
#7346=ORIENTED_EDGE('',*,*,#5832,.F.);
#7347=ORIENTED_EDGE('',*,*,#5833,.F.);
#7348=ORIENTED_EDGE('',*,*,#5834,.F.);
#7349=ORIENTED_EDGE('',*,*,#5835,.F.);
#7350=ORIENTED_EDGE('',*,*,#5836,.F.);
#7351=ORIENTED_EDGE('',*,*,#5837,.F.);
#7352=ORIENTED_EDGE('',*,*,#5838,.F.);
#7353=ORIENTED_EDGE('',*,*,#5839,.F.);
#7354=ORIENTED_EDGE('',*,*,#5840,.F.);
#7355=ORIENTED_EDGE('',*,*,#5841,.F.);
#7356=ORIENTED_EDGE('',*,*,#5842,.F.);
#7357=ORIENTED_EDGE('',*,*,#5843,.F.);
#7358=ORIENTED_EDGE('',*,*,#5844,.F.);
#7359=ORIENTED_EDGE('',*,*,#5845,.F.);
#7360=ORIENTED_EDGE('',*,*,#5846,.F.);
#7361=ORIENTED_EDGE('',*,*,#5847,.F.);
#7362=ORIENTED_EDGE('',*,*,#5848,.F.);
#7363=ORIENTED_EDGE('',*,*,#5849,.F.);
#7364=ORIENTED_EDGE('',*,*,#5850,.F.);
#7365=ORIENTED_EDGE('',*,*,#5851,.F.);
#7366=ORIENTED_EDGE('',*,*,#5852,.F.);
#7367=ORIENTED_EDGE('',*,*,#5853,.F.);
#7368=ORIENTED_EDGE('',*,*,#5854,.F.);
#7369=ORIENTED_EDGE('',*,*,#5855,.F.);
#7370=ORIENTED_EDGE('',*,*,#5856,.F.);
#7371=ORIENTED_EDGE('',*,*,#5857,.F.);
#7372=ORIENTED_EDGE('',*,*,#5858,.F.);
#7373=ORIENTED_EDGE('',*,*,#5859,.T.);
#7374=ORIENTED_EDGE('',*,*,#5860,.T.);
#7375=ORIENTED_EDGE('',*,*,#5861,.T.);
#7376=ORIENTED_EDGE('',*,*,#5862,.T.);
#7377=ORIENTED_EDGE('',*,*,#5863,.T.);
#7378=ORIENTED_EDGE('',*,*,#5864,.T.);
#7379=ORIENTED_EDGE('',*,*,#5865,.T.);
#7380=ORIENTED_EDGE('',*,*,#5866,.T.);
#7381=ORIENTED_EDGE('',*,*,#5867,.T.);
#7382=ORIENTED_EDGE('',*,*,#5868,.T.);
#7383=ORIENTED_EDGE('',*,*,#5869,.T.);
#7384=ORIENTED_EDGE('',*,*,#5870,.T.);
#7385=ORIENTED_EDGE('',*,*,#5871,.T.);
#7386=ORIENTED_EDGE('',*,*,#5872,.T.);
#7387=ORIENTED_EDGE('',*,*,#5873,.T.);
#7388=ORIENTED_EDGE('',*,*,#5874,.T.);
#7389=ORIENTED_EDGE('',*,*,#5875,.T.);
#7390=ORIENTED_EDGE('',*,*,#5876,.T.);
#7391=ORIENTED_EDGE('',*,*,#5877,.T.);
#7392=ORIENTED_EDGE('',*,*,#5878,.T.);
#7393=ORIENTED_EDGE('',*,*,#5879,.T.);
#7394=ORIENTED_EDGE('',*,*,#5880,.T.);
#7395=ORIENTED_EDGE('',*,*,#5881,.T.);
#7396=ORIENTED_EDGE('',*,*,#5882,.T.);
#7397=ORIENTED_EDGE('',*,*,#5883,.T.);
#7398=ORIENTED_EDGE('',*,*,#5884,.T.);
#7399=ORIENTED_EDGE('',*,*,#5885,.T.);
#7400=ORIENTED_EDGE('',*,*,#5886,.T.);
#7401=ORIENTED_EDGE('',*,*,#5887,.T.);
#7402=ORIENTED_EDGE('',*,*,#5888,.T.);
#7403=ORIENTED_EDGE('',*,*,#5889,.T.);
#7404=ORIENTED_EDGE('',*,*,#5890,.T.);
#7405=ORIENTED_EDGE('',*,*,#5891,.T.);
#7406=ORIENTED_EDGE('',*,*,#5892,.T.);
#7407=ORIENTED_EDGE('',*,*,#5893,.T.);
#7408=ORIENTED_EDGE('',*,*,#5894,.T.);
#7409=ORIENTED_EDGE('',*,*,#5895,.T.);
#7410=ORIENTED_EDGE('',*,*,#5896,.T.);
#7411=ORIENTED_EDGE('',*,*,#5897,.T.);
#7412=ORIENTED_EDGE('',*,*,#5898,.T.);
#7413=ORIENTED_EDGE('',*,*,#5899,.T.);
#7414=ORIENTED_EDGE('',*,*,#5900,.T.);
#7415=ORIENTED_EDGE('',*,*,#5901,.T.);
#7416=ORIENTED_EDGE('',*,*,#5902,.T.);
#7417=ORIENTED_EDGE('',*,*,#5903,.F.);
#7418=ORIENTED_EDGE('',*,*,#5904,.F.);
#7419=ORIENTED_EDGE('',*,*,#5905,.F.);
#7420=ORIENTED_EDGE('',*,*,#5906,.T.);
#7421=ORIENTED_EDGE('',*,*,#5907,.F.);
#7422=ORIENTED_EDGE('',*,*,#5908,.F.);
#7423=ORIENTED_EDGE('',*,*,#5909,.F.);
#7424=ORIENTED_EDGE('',*,*,#5910,.F.);
#7425=ORIENTED_EDGE('',*,*,#5911,.F.);
#7426=ORIENTED_EDGE('',*,*,#5912,.F.);
#7427=ORIENTED_EDGE('',*,*,#5913,.F.);
#7428=ORIENTED_EDGE('',*,*,#5914,.T.);
#7429=ORIENTED_EDGE('',*,*,#5915,.F.);
#7430=ORIENTED_EDGE('',*,*,#5916,.T.);
#7431=ORIENTED_EDGE('',*,*,#5917,.T.);
#7432=ORIENTED_EDGE('',*,*,#5918,.T.);
#7433=ORIENTED_EDGE('',*,*,#5917,.F.);
#7434=ORIENTED_EDGE('',*,*,#5919,.T.);
#7435=ORIENTED_EDGE('',*,*,#5920,.T.);
#7436=ORIENTED_EDGE('',*,*,#5921,.T.);
#7437=ORIENTED_EDGE('',*,*,#5920,.F.);
#7438=ORIENTED_EDGE('',*,*,#5922,.T.);
#7439=ORIENTED_EDGE('',*,*,#5923,.T.);
#7440=ORIENTED_EDGE('',*,*,#5924,.T.);
#7441=ORIENTED_EDGE('',*,*,#5923,.F.);
#7442=ORIENTED_EDGE('',*,*,#5925,.T.);
#7443=ORIENTED_EDGE('',*,*,#5926,.T.);
#7444=ORIENTED_EDGE('',*,*,#5927,.T.);
#7445=ORIENTED_EDGE('',*,*,#5926,.F.);
#7446=ORIENTED_EDGE('',*,*,#5928,.T.);
#7447=ORIENTED_EDGE('',*,*,#5929,.T.);
#7448=ORIENTED_EDGE('',*,*,#5930,.T.);
#7449=ORIENTED_EDGE('',*,*,#5929,.F.);
#7450=ORIENTED_EDGE('',*,*,#5931,.T.);
#7451=ORIENTED_EDGE('',*,*,#5932,.T.);
#7452=ORIENTED_EDGE('',*,*,#5933,.T.);
#7453=ORIENTED_EDGE('',*,*,#5932,.F.);
#7454=ORIENTED_EDGE('',*,*,#5934,.T.);
#7455=ORIENTED_EDGE('',*,*,#5935,.T.);
#7456=ORIENTED_EDGE('',*,*,#5936,.T.);
#7457=ORIENTED_EDGE('',*,*,#5935,.F.);
#7458=ORIENTED_EDGE('',*,*,#5937,.T.);
#7459=ORIENTED_EDGE('',*,*,#5938,.T.);
#7460=ORIENTED_EDGE('',*,*,#5939,.T.);
#7461=ORIENTED_EDGE('',*,*,#5938,.F.);
#7462=ORIENTED_EDGE('',*,*,#5940,.T.);
#7463=ORIENTED_EDGE('',*,*,#5941,.T.);
#7464=ORIENTED_EDGE('',*,*,#5942,.T.);
#7465=ORIENTED_EDGE('',*,*,#5941,.F.);
#7466=ORIENTED_EDGE('',*,*,#5943,.T.);
#7467=ORIENTED_EDGE('',*,*,#5944,.T.);
#7468=ORIENTED_EDGE('',*,*,#5945,.T.);
#7469=ORIENTED_EDGE('',*,*,#5944,.F.);
#7470=ORIENTED_EDGE('',*,*,#5946,.T.);
#7471=ORIENTED_EDGE('',*,*,#5947,.T.);
#7472=ORIENTED_EDGE('',*,*,#5948,.T.);
#7473=ORIENTED_EDGE('',*,*,#5947,.F.);
#7474=ORIENTED_EDGE('',*,*,#5949,.T.);
#7475=ORIENTED_EDGE('',*,*,#5950,.T.);
#7476=ORIENTED_EDGE('',*,*,#5951,.T.);
#7477=ORIENTED_EDGE('',*,*,#5952,.F.);
#7478=ORIENTED_EDGE('',*,*,#5953,.T.);
#7479=ORIENTED_EDGE('',*,*,#5954,.T.);
#7480=ORIENTED_EDGE('',*,*,#5955,.T.);
#7481=ORIENTED_EDGE('',*,*,#5954,.F.);
#7482=ORIENTED_EDGE('',*,*,#5956,.T.);
#7483=ORIENTED_EDGE('',*,*,#5957,.T.);
#7484=ORIENTED_EDGE('',*,*,#5958,.T.);
#7485=ORIENTED_EDGE('',*,*,#5957,.F.);
#7486=ORIENTED_EDGE('',*,*,#5959,.T.);
#7487=ORIENTED_EDGE('',*,*,#5960,.T.);
#7488=ORIENTED_EDGE('',*,*,#5961,.T.);
#7489=ORIENTED_EDGE('',*,*,#5960,.F.);
#7490=ORIENTED_EDGE('',*,*,#5962,.T.);
#7491=ORIENTED_EDGE('',*,*,#5963,.T.);
#7492=ORIENTED_EDGE('',*,*,#5964,.T.);
#7493=ORIENTED_EDGE('',*,*,#5963,.F.);
#7494=ORIENTED_EDGE('',*,*,#5965,.T.);
#7495=ORIENTED_EDGE('',*,*,#5966,.T.);
#7496=ORIENTED_EDGE('',*,*,#5967,.T.);
#7497=ORIENTED_EDGE('',*,*,#5966,.F.);
#7498=ORIENTED_EDGE('',*,*,#5968,.T.);
#7499=ORIENTED_EDGE('',*,*,#5969,.T.);
#7500=ORIENTED_EDGE('',*,*,#5970,.T.);
#7501=ORIENTED_EDGE('',*,*,#5969,.F.);
#7502=ORIENTED_EDGE('',*,*,#5971,.T.);
#7503=ORIENTED_EDGE('',*,*,#5972,.T.);
#7504=ORIENTED_EDGE('',*,*,#5973,.T.);
#7505=ORIENTED_EDGE('',*,*,#5972,.F.);
#7506=ORIENTED_EDGE('',*,*,#5974,.T.);
#7507=ORIENTED_EDGE('',*,*,#5975,.T.);
#7508=ORIENTED_EDGE('',*,*,#5976,.T.);
#7509=ORIENTED_EDGE('',*,*,#5975,.F.);
#7510=ORIENTED_EDGE('',*,*,#5977,.T.);
#7511=ORIENTED_EDGE('',*,*,#5978,.T.);
#7512=ORIENTED_EDGE('',*,*,#5979,.T.);
#7513=ORIENTED_EDGE('',*,*,#5978,.F.);
#7514=ORIENTED_EDGE('',*,*,#5980,.T.);
#7515=ORIENTED_EDGE('',*,*,#5981,.T.);
#7516=ORIENTED_EDGE('',*,*,#5982,.T.);
#7517=ORIENTED_EDGE('',*,*,#5983,.F.);
#7518=ORIENTED_EDGE('',*,*,#5984,.T.);
#7519=ORIENTED_EDGE('',*,*,#5915,.T.);
#7520=ORIENTED_EDGE('',*,*,#5985,.T.);
#7521=ORIENTED_EDGE('',*,*,#5905,.T.);
#7522=ORIENTED_EDGE('',*,*,#5986,.F.);
#7523=ORIENTED_EDGE('',*,*,#5987,.F.);
#7524=ORIENTED_EDGE('',*,*,#5988,.T.);
#7525=ORIENTED_EDGE('',*,*,#5988,.F.);
#7526=ORIENTED_EDGE('',*,*,#5989,.F.);
#7527=ORIENTED_EDGE('',*,*,#5990,.F.);
#7528=ORIENTED_EDGE('',*,*,#5914,.F.);
#7529=ORIENTED_EDGE('',*,*,#5587,.F.);
#7530=ORIENTED_EDGE('',*,*,#5906,.F.);
#7531=ORIENTED_EDGE('',*,*,#5991,.F.);
#7532=ORIENTED_EDGE('',*,*,#5992,.F.);
#7533=ORIENTED_EDGE('',*,*,#5903,.T.);
#7534=ORIENTED_EDGE('',*,*,#5990,.T.);
#7535=ORIENTED_EDGE('',*,*,#5981,.F.);
#7536=ORIENTED_EDGE('',*,*,#5993,.T.);
#7537=ORIENTED_EDGE('',*,*,#5994,.T.);
#7538=ORIENTED_EDGE('',*,*,#5995,.T.);
#7539=ORIENTED_EDGE('',*,*,#5911,.T.);
#7540=ORIENTED_EDGE('',*,*,#5996,.F.);
#7541=ORIENTED_EDGE('',*,*,#5997,.F.);
#7542=ORIENTED_EDGE('',*,*,#5998,.T.);
#7543=ORIENTED_EDGE('',*,*,#5912,.T.);
#7544=ORIENTED_EDGE('',*,*,#5998,.F.);
#7545=ORIENTED_EDGE('',*,*,#5999,.F.);
#7546=ORIENTED_EDGE('',*,*,#6000,.T.);
#7547=ORIENTED_EDGE('',*,*,#5588,.T.);
#7548=ORIENTED_EDGE('',*,*,#5913,.T.);
#7549=ORIENTED_EDGE('',*,*,#6000,.F.);
#7550=ORIENTED_EDGE('',*,*,#6001,.F.);
#7551=ORIENTED_EDGE('',*,*,#6002,.T.);
#7552=ORIENTED_EDGE('',*,*,#5756,.F.);
#7553=ORIENTED_EDGE('',*,*,#6003,.F.);
#7554=ORIENTED_EDGE('',*,*,#6004,.F.);
#7555=ORIENTED_EDGE('',*,*,#6005,.T.);
#7556=ORIENTED_EDGE('',*,*,#5757,.F.);
#7557=ORIENTED_EDGE('',*,*,#6005,.F.);
#7558=ORIENTED_EDGE('',*,*,#6006,.F.);
#7559=ORIENTED_EDGE('',*,*,#6007,.T.);
#7560=ORIENTED_EDGE('',*,*,#5758,.F.);
#7561=ORIENTED_EDGE('',*,*,#6007,.F.);
#7562=ORIENTED_EDGE('',*,*,#6008,.F.);
#7563=ORIENTED_EDGE('',*,*,#6009,.T.);
#7564=ORIENTED_EDGE('',*,*,#5759,.F.);
#7565=ORIENTED_EDGE('',*,*,#6009,.F.);
#7566=ORIENTED_EDGE('',*,*,#6010,.F.);
#7567=ORIENTED_EDGE('',*,*,#6011,.T.);
#7568=ORIENTED_EDGE('',*,*,#5760,.F.);
#7569=ORIENTED_EDGE('',*,*,#6011,.F.);
#7570=ORIENTED_EDGE('',*,*,#6012,.F.);
#7571=ORIENTED_EDGE('',*,*,#6013,.T.);
#7572=ORIENTED_EDGE('',*,*,#5761,.F.);
#7573=ORIENTED_EDGE('',*,*,#6013,.F.);
#7574=ORIENTED_EDGE('',*,*,#6014,.F.);
#7575=ORIENTED_EDGE('',*,*,#6015,.T.);
#7576=ORIENTED_EDGE('',*,*,#5762,.F.);
#7577=ORIENTED_EDGE('',*,*,#6015,.F.);
#7578=ORIENTED_EDGE('',*,*,#6016,.F.);
#7579=ORIENTED_EDGE('',*,*,#6017,.T.);
#7580=ORIENTED_EDGE('',*,*,#5763,.F.);
#7581=ORIENTED_EDGE('',*,*,#6017,.F.);
#7582=ORIENTED_EDGE('',*,*,#6018,.F.);
#7583=ORIENTED_EDGE('',*,*,#6019,.T.);
#7584=ORIENTED_EDGE('',*,*,#5764,.F.);
#7585=ORIENTED_EDGE('',*,*,#6019,.F.);
#7586=ORIENTED_EDGE('',*,*,#6020,.F.);
#7587=ORIENTED_EDGE('',*,*,#6021,.T.);
#7588=ORIENTED_EDGE('',*,*,#5765,.F.);
#7589=ORIENTED_EDGE('',*,*,#6021,.F.);
#7590=ORIENTED_EDGE('',*,*,#6022,.F.);
#7591=ORIENTED_EDGE('',*,*,#6023,.T.);
#7592=ORIENTED_EDGE('',*,*,#5766,.F.);
#7593=ORIENTED_EDGE('',*,*,#6023,.F.);
#7594=ORIENTED_EDGE('',*,*,#6024,.F.);
#7595=ORIENTED_EDGE('',*,*,#6025,.T.);
#7596=ORIENTED_EDGE('',*,*,#5767,.F.);
#7597=ORIENTED_EDGE('',*,*,#6025,.F.);
#7598=ORIENTED_EDGE('',*,*,#6026,.F.);
#7599=ORIENTED_EDGE('',*,*,#6027,.T.);
#7600=ORIENTED_EDGE('',*,*,#5768,.F.);
#7601=ORIENTED_EDGE('',*,*,#6027,.F.);
#7602=ORIENTED_EDGE('',*,*,#6028,.F.);
#7603=ORIENTED_EDGE('',*,*,#6029,.T.);
#7604=ORIENTED_EDGE('',*,*,#5769,.F.);
#7605=ORIENTED_EDGE('',*,*,#6029,.F.);
#7606=ORIENTED_EDGE('',*,*,#6030,.F.);
#7607=ORIENTED_EDGE('',*,*,#6031,.T.);
#7608=ORIENTED_EDGE('',*,*,#5770,.F.);
#7609=ORIENTED_EDGE('',*,*,#6031,.F.);
#7610=ORIENTED_EDGE('',*,*,#6032,.F.);
#7611=ORIENTED_EDGE('',*,*,#6033,.T.);
#7612=ORIENTED_EDGE('',*,*,#5771,.F.);
#7613=ORIENTED_EDGE('',*,*,#6033,.F.);
#7614=ORIENTED_EDGE('',*,*,#6034,.F.);
#7615=ORIENTED_EDGE('',*,*,#6035,.T.);
#7616=ORIENTED_EDGE('',*,*,#5772,.F.);
#7617=ORIENTED_EDGE('',*,*,#6035,.F.);
#7618=ORIENTED_EDGE('',*,*,#6036,.F.);
#7619=ORIENTED_EDGE('',*,*,#6037,.T.);
#7620=ORIENTED_EDGE('',*,*,#5773,.F.);
#7621=ORIENTED_EDGE('',*,*,#6037,.F.);
#7622=ORIENTED_EDGE('',*,*,#6038,.F.);
#7623=ORIENTED_EDGE('',*,*,#6039,.T.);
#7624=ORIENTED_EDGE('',*,*,#5774,.F.);
#7625=ORIENTED_EDGE('',*,*,#6039,.F.);
#7626=ORIENTED_EDGE('',*,*,#6040,.F.);
#7627=ORIENTED_EDGE('',*,*,#6041,.T.);
#7628=ORIENTED_EDGE('',*,*,#5775,.F.);
#7629=ORIENTED_EDGE('',*,*,#6041,.F.);
#7630=ORIENTED_EDGE('',*,*,#6042,.F.);
#7631=ORIENTED_EDGE('',*,*,#6043,.T.);
#7632=ORIENTED_EDGE('',*,*,#5776,.F.);
#7633=ORIENTED_EDGE('',*,*,#6043,.F.);
#7634=ORIENTED_EDGE('',*,*,#6044,.F.);
#7635=ORIENTED_EDGE('',*,*,#6045,.T.);
#7636=ORIENTED_EDGE('',*,*,#5777,.F.);
#7637=ORIENTED_EDGE('',*,*,#6045,.F.);
#7638=ORIENTED_EDGE('',*,*,#6046,.F.);
#7639=ORIENTED_EDGE('',*,*,#6047,.T.);
#7640=ORIENTED_EDGE('',*,*,#5778,.F.);
#7641=ORIENTED_EDGE('',*,*,#6047,.F.);
#7642=ORIENTED_EDGE('',*,*,#6048,.F.);
#7643=ORIENTED_EDGE('',*,*,#6049,.T.);
#7644=ORIENTED_EDGE('',*,*,#5779,.F.);
#7645=ORIENTED_EDGE('',*,*,#6049,.F.);
#7646=ORIENTED_EDGE('',*,*,#6050,.F.);
#7647=ORIENTED_EDGE('',*,*,#6051,.T.);
#7648=ORIENTED_EDGE('',*,*,#5780,.F.);
#7649=ORIENTED_EDGE('',*,*,#6051,.F.);
#7650=ORIENTED_EDGE('',*,*,#6052,.F.);
#7651=ORIENTED_EDGE('',*,*,#6053,.T.);
#7652=ORIENTED_EDGE('',*,*,#5781,.F.);
#7653=ORIENTED_EDGE('',*,*,#6053,.F.);
#7654=ORIENTED_EDGE('',*,*,#6054,.F.);
#7655=ORIENTED_EDGE('',*,*,#6055,.T.);
#7656=ORIENTED_EDGE('',*,*,#5782,.F.);
#7657=ORIENTED_EDGE('',*,*,#6055,.F.);
#7658=ORIENTED_EDGE('',*,*,#6056,.F.);
#7659=ORIENTED_EDGE('',*,*,#6057,.T.);
#7660=ORIENTED_EDGE('',*,*,#5783,.F.);
#7661=ORIENTED_EDGE('',*,*,#6057,.F.);
#7662=ORIENTED_EDGE('',*,*,#6058,.F.);
#7663=ORIENTED_EDGE('',*,*,#6059,.T.);
#7664=ORIENTED_EDGE('',*,*,#5784,.F.);
#7665=ORIENTED_EDGE('',*,*,#6059,.F.);
#7666=ORIENTED_EDGE('',*,*,#6060,.F.);
#7667=ORIENTED_EDGE('',*,*,#6061,.T.);
#7668=ORIENTED_EDGE('',*,*,#5785,.F.);
#7669=ORIENTED_EDGE('',*,*,#6061,.F.);
#7670=ORIENTED_EDGE('',*,*,#6062,.F.);
#7671=ORIENTED_EDGE('',*,*,#6063,.T.);
#7672=ORIENTED_EDGE('',*,*,#5786,.F.);
#7673=ORIENTED_EDGE('',*,*,#6063,.F.);
#7674=ORIENTED_EDGE('',*,*,#6064,.F.);
#7675=ORIENTED_EDGE('',*,*,#6065,.T.);
#7676=ORIENTED_EDGE('',*,*,#5787,.F.);
#7677=ORIENTED_EDGE('',*,*,#6065,.F.);
#7678=ORIENTED_EDGE('',*,*,#6066,.F.);
#7679=ORIENTED_EDGE('',*,*,#6067,.T.);
#7680=ORIENTED_EDGE('',*,*,#5788,.F.);
#7681=ORIENTED_EDGE('',*,*,#6067,.F.);
#7682=ORIENTED_EDGE('',*,*,#6068,.F.);
#7683=ORIENTED_EDGE('',*,*,#6069,.T.);
#7684=ORIENTED_EDGE('',*,*,#5789,.F.);
#7685=ORIENTED_EDGE('',*,*,#6069,.F.);
#7686=ORIENTED_EDGE('',*,*,#6070,.F.);
#7687=ORIENTED_EDGE('',*,*,#6071,.T.);
#7688=ORIENTED_EDGE('',*,*,#5790,.F.);
#7689=ORIENTED_EDGE('',*,*,#6071,.F.);
#7690=ORIENTED_EDGE('',*,*,#6072,.F.);
#7691=ORIENTED_EDGE('',*,*,#6073,.T.);
#7692=ORIENTED_EDGE('',*,*,#5791,.F.);
#7693=ORIENTED_EDGE('',*,*,#6073,.F.);
#7694=ORIENTED_EDGE('',*,*,#6074,.F.);
#7695=ORIENTED_EDGE('',*,*,#6075,.T.);
#7696=ORIENTED_EDGE('',*,*,#5792,.F.);
#7697=ORIENTED_EDGE('',*,*,#6075,.F.);
#7698=ORIENTED_EDGE('',*,*,#6076,.F.);
#7699=ORIENTED_EDGE('',*,*,#6077,.T.);
#7700=ORIENTED_EDGE('',*,*,#5793,.F.);
#7701=ORIENTED_EDGE('',*,*,#6077,.F.);
#7702=ORIENTED_EDGE('',*,*,#6078,.F.);
#7703=ORIENTED_EDGE('',*,*,#6079,.T.);
#7704=ORIENTED_EDGE('',*,*,#5794,.F.);
#7705=ORIENTED_EDGE('',*,*,#6079,.F.);
#7706=ORIENTED_EDGE('',*,*,#6080,.F.);
#7707=ORIENTED_EDGE('',*,*,#6081,.T.);
#7708=ORIENTED_EDGE('',*,*,#5795,.F.);
#7709=ORIENTED_EDGE('',*,*,#6081,.F.);
#7710=ORIENTED_EDGE('',*,*,#6082,.F.);
#7711=ORIENTED_EDGE('',*,*,#6083,.T.);
#7712=ORIENTED_EDGE('',*,*,#5796,.F.);
#7713=ORIENTED_EDGE('',*,*,#6083,.F.);
#7714=ORIENTED_EDGE('',*,*,#6084,.F.);
#7715=ORIENTED_EDGE('',*,*,#6085,.T.);
#7716=ORIENTED_EDGE('',*,*,#5797,.F.);
#7717=ORIENTED_EDGE('',*,*,#6085,.F.);
#7718=ORIENTED_EDGE('',*,*,#6086,.F.);
#7719=ORIENTED_EDGE('',*,*,#6087,.T.);
#7720=ORIENTED_EDGE('',*,*,#5798,.F.);
#7721=ORIENTED_EDGE('',*,*,#6087,.F.);
#7722=ORIENTED_EDGE('',*,*,#6088,.F.);
#7723=ORIENTED_EDGE('',*,*,#6089,.T.);
#7724=ORIENTED_EDGE('',*,*,#5755,.F.);
#7725=ORIENTED_EDGE('',*,*,#6089,.F.);
#7726=ORIENTED_EDGE('',*,*,#6090,.F.);
#7727=ORIENTED_EDGE('',*,*,#6003,.T.);
#7728=ORIENTED_EDGE('',*,*,#5860,.F.);
#7729=ORIENTED_EDGE('',*,*,#6091,.F.);
#7730=ORIENTED_EDGE('',*,*,#6092,.F.);
#7731=ORIENTED_EDGE('',*,*,#6093,.T.);
#7732=ORIENTED_EDGE('',*,*,#5861,.F.);
#7733=ORIENTED_EDGE('',*,*,#6093,.F.);
#7734=ORIENTED_EDGE('',*,*,#6094,.F.);
#7735=ORIENTED_EDGE('',*,*,#6095,.T.);
#7736=ORIENTED_EDGE('',*,*,#5862,.F.);
#7737=ORIENTED_EDGE('',*,*,#6095,.F.);
#7738=ORIENTED_EDGE('',*,*,#6096,.F.);
#7739=ORIENTED_EDGE('',*,*,#6097,.T.);
#7740=ORIENTED_EDGE('',*,*,#5863,.F.);
#7741=ORIENTED_EDGE('',*,*,#6097,.F.);
#7742=ORIENTED_EDGE('',*,*,#6098,.F.);
#7743=ORIENTED_EDGE('',*,*,#6099,.T.);
#7744=ORIENTED_EDGE('',*,*,#5864,.F.);
#7745=ORIENTED_EDGE('',*,*,#6099,.F.);
#7746=ORIENTED_EDGE('',*,*,#6100,.F.);
#7747=ORIENTED_EDGE('',*,*,#6101,.T.);
#7748=ORIENTED_EDGE('',*,*,#5865,.F.);
#7749=ORIENTED_EDGE('',*,*,#6101,.F.);
#7750=ORIENTED_EDGE('',*,*,#6102,.F.);
#7751=ORIENTED_EDGE('',*,*,#6103,.T.);
#7752=ORIENTED_EDGE('',*,*,#5866,.F.);
#7753=ORIENTED_EDGE('',*,*,#6103,.F.);
#7754=ORIENTED_EDGE('',*,*,#6104,.F.);
#7755=ORIENTED_EDGE('',*,*,#6105,.T.);
#7756=ORIENTED_EDGE('',*,*,#5867,.F.);
#7757=ORIENTED_EDGE('',*,*,#6105,.F.);
#7758=ORIENTED_EDGE('',*,*,#6106,.F.);
#7759=ORIENTED_EDGE('',*,*,#6107,.T.);
#7760=ORIENTED_EDGE('',*,*,#5868,.F.);
#7761=ORIENTED_EDGE('',*,*,#6107,.F.);
#7762=ORIENTED_EDGE('',*,*,#6108,.F.);
#7763=ORIENTED_EDGE('',*,*,#6109,.T.);
#7764=ORIENTED_EDGE('',*,*,#5869,.F.);
#7765=ORIENTED_EDGE('',*,*,#6109,.F.);
#7766=ORIENTED_EDGE('',*,*,#6110,.F.);
#7767=ORIENTED_EDGE('',*,*,#6111,.T.);
#7768=ORIENTED_EDGE('',*,*,#5870,.F.);
#7769=ORIENTED_EDGE('',*,*,#6111,.F.);
#7770=ORIENTED_EDGE('',*,*,#6112,.F.);
#7771=ORIENTED_EDGE('',*,*,#6113,.T.);
#7772=ORIENTED_EDGE('',*,*,#5871,.F.);
#7773=ORIENTED_EDGE('',*,*,#6113,.F.);
#7774=ORIENTED_EDGE('',*,*,#6114,.F.);
#7775=ORIENTED_EDGE('',*,*,#6115,.T.);
#7776=ORIENTED_EDGE('',*,*,#5872,.F.);
#7777=ORIENTED_EDGE('',*,*,#6115,.F.);
#7778=ORIENTED_EDGE('',*,*,#6116,.F.);
#7779=ORIENTED_EDGE('',*,*,#6117,.T.);
#7780=ORIENTED_EDGE('',*,*,#5873,.F.);
#7781=ORIENTED_EDGE('',*,*,#6117,.F.);
#7782=ORIENTED_EDGE('',*,*,#6118,.F.);
#7783=ORIENTED_EDGE('',*,*,#6119,.T.);
#7784=ORIENTED_EDGE('',*,*,#5874,.F.);
#7785=ORIENTED_EDGE('',*,*,#6119,.F.);
#7786=ORIENTED_EDGE('',*,*,#6120,.F.);
#7787=ORIENTED_EDGE('',*,*,#6121,.T.);
#7788=ORIENTED_EDGE('',*,*,#5875,.F.);
#7789=ORIENTED_EDGE('',*,*,#6121,.F.);
#7790=ORIENTED_EDGE('',*,*,#6122,.F.);
#7791=ORIENTED_EDGE('',*,*,#6123,.T.);
#7792=ORIENTED_EDGE('',*,*,#5876,.F.);
#7793=ORIENTED_EDGE('',*,*,#6123,.F.);
#7794=ORIENTED_EDGE('',*,*,#6124,.F.);
#7795=ORIENTED_EDGE('',*,*,#6125,.T.);
#7796=ORIENTED_EDGE('',*,*,#5877,.F.);
#7797=ORIENTED_EDGE('',*,*,#6125,.F.);
#7798=ORIENTED_EDGE('',*,*,#6126,.F.);
#7799=ORIENTED_EDGE('',*,*,#6127,.T.);
#7800=ORIENTED_EDGE('',*,*,#5878,.F.);
#7801=ORIENTED_EDGE('',*,*,#6127,.F.);
#7802=ORIENTED_EDGE('',*,*,#6128,.F.);
#7803=ORIENTED_EDGE('',*,*,#6129,.T.);
#7804=ORIENTED_EDGE('',*,*,#5879,.F.);
#7805=ORIENTED_EDGE('',*,*,#6129,.F.);
#7806=ORIENTED_EDGE('',*,*,#6130,.F.);
#7807=ORIENTED_EDGE('',*,*,#6131,.T.);
#7808=ORIENTED_EDGE('',*,*,#5880,.F.);
#7809=ORIENTED_EDGE('',*,*,#6131,.F.);
#7810=ORIENTED_EDGE('',*,*,#6132,.F.);
#7811=ORIENTED_EDGE('',*,*,#6133,.T.);
#7812=ORIENTED_EDGE('',*,*,#5881,.F.);
#7813=ORIENTED_EDGE('',*,*,#6133,.F.);
#7814=ORIENTED_EDGE('',*,*,#6134,.F.);
#7815=ORIENTED_EDGE('',*,*,#6135,.T.);
#7816=ORIENTED_EDGE('',*,*,#5882,.F.);
#7817=ORIENTED_EDGE('',*,*,#6135,.F.);
#7818=ORIENTED_EDGE('',*,*,#6136,.F.);
#7819=ORIENTED_EDGE('',*,*,#6137,.T.);
#7820=ORIENTED_EDGE('',*,*,#5883,.F.);
#7821=ORIENTED_EDGE('',*,*,#6137,.F.);
#7822=ORIENTED_EDGE('',*,*,#6138,.F.);
#7823=ORIENTED_EDGE('',*,*,#6139,.T.);
#7824=ORIENTED_EDGE('',*,*,#5884,.F.);
#7825=ORIENTED_EDGE('',*,*,#6139,.F.);
#7826=ORIENTED_EDGE('',*,*,#6140,.F.);
#7827=ORIENTED_EDGE('',*,*,#6141,.T.);
#7828=ORIENTED_EDGE('',*,*,#5885,.F.);
#7829=ORIENTED_EDGE('',*,*,#6141,.F.);
#7830=ORIENTED_EDGE('',*,*,#6142,.F.);
#7831=ORIENTED_EDGE('',*,*,#6143,.T.);
#7832=ORIENTED_EDGE('',*,*,#5886,.F.);
#7833=ORIENTED_EDGE('',*,*,#6143,.F.);
#7834=ORIENTED_EDGE('',*,*,#6144,.F.);
#7835=ORIENTED_EDGE('',*,*,#6145,.T.);
#7836=ORIENTED_EDGE('',*,*,#5887,.F.);
#7837=ORIENTED_EDGE('',*,*,#6145,.F.);
#7838=ORIENTED_EDGE('',*,*,#6146,.F.);
#7839=ORIENTED_EDGE('',*,*,#6147,.T.);
#7840=ORIENTED_EDGE('',*,*,#5888,.F.);
#7841=ORIENTED_EDGE('',*,*,#6147,.F.);
#7842=ORIENTED_EDGE('',*,*,#6148,.F.);
#7843=ORIENTED_EDGE('',*,*,#6149,.T.);
#7844=ORIENTED_EDGE('',*,*,#5889,.F.);
#7845=ORIENTED_EDGE('',*,*,#6149,.F.);
#7846=ORIENTED_EDGE('',*,*,#6150,.F.);
#7847=ORIENTED_EDGE('',*,*,#6151,.T.);
#7848=ORIENTED_EDGE('',*,*,#5890,.F.);
#7849=ORIENTED_EDGE('',*,*,#6151,.F.);
#7850=ORIENTED_EDGE('',*,*,#6152,.F.);
#7851=ORIENTED_EDGE('',*,*,#6153,.T.);
#7852=ORIENTED_EDGE('',*,*,#5891,.F.);
#7853=ORIENTED_EDGE('',*,*,#6153,.F.);
#7854=ORIENTED_EDGE('',*,*,#6154,.F.);
#7855=ORIENTED_EDGE('',*,*,#6155,.T.);
#7856=ORIENTED_EDGE('',*,*,#5892,.F.);
#7857=ORIENTED_EDGE('',*,*,#6155,.F.);
#7858=ORIENTED_EDGE('',*,*,#6156,.F.);
#7859=ORIENTED_EDGE('',*,*,#6157,.T.);
#7860=ORIENTED_EDGE('',*,*,#5893,.F.);
#7861=ORIENTED_EDGE('',*,*,#6157,.F.);
#7862=ORIENTED_EDGE('',*,*,#6158,.F.);
#7863=ORIENTED_EDGE('',*,*,#6159,.T.);
#7864=ORIENTED_EDGE('',*,*,#5894,.F.);
#7865=ORIENTED_EDGE('',*,*,#6159,.F.);
#7866=ORIENTED_EDGE('',*,*,#6160,.F.);
#7867=ORIENTED_EDGE('',*,*,#6161,.T.);
#7868=ORIENTED_EDGE('',*,*,#5895,.F.);
#7869=ORIENTED_EDGE('',*,*,#6161,.F.);
#7870=ORIENTED_EDGE('',*,*,#6162,.F.);
#7871=ORIENTED_EDGE('',*,*,#6163,.T.);
#7872=ORIENTED_EDGE('',*,*,#5896,.F.);
#7873=ORIENTED_EDGE('',*,*,#6163,.F.);
#7874=ORIENTED_EDGE('',*,*,#6164,.F.);
#7875=ORIENTED_EDGE('',*,*,#6165,.T.);
#7876=ORIENTED_EDGE('',*,*,#5897,.F.);
#7877=ORIENTED_EDGE('',*,*,#6165,.F.);
#7878=ORIENTED_EDGE('',*,*,#6166,.F.);
#7879=ORIENTED_EDGE('',*,*,#6167,.T.);
#7880=ORIENTED_EDGE('',*,*,#5898,.F.);
#7881=ORIENTED_EDGE('',*,*,#6167,.F.);
#7882=ORIENTED_EDGE('',*,*,#6168,.F.);
#7883=ORIENTED_EDGE('',*,*,#6169,.T.);
#7884=ORIENTED_EDGE('',*,*,#5899,.F.);
#7885=ORIENTED_EDGE('',*,*,#6169,.F.);
#7886=ORIENTED_EDGE('',*,*,#6170,.F.);
#7887=ORIENTED_EDGE('',*,*,#6171,.T.);
#7888=ORIENTED_EDGE('',*,*,#5900,.F.);
#7889=ORIENTED_EDGE('',*,*,#6171,.F.);
#7890=ORIENTED_EDGE('',*,*,#6172,.F.);
#7891=ORIENTED_EDGE('',*,*,#6173,.T.);
#7892=ORIENTED_EDGE('',*,*,#5901,.F.);
#7893=ORIENTED_EDGE('',*,*,#6173,.F.);
#7894=ORIENTED_EDGE('',*,*,#6174,.F.);
#7895=ORIENTED_EDGE('',*,*,#6175,.T.);
#7896=ORIENTED_EDGE('',*,*,#5902,.F.);
#7897=ORIENTED_EDGE('',*,*,#6175,.F.);
#7898=ORIENTED_EDGE('',*,*,#6176,.F.);
#7899=ORIENTED_EDGE('',*,*,#6177,.T.);
#7900=ORIENTED_EDGE('',*,*,#5859,.F.);
#7901=ORIENTED_EDGE('',*,*,#6177,.F.);
#7902=ORIENTED_EDGE('',*,*,#6178,.F.);
#7903=ORIENTED_EDGE('',*,*,#6091,.T.);
#7904=ORIENTED_EDGE('',*,*,#5652,.F.);
#7905=ORIENTED_EDGE('',*,*,#6179,.F.);
#7906=ORIENTED_EDGE('',*,*,#6180,.F.);
#7907=ORIENTED_EDGE('',*,*,#6181,.T.);
#7908=ORIENTED_EDGE('',*,*,#5653,.F.);
#7909=ORIENTED_EDGE('',*,*,#6181,.F.);
#7910=ORIENTED_EDGE('',*,*,#6182,.F.);
#7911=ORIENTED_EDGE('',*,*,#6183,.T.);
#7912=ORIENTED_EDGE('',*,*,#5654,.F.);
#7913=ORIENTED_EDGE('',*,*,#6183,.F.);
#7914=ORIENTED_EDGE('',*,*,#6184,.F.);
#7915=ORIENTED_EDGE('',*,*,#6185,.T.);
#7916=ORIENTED_EDGE('',*,*,#5655,.F.);
#7917=ORIENTED_EDGE('',*,*,#6185,.F.);
#7918=ORIENTED_EDGE('',*,*,#6186,.F.);
#7919=ORIENTED_EDGE('',*,*,#6187,.T.);
#7920=ORIENTED_EDGE('',*,*,#5656,.F.);
#7921=ORIENTED_EDGE('',*,*,#6187,.F.);
#7922=ORIENTED_EDGE('',*,*,#6188,.F.);
#7923=ORIENTED_EDGE('',*,*,#6189,.T.);
#7924=ORIENTED_EDGE('',*,*,#5657,.F.);
#7925=ORIENTED_EDGE('',*,*,#6189,.F.);
#7926=ORIENTED_EDGE('',*,*,#6190,.F.);
#7927=ORIENTED_EDGE('',*,*,#6191,.T.);
#7928=ORIENTED_EDGE('',*,*,#5658,.F.);
#7929=ORIENTED_EDGE('',*,*,#6191,.F.);
#7930=ORIENTED_EDGE('',*,*,#6192,.F.);
#7931=ORIENTED_EDGE('',*,*,#6193,.T.);
#7932=ORIENTED_EDGE('',*,*,#5659,.F.);
#7933=ORIENTED_EDGE('',*,*,#6193,.F.);
#7934=ORIENTED_EDGE('',*,*,#6194,.F.);
#7935=ORIENTED_EDGE('',*,*,#6195,.T.);
#7936=ORIENTED_EDGE('',*,*,#5660,.F.);
#7937=ORIENTED_EDGE('',*,*,#6195,.F.);
#7938=ORIENTED_EDGE('',*,*,#6196,.F.);
#7939=ORIENTED_EDGE('',*,*,#6197,.T.);
#7940=ORIENTED_EDGE('',*,*,#5661,.F.);
#7941=ORIENTED_EDGE('',*,*,#6197,.F.);
#7942=ORIENTED_EDGE('',*,*,#6198,.F.);
#7943=ORIENTED_EDGE('',*,*,#6199,.T.);
#7944=ORIENTED_EDGE('',*,*,#5662,.F.);
#7945=ORIENTED_EDGE('',*,*,#6199,.F.);
#7946=ORIENTED_EDGE('',*,*,#6200,.F.);
#7947=ORIENTED_EDGE('',*,*,#6201,.T.);
#7948=ORIENTED_EDGE('',*,*,#5663,.F.);
#7949=ORIENTED_EDGE('',*,*,#6201,.F.);
#7950=ORIENTED_EDGE('',*,*,#6202,.F.);
#7951=ORIENTED_EDGE('',*,*,#6203,.T.);
#7952=ORIENTED_EDGE('',*,*,#5664,.F.);
#7953=ORIENTED_EDGE('',*,*,#6203,.F.);
#7954=ORIENTED_EDGE('',*,*,#6204,.F.);
#7955=ORIENTED_EDGE('',*,*,#6205,.T.);
#7956=ORIENTED_EDGE('',*,*,#5665,.F.);
#7957=ORIENTED_EDGE('',*,*,#6205,.F.);
#7958=ORIENTED_EDGE('',*,*,#6206,.F.);
#7959=ORIENTED_EDGE('',*,*,#6207,.T.);
#7960=ORIENTED_EDGE('',*,*,#5666,.F.);
#7961=ORIENTED_EDGE('',*,*,#6207,.F.);
#7962=ORIENTED_EDGE('',*,*,#6208,.F.);
#7963=ORIENTED_EDGE('',*,*,#6209,.T.);
#7964=ORIENTED_EDGE('',*,*,#5667,.F.);
#7965=ORIENTED_EDGE('',*,*,#6209,.F.);
#7966=ORIENTED_EDGE('',*,*,#6210,.F.);
#7967=ORIENTED_EDGE('',*,*,#6211,.T.);
#7968=ORIENTED_EDGE('',*,*,#5668,.F.);
#7969=ORIENTED_EDGE('',*,*,#6211,.F.);
#7970=ORIENTED_EDGE('',*,*,#6212,.F.);
#7971=ORIENTED_EDGE('',*,*,#6213,.T.);
#7972=ORIENTED_EDGE('',*,*,#5669,.F.);
#7973=ORIENTED_EDGE('',*,*,#6213,.F.);
#7974=ORIENTED_EDGE('',*,*,#6214,.F.);
#7975=ORIENTED_EDGE('',*,*,#6215,.T.);
#7976=ORIENTED_EDGE('',*,*,#5670,.F.);
#7977=ORIENTED_EDGE('',*,*,#6215,.F.);
#7978=ORIENTED_EDGE('',*,*,#6216,.F.);
#7979=ORIENTED_EDGE('',*,*,#6217,.T.);
#7980=ORIENTED_EDGE('',*,*,#5671,.F.);
#7981=ORIENTED_EDGE('',*,*,#6217,.F.);
#7982=ORIENTED_EDGE('',*,*,#6218,.F.);
#7983=ORIENTED_EDGE('',*,*,#6219,.T.);
#7984=ORIENTED_EDGE('',*,*,#5672,.F.);
#7985=ORIENTED_EDGE('',*,*,#6219,.F.);
#7986=ORIENTED_EDGE('',*,*,#6220,.F.);
#7987=ORIENTED_EDGE('',*,*,#6221,.T.);
#7988=ORIENTED_EDGE('',*,*,#5673,.F.);
#7989=ORIENTED_EDGE('',*,*,#6221,.F.);
#7990=ORIENTED_EDGE('',*,*,#6222,.F.);
#7991=ORIENTED_EDGE('',*,*,#6223,.T.);
#7992=ORIENTED_EDGE('',*,*,#5674,.F.);
#7993=ORIENTED_EDGE('',*,*,#6223,.F.);
#7994=ORIENTED_EDGE('',*,*,#6224,.F.);
#7995=ORIENTED_EDGE('',*,*,#6225,.T.);
#7996=ORIENTED_EDGE('',*,*,#5675,.F.);
#7997=ORIENTED_EDGE('',*,*,#6225,.F.);
#7998=ORIENTED_EDGE('',*,*,#6226,.F.);
#7999=ORIENTED_EDGE('',*,*,#6227,.T.);
#8000=ORIENTED_EDGE('',*,*,#5676,.F.);
#8001=ORIENTED_EDGE('',*,*,#6227,.F.);
#8002=ORIENTED_EDGE('',*,*,#6228,.F.);
#8003=ORIENTED_EDGE('',*,*,#6229,.T.);
#8004=ORIENTED_EDGE('',*,*,#5677,.F.);
#8005=ORIENTED_EDGE('',*,*,#6229,.F.);
#8006=ORIENTED_EDGE('',*,*,#6230,.F.);
#8007=ORIENTED_EDGE('',*,*,#6231,.T.);
#8008=ORIENTED_EDGE('',*,*,#5678,.F.);
#8009=ORIENTED_EDGE('',*,*,#6231,.F.);
#8010=ORIENTED_EDGE('',*,*,#6232,.F.);
#8011=ORIENTED_EDGE('',*,*,#6233,.T.);
#8012=ORIENTED_EDGE('',*,*,#5679,.F.);
#8013=ORIENTED_EDGE('',*,*,#6233,.F.);
#8014=ORIENTED_EDGE('',*,*,#6234,.F.);
#8015=ORIENTED_EDGE('',*,*,#6235,.T.);
#8016=ORIENTED_EDGE('',*,*,#5680,.F.);
#8017=ORIENTED_EDGE('',*,*,#6235,.F.);
#8018=ORIENTED_EDGE('',*,*,#6236,.F.);
#8019=ORIENTED_EDGE('',*,*,#6237,.T.);
#8020=ORIENTED_EDGE('',*,*,#5681,.F.);
#8021=ORIENTED_EDGE('',*,*,#6237,.F.);
#8022=ORIENTED_EDGE('',*,*,#6238,.F.);
#8023=ORIENTED_EDGE('',*,*,#6239,.T.);
#8024=ORIENTED_EDGE('',*,*,#5682,.F.);
#8025=ORIENTED_EDGE('',*,*,#6239,.F.);
#8026=ORIENTED_EDGE('',*,*,#6240,.F.);
#8027=ORIENTED_EDGE('',*,*,#6241,.T.);
#8028=ORIENTED_EDGE('',*,*,#5683,.F.);
#8029=ORIENTED_EDGE('',*,*,#6241,.F.);
#8030=ORIENTED_EDGE('',*,*,#6242,.F.);
#8031=ORIENTED_EDGE('',*,*,#6243,.T.);
#8032=ORIENTED_EDGE('',*,*,#5684,.F.);
#8033=ORIENTED_EDGE('',*,*,#6243,.F.);
#8034=ORIENTED_EDGE('',*,*,#6244,.F.);
#8035=ORIENTED_EDGE('',*,*,#6245,.T.);
#8036=ORIENTED_EDGE('',*,*,#5685,.F.);
#8037=ORIENTED_EDGE('',*,*,#6245,.F.);
#8038=ORIENTED_EDGE('',*,*,#6246,.F.);
#8039=ORIENTED_EDGE('',*,*,#6247,.T.);
#8040=ORIENTED_EDGE('',*,*,#5686,.F.);
#8041=ORIENTED_EDGE('',*,*,#6247,.F.);
#8042=ORIENTED_EDGE('',*,*,#6248,.F.);
#8043=ORIENTED_EDGE('',*,*,#6249,.T.);
#8044=ORIENTED_EDGE('',*,*,#5687,.F.);
#8045=ORIENTED_EDGE('',*,*,#6249,.F.);
#8046=ORIENTED_EDGE('',*,*,#6250,.F.);
#8047=ORIENTED_EDGE('',*,*,#6251,.T.);
#8048=ORIENTED_EDGE('',*,*,#5688,.F.);
#8049=ORIENTED_EDGE('',*,*,#6251,.F.);
#8050=ORIENTED_EDGE('',*,*,#6252,.F.);
#8051=ORIENTED_EDGE('',*,*,#6253,.T.);
#8052=ORIENTED_EDGE('',*,*,#5689,.F.);
#8053=ORIENTED_EDGE('',*,*,#6253,.F.);
#8054=ORIENTED_EDGE('',*,*,#6254,.F.);
#8055=ORIENTED_EDGE('',*,*,#6255,.T.);
#8056=ORIENTED_EDGE('',*,*,#5690,.F.);
#8057=ORIENTED_EDGE('',*,*,#6255,.F.);
#8058=ORIENTED_EDGE('',*,*,#6256,.F.);
#8059=ORIENTED_EDGE('',*,*,#6257,.T.);
#8060=ORIENTED_EDGE('',*,*,#5691,.F.);
#8061=ORIENTED_EDGE('',*,*,#6257,.F.);
#8062=ORIENTED_EDGE('',*,*,#6258,.F.);
#8063=ORIENTED_EDGE('',*,*,#6259,.T.);
#8064=ORIENTED_EDGE('',*,*,#5692,.F.);
#8065=ORIENTED_EDGE('',*,*,#6259,.F.);
#8066=ORIENTED_EDGE('',*,*,#6260,.F.);
#8067=ORIENTED_EDGE('',*,*,#6261,.T.);
#8068=ORIENTED_EDGE('',*,*,#5693,.F.);
#8069=ORIENTED_EDGE('',*,*,#6261,.F.);
#8070=ORIENTED_EDGE('',*,*,#6262,.F.);
#8071=ORIENTED_EDGE('',*,*,#6263,.T.);
#8072=ORIENTED_EDGE('',*,*,#5694,.F.);
#8073=ORIENTED_EDGE('',*,*,#6263,.F.);
#8074=ORIENTED_EDGE('',*,*,#6264,.F.);
#8075=ORIENTED_EDGE('',*,*,#6265,.T.);
#8076=ORIENTED_EDGE('',*,*,#5651,.F.);
#8077=ORIENTED_EDGE('',*,*,#6265,.F.);
#8078=ORIENTED_EDGE('',*,*,#6266,.F.);
#8079=ORIENTED_EDGE('',*,*,#6179,.T.);
#8080=ORIENTED_EDGE('',*,*,#5589,.T.);
#8081=ORIENTED_EDGE('',*,*,#6002,.F.);
#8082=ORIENTED_EDGE('',*,*,#6267,.F.);
#8083=ORIENTED_EDGE('',*,*,#6268,.F.);
#8084=ORIENTED_EDGE('',*,*,#6269,.T.);
#8085=ORIENTED_EDGE('',*,*,#5907,.T.);
#8086=ORIENTED_EDGE('',*,*,#5590,.T.);
#8087=ORIENTED_EDGE('',*,*,#6269,.F.);
#8088=ORIENTED_EDGE('',*,*,#6270,.F.);
#8089=ORIENTED_EDGE('',*,*,#6271,.F.);
#8090=ORIENTED_EDGE('',*,*,#5908,.T.);
#8091=ORIENTED_EDGE('',*,*,#6271,.T.);
#8092=ORIENTED_EDGE('',*,*,#6272,.F.);
#8093=ORIENTED_EDGE('',*,*,#6273,.T.);
#8094=ORIENTED_EDGE('',*,*,#5909,.T.);
#8095=ORIENTED_EDGE('',*,*,#6273,.F.);
#8096=ORIENTED_EDGE('',*,*,#6274,.F.);
#8097=ORIENTED_EDGE('',*,*,#6275,.T.);
#8098=ORIENTED_EDGE('',*,*,#5910,.T.);
#8099=ORIENTED_EDGE('',*,*,#6275,.F.);
#8100=ORIENTED_EDGE('',*,*,#6276,.F.);
#8101=ORIENTED_EDGE('',*,*,#6277,.F.);
#8102=ORIENTED_EDGE('',*,*,#5996,.T.);
#8103=ORIENTED_EDGE('',*,*,#5950,.F.);
#8104=ORIENTED_EDGE('',*,*,#6278,.T.);
#8105=ORIENTED_EDGE('',*,*,#6279,.T.);
#8106=ORIENTED_EDGE('',*,*,#6280,.T.);
#8107=ORIENTED_EDGE('',*,*,#6281,.T.);
#8108=ORIENTED_EDGE('',*,*,#6282,.T.);
#8109=ORIENTED_EDGE('',*,*,#5985,.F.);
#8110=ORIENTED_EDGE('',*,*,#5918,.F.);
#8111=ORIENTED_EDGE('',*,*,#5921,.F.);
#8112=ORIENTED_EDGE('',*,*,#5924,.F.);
#8113=ORIENTED_EDGE('',*,*,#5927,.F.);
#8114=ORIENTED_EDGE('',*,*,#5930,.F.);
#8115=ORIENTED_EDGE('',*,*,#5933,.F.);
#8116=ORIENTED_EDGE('',*,*,#5936,.F.);
#8117=ORIENTED_EDGE('',*,*,#5939,.F.);
#8118=ORIENTED_EDGE('',*,*,#5942,.F.);
#8119=ORIENTED_EDGE('',*,*,#5945,.F.);
#8120=ORIENTED_EDGE('',*,*,#5948,.F.);
#8121=ORIENTED_EDGE('',*,*,#5951,.F.);
#8122=ORIENTED_EDGE('',*,*,#6280,.F.);
#8123=ORIENTED_EDGE('',*,*,#6283,.F.);
#8124=ORIENTED_EDGE('',*,*,#6284,.F.);
#8125=ORIENTED_EDGE('',*,*,#5578,.T.);
#8126=ORIENTED_EDGE('',*,*,#6285,.F.);
#8127=ORIENTED_EDGE('',*,*,#6286,.T.);
#8128=ORIENTED_EDGE('',*,*,#5593,.T.);
#8129=ORIENTED_EDGE('',*,*,#6287,.F.);
#8130=ORIENTED_EDGE('',*,*,#6288,.F.);
#8131=ORIENTED_EDGE('',*,*,#6289,.T.);
#8132=ORIENTED_EDGE('',*,*,#5594,.T.);
#8133=ORIENTED_EDGE('',*,*,#6286,.F.);
#8134=ORIENTED_EDGE('',*,*,#6290,.F.);
#8135=ORIENTED_EDGE('',*,*,#6291,.T.);
#8136=ORIENTED_EDGE('',*,*,#5595,.T.);
#8137=ORIENTED_EDGE('',*,*,#6289,.F.);
#8138=ORIENTED_EDGE('',*,*,#6292,.F.);
#8139=ORIENTED_EDGE('',*,*,#6293,.T.);
#8140=ORIENTED_EDGE('',*,*,#5596,.T.);
#8141=ORIENTED_EDGE('',*,*,#6291,.F.);
#8142=ORIENTED_EDGE('',*,*,#6294,.F.);
#8143=ORIENTED_EDGE('',*,*,#6295,.T.);
#8144=ORIENTED_EDGE('',*,*,#5597,.T.);
#8145=ORIENTED_EDGE('',*,*,#6293,.F.);
#8146=ORIENTED_EDGE('',*,*,#6296,.F.);
#8147=ORIENTED_EDGE('',*,*,#6297,.T.);
#8148=ORIENTED_EDGE('',*,*,#5598,.T.);
#8149=ORIENTED_EDGE('',*,*,#6295,.F.);
#8150=ORIENTED_EDGE('',*,*,#6298,.F.);
#8151=ORIENTED_EDGE('',*,*,#6299,.T.);
#8152=ORIENTED_EDGE('',*,*,#5599,.T.);
#8153=ORIENTED_EDGE('',*,*,#6297,.F.);
#8154=ORIENTED_EDGE('',*,*,#6300,.F.);
#8155=ORIENTED_EDGE('',*,*,#6301,.T.);
#8156=ORIENTED_EDGE('',*,*,#5600,.T.);
#8157=ORIENTED_EDGE('',*,*,#6299,.F.);
#8158=ORIENTED_EDGE('',*,*,#6302,.F.);
#8159=ORIENTED_EDGE('',*,*,#6303,.T.);
#8160=ORIENTED_EDGE('',*,*,#5601,.T.);
#8161=ORIENTED_EDGE('',*,*,#6301,.F.);
#8162=ORIENTED_EDGE('',*,*,#6304,.F.);
#8163=ORIENTED_EDGE('',*,*,#6305,.T.);
#8164=ORIENTED_EDGE('',*,*,#5602,.T.);
#8165=ORIENTED_EDGE('',*,*,#6303,.F.);
#8166=ORIENTED_EDGE('',*,*,#6306,.F.);
#8167=ORIENTED_EDGE('',*,*,#6307,.T.);
#8168=ORIENTED_EDGE('',*,*,#5603,.T.);
#8169=ORIENTED_EDGE('',*,*,#6305,.F.);
#8170=ORIENTED_EDGE('',*,*,#6308,.F.);
#8171=ORIENTED_EDGE('',*,*,#6309,.T.);
#8172=ORIENTED_EDGE('',*,*,#5604,.T.);
#8173=ORIENTED_EDGE('',*,*,#6307,.F.);
#8174=ORIENTED_EDGE('',*,*,#6310,.F.);
#8175=ORIENTED_EDGE('',*,*,#6311,.T.);
#8176=ORIENTED_EDGE('',*,*,#5605,.T.);
#8177=ORIENTED_EDGE('',*,*,#6309,.F.);
#8178=ORIENTED_EDGE('',*,*,#6312,.F.);
#8179=ORIENTED_EDGE('',*,*,#6313,.T.);
#8180=ORIENTED_EDGE('',*,*,#5606,.T.);
#8181=ORIENTED_EDGE('',*,*,#6311,.F.);
#8182=ORIENTED_EDGE('',*,*,#6314,.F.);
#8183=ORIENTED_EDGE('',*,*,#6315,.T.);
#8184=ORIENTED_EDGE('',*,*,#5607,.T.);
#8185=ORIENTED_EDGE('',*,*,#6313,.F.);
#8186=ORIENTED_EDGE('',*,*,#6316,.F.);
#8187=ORIENTED_EDGE('',*,*,#6317,.T.);
#8188=ORIENTED_EDGE('',*,*,#5608,.T.);
#8189=ORIENTED_EDGE('',*,*,#6315,.F.);
#8190=ORIENTED_EDGE('',*,*,#6318,.F.);
#8191=ORIENTED_EDGE('',*,*,#6319,.T.);
#8192=ORIENTED_EDGE('',*,*,#5609,.T.);
#8193=ORIENTED_EDGE('',*,*,#6317,.F.);
#8194=ORIENTED_EDGE('',*,*,#6320,.F.);
#8195=ORIENTED_EDGE('',*,*,#6321,.T.);
#8196=ORIENTED_EDGE('',*,*,#5610,.T.);
#8197=ORIENTED_EDGE('',*,*,#6319,.F.);
#8198=ORIENTED_EDGE('',*,*,#6322,.F.);
#8199=ORIENTED_EDGE('',*,*,#6323,.T.);
#8200=ORIENTED_EDGE('',*,*,#5611,.T.);
#8201=ORIENTED_EDGE('',*,*,#6321,.F.);
#8202=ORIENTED_EDGE('',*,*,#6324,.F.);
#8203=ORIENTED_EDGE('',*,*,#6325,.T.);
#8204=ORIENTED_EDGE('',*,*,#5612,.T.);
#8205=ORIENTED_EDGE('',*,*,#6323,.F.);
#8206=ORIENTED_EDGE('',*,*,#6326,.F.);
#8207=ORIENTED_EDGE('',*,*,#6327,.T.);
#8208=ORIENTED_EDGE('',*,*,#5613,.T.);
#8209=ORIENTED_EDGE('',*,*,#6325,.F.);
#8210=ORIENTED_EDGE('',*,*,#6328,.F.);
#8211=ORIENTED_EDGE('',*,*,#6329,.T.);
#8212=ORIENTED_EDGE('',*,*,#5614,.T.);
#8213=ORIENTED_EDGE('',*,*,#6327,.F.);
#8214=ORIENTED_EDGE('',*,*,#6330,.F.);
#8215=ORIENTED_EDGE('',*,*,#6331,.T.);
#8216=ORIENTED_EDGE('',*,*,#5615,.T.);
#8217=ORIENTED_EDGE('',*,*,#6329,.F.);
#8218=ORIENTED_EDGE('',*,*,#6332,.F.);
#8219=ORIENTED_EDGE('',*,*,#6333,.T.);
#8220=ORIENTED_EDGE('',*,*,#5616,.T.);
#8221=ORIENTED_EDGE('',*,*,#6331,.F.);
#8222=ORIENTED_EDGE('',*,*,#6334,.F.);
#8223=ORIENTED_EDGE('',*,*,#6335,.T.);
#8224=ORIENTED_EDGE('',*,*,#5617,.T.);
#8225=ORIENTED_EDGE('',*,*,#6333,.F.);
#8226=ORIENTED_EDGE('',*,*,#6336,.F.);
#8227=ORIENTED_EDGE('',*,*,#6337,.T.);
#8228=ORIENTED_EDGE('',*,*,#5618,.T.);
#8229=ORIENTED_EDGE('',*,*,#6335,.F.);
#8230=ORIENTED_EDGE('',*,*,#6338,.F.);
#8231=ORIENTED_EDGE('',*,*,#6339,.T.);
#8232=ORIENTED_EDGE('',*,*,#5619,.T.);
#8233=ORIENTED_EDGE('',*,*,#6337,.F.);
#8234=ORIENTED_EDGE('',*,*,#6340,.F.);
#8235=ORIENTED_EDGE('',*,*,#6341,.T.);
#8236=ORIENTED_EDGE('',*,*,#5620,.T.);
#8237=ORIENTED_EDGE('',*,*,#6339,.F.);
#8238=ORIENTED_EDGE('',*,*,#6342,.F.);
#8239=ORIENTED_EDGE('',*,*,#6343,.T.);
#8240=ORIENTED_EDGE('',*,*,#5621,.T.);
#8241=ORIENTED_EDGE('',*,*,#6341,.F.);
#8242=ORIENTED_EDGE('',*,*,#6344,.F.);
#8243=ORIENTED_EDGE('',*,*,#6345,.T.);
#8244=ORIENTED_EDGE('',*,*,#5622,.T.);
#8245=ORIENTED_EDGE('',*,*,#6343,.F.);
#8246=ORIENTED_EDGE('',*,*,#6346,.F.);
#8247=ORIENTED_EDGE('',*,*,#6347,.T.);
#8248=ORIENTED_EDGE('',*,*,#5623,.T.);
#8249=ORIENTED_EDGE('',*,*,#6345,.F.);
#8250=ORIENTED_EDGE('',*,*,#6348,.F.);
#8251=ORIENTED_EDGE('',*,*,#6349,.T.);
#8252=ORIENTED_EDGE('',*,*,#5624,.T.);
#8253=ORIENTED_EDGE('',*,*,#6347,.F.);
#8254=ORIENTED_EDGE('',*,*,#6350,.F.);
#8255=ORIENTED_EDGE('',*,*,#6351,.T.);
#8256=ORIENTED_EDGE('',*,*,#5625,.T.);
#8257=ORIENTED_EDGE('',*,*,#6349,.F.);
#8258=ORIENTED_EDGE('',*,*,#6352,.F.);
#8259=ORIENTED_EDGE('',*,*,#6353,.T.);
#8260=ORIENTED_EDGE('',*,*,#5626,.T.);
#8261=ORIENTED_EDGE('',*,*,#6351,.F.);
#8262=ORIENTED_EDGE('',*,*,#6354,.F.);
#8263=ORIENTED_EDGE('',*,*,#6355,.T.);
#8264=ORIENTED_EDGE('',*,*,#5627,.T.);
#8265=ORIENTED_EDGE('',*,*,#6353,.F.);
#8266=ORIENTED_EDGE('',*,*,#6356,.F.);
#8267=ORIENTED_EDGE('',*,*,#6357,.T.);
#8268=ORIENTED_EDGE('',*,*,#5628,.T.);
#8269=ORIENTED_EDGE('',*,*,#6355,.F.);
#8270=ORIENTED_EDGE('',*,*,#6358,.F.);
#8271=ORIENTED_EDGE('',*,*,#6359,.T.);
#8272=ORIENTED_EDGE('',*,*,#5629,.T.);
#8273=ORIENTED_EDGE('',*,*,#6357,.F.);
#8274=ORIENTED_EDGE('',*,*,#6360,.F.);
#8275=ORIENTED_EDGE('',*,*,#6361,.T.);
#8276=ORIENTED_EDGE('',*,*,#5630,.T.);
#8277=ORIENTED_EDGE('',*,*,#6359,.F.);
#8278=ORIENTED_EDGE('',*,*,#6362,.F.);
#8279=ORIENTED_EDGE('',*,*,#6363,.T.);
#8280=ORIENTED_EDGE('',*,*,#5631,.T.);
#8281=ORIENTED_EDGE('',*,*,#6361,.F.);
#8282=ORIENTED_EDGE('',*,*,#6364,.F.);
#8283=ORIENTED_EDGE('',*,*,#6365,.T.);
#8284=ORIENTED_EDGE('',*,*,#5632,.T.);
#8285=ORIENTED_EDGE('',*,*,#6363,.F.);
#8286=ORIENTED_EDGE('',*,*,#6366,.F.);
#8287=ORIENTED_EDGE('',*,*,#6367,.T.);
#8288=ORIENTED_EDGE('',*,*,#5633,.T.);
#8289=ORIENTED_EDGE('',*,*,#6365,.F.);
#8290=ORIENTED_EDGE('',*,*,#6368,.F.);
#8291=ORIENTED_EDGE('',*,*,#6369,.T.);
#8292=ORIENTED_EDGE('',*,*,#5634,.T.);
#8293=ORIENTED_EDGE('',*,*,#6367,.F.);
#8294=ORIENTED_EDGE('',*,*,#6370,.F.);
#8295=ORIENTED_EDGE('',*,*,#6371,.T.);
#8296=ORIENTED_EDGE('',*,*,#5635,.T.);
#8297=ORIENTED_EDGE('',*,*,#6369,.F.);
#8298=ORIENTED_EDGE('',*,*,#6372,.F.);
#8299=ORIENTED_EDGE('',*,*,#6373,.T.);
#8300=ORIENTED_EDGE('',*,*,#5636,.T.);
#8301=ORIENTED_EDGE('',*,*,#6371,.F.);
#8302=ORIENTED_EDGE('',*,*,#6374,.F.);
#8303=ORIENTED_EDGE('',*,*,#6375,.T.);
#8304=ORIENTED_EDGE('',*,*,#5637,.T.);
#8305=ORIENTED_EDGE('',*,*,#6373,.F.);
#8306=ORIENTED_EDGE('',*,*,#6376,.F.);
#8307=ORIENTED_EDGE('',*,*,#6377,.T.);
#8308=ORIENTED_EDGE('',*,*,#5638,.T.);
#8309=ORIENTED_EDGE('',*,*,#6375,.F.);
#8310=ORIENTED_EDGE('',*,*,#6378,.F.);
#8311=ORIENTED_EDGE('',*,*,#6379,.T.);
#8312=ORIENTED_EDGE('',*,*,#5639,.T.);
#8313=ORIENTED_EDGE('',*,*,#6377,.F.);
#8314=ORIENTED_EDGE('',*,*,#6380,.F.);
#8315=ORIENTED_EDGE('',*,*,#6381,.T.);
#8316=ORIENTED_EDGE('',*,*,#5640,.T.);
#8317=ORIENTED_EDGE('',*,*,#6379,.F.);
#8318=ORIENTED_EDGE('',*,*,#6382,.F.);
#8319=ORIENTED_EDGE('',*,*,#6383,.T.);
#8320=ORIENTED_EDGE('',*,*,#5641,.T.);
#8321=ORIENTED_EDGE('',*,*,#6381,.F.);
#8322=ORIENTED_EDGE('',*,*,#6384,.F.);
#8323=ORIENTED_EDGE('',*,*,#6385,.T.);
#8324=ORIENTED_EDGE('',*,*,#5642,.T.);
#8325=ORIENTED_EDGE('',*,*,#6383,.F.);
#8326=ORIENTED_EDGE('',*,*,#6386,.F.);
#8327=ORIENTED_EDGE('',*,*,#6387,.T.);
#8328=ORIENTED_EDGE('',*,*,#5643,.T.);
#8329=ORIENTED_EDGE('',*,*,#6385,.F.);
#8330=ORIENTED_EDGE('',*,*,#6388,.F.);
#8331=ORIENTED_EDGE('',*,*,#6389,.T.);
#8332=ORIENTED_EDGE('',*,*,#5644,.T.);
#8333=ORIENTED_EDGE('',*,*,#6387,.F.);
#8334=ORIENTED_EDGE('',*,*,#6390,.F.);
#8335=ORIENTED_EDGE('',*,*,#6391,.T.);
#8336=ORIENTED_EDGE('',*,*,#5645,.T.);
#8337=ORIENTED_EDGE('',*,*,#6389,.F.);
#8338=ORIENTED_EDGE('',*,*,#6392,.F.);
#8339=ORIENTED_EDGE('',*,*,#6393,.T.);
#8340=ORIENTED_EDGE('',*,*,#5646,.T.);
#8341=ORIENTED_EDGE('',*,*,#6391,.F.);
#8342=ORIENTED_EDGE('',*,*,#6394,.F.);
#8343=ORIENTED_EDGE('',*,*,#6395,.T.);
#8344=ORIENTED_EDGE('',*,*,#5647,.T.);
#8345=ORIENTED_EDGE('',*,*,#6393,.F.);
#8346=ORIENTED_EDGE('',*,*,#6396,.F.);
#8347=ORIENTED_EDGE('',*,*,#6397,.T.);
#8348=ORIENTED_EDGE('',*,*,#5648,.T.);
#8349=ORIENTED_EDGE('',*,*,#6395,.F.);
#8350=ORIENTED_EDGE('',*,*,#6398,.F.);
#8351=ORIENTED_EDGE('',*,*,#6399,.T.);
#8352=ORIENTED_EDGE('',*,*,#5649,.T.);
#8353=ORIENTED_EDGE('',*,*,#6397,.F.);
#8354=ORIENTED_EDGE('',*,*,#6400,.F.);
#8355=ORIENTED_EDGE('',*,*,#6401,.T.);
#8356=ORIENTED_EDGE('',*,*,#5650,.T.);
#8357=ORIENTED_EDGE('',*,*,#6399,.F.);
#8358=ORIENTED_EDGE('',*,*,#6402,.F.);
#8359=ORIENTED_EDGE('',*,*,#6403,.T.);
#8360=ORIENTED_EDGE('',*,*,#5591,.T.);
#8361=ORIENTED_EDGE('',*,*,#6401,.F.);
#8362=ORIENTED_EDGE('',*,*,#6404,.F.);
#8363=ORIENTED_EDGE('',*,*,#6287,.T.);
#8364=ORIENTED_EDGE('',*,*,#5592,.T.);
#8365=ORIENTED_EDGE('',*,*,#6403,.F.);
#8366=ORIENTED_EDGE('',*,*,#6405,.F.);
#8367=ORIENTED_EDGE('',*,*,#6406,.T.);
#8368=ORIENTED_EDGE('',*,*,#5697,.T.);
#8369=ORIENTED_EDGE('',*,*,#6407,.F.);
#8370=ORIENTED_EDGE('',*,*,#6408,.F.);
#8371=ORIENTED_EDGE('',*,*,#6409,.T.);
#8372=ORIENTED_EDGE('',*,*,#5698,.T.);
#8373=ORIENTED_EDGE('',*,*,#6406,.F.);
#8374=ORIENTED_EDGE('',*,*,#6410,.F.);
#8375=ORIENTED_EDGE('',*,*,#6411,.T.);
#8376=ORIENTED_EDGE('',*,*,#5699,.T.);
#8377=ORIENTED_EDGE('',*,*,#6409,.F.);
#8378=ORIENTED_EDGE('',*,*,#6412,.F.);
#8379=ORIENTED_EDGE('',*,*,#6413,.T.);
#8380=ORIENTED_EDGE('',*,*,#5700,.T.);
#8381=ORIENTED_EDGE('',*,*,#6411,.F.);
#8382=ORIENTED_EDGE('',*,*,#6414,.F.);
#8383=ORIENTED_EDGE('',*,*,#6415,.T.);
#8384=ORIENTED_EDGE('',*,*,#5701,.T.);
#8385=ORIENTED_EDGE('',*,*,#6413,.F.);
#8386=ORIENTED_EDGE('',*,*,#6416,.F.);
#8387=ORIENTED_EDGE('',*,*,#6417,.T.);
#8388=ORIENTED_EDGE('',*,*,#5702,.T.);
#8389=ORIENTED_EDGE('',*,*,#6415,.F.);
#8390=ORIENTED_EDGE('',*,*,#6418,.F.);
#8391=ORIENTED_EDGE('',*,*,#6419,.T.);
#8392=ORIENTED_EDGE('',*,*,#5703,.T.);
#8393=ORIENTED_EDGE('',*,*,#6417,.F.);
#8394=ORIENTED_EDGE('',*,*,#6420,.F.);
#8395=ORIENTED_EDGE('',*,*,#6421,.T.);
#8396=ORIENTED_EDGE('',*,*,#5704,.T.);
#8397=ORIENTED_EDGE('',*,*,#6419,.F.);
#8398=ORIENTED_EDGE('',*,*,#6422,.F.);
#8399=ORIENTED_EDGE('',*,*,#6423,.T.);
#8400=ORIENTED_EDGE('',*,*,#5705,.T.);
#8401=ORIENTED_EDGE('',*,*,#6421,.F.);
#8402=ORIENTED_EDGE('',*,*,#6424,.F.);
#8403=ORIENTED_EDGE('',*,*,#6425,.T.);
#8404=ORIENTED_EDGE('',*,*,#5706,.T.);
#8405=ORIENTED_EDGE('',*,*,#6423,.F.);
#8406=ORIENTED_EDGE('',*,*,#6426,.F.);
#8407=ORIENTED_EDGE('',*,*,#6427,.T.);
#8408=ORIENTED_EDGE('',*,*,#5707,.T.);
#8409=ORIENTED_EDGE('',*,*,#6425,.F.);
#8410=ORIENTED_EDGE('',*,*,#6428,.F.);
#8411=ORIENTED_EDGE('',*,*,#6429,.T.);
#8412=ORIENTED_EDGE('',*,*,#5708,.T.);
#8413=ORIENTED_EDGE('',*,*,#6427,.F.);
#8414=ORIENTED_EDGE('',*,*,#6430,.F.);
#8415=ORIENTED_EDGE('',*,*,#6431,.T.);
#8416=ORIENTED_EDGE('',*,*,#5709,.T.);
#8417=ORIENTED_EDGE('',*,*,#6429,.F.);
#8418=ORIENTED_EDGE('',*,*,#6432,.F.);
#8419=ORIENTED_EDGE('',*,*,#6433,.T.);
#8420=ORIENTED_EDGE('',*,*,#5710,.T.);
#8421=ORIENTED_EDGE('',*,*,#6431,.F.);
#8422=ORIENTED_EDGE('',*,*,#6434,.F.);
#8423=ORIENTED_EDGE('',*,*,#6435,.T.);
#8424=ORIENTED_EDGE('',*,*,#5711,.T.);
#8425=ORIENTED_EDGE('',*,*,#6433,.F.);
#8426=ORIENTED_EDGE('',*,*,#6436,.F.);
#8427=ORIENTED_EDGE('',*,*,#6437,.T.);
#8428=ORIENTED_EDGE('',*,*,#5712,.T.);
#8429=ORIENTED_EDGE('',*,*,#6435,.F.);
#8430=ORIENTED_EDGE('',*,*,#6438,.F.);
#8431=ORIENTED_EDGE('',*,*,#6439,.T.);
#8432=ORIENTED_EDGE('',*,*,#5713,.T.);
#8433=ORIENTED_EDGE('',*,*,#6437,.F.);
#8434=ORIENTED_EDGE('',*,*,#6440,.F.);
#8435=ORIENTED_EDGE('',*,*,#6441,.T.);
#8436=ORIENTED_EDGE('',*,*,#5714,.T.);
#8437=ORIENTED_EDGE('',*,*,#6439,.F.);
#8438=ORIENTED_EDGE('',*,*,#6442,.F.);
#8439=ORIENTED_EDGE('',*,*,#6443,.T.);
#8440=ORIENTED_EDGE('',*,*,#5715,.T.);
#8441=ORIENTED_EDGE('',*,*,#6441,.F.);
#8442=ORIENTED_EDGE('',*,*,#6444,.F.);
#8443=ORIENTED_EDGE('',*,*,#6445,.T.);
#8444=ORIENTED_EDGE('',*,*,#5716,.T.);
#8445=ORIENTED_EDGE('',*,*,#6443,.F.);
#8446=ORIENTED_EDGE('',*,*,#6446,.F.);
#8447=ORIENTED_EDGE('',*,*,#6447,.T.);
#8448=ORIENTED_EDGE('',*,*,#5717,.T.);
#8449=ORIENTED_EDGE('',*,*,#6445,.F.);
#8450=ORIENTED_EDGE('',*,*,#6448,.F.);
#8451=ORIENTED_EDGE('',*,*,#6449,.T.);
#8452=ORIENTED_EDGE('',*,*,#5718,.T.);
#8453=ORIENTED_EDGE('',*,*,#6447,.F.);
#8454=ORIENTED_EDGE('',*,*,#6450,.F.);
#8455=ORIENTED_EDGE('',*,*,#6451,.T.);
#8456=ORIENTED_EDGE('',*,*,#5719,.T.);
#8457=ORIENTED_EDGE('',*,*,#6449,.F.);
#8458=ORIENTED_EDGE('',*,*,#6452,.F.);
#8459=ORIENTED_EDGE('',*,*,#6453,.T.);
#8460=ORIENTED_EDGE('',*,*,#5720,.T.);
#8461=ORIENTED_EDGE('',*,*,#6451,.F.);
#8462=ORIENTED_EDGE('',*,*,#6454,.F.);
#8463=ORIENTED_EDGE('',*,*,#6455,.T.);
#8464=ORIENTED_EDGE('',*,*,#5721,.T.);
#8465=ORIENTED_EDGE('',*,*,#6453,.F.);
#8466=ORIENTED_EDGE('',*,*,#6456,.F.);
#8467=ORIENTED_EDGE('',*,*,#6457,.T.);
#8468=ORIENTED_EDGE('',*,*,#5722,.T.);
#8469=ORIENTED_EDGE('',*,*,#6455,.F.);
#8470=ORIENTED_EDGE('',*,*,#6458,.F.);
#8471=ORIENTED_EDGE('',*,*,#6459,.T.);
#8472=ORIENTED_EDGE('',*,*,#5723,.T.);
#8473=ORIENTED_EDGE('',*,*,#6457,.F.);
#8474=ORIENTED_EDGE('',*,*,#6460,.F.);
#8475=ORIENTED_EDGE('',*,*,#6461,.T.);
#8476=ORIENTED_EDGE('',*,*,#5724,.T.);
#8477=ORIENTED_EDGE('',*,*,#6459,.F.);
#8478=ORIENTED_EDGE('',*,*,#6462,.F.);
#8479=ORIENTED_EDGE('',*,*,#6463,.T.);
#8480=ORIENTED_EDGE('',*,*,#5725,.T.);
#8481=ORIENTED_EDGE('',*,*,#6461,.F.);
#8482=ORIENTED_EDGE('',*,*,#6464,.F.);
#8483=ORIENTED_EDGE('',*,*,#6465,.T.);
#8484=ORIENTED_EDGE('',*,*,#5726,.T.);
#8485=ORIENTED_EDGE('',*,*,#6463,.F.);
#8486=ORIENTED_EDGE('',*,*,#6466,.F.);
#8487=ORIENTED_EDGE('',*,*,#6467,.T.);
#8488=ORIENTED_EDGE('',*,*,#5727,.T.);
#8489=ORIENTED_EDGE('',*,*,#6465,.F.);
#8490=ORIENTED_EDGE('',*,*,#6468,.F.);
#8491=ORIENTED_EDGE('',*,*,#6469,.T.);
#8492=ORIENTED_EDGE('',*,*,#5728,.T.);
#8493=ORIENTED_EDGE('',*,*,#6467,.F.);
#8494=ORIENTED_EDGE('',*,*,#6470,.F.);
#8495=ORIENTED_EDGE('',*,*,#6471,.T.);
#8496=ORIENTED_EDGE('',*,*,#5729,.T.);
#8497=ORIENTED_EDGE('',*,*,#6469,.F.);
#8498=ORIENTED_EDGE('',*,*,#6472,.F.);
#8499=ORIENTED_EDGE('',*,*,#6473,.T.);
#8500=ORIENTED_EDGE('',*,*,#5730,.T.);
#8501=ORIENTED_EDGE('',*,*,#6471,.F.);
#8502=ORIENTED_EDGE('',*,*,#6474,.F.);
#8503=ORIENTED_EDGE('',*,*,#6475,.T.);
#8504=ORIENTED_EDGE('',*,*,#5731,.T.);
#8505=ORIENTED_EDGE('',*,*,#6473,.F.);
#8506=ORIENTED_EDGE('',*,*,#6476,.F.);
#8507=ORIENTED_EDGE('',*,*,#6477,.T.);
#8508=ORIENTED_EDGE('',*,*,#5732,.T.);
#8509=ORIENTED_EDGE('',*,*,#6475,.F.);
#8510=ORIENTED_EDGE('',*,*,#6478,.F.);
#8511=ORIENTED_EDGE('',*,*,#6479,.T.);
#8512=ORIENTED_EDGE('',*,*,#5733,.T.);
#8513=ORIENTED_EDGE('',*,*,#6477,.F.);
#8514=ORIENTED_EDGE('',*,*,#6480,.F.);
#8515=ORIENTED_EDGE('',*,*,#6481,.T.);
#8516=ORIENTED_EDGE('',*,*,#5734,.T.);
#8517=ORIENTED_EDGE('',*,*,#6479,.F.);
#8518=ORIENTED_EDGE('',*,*,#6482,.F.);
#8519=ORIENTED_EDGE('',*,*,#6483,.T.);
#8520=ORIENTED_EDGE('',*,*,#5735,.T.);
#8521=ORIENTED_EDGE('',*,*,#6481,.F.);
#8522=ORIENTED_EDGE('',*,*,#6484,.F.);
#8523=ORIENTED_EDGE('',*,*,#6485,.T.);
#8524=ORIENTED_EDGE('',*,*,#5736,.T.);
#8525=ORIENTED_EDGE('',*,*,#6483,.F.);
#8526=ORIENTED_EDGE('',*,*,#6486,.F.);
#8527=ORIENTED_EDGE('',*,*,#6487,.T.);
#8528=ORIENTED_EDGE('',*,*,#5737,.T.);
#8529=ORIENTED_EDGE('',*,*,#6485,.F.);
#8530=ORIENTED_EDGE('',*,*,#6488,.F.);
#8531=ORIENTED_EDGE('',*,*,#6489,.T.);
#8532=ORIENTED_EDGE('',*,*,#5738,.T.);
#8533=ORIENTED_EDGE('',*,*,#6487,.F.);
#8534=ORIENTED_EDGE('',*,*,#6490,.F.);
#8535=ORIENTED_EDGE('',*,*,#6491,.T.);
#8536=ORIENTED_EDGE('',*,*,#5739,.T.);
#8537=ORIENTED_EDGE('',*,*,#6489,.F.);
#8538=ORIENTED_EDGE('',*,*,#6492,.F.);
#8539=ORIENTED_EDGE('',*,*,#6493,.T.);
#8540=ORIENTED_EDGE('',*,*,#5740,.T.);
#8541=ORIENTED_EDGE('',*,*,#6491,.F.);
#8542=ORIENTED_EDGE('',*,*,#6494,.F.);
#8543=ORIENTED_EDGE('',*,*,#6495,.T.);
#8544=ORIENTED_EDGE('',*,*,#5741,.T.);
#8545=ORIENTED_EDGE('',*,*,#6493,.F.);
#8546=ORIENTED_EDGE('',*,*,#6496,.F.);
#8547=ORIENTED_EDGE('',*,*,#6497,.T.);
#8548=ORIENTED_EDGE('',*,*,#5742,.T.);
#8549=ORIENTED_EDGE('',*,*,#6495,.F.);
#8550=ORIENTED_EDGE('',*,*,#6498,.F.);
#8551=ORIENTED_EDGE('',*,*,#6499,.T.);
#8552=ORIENTED_EDGE('',*,*,#5743,.T.);
#8553=ORIENTED_EDGE('',*,*,#6497,.F.);
#8554=ORIENTED_EDGE('',*,*,#6500,.F.);
#8555=ORIENTED_EDGE('',*,*,#6501,.T.);
#8556=ORIENTED_EDGE('',*,*,#5744,.T.);
#8557=ORIENTED_EDGE('',*,*,#6499,.F.);
#8558=ORIENTED_EDGE('',*,*,#6502,.F.);
#8559=ORIENTED_EDGE('',*,*,#6503,.T.);
#8560=ORIENTED_EDGE('',*,*,#5745,.T.);
#8561=ORIENTED_EDGE('',*,*,#6501,.F.);
#8562=ORIENTED_EDGE('',*,*,#6504,.F.);
#8563=ORIENTED_EDGE('',*,*,#6505,.T.);
#8564=ORIENTED_EDGE('',*,*,#5746,.T.);
#8565=ORIENTED_EDGE('',*,*,#6503,.F.);
#8566=ORIENTED_EDGE('',*,*,#6506,.F.);
#8567=ORIENTED_EDGE('',*,*,#6507,.T.);
#8568=ORIENTED_EDGE('',*,*,#5747,.T.);
#8569=ORIENTED_EDGE('',*,*,#6505,.F.);
#8570=ORIENTED_EDGE('',*,*,#6508,.F.);
#8571=ORIENTED_EDGE('',*,*,#6509,.T.);
#8572=ORIENTED_EDGE('',*,*,#5748,.T.);
#8573=ORIENTED_EDGE('',*,*,#6507,.F.);
#8574=ORIENTED_EDGE('',*,*,#6510,.F.);
#8575=ORIENTED_EDGE('',*,*,#6511,.T.);
#8576=ORIENTED_EDGE('',*,*,#5749,.T.);
#8577=ORIENTED_EDGE('',*,*,#6509,.F.);
#8578=ORIENTED_EDGE('',*,*,#6512,.F.);
#8579=ORIENTED_EDGE('',*,*,#6513,.T.);
#8580=ORIENTED_EDGE('',*,*,#5750,.T.);
#8581=ORIENTED_EDGE('',*,*,#6511,.F.);
#8582=ORIENTED_EDGE('',*,*,#6514,.F.);
#8583=ORIENTED_EDGE('',*,*,#6515,.T.);
#8584=ORIENTED_EDGE('',*,*,#5751,.T.);
#8585=ORIENTED_EDGE('',*,*,#6513,.F.);
#8586=ORIENTED_EDGE('',*,*,#6516,.F.);
#8587=ORIENTED_EDGE('',*,*,#6517,.T.);
#8588=ORIENTED_EDGE('',*,*,#5752,.T.);
#8589=ORIENTED_EDGE('',*,*,#6515,.F.);
#8590=ORIENTED_EDGE('',*,*,#6518,.F.);
#8591=ORIENTED_EDGE('',*,*,#6519,.T.);
#8592=ORIENTED_EDGE('',*,*,#5753,.T.);
#8593=ORIENTED_EDGE('',*,*,#6517,.F.);
#8594=ORIENTED_EDGE('',*,*,#6520,.F.);
#8595=ORIENTED_EDGE('',*,*,#6521,.T.);
#8596=ORIENTED_EDGE('',*,*,#5754,.T.);
#8597=ORIENTED_EDGE('',*,*,#6519,.F.);
#8598=ORIENTED_EDGE('',*,*,#6522,.F.);
#8599=ORIENTED_EDGE('',*,*,#6523,.T.);
#8600=ORIENTED_EDGE('',*,*,#5695,.T.);
#8601=ORIENTED_EDGE('',*,*,#6521,.F.);
#8602=ORIENTED_EDGE('',*,*,#6524,.F.);
#8603=ORIENTED_EDGE('',*,*,#6407,.T.);
#8604=ORIENTED_EDGE('',*,*,#5696,.T.);
#8605=ORIENTED_EDGE('',*,*,#6523,.F.);
#8606=ORIENTED_EDGE('',*,*,#6525,.F.);
#8607=ORIENTED_EDGE('',*,*,#6526,.T.);
#8608=ORIENTED_EDGE('',*,*,#5801,.T.);
#8609=ORIENTED_EDGE('',*,*,#6527,.F.);
#8610=ORIENTED_EDGE('',*,*,#6528,.F.);
#8611=ORIENTED_EDGE('',*,*,#6529,.T.);
#8612=ORIENTED_EDGE('',*,*,#5802,.T.);
#8613=ORIENTED_EDGE('',*,*,#6526,.F.);
#8614=ORIENTED_EDGE('',*,*,#6530,.F.);
#8615=ORIENTED_EDGE('',*,*,#6531,.T.);
#8616=ORIENTED_EDGE('',*,*,#5803,.T.);
#8617=ORIENTED_EDGE('',*,*,#6529,.F.);
#8618=ORIENTED_EDGE('',*,*,#6532,.F.);
#8619=ORIENTED_EDGE('',*,*,#6533,.T.);
#8620=ORIENTED_EDGE('',*,*,#5804,.T.);
#8621=ORIENTED_EDGE('',*,*,#6531,.F.);
#8622=ORIENTED_EDGE('',*,*,#6534,.F.);
#8623=ORIENTED_EDGE('',*,*,#6535,.T.);
#8624=ORIENTED_EDGE('',*,*,#5805,.T.);
#8625=ORIENTED_EDGE('',*,*,#6533,.F.);
#8626=ORIENTED_EDGE('',*,*,#6536,.F.);
#8627=ORIENTED_EDGE('',*,*,#6537,.T.);
#8628=ORIENTED_EDGE('',*,*,#5806,.T.);
#8629=ORIENTED_EDGE('',*,*,#6535,.F.);
#8630=ORIENTED_EDGE('',*,*,#6538,.F.);
#8631=ORIENTED_EDGE('',*,*,#6539,.T.);
#8632=ORIENTED_EDGE('',*,*,#5807,.T.);
#8633=ORIENTED_EDGE('',*,*,#6537,.F.);
#8634=ORIENTED_EDGE('',*,*,#6540,.F.);
#8635=ORIENTED_EDGE('',*,*,#6541,.T.);
#8636=ORIENTED_EDGE('',*,*,#5808,.T.);
#8637=ORIENTED_EDGE('',*,*,#6539,.F.);
#8638=ORIENTED_EDGE('',*,*,#6542,.F.);
#8639=ORIENTED_EDGE('',*,*,#6543,.T.);
#8640=ORIENTED_EDGE('',*,*,#5809,.T.);
#8641=ORIENTED_EDGE('',*,*,#6541,.F.);
#8642=ORIENTED_EDGE('',*,*,#6544,.F.);
#8643=ORIENTED_EDGE('',*,*,#6545,.T.);
#8644=ORIENTED_EDGE('',*,*,#5810,.T.);
#8645=ORIENTED_EDGE('',*,*,#6543,.F.);
#8646=ORIENTED_EDGE('',*,*,#6546,.F.);
#8647=ORIENTED_EDGE('',*,*,#6547,.T.);
#8648=ORIENTED_EDGE('',*,*,#5811,.T.);
#8649=ORIENTED_EDGE('',*,*,#6545,.F.);
#8650=ORIENTED_EDGE('',*,*,#6548,.F.);
#8651=ORIENTED_EDGE('',*,*,#6549,.T.);
#8652=ORIENTED_EDGE('',*,*,#5812,.T.);
#8653=ORIENTED_EDGE('',*,*,#6547,.F.);
#8654=ORIENTED_EDGE('',*,*,#6550,.F.);
#8655=ORIENTED_EDGE('',*,*,#6551,.T.);
#8656=ORIENTED_EDGE('',*,*,#5813,.T.);
#8657=ORIENTED_EDGE('',*,*,#6549,.F.);
#8658=ORIENTED_EDGE('',*,*,#6552,.F.);
#8659=ORIENTED_EDGE('',*,*,#6553,.T.);
#8660=ORIENTED_EDGE('',*,*,#5814,.T.);
#8661=ORIENTED_EDGE('',*,*,#6551,.F.);
#8662=ORIENTED_EDGE('',*,*,#6554,.F.);
#8663=ORIENTED_EDGE('',*,*,#6555,.T.);
#8664=ORIENTED_EDGE('',*,*,#5815,.T.);
#8665=ORIENTED_EDGE('',*,*,#6553,.F.);
#8666=ORIENTED_EDGE('',*,*,#6556,.F.);
#8667=ORIENTED_EDGE('',*,*,#6557,.T.);
#8668=ORIENTED_EDGE('',*,*,#5816,.T.);
#8669=ORIENTED_EDGE('',*,*,#6555,.F.);
#8670=ORIENTED_EDGE('',*,*,#6558,.F.);
#8671=ORIENTED_EDGE('',*,*,#6559,.T.);
#8672=ORIENTED_EDGE('',*,*,#5817,.T.);
#8673=ORIENTED_EDGE('',*,*,#6557,.F.);
#8674=ORIENTED_EDGE('',*,*,#6560,.F.);
#8675=ORIENTED_EDGE('',*,*,#6561,.T.);
#8676=ORIENTED_EDGE('',*,*,#5818,.T.);
#8677=ORIENTED_EDGE('',*,*,#6559,.F.);
#8678=ORIENTED_EDGE('',*,*,#6562,.F.);
#8679=ORIENTED_EDGE('',*,*,#6563,.T.);
#8680=ORIENTED_EDGE('',*,*,#5819,.T.);
#8681=ORIENTED_EDGE('',*,*,#6561,.F.);
#8682=ORIENTED_EDGE('',*,*,#6564,.F.);
#8683=ORIENTED_EDGE('',*,*,#6565,.T.);
#8684=ORIENTED_EDGE('',*,*,#5820,.T.);
#8685=ORIENTED_EDGE('',*,*,#6563,.F.);
#8686=ORIENTED_EDGE('',*,*,#6566,.F.);
#8687=ORIENTED_EDGE('',*,*,#6567,.T.);
#8688=ORIENTED_EDGE('',*,*,#5821,.T.);
#8689=ORIENTED_EDGE('',*,*,#6565,.F.);
#8690=ORIENTED_EDGE('',*,*,#6568,.F.);
#8691=ORIENTED_EDGE('',*,*,#6569,.T.);
#8692=ORIENTED_EDGE('',*,*,#5822,.T.);
#8693=ORIENTED_EDGE('',*,*,#6567,.F.);
#8694=ORIENTED_EDGE('',*,*,#6570,.F.);
#8695=ORIENTED_EDGE('',*,*,#6571,.T.);
#8696=ORIENTED_EDGE('',*,*,#5823,.T.);
#8697=ORIENTED_EDGE('',*,*,#6569,.F.);
#8698=ORIENTED_EDGE('',*,*,#6572,.F.);
#8699=ORIENTED_EDGE('',*,*,#6573,.T.);
#8700=ORIENTED_EDGE('',*,*,#5824,.T.);
#8701=ORIENTED_EDGE('',*,*,#6571,.F.);
#8702=ORIENTED_EDGE('',*,*,#6574,.F.);
#8703=ORIENTED_EDGE('',*,*,#6575,.T.);
#8704=ORIENTED_EDGE('',*,*,#5825,.T.);
#8705=ORIENTED_EDGE('',*,*,#6573,.F.);
#8706=ORIENTED_EDGE('',*,*,#6576,.F.);
#8707=ORIENTED_EDGE('',*,*,#6577,.T.);
#8708=ORIENTED_EDGE('',*,*,#5826,.T.);
#8709=ORIENTED_EDGE('',*,*,#6575,.F.);
#8710=ORIENTED_EDGE('',*,*,#6578,.F.);
#8711=ORIENTED_EDGE('',*,*,#6579,.T.);
#8712=ORIENTED_EDGE('',*,*,#5827,.T.);
#8713=ORIENTED_EDGE('',*,*,#6577,.F.);
#8714=ORIENTED_EDGE('',*,*,#6580,.F.);
#8715=ORIENTED_EDGE('',*,*,#6581,.T.);
#8716=ORIENTED_EDGE('',*,*,#5828,.T.);
#8717=ORIENTED_EDGE('',*,*,#6579,.F.);
#8718=ORIENTED_EDGE('',*,*,#6582,.F.);
#8719=ORIENTED_EDGE('',*,*,#6583,.T.);
#8720=ORIENTED_EDGE('',*,*,#5829,.T.);
#8721=ORIENTED_EDGE('',*,*,#6581,.F.);
#8722=ORIENTED_EDGE('',*,*,#6584,.F.);
#8723=ORIENTED_EDGE('',*,*,#6585,.T.);
#8724=ORIENTED_EDGE('',*,*,#5830,.T.);
#8725=ORIENTED_EDGE('',*,*,#6583,.F.);
#8726=ORIENTED_EDGE('',*,*,#6586,.F.);
#8727=ORIENTED_EDGE('',*,*,#6587,.T.);
#8728=ORIENTED_EDGE('',*,*,#5831,.T.);
#8729=ORIENTED_EDGE('',*,*,#6585,.F.);
#8730=ORIENTED_EDGE('',*,*,#6588,.F.);
#8731=ORIENTED_EDGE('',*,*,#6589,.T.);
#8732=ORIENTED_EDGE('',*,*,#5832,.T.);
#8733=ORIENTED_EDGE('',*,*,#6587,.F.);
#8734=ORIENTED_EDGE('',*,*,#6590,.F.);
#8735=ORIENTED_EDGE('',*,*,#6591,.T.);
#8736=ORIENTED_EDGE('',*,*,#5833,.T.);
#8737=ORIENTED_EDGE('',*,*,#6589,.F.);
#8738=ORIENTED_EDGE('',*,*,#6592,.F.);
#8739=ORIENTED_EDGE('',*,*,#6593,.T.);
#8740=ORIENTED_EDGE('',*,*,#5834,.T.);
#8741=ORIENTED_EDGE('',*,*,#6591,.F.);
#8742=ORIENTED_EDGE('',*,*,#6594,.F.);
#8743=ORIENTED_EDGE('',*,*,#6595,.T.);
#8744=ORIENTED_EDGE('',*,*,#5835,.T.);
#8745=ORIENTED_EDGE('',*,*,#6593,.F.);
#8746=ORIENTED_EDGE('',*,*,#6596,.F.);
#8747=ORIENTED_EDGE('',*,*,#6597,.T.);
#8748=ORIENTED_EDGE('',*,*,#5836,.T.);
#8749=ORIENTED_EDGE('',*,*,#6595,.F.);
#8750=ORIENTED_EDGE('',*,*,#6598,.F.);
#8751=ORIENTED_EDGE('',*,*,#6599,.T.);
#8752=ORIENTED_EDGE('',*,*,#5837,.T.);
#8753=ORIENTED_EDGE('',*,*,#6597,.F.);
#8754=ORIENTED_EDGE('',*,*,#6600,.F.);
#8755=ORIENTED_EDGE('',*,*,#6601,.T.);
#8756=ORIENTED_EDGE('',*,*,#5838,.T.);
#8757=ORIENTED_EDGE('',*,*,#6599,.F.);
#8758=ORIENTED_EDGE('',*,*,#6602,.F.);
#8759=ORIENTED_EDGE('',*,*,#6603,.T.);
#8760=ORIENTED_EDGE('',*,*,#5839,.T.);
#8761=ORIENTED_EDGE('',*,*,#6601,.F.);
#8762=ORIENTED_EDGE('',*,*,#6604,.F.);
#8763=ORIENTED_EDGE('',*,*,#6605,.T.);
#8764=ORIENTED_EDGE('',*,*,#5840,.T.);
#8765=ORIENTED_EDGE('',*,*,#6603,.F.);
#8766=ORIENTED_EDGE('',*,*,#6606,.F.);
#8767=ORIENTED_EDGE('',*,*,#6607,.T.);
#8768=ORIENTED_EDGE('',*,*,#5841,.T.);
#8769=ORIENTED_EDGE('',*,*,#6605,.F.);
#8770=ORIENTED_EDGE('',*,*,#6608,.F.);
#8771=ORIENTED_EDGE('',*,*,#6609,.T.);
#8772=ORIENTED_EDGE('',*,*,#5842,.T.);
#8773=ORIENTED_EDGE('',*,*,#6607,.F.);
#8774=ORIENTED_EDGE('',*,*,#6610,.F.);
#8775=ORIENTED_EDGE('',*,*,#6611,.T.);
#8776=ORIENTED_EDGE('',*,*,#5843,.T.);
#8777=ORIENTED_EDGE('',*,*,#6609,.F.);
#8778=ORIENTED_EDGE('',*,*,#6612,.F.);
#8779=ORIENTED_EDGE('',*,*,#6613,.T.);
#8780=ORIENTED_EDGE('',*,*,#5844,.T.);
#8781=ORIENTED_EDGE('',*,*,#6611,.F.);
#8782=ORIENTED_EDGE('',*,*,#6614,.F.);
#8783=ORIENTED_EDGE('',*,*,#6615,.T.);
#8784=ORIENTED_EDGE('',*,*,#5845,.T.);
#8785=ORIENTED_EDGE('',*,*,#6613,.F.);
#8786=ORIENTED_EDGE('',*,*,#6616,.F.);
#8787=ORIENTED_EDGE('',*,*,#6617,.T.);
#8788=ORIENTED_EDGE('',*,*,#5846,.T.);
#8789=ORIENTED_EDGE('',*,*,#6615,.F.);
#8790=ORIENTED_EDGE('',*,*,#6618,.F.);
#8791=ORIENTED_EDGE('',*,*,#6619,.T.);
#8792=ORIENTED_EDGE('',*,*,#5847,.T.);
#8793=ORIENTED_EDGE('',*,*,#6617,.F.);
#8794=ORIENTED_EDGE('',*,*,#6620,.F.);
#8795=ORIENTED_EDGE('',*,*,#6621,.T.);
#8796=ORIENTED_EDGE('',*,*,#5848,.T.);
#8797=ORIENTED_EDGE('',*,*,#6619,.F.);
#8798=ORIENTED_EDGE('',*,*,#6622,.F.);
#8799=ORIENTED_EDGE('',*,*,#6623,.T.);
#8800=ORIENTED_EDGE('',*,*,#5849,.T.);
#8801=ORIENTED_EDGE('',*,*,#6621,.F.);
#8802=ORIENTED_EDGE('',*,*,#6624,.F.);
#8803=ORIENTED_EDGE('',*,*,#6625,.T.);
#8804=ORIENTED_EDGE('',*,*,#5850,.T.);
#8805=ORIENTED_EDGE('',*,*,#6623,.F.);
#8806=ORIENTED_EDGE('',*,*,#6626,.F.);
#8807=ORIENTED_EDGE('',*,*,#6627,.T.);
#8808=ORIENTED_EDGE('',*,*,#5851,.T.);
#8809=ORIENTED_EDGE('',*,*,#6625,.F.);
#8810=ORIENTED_EDGE('',*,*,#6628,.F.);
#8811=ORIENTED_EDGE('',*,*,#6629,.T.);
#8812=ORIENTED_EDGE('',*,*,#5852,.T.);
#8813=ORIENTED_EDGE('',*,*,#6627,.F.);
#8814=ORIENTED_EDGE('',*,*,#6630,.F.);
#8815=ORIENTED_EDGE('',*,*,#6631,.T.);
#8816=ORIENTED_EDGE('',*,*,#5853,.T.);
#8817=ORIENTED_EDGE('',*,*,#6629,.F.);
#8818=ORIENTED_EDGE('',*,*,#6632,.F.);
#8819=ORIENTED_EDGE('',*,*,#6633,.T.);
#8820=ORIENTED_EDGE('',*,*,#5854,.T.);
#8821=ORIENTED_EDGE('',*,*,#6631,.F.);
#8822=ORIENTED_EDGE('',*,*,#6634,.F.);
#8823=ORIENTED_EDGE('',*,*,#6635,.T.);
#8824=ORIENTED_EDGE('',*,*,#5855,.T.);
#8825=ORIENTED_EDGE('',*,*,#6633,.F.);
#8826=ORIENTED_EDGE('',*,*,#6636,.F.);
#8827=ORIENTED_EDGE('',*,*,#6637,.T.);
#8828=ORIENTED_EDGE('',*,*,#5856,.T.);
#8829=ORIENTED_EDGE('',*,*,#6635,.F.);
#8830=ORIENTED_EDGE('',*,*,#6638,.F.);
#8831=ORIENTED_EDGE('',*,*,#6639,.T.);
#8832=ORIENTED_EDGE('',*,*,#5857,.T.);
#8833=ORIENTED_EDGE('',*,*,#6637,.F.);
#8834=ORIENTED_EDGE('',*,*,#6640,.F.);
#8835=ORIENTED_EDGE('',*,*,#6641,.T.);
#8836=ORIENTED_EDGE('',*,*,#5858,.T.);
#8837=ORIENTED_EDGE('',*,*,#6639,.F.);
#8838=ORIENTED_EDGE('',*,*,#6642,.F.);
#8839=ORIENTED_EDGE('',*,*,#6643,.T.);
#8840=ORIENTED_EDGE('',*,*,#5799,.T.);
#8841=ORIENTED_EDGE('',*,*,#6641,.F.);
#8842=ORIENTED_EDGE('',*,*,#6644,.F.);
#8843=ORIENTED_EDGE('',*,*,#6527,.T.);
#8844=ORIENTED_EDGE('',*,*,#5800,.T.);
#8845=ORIENTED_EDGE('',*,*,#6643,.F.);
#8846=ORIENTED_EDGE('',*,*,#6645,.T.);
#8847=ORIENTED_EDGE('',*,*,#6646,.T.);
#8848=ORIENTED_EDGE('',*,*,#6647,.F.);
#8849=ORIENTED_EDGE('',*,*,#6648,.F.);
#8850=ORIENTED_EDGE('',*,*,#6649,.F.);
#8851=ORIENTED_EDGE('',*,*,#6650,.F.);
#8852=ORIENTED_EDGE('',*,*,#6651,.F.);
#8853=ORIENTED_EDGE('',*,*,#6652,.F.);
#8854=ORIENTED_EDGE('',*,*,#6653,.F.);
#8855=ORIENTED_EDGE('',*,*,#6654,.F.);
#8856=ORIENTED_EDGE('',*,*,#6655,.F.);
#8857=ORIENTED_EDGE('',*,*,#6656,.F.);
#8858=ORIENTED_EDGE('',*,*,#6657,.F.);
#8859=ORIENTED_EDGE('',*,*,#6658,.F.);
#8860=ORIENTED_EDGE('',*,*,#6659,.F.);
#8861=ORIENTED_EDGE('',*,*,#6660,.F.);
#8862=ORIENTED_EDGE('',*,*,#6661,.F.);
#8863=ORIENTED_EDGE('',*,*,#6662,.F.);
#8864=ORIENTED_EDGE('',*,*,#6663,.F.);
#8865=ORIENTED_EDGE('',*,*,#5575,.T.);
#8866=ORIENTED_EDGE('',*,*,#6664,.T.);
#8867=ORIENTED_EDGE('',*,*,#6665,.F.);
#8868=ORIENTED_EDGE('',*,*,#6666,.F.);
#8869=ORIENTED_EDGE('',*,*,#6667,.F.);
#8870=ORIENTED_EDGE('',*,*,#6668,.F.);
#8871=ORIENTED_EDGE('',*,*,#6669,.F.);
#8872=ORIENTED_EDGE('',*,*,#6670,.F.);
#8873=ORIENTED_EDGE('',*,*,#6671,.F.);
#8874=ORIENTED_EDGE('',*,*,#6672,.F.);
#8875=ORIENTED_EDGE('',*,*,#6673,.F.);
#8876=ORIENTED_EDGE('',*,*,#6674,.F.);
#8877=ORIENTED_EDGE('',*,*,#6675,.F.);
#8878=ORIENTED_EDGE('',*,*,#6676,.F.);
#8879=ORIENTED_EDGE('',*,*,#6677,.F.);
#8880=ORIENTED_EDGE('',*,*,#6678,.F.);
#8881=ORIENTED_EDGE('',*,*,#6679,.F.);
#8882=ORIENTED_EDGE('',*,*,#6680,.F.);
#8883=ORIENTED_EDGE('',*,*,#6681,.T.);
#8884=ORIENTED_EDGE('',*,*,#6682,.F.);
#8885=ORIENTED_EDGE('',*,*,#6683,.T.);
#8886=ORIENTED_EDGE('',*,*,#6684,.F.);
#8887=ORIENTED_EDGE('',*,*,#6683,.F.);
#8888=ORIENTED_EDGE('',*,*,#6685,.F.);
#8889=ORIENTED_EDGE('',*,*,#6686,.T.);
#8890=ORIENTED_EDGE('',*,*,#6687,.F.);
#8891=ORIENTED_EDGE('',*,*,#6686,.F.);
#8892=ORIENTED_EDGE('',*,*,#6688,.F.);
#8893=ORIENTED_EDGE('',*,*,#6689,.T.);
#8894=ORIENTED_EDGE('',*,*,#6690,.F.);
#8895=ORIENTED_EDGE('',*,*,#6689,.F.);
#8896=ORIENTED_EDGE('',*,*,#6691,.F.);
#8897=ORIENTED_EDGE('',*,*,#6692,.T.);
#8898=ORIENTED_EDGE('',*,*,#6693,.F.);
#8899=ORIENTED_EDGE('',*,*,#6692,.F.);
#8900=ORIENTED_EDGE('',*,*,#6694,.F.);
#8901=ORIENTED_EDGE('',*,*,#6695,.T.);
#8902=ORIENTED_EDGE('',*,*,#6696,.F.);
#8903=ORIENTED_EDGE('',*,*,#6695,.F.);
#8904=ORIENTED_EDGE('',*,*,#6697,.T.);
#8905=ORIENTED_EDGE('',*,*,#6698,.F.);
#8906=ORIENTED_EDGE('',*,*,#6699,.F.);
#8907=ORIENTED_EDGE('',*,*,#6700,.F.);
#8908=ORIENTED_EDGE('',*,*,#6701,.F.);
#8909=ORIENTED_EDGE('',*,*,#5955,.F.);
#8910=ORIENTED_EDGE('',*,*,#5958,.F.);
#8911=ORIENTED_EDGE('',*,*,#5961,.F.);
#8912=ORIENTED_EDGE('',*,*,#5964,.F.);
#8913=ORIENTED_EDGE('',*,*,#5967,.F.);
#8914=ORIENTED_EDGE('',*,*,#5970,.F.);
#8915=ORIENTED_EDGE('',*,*,#5973,.F.);
#8916=ORIENTED_EDGE('',*,*,#5976,.F.);
#8917=ORIENTED_EDGE('',*,*,#5979,.F.);
#8918=ORIENTED_EDGE('',*,*,#5982,.F.);
#8919=ORIENTED_EDGE('',*,*,#5995,.F.);
#8920=ORIENTED_EDGE('',*,*,#6702,.F.);
#8921=ORIENTED_EDGE('',*,*,#6703,.T.);
#8922=ORIENTED_EDGE('',*,*,#5581,.T.);
#8923=ORIENTED_EDGE('',*,*,#6704,.F.);
#8924=ORIENTED_EDGE('',*,*,#6705,.T.);
#8925=ORIENTED_EDGE('',*,*,#5952,.T.);
#8926=ORIENTED_EDGE('',*,*,#6701,.T.);
#8927=ORIENTED_EDGE('',*,*,#5992,.T.);
#8928=ORIENTED_EDGE('',*,*,#6706,.F.);
#8929=ORIENTED_EDGE('',*,*,#6707,.F.);
#8930=ORIENTED_EDGE('',*,*,#6708,.F.);
#8931=ORIENTED_EDGE('',*,*,#6709,.F.);
#8932=ORIENTED_EDGE('',*,*,#6710,.F.);
#8933=ORIENTED_EDGE('',*,*,#6711,.F.);
#8934=ORIENTED_EDGE('',*,*,#6712,.F.);
#8935=ORIENTED_EDGE('',*,*,#6713,.F.);
#8936=ORIENTED_EDGE('',*,*,#5993,.F.);
#8937=ORIENTED_EDGE('',*,*,#5980,.F.);
#8938=ORIENTED_EDGE('',*,*,#5977,.F.);
#8939=ORIENTED_EDGE('',*,*,#5974,.F.);
#8940=ORIENTED_EDGE('',*,*,#5971,.F.);
#8941=ORIENTED_EDGE('',*,*,#5968,.F.);
#8942=ORIENTED_EDGE('',*,*,#5965,.F.);
#8943=ORIENTED_EDGE('',*,*,#5962,.F.);
#8944=ORIENTED_EDGE('',*,*,#5959,.F.);
#8945=ORIENTED_EDGE('',*,*,#5956,.F.);
#8946=ORIENTED_EDGE('',*,*,#5953,.F.);
#8947=ORIENTED_EDGE('',*,*,#6705,.F.);
#8948=ORIENTED_EDGE('',*,*,#6714,.F.);
#8949=ORIENTED_EDGE('',*,*,#6715,.F.);
#8950=ORIENTED_EDGE('',*,*,#6716,.F.);
#8951=ORIENTED_EDGE('',*,*,#6717,.F.);
#8952=ORIENTED_EDGE('',*,*,#6718,.F.);
#8953=ORIENTED_EDGE('',*,*,#6719,.F.);
#8954=ORIENTED_EDGE('',*,*,#6720,.F.);
#8955=ORIENTED_EDGE('',*,*,#6721,.F.);
#8956=ORIENTED_EDGE('',*,*,#6722,.F.);
#8957=ORIENTED_EDGE('',*,*,#6723,.F.);
#8958=ORIENTED_EDGE('',*,*,#6724,.F.);
#8959=ORIENTED_EDGE('',*,*,#6725,.F.);
#8960=ORIENTED_EDGE('',*,*,#6726,.F.);
#8961=ORIENTED_EDGE('',*,*,#6727,.F.);
#8962=ORIENTED_EDGE('',*,*,#6728,.F.);
#8963=ORIENTED_EDGE('',*,*,#6729,.F.);
#8964=ORIENTED_EDGE('',*,*,#6730,.F.);
#8965=ORIENTED_EDGE('',*,*,#6731,.F.);
#8966=ORIENTED_EDGE('',*,*,#6278,.F.);
#8967=ORIENTED_EDGE('',*,*,#5949,.F.);
#8968=ORIENTED_EDGE('',*,*,#5946,.F.);
#8969=ORIENTED_EDGE('',*,*,#5943,.F.);
#8970=ORIENTED_EDGE('',*,*,#5940,.F.);
#8971=ORIENTED_EDGE('',*,*,#5937,.F.);
#8972=ORIENTED_EDGE('',*,*,#5934,.F.);
#8973=ORIENTED_EDGE('',*,*,#5931,.F.);
#8974=ORIENTED_EDGE('',*,*,#5928,.F.);
#8975=ORIENTED_EDGE('',*,*,#5925,.F.);
#8976=ORIENTED_EDGE('',*,*,#5922,.F.);
#8977=ORIENTED_EDGE('',*,*,#5919,.F.);
#8978=ORIENTED_EDGE('',*,*,#5916,.F.);
#8979=ORIENTED_EDGE('',*,*,#5984,.F.);
#8980=ORIENTED_EDGE('',*,*,#6732,.F.);
#8981=ORIENTED_EDGE('',*,*,#6733,.F.);
#8982=ORIENTED_EDGE('',*,*,#6734,.F.);
#8983=ORIENTED_EDGE('',*,*,#6735,.F.);
#8984=ORIENTED_EDGE('',*,*,#6736,.F.);
#8985=ORIENTED_EDGE('',*,*,#6737,.F.);
#8986=ORIENTED_EDGE('',*,*,#5986,.T.);
#8987=ORIENTED_EDGE('',*,*,#5904,.T.);
#8988=ORIENTED_EDGE('',*,*,#6703,.F.);
#8989=ORIENTED_EDGE('',*,*,#6738,.T.);
#8990=ORIENTED_EDGE('',*,*,#6739,.T.);
#8991=ORIENTED_EDGE('',*,*,#6740,.F.);
#8992=ORIENTED_EDGE('',*,*,#6697,.F.);
#8993=ORIENTED_EDGE('',*,*,#6740,.T.);
#8994=ORIENTED_EDGE('',*,*,#6741,.T.);
#8995=ORIENTED_EDGE('',*,*,#6742,.F.);
#8996=ORIENTED_EDGE('',*,*,#6681,.F.);
#8997=ORIENTED_EDGE('',*,*,#6743,.T.);
#8998=ORIENTED_EDGE('',*,*,#6744,.T.);
#8999=ORIENTED_EDGE('',*,*,#6745,.F.);
#9000=ORIENTED_EDGE('',*,*,#6664,.F.);
#9001=ORIENTED_EDGE('',*,*,#6745,.T.);
#9002=ORIENTED_EDGE('',*,*,#6746,.T.);
#9003=ORIENTED_EDGE('',*,*,#6747,.F.);
#9004=ORIENTED_EDGE('',*,*,#6645,.F.);
#9005=ORIENTED_EDGE('',*,*,#6748,.T.);
#9006=ORIENTED_EDGE('',*,*,#6749,.T.);
#9007=ORIENTED_EDGE('',*,*,#6750,.F.);
#9008=ORIENTED_EDGE('',*,*,#6646,.F.);
#9009=ORIENTED_EDGE('',*,*,#6750,.T.);
#9010=ORIENTED_EDGE('',*,*,#6751,.T.);
#9011=ORIENTED_EDGE('',*,*,#6752,.F.);
#9012=ORIENTED_EDGE('',*,*,#6281,.F.);
#9013=ORIENTED_EDGE('',*,*,#6753,.T.);
#9014=ORIENTED_EDGE('',*,*,#6754,.T.);
#9015=ORIENTED_EDGE('',*,*,#6755,.F.);
#9016=ORIENTED_EDGE('',*,*,#6282,.F.);
#9017=ORIENTED_EDGE('',*,*,#6755,.T.);
#9018=ORIENTED_EDGE('',*,*,#6756,.T.);
#9019=ORIENTED_EDGE('',*,*,#6757,.F.);
#9020=ORIENTED_EDGE('',*,*,#6758,.F.);
#9021=ORIENTED_EDGE('',*,*,#6732,.T.);
#9022=ORIENTED_EDGE('',*,*,#5983,.T.);
#9023=ORIENTED_EDGE('',*,*,#6757,.T.);
#9024=ORIENTED_EDGE('',*,*,#6759,.T.);
#9025=ORIENTED_EDGE('',*,*,#6760,.F.);
#9026=ORIENTED_EDGE('',*,*,#6733,.T.);
#9027=ORIENTED_EDGE('',*,*,#6758,.T.);
#9028=ORIENTED_EDGE('',*,*,#6761,.T.);
#9029=ORIENTED_EDGE('',*,*,#6762,.F.);
#9030=ORIENTED_EDGE('',*,*,#6734,.T.);
#9031=ORIENTED_EDGE('',*,*,#6760,.T.);
#9032=ORIENTED_EDGE('',*,*,#6763,.T.);
#9033=ORIENTED_EDGE('',*,*,#6764,.F.);
#9034=ORIENTED_EDGE('',*,*,#6735,.T.);
#9035=ORIENTED_EDGE('',*,*,#6762,.T.);
#9036=ORIENTED_EDGE('',*,*,#6765,.T.);
#9037=ORIENTED_EDGE('',*,*,#6766,.F.);
#9038=ORIENTED_EDGE('',*,*,#6736,.T.);
#9039=ORIENTED_EDGE('',*,*,#6764,.T.);
#9040=ORIENTED_EDGE('',*,*,#6767,.T.);
#9041=ORIENTED_EDGE('',*,*,#5991,.T.);
#9042=ORIENTED_EDGE('',*,*,#5989,.T.);
#9043=ORIENTED_EDGE('',*,*,#5987,.T.);
#9044=ORIENTED_EDGE('',*,*,#6737,.T.);
#9045=ORIENTED_EDGE('',*,*,#6766,.T.);
#9046=ORIENTED_EDGE('',*,*,#6768,.T.);
#9047=ORIENTED_EDGE('',*,*,#6769,.F.);
#9048=ORIENTED_EDGE('',*,*,#6706,.T.);
#9049=ORIENTED_EDGE('',*,*,#6770,.F.);
#9050=ORIENTED_EDGE('',*,*,#6707,.T.);
#9051=ORIENTED_EDGE('',*,*,#6769,.T.);
#9052=ORIENTED_EDGE('',*,*,#6771,.T.);
#9053=ORIENTED_EDGE('',*,*,#6772,.F.);
#9054=ORIENTED_EDGE('',*,*,#6708,.T.);
#9055=ORIENTED_EDGE('',*,*,#6770,.T.);
#9056=ORIENTED_EDGE('',*,*,#6773,.T.);
#9057=ORIENTED_EDGE('',*,*,#6774,.F.);
#9058=ORIENTED_EDGE('',*,*,#6709,.T.);
#9059=ORIENTED_EDGE('',*,*,#6772,.T.);
#9060=ORIENTED_EDGE('',*,*,#6775,.T.);
#9061=ORIENTED_EDGE('',*,*,#6776,.F.);
#9062=ORIENTED_EDGE('',*,*,#6710,.T.);
#9063=ORIENTED_EDGE('',*,*,#6774,.T.);
#9064=ORIENTED_EDGE('',*,*,#6777,.T.);
#9065=ORIENTED_EDGE('',*,*,#6778,.F.);
#9066=ORIENTED_EDGE('',*,*,#6711,.T.);
#9067=ORIENTED_EDGE('',*,*,#6776,.T.);
#9068=ORIENTED_EDGE('',*,*,#6779,.T.);
#9069=ORIENTED_EDGE('',*,*,#6780,.F.);
#9070=ORIENTED_EDGE('',*,*,#6712,.T.);
#9071=ORIENTED_EDGE('',*,*,#6778,.T.);
#9072=ORIENTED_EDGE('',*,*,#6781,.T.);
#9073=ORIENTED_EDGE('',*,*,#5994,.F.);
#9074=ORIENTED_EDGE('',*,*,#6713,.T.);
#9075=ORIENTED_EDGE('',*,*,#6780,.T.);
#9076=ORIENTED_EDGE('',*,*,#6782,.T.);
#9077=ORIENTED_EDGE('',*,*,#6738,.F.);
#9078=ORIENTED_EDGE('',*,*,#6702,.T.);
#9079=ORIENTED_EDGE('',*,*,#6277,.T.);
#9080=ORIENTED_EDGE('',*,*,#6783,.F.);
#9081=ORIENTED_EDGE('',*,*,#6784,.F.);
#9082=ORIENTED_EDGE('',*,*,#6785,.F.);
#9083=ORIENTED_EDGE('',*,*,#6786,.F.);
#9084=ORIENTED_EDGE('',*,*,#6787,.F.);
#9085=ORIENTED_EDGE('',*,*,#6267,.T.);
#9086=ORIENTED_EDGE('',*,*,#6001,.T.);
#9087=ORIENTED_EDGE('',*,*,#5999,.T.);
#9088=ORIENTED_EDGE('',*,*,#5997,.T.);
#9089=ORIENTED_EDGE('',*,*,#6785,.T.);
#9090=ORIENTED_EDGE('',*,*,#6788,.F.);
#9091=ORIENTED_EDGE('',*,*,#6789,.F.);
#9092=ORIENTED_EDGE('',*,*,#6790,.F.);
#9093=ORIENTED_EDGE('',*,*,#6789,.T.);
#9094=ORIENTED_EDGE('',*,*,#6791,.F.);
#9095=ORIENTED_EDGE('',*,*,#6792,.F.);
#9096=ORIENTED_EDGE('',*,*,#6793,.F.);
#9097=ORIENTED_EDGE('',*,*,#6792,.T.);
#9098=ORIENTED_EDGE('',*,*,#6794,.F.);
#9099=ORIENTED_EDGE('',*,*,#6795,.F.);
#9100=ORIENTED_EDGE('',*,*,#6796,.F.);
#9101=ORIENTED_EDGE('',*,*,#6795,.T.);
#9102=ORIENTED_EDGE('',*,*,#6797,.F.);
#9103=ORIENTED_EDGE('',*,*,#6798,.F.);
#9104=ORIENTED_EDGE('',*,*,#6799,.F.);
#9105=ORIENTED_EDGE('',*,*,#6798,.T.);
#9106=ORIENTED_EDGE('',*,*,#6800,.F.);
#9107=ORIENTED_EDGE('',*,*,#6801,.F.);
#9108=ORIENTED_EDGE('',*,*,#6802,.F.);
#9109=ORIENTED_EDGE('',*,*,#6801,.T.);
#9110=ORIENTED_EDGE('',*,*,#6803,.F.);
#9111=ORIENTED_EDGE('',*,*,#6804,.F.);
#9112=ORIENTED_EDGE('',*,*,#6805,.F.);
#9113=ORIENTED_EDGE('',*,*,#6804,.T.);
#9114=ORIENTED_EDGE('',*,*,#6806,.F.);
#9115=ORIENTED_EDGE('',*,*,#6807,.F.);
#9116=ORIENTED_EDGE('',*,*,#6808,.F.);
#9117=ORIENTED_EDGE('',*,*,#6807,.T.);
#9118=ORIENTED_EDGE('',*,*,#6809,.F.);
#9119=ORIENTED_EDGE('',*,*,#6810,.F.);
#9120=ORIENTED_EDGE('',*,*,#6811,.F.);
#9121=ORIENTED_EDGE('',*,*,#6696,.T.);
#9122=ORIENTED_EDGE('',*,*,#6693,.T.);
#9123=ORIENTED_EDGE('',*,*,#6690,.T.);
#9124=ORIENTED_EDGE('',*,*,#6687,.T.);
#9125=ORIENTED_EDGE('',*,*,#6684,.T.);
#9126=ORIENTED_EDGE('',*,*,#6810,.T.);
#9127=ORIENTED_EDGE('',*,*,#6812,.F.);
#9128=ORIENTED_EDGE('',*,*,#6813,.F.);
#9129=ORIENTED_EDGE('',*,*,#6814,.F.);
#9130=ORIENTED_EDGE('',*,*,#6813,.T.);
#9131=ORIENTED_EDGE('',*,*,#6815,.F.);
#9132=ORIENTED_EDGE('',*,*,#6816,.F.);
#9133=ORIENTED_EDGE('',*,*,#6817,.F.);
#9134=ORIENTED_EDGE('',*,*,#6816,.T.);
#9135=ORIENTED_EDGE('',*,*,#6818,.F.);
#9136=ORIENTED_EDGE('',*,*,#6819,.F.);
#9137=ORIENTED_EDGE('',*,*,#6820,.F.);
#9138=ORIENTED_EDGE('',*,*,#6819,.T.);
#9139=ORIENTED_EDGE('',*,*,#6821,.F.);
#9140=ORIENTED_EDGE('',*,*,#6822,.F.);
#9141=ORIENTED_EDGE('',*,*,#6823,.F.);
#9142=ORIENTED_EDGE('',*,*,#6822,.T.);
#9143=ORIENTED_EDGE('',*,*,#6824,.F.);
#9144=ORIENTED_EDGE('',*,*,#6825,.F.);
#9145=ORIENTED_EDGE('',*,*,#6826,.F.);
#9146=ORIENTED_EDGE('',*,*,#6825,.T.);
#9147=ORIENTED_EDGE('',*,*,#6827,.F.);
#9148=ORIENTED_EDGE('',*,*,#6828,.F.);
#9149=ORIENTED_EDGE('',*,*,#6829,.F.);
#9150=ORIENTED_EDGE('',*,*,#6830,.T.);
#9151=ORIENTED_EDGE('',*,*,#6831,.F.);
#9152=ORIENTED_EDGE('',*,*,#6832,.F.);
#9153=ORIENTED_EDGE('',*,*,#6833,.F.);
#9154=ORIENTED_EDGE('',*,*,#6832,.T.);
#9155=ORIENTED_EDGE('',*,*,#6834,.F.);
#9156=ORIENTED_EDGE('',*,*,#6835,.F.);
#9157=ORIENTED_EDGE('',*,*,#6836,.F.);
#9158=ORIENTED_EDGE('',*,*,#6835,.T.);
#9159=ORIENTED_EDGE('',*,*,#6837,.F.);
#9160=ORIENTED_EDGE('',*,*,#6838,.F.);
#9161=ORIENTED_EDGE('',*,*,#6839,.F.);
#9162=ORIENTED_EDGE('',*,*,#6838,.T.);
#9163=ORIENTED_EDGE('',*,*,#6840,.F.);
#9164=ORIENTED_EDGE('',*,*,#6841,.F.);
#9165=ORIENTED_EDGE('',*,*,#6842,.F.);
#9166=ORIENTED_EDGE('',*,*,#6841,.T.);
#9167=ORIENTED_EDGE('',*,*,#6843,.F.);
#9168=ORIENTED_EDGE('',*,*,#6844,.F.);
#9169=ORIENTED_EDGE('',*,*,#6845,.F.);
#9170=ORIENTED_EDGE('',*,*,#6844,.T.);
#9171=ORIENTED_EDGE('',*,*,#6846,.F.);
#9172=ORIENTED_EDGE('',*,*,#6847,.F.);
#9173=ORIENTED_EDGE('',*,*,#6848,.F.);
#9174=ORIENTED_EDGE('',*,*,#6847,.T.);
#9175=ORIENTED_EDGE('',*,*,#6849,.F.);
#9176=ORIENTED_EDGE('',*,*,#6850,.F.);
#9177=ORIENTED_EDGE('',*,*,#6851,.F.);
#9178=ORIENTED_EDGE('',*,*,#6850,.T.);
#9179=ORIENTED_EDGE('',*,*,#6852,.F.);
#9180=ORIENTED_EDGE('',*,*,#6853,.F.);
#9181=ORIENTED_EDGE('',*,*,#6854,.F.);
#9182=ORIENTED_EDGE('',*,*,#6266,.T.);
#9183=ORIENTED_EDGE('',*,*,#6264,.T.);
#9184=ORIENTED_EDGE('',*,*,#6262,.T.);
#9185=ORIENTED_EDGE('',*,*,#6260,.T.);
#9186=ORIENTED_EDGE('',*,*,#6258,.T.);
#9187=ORIENTED_EDGE('',*,*,#6256,.T.);
#9188=ORIENTED_EDGE('',*,*,#6254,.T.);
#9189=ORIENTED_EDGE('',*,*,#6252,.T.);
#9190=ORIENTED_EDGE('',*,*,#6250,.T.);
#9191=ORIENTED_EDGE('',*,*,#6248,.T.);
#9192=ORIENTED_EDGE('',*,*,#6246,.T.);
#9193=ORIENTED_EDGE('',*,*,#6244,.T.);
#9194=ORIENTED_EDGE('',*,*,#6242,.T.);
#9195=ORIENTED_EDGE('',*,*,#6240,.T.);
#9196=ORIENTED_EDGE('',*,*,#6238,.T.);
#9197=ORIENTED_EDGE('',*,*,#6236,.T.);
#9198=ORIENTED_EDGE('',*,*,#6234,.T.);
#9199=ORIENTED_EDGE('',*,*,#6232,.T.);
#9200=ORIENTED_EDGE('',*,*,#6230,.T.);
#9201=ORIENTED_EDGE('',*,*,#6228,.T.);
#9202=ORIENTED_EDGE('',*,*,#6226,.T.);
#9203=ORIENTED_EDGE('',*,*,#6224,.T.);
#9204=ORIENTED_EDGE('',*,*,#6222,.T.);
#9205=ORIENTED_EDGE('',*,*,#6220,.T.);
#9206=ORIENTED_EDGE('',*,*,#6218,.T.);
#9207=ORIENTED_EDGE('',*,*,#6216,.T.);
#9208=ORIENTED_EDGE('',*,*,#6214,.T.);
#9209=ORIENTED_EDGE('',*,*,#6212,.T.);
#9210=ORIENTED_EDGE('',*,*,#6210,.T.);
#9211=ORIENTED_EDGE('',*,*,#6208,.T.);
#9212=ORIENTED_EDGE('',*,*,#6206,.T.);
#9213=ORIENTED_EDGE('',*,*,#6204,.T.);
#9214=ORIENTED_EDGE('',*,*,#6202,.T.);
#9215=ORIENTED_EDGE('',*,*,#6200,.T.);
#9216=ORIENTED_EDGE('',*,*,#6198,.T.);
#9217=ORIENTED_EDGE('',*,*,#6196,.T.);
#9218=ORIENTED_EDGE('',*,*,#6194,.T.);
#9219=ORIENTED_EDGE('',*,*,#6192,.T.);
#9220=ORIENTED_EDGE('',*,*,#6190,.T.);
#9221=ORIENTED_EDGE('',*,*,#6188,.T.);
#9222=ORIENTED_EDGE('',*,*,#6186,.T.);
#9223=ORIENTED_EDGE('',*,*,#6184,.T.);
#9224=ORIENTED_EDGE('',*,*,#6182,.T.);
#9225=ORIENTED_EDGE('',*,*,#6180,.T.);
#9226=ORIENTED_EDGE('',*,*,#6178,.T.);
#9227=ORIENTED_EDGE('',*,*,#6176,.T.);
#9228=ORIENTED_EDGE('',*,*,#6174,.T.);
#9229=ORIENTED_EDGE('',*,*,#6172,.T.);
#9230=ORIENTED_EDGE('',*,*,#6170,.T.);
#9231=ORIENTED_EDGE('',*,*,#6168,.T.);
#9232=ORIENTED_EDGE('',*,*,#6166,.T.);
#9233=ORIENTED_EDGE('',*,*,#6164,.T.);
#9234=ORIENTED_EDGE('',*,*,#6162,.T.);
#9235=ORIENTED_EDGE('',*,*,#6160,.T.);
#9236=ORIENTED_EDGE('',*,*,#6158,.T.);
#9237=ORIENTED_EDGE('',*,*,#6156,.T.);
#9238=ORIENTED_EDGE('',*,*,#6154,.T.);
#9239=ORIENTED_EDGE('',*,*,#6152,.T.);
#9240=ORIENTED_EDGE('',*,*,#6150,.T.);
#9241=ORIENTED_EDGE('',*,*,#6148,.T.);
#9242=ORIENTED_EDGE('',*,*,#6146,.T.);
#9243=ORIENTED_EDGE('',*,*,#6144,.T.);
#9244=ORIENTED_EDGE('',*,*,#6142,.T.);
#9245=ORIENTED_EDGE('',*,*,#6140,.T.);
#9246=ORIENTED_EDGE('',*,*,#6138,.T.);
#9247=ORIENTED_EDGE('',*,*,#6136,.T.);
#9248=ORIENTED_EDGE('',*,*,#6134,.T.);
#9249=ORIENTED_EDGE('',*,*,#6132,.T.);
#9250=ORIENTED_EDGE('',*,*,#6130,.T.);
#9251=ORIENTED_EDGE('',*,*,#6128,.T.);
#9252=ORIENTED_EDGE('',*,*,#6126,.T.);
#9253=ORIENTED_EDGE('',*,*,#6124,.T.);
#9254=ORIENTED_EDGE('',*,*,#6122,.T.);
#9255=ORIENTED_EDGE('',*,*,#6120,.T.);
#9256=ORIENTED_EDGE('',*,*,#6118,.T.);
#9257=ORIENTED_EDGE('',*,*,#6116,.T.);
#9258=ORIENTED_EDGE('',*,*,#6114,.T.);
#9259=ORIENTED_EDGE('',*,*,#6112,.T.);
#9260=ORIENTED_EDGE('',*,*,#6110,.T.);
#9261=ORIENTED_EDGE('',*,*,#6108,.T.);
#9262=ORIENTED_EDGE('',*,*,#6106,.T.);
#9263=ORIENTED_EDGE('',*,*,#6104,.T.);
#9264=ORIENTED_EDGE('',*,*,#6102,.T.);
#9265=ORIENTED_EDGE('',*,*,#6100,.T.);
#9266=ORIENTED_EDGE('',*,*,#6098,.T.);
#9267=ORIENTED_EDGE('',*,*,#6096,.T.);
#9268=ORIENTED_EDGE('',*,*,#6094,.T.);
#9269=ORIENTED_EDGE('',*,*,#6092,.T.);
#9270=ORIENTED_EDGE('',*,*,#6090,.T.);
#9271=ORIENTED_EDGE('',*,*,#6088,.T.);
#9272=ORIENTED_EDGE('',*,*,#6086,.T.);
#9273=ORIENTED_EDGE('',*,*,#6084,.T.);
#9274=ORIENTED_EDGE('',*,*,#6082,.T.);
#9275=ORIENTED_EDGE('',*,*,#6080,.T.);
#9276=ORIENTED_EDGE('',*,*,#6078,.T.);
#9277=ORIENTED_EDGE('',*,*,#6076,.T.);
#9278=ORIENTED_EDGE('',*,*,#6074,.T.);
#9279=ORIENTED_EDGE('',*,*,#6072,.T.);
#9280=ORIENTED_EDGE('',*,*,#6070,.T.);
#9281=ORIENTED_EDGE('',*,*,#6068,.T.);
#9282=ORIENTED_EDGE('',*,*,#6066,.T.);
#9283=ORIENTED_EDGE('',*,*,#6064,.T.);
#9284=ORIENTED_EDGE('',*,*,#6062,.T.);
#9285=ORIENTED_EDGE('',*,*,#6060,.T.);
#9286=ORIENTED_EDGE('',*,*,#6058,.T.);
#9287=ORIENTED_EDGE('',*,*,#6056,.T.);
#9288=ORIENTED_EDGE('',*,*,#6054,.T.);
#9289=ORIENTED_EDGE('',*,*,#6052,.T.);
#9290=ORIENTED_EDGE('',*,*,#6050,.T.);
#9291=ORIENTED_EDGE('',*,*,#6048,.T.);
#9292=ORIENTED_EDGE('',*,*,#6046,.T.);
#9293=ORIENTED_EDGE('',*,*,#6044,.T.);
#9294=ORIENTED_EDGE('',*,*,#6042,.T.);
#9295=ORIENTED_EDGE('',*,*,#6040,.T.);
#9296=ORIENTED_EDGE('',*,*,#6038,.T.);
#9297=ORIENTED_EDGE('',*,*,#6036,.T.);
#9298=ORIENTED_EDGE('',*,*,#6034,.T.);
#9299=ORIENTED_EDGE('',*,*,#6032,.T.);
#9300=ORIENTED_EDGE('',*,*,#6030,.T.);
#9301=ORIENTED_EDGE('',*,*,#6028,.T.);
#9302=ORIENTED_EDGE('',*,*,#6026,.T.);
#9303=ORIENTED_EDGE('',*,*,#6024,.T.);
#9304=ORIENTED_EDGE('',*,*,#6022,.T.);
#9305=ORIENTED_EDGE('',*,*,#6020,.T.);
#9306=ORIENTED_EDGE('',*,*,#6018,.T.);
#9307=ORIENTED_EDGE('',*,*,#6016,.T.);
#9308=ORIENTED_EDGE('',*,*,#6014,.T.);
#9309=ORIENTED_EDGE('',*,*,#6012,.T.);
#9310=ORIENTED_EDGE('',*,*,#6010,.T.);
#9311=ORIENTED_EDGE('',*,*,#6008,.T.);
#9312=ORIENTED_EDGE('',*,*,#6006,.T.);
#9313=ORIENTED_EDGE('',*,*,#6004,.T.);
#9314=ORIENTED_EDGE('',*,*,#6853,.T.);
#9315=ORIENTED_EDGE('',*,*,#6855,.F.);
#9316=ORIENTED_EDGE('',*,*,#6856,.F.);
#9317=ORIENTED_EDGE('',*,*,#6857,.F.);
#9318=ORIENTED_EDGE('',*,*,#6856,.T.);
#9319=ORIENTED_EDGE('',*,*,#6858,.F.);
#9320=ORIENTED_EDGE('',*,*,#6859,.F.);
#9321=ORIENTED_EDGE('',*,*,#6860,.F.);
#9322=ORIENTED_EDGE('',*,*,#6859,.T.);
#9323=ORIENTED_EDGE('',*,*,#6861,.F.);
#9324=ORIENTED_EDGE('',*,*,#6862,.F.);
#9325=ORIENTED_EDGE('',*,*,#6863,.F.);
#9326=ORIENTED_EDGE('',*,*,#6862,.T.);
#9327=ORIENTED_EDGE('',*,*,#6864,.F.);
#9328=ORIENTED_EDGE('',*,*,#6865,.F.);
#9329=ORIENTED_EDGE('',*,*,#6866,.F.);
#9330=ORIENTED_EDGE('',*,*,#6865,.T.);
#9331=ORIENTED_EDGE('',*,*,#6867,.F.);
#9332=ORIENTED_EDGE('',*,*,#6868,.F.);
#9333=ORIENTED_EDGE('',*,*,#6869,.F.);
#9334=ORIENTED_EDGE('',*,*,#6868,.T.);
#9335=ORIENTED_EDGE('',*,*,#6870,.F.);
#9336=ORIENTED_EDGE('',*,*,#6871,.F.);
#9337=ORIENTED_EDGE('',*,*,#6872,.F.);
#9338=ORIENTED_EDGE('',*,*,#6871,.T.);
#9339=ORIENTED_EDGE('',*,*,#6873,.F.);
#9340=ORIENTED_EDGE('',*,*,#6874,.F.);
#9341=ORIENTED_EDGE('',*,*,#6875,.F.);
#9342=ORIENTED_EDGE('',*,*,#6276,.T.);
#9343=ORIENTED_EDGE('',*,*,#6274,.T.);
#9344=ORIENTED_EDGE('',*,*,#6272,.T.);
#9345=ORIENTED_EDGE('',*,*,#6270,.T.);
#9346=ORIENTED_EDGE('',*,*,#6268,.T.);
#9347=ORIENTED_EDGE('',*,*,#6787,.T.);
#9348=ORIENTED_EDGE('',*,*,#6876,.F.);
#9349=ORIENTED_EDGE('',*,*,#6874,.T.);
#9350=ORIENTED_EDGE('',*,*,#6877,.F.);
#9351=ORIENTED_EDGE('',*,*,#6783,.T.);
#9352=ORIENTED_EDGE('',*,*,#6878,.F.);
#9353=ORIENTED_EDGE('',*,*,#6879,.T.);
#9354=ORIENTED_EDGE('',*,*,#6716,.T.);
#9355=ORIENTED_EDGE('',*,*,#6880,.F.);
#9356=ORIENTED_EDGE('',*,*,#6881,.F.);
#9357=ORIENTED_EDGE('',*,*,#6882,.T.);
#9358=ORIENTED_EDGE('',*,*,#6717,.T.);
#9359=ORIENTED_EDGE('',*,*,#6879,.F.);
#9360=ORIENTED_EDGE('',*,*,#6883,.F.);
#9361=ORIENTED_EDGE('',*,*,#6884,.T.);
#9362=ORIENTED_EDGE('',*,*,#6718,.T.);
#9363=ORIENTED_EDGE('',*,*,#6882,.F.);
#9364=ORIENTED_EDGE('',*,*,#6885,.F.);
#9365=ORIENTED_EDGE('',*,*,#6886,.T.);
#9366=ORIENTED_EDGE('',*,*,#6719,.T.);
#9367=ORIENTED_EDGE('',*,*,#6884,.F.);
#9368=ORIENTED_EDGE('',*,*,#6887,.F.);
#9369=ORIENTED_EDGE('',*,*,#6888,.T.);
#9370=ORIENTED_EDGE('',*,*,#6720,.T.);
#9371=ORIENTED_EDGE('',*,*,#6886,.F.);
#9372=ORIENTED_EDGE('',*,*,#6889,.F.);
#9373=ORIENTED_EDGE('',*,*,#6890,.T.);
#9374=ORIENTED_EDGE('',*,*,#6721,.T.);
#9375=ORIENTED_EDGE('',*,*,#6888,.F.);
#9376=ORIENTED_EDGE('',*,*,#6891,.F.);
#9377=ORIENTED_EDGE('',*,*,#6892,.T.);
#9378=ORIENTED_EDGE('',*,*,#6722,.T.);
#9379=ORIENTED_EDGE('',*,*,#6890,.F.);
#9380=ORIENTED_EDGE('',*,*,#6893,.F.);
#9381=ORIENTED_EDGE('',*,*,#6894,.T.);
#9382=ORIENTED_EDGE('',*,*,#6723,.T.);
#9383=ORIENTED_EDGE('',*,*,#6892,.F.);
#9384=ORIENTED_EDGE('',*,*,#6895,.F.);
#9385=ORIENTED_EDGE('',*,*,#6896,.T.);
#9386=ORIENTED_EDGE('',*,*,#6724,.T.);
#9387=ORIENTED_EDGE('',*,*,#6894,.F.);
#9388=ORIENTED_EDGE('',*,*,#6897,.F.);
#9389=ORIENTED_EDGE('',*,*,#6898,.T.);
#9390=ORIENTED_EDGE('',*,*,#6725,.T.);
#9391=ORIENTED_EDGE('',*,*,#6896,.F.);
#9392=ORIENTED_EDGE('',*,*,#6899,.F.);
#9393=ORIENTED_EDGE('',*,*,#6900,.T.);
#9394=ORIENTED_EDGE('',*,*,#6726,.T.);
#9395=ORIENTED_EDGE('',*,*,#6898,.F.);
#9396=ORIENTED_EDGE('',*,*,#6901,.F.);
#9397=ORIENTED_EDGE('',*,*,#6902,.T.);
#9398=ORIENTED_EDGE('',*,*,#6727,.T.);
#9399=ORIENTED_EDGE('',*,*,#6900,.F.);
#9400=ORIENTED_EDGE('',*,*,#6903,.F.);
#9401=ORIENTED_EDGE('',*,*,#6904,.T.);
#9402=ORIENTED_EDGE('',*,*,#6728,.T.);
#9403=ORIENTED_EDGE('',*,*,#6902,.F.);
#9404=ORIENTED_EDGE('',*,*,#6905,.F.);
#9405=ORIENTED_EDGE('',*,*,#6906,.T.);
#9406=ORIENTED_EDGE('',*,*,#6729,.T.);
#9407=ORIENTED_EDGE('',*,*,#6904,.F.);
#9408=ORIENTED_EDGE('',*,*,#6907,.F.);
#9409=ORIENTED_EDGE('',*,*,#6730,.T.);
#9410=ORIENTED_EDGE('',*,*,#6906,.F.);
#9411=ORIENTED_EDGE('',*,*,#6908,.F.);
#9412=ORIENTED_EDGE('',*,*,#6279,.F.);
#9413=ORIENTED_EDGE('',*,*,#6731,.T.);
#9414=ORIENTED_EDGE('',*,*,#6907,.T.);
#9415=ORIENTED_EDGE('',*,*,#6909,.F.);
#9416=ORIENTED_EDGE('',*,*,#6910,.T.);
#9417=ORIENTED_EDGE('',*,*,#6283,.T.);
#9418=ORIENTED_EDGE('',*,*,#6910,.F.);
#9419=ORIENTED_EDGE('',*,*,#6911,.F.);
#9420=ORIENTED_EDGE('',*,*,#6912,.T.);
#9421=ORIENTED_EDGE('',*,*,#6284,.T.);
#9422=ORIENTED_EDGE('',*,*,#6912,.F.);
#9423=ORIENTED_EDGE('',*,*,#6913,.F.);
#9424=ORIENTED_EDGE('',*,*,#6914,.T.);
#9425=ORIENTED_EDGE('',*,*,#6915,.T.);
#9426=ORIENTED_EDGE('',*,*,#6753,.F.);
#9427=ORIENTED_EDGE('',*,*,#6914,.F.);
#9428=ORIENTED_EDGE('',*,*,#6916,.F.);
#9429=ORIENTED_EDGE('',*,*,#6917,.T.);
#9430=ORIENTED_EDGE('',*,*,#6918,.T.);
#9431=ORIENTED_EDGE('',*,*,#6917,.F.);
#9432=ORIENTED_EDGE('',*,*,#6919,.F.);
#9433=ORIENTED_EDGE('',*,*,#6920,.T.);
#9434=ORIENTED_EDGE('',*,*,#6921,.T.);
#9435=ORIENTED_EDGE('',*,*,#6920,.F.);
#9436=ORIENTED_EDGE('',*,*,#6922,.F.);
#9437=ORIENTED_EDGE('',*,*,#6923,.T.);
#9438=ORIENTED_EDGE('',*,*,#6924,.T.);
#9439=ORIENTED_EDGE('',*,*,#6923,.F.);
#9440=ORIENTED_EDGE('',*,*,#6925,.F.);
#9441=ORIENTED_EDGE('',*,*,#6926,.T.);
#9442=ORIENTED_EDGE('',*,*,#6927,.T.);
#9443=ORIENTED_EDGE('',*,*,#6644,.T.);
#9444=ORIENTED_EDGE('',*,*,#6642,.T.);
#9445=ORIENTED_EDGE('',*,*,#6640,.T.);
#9446=ORIENTED_EDGE('',*,*,#6638,.T.);
#9447=ORIENTED_EDGE('',*,*,#6636,.T.);
#9448=ORIENTED_EDGE('',*,*,#6634,.T.);
#9449=ORIENTED_EDGE('',*,*,#6632,.T.);
#9450=ORIENTED_EDGE('',*,*,#6630,.T.);
#9451=ORIENTED_EDGE('',*,*,#6628,.T.);
#9452=ORIENTED_EDGE('',*,*,#6626,.T.);
#9453=ORIENTED_EDGE('',*,*,#6624,.T.);
#9454=ORIENTED_EDGE('',*,*,#6622,.T.);
#9455=ORIENTED_EDGE('',*,*,#6620,.T.);
#9456=ORIENTED_EDGE('',*,*,#6618,.T.);
#9457=ORIENTED_EDGE('',*,*,#6616,.T.);
#9458=ORIENTED_EDGE('',*,*,#6614,.T.);
#9459=ORIENTED_EDGE('',*,*,#6612,.T.);
#9460=ORIENTED_EDGE('',*,*,#6610,.T.);
#9461=ORIENTED_EDGE('',*,*,#6608,.T.);
#9462=ORIENTED_EDGE('',*,*,#6606,.T.);
#9463=ORIENTED_EDGE('',*,*,#6604,.T.);
#9464=ORIENTED_EDGE('',*,*,#6602,.T.);
#9465=ORIENTED_EDGE('',*,*,#6600,.T.);
#9466=ORIENTED_EDGE('',*,*,#6598,.T.);
#9467=ORIENTED_EDGE('',*,*,#6596,.T.);
#9468=ORIENTED_EDGE('',*,*,#6594,.T.);
#9469=ORIENTED_EDGE('',*,*,#6592,.T.);
#9470=ORIENTED_EDGE('',*,*,#6590,.T.);
#9471=ORIENTED_EDGE('',*,*,#6588,.T.);
#9472=ORIENTED_EDGE('',*,*,#6586,.T.);
#9473=ORIENTED_EDGE('',*,*,#6584,.T.);
#9474=ORIENTED_EDGE('',*,*,#6582,.T.);
#9475=ORIENTED_EDGE('',*,*,#6580,.T.);
#9476=ORIENTED_EDGE('',*,*,#6578,.T.);
#9477=ORIENTED_EDGE('',*,*,#6576,.T.);
#9478=ORIENTED_EDGE('',*,*,#6574,.T.);
#9479=ORIENTED_EDGE('',*,*,#6572,.T.);
#9480=ORIENTED_EDGE('',*,*,#6570,.T.);
#9481=ORIENTED_EDGE('',*,*,#6568,.T.);
#9482=ORIENTED_EDGE('',*,*,#6566,.T.);
#9483=ORIENTED_EDGE('',*,*,#6564,.T.);
#9484=ORIENTED_EDGE('',*,*,#6562,.T.);
#9485=ORIENTED_EDGE('',*,*,#6560,.T.);
#9486=ORIENTED_EDGE('',*,*,#6558,.T.);
#9487=ORIENTED_EDGE('',*,*,#6556,.T.);
#9488=ORIENTED_EDGE('',*,*,#6554,.T.);
#9489=ORIENTED_EDGE('',*,*,#6552,.T.);
#9490=ORIENTED_EDGE('',*,*,#6550,.T.);
#9491=ORIENTED_EDGE('',*,*,#6548,.T.);
#9492=ORIENTED_EDGE('',*,*,#6546,.T.);
#9493=ORIENTED_EDGE('',*,*,#6544,.T.);
#9494=ORIENTED_EDGE('',*,*,#6542,.T.);
#9495=ORIENTED_EDGE('',*,*,#6540,.T.);
#9496=ORIENTED_EDGE('',*,*,#6538,.T.);
#9497=ORIENTED_EDGE('',*,*,#6536,.T.);
#9498=ORIENTED_EDGE('',*,*,#6534,.T.);
#9499=ORIENTED_EDGE('',*,*,#6532,.T.);
#9500=ORIENTED_EDGE('',*,*,#6530,.T.);
#9501=ORIENTED_EDGE('',*,*,#6528,.T.);
#9502=ORIENTED_EDGE('',*,*,#6525,.T.);
#9503=ORIENTED_EDGE('',*,*,#6524,.T.);
#9504=ORIENTED_EDGE('',*,*,#6522,.T.);
#9505=ORIENTED_EDGE('',*,*,#6520,.T.);
#9506=ORIENTED_EDGE('',*,*,#6518,.T.);
#9507=ORIENTED_EDGE('',*,*,#6516,.T.);
#9508=ORIENTED_EDGE('',*,*,#6514,.T.);
#9509=ORIENTED_EDGE('',*,*,#6512,.T.);
#9510=ORIENTED_EDGE('',*,*,#6510,.T.);
#9511=ORIENTED_EDGE('',*,*,#6508,.T.);
#9512=ORIENTED_EDGE('',*,*,#6506,.T.);
#9513=ORIENTED_EDGE('',*,*,#6504,.T.);
#9514=ORIENTED_EDGE('',*,*,#6502,.T.);
#9515=ORIENTED_EDGE('',*,*,#6500,.T.);
#9516=ORIENTED_EDGE('',*,*,#6498,.T.);
#9517=ORIENTED_EDGE('',*,*,#6496,.T.);
#9518=ORIENTED_EDGE('',*,*,#6494,.T.);
#9519=ORIENTED_EDGE('',*,*,#6492,.T.);
#9520=ORIENTED_EDGE('',*,*,#6490,.T.);
#9521=ORIENTED_EDGE('',*,*,#6488,.T.);
#9522=ORIENTED_EDGE('',*,*,#6486,.T.);
#9523=ORIENTED_EDGE('',*,*,#6484,.T.);
#9524=ORIENTED_EDGE('',*,*,#6482,.T.);
#9525=ORIENTED_EDGE('',*,*,#6480,.T.);
#9526=ORIENTED_EDGE('',*,*,#6478,.T.);
#9527=ORIENTED_EDGE('',*,*,#6476,.T.);
#9528=ORIENTED_EDGE('',*,*,#6474,.T.);
#9529=ORIENTED_EDGE('',*,*,#6472,.T.);
#9530=ORIENTED_EDGE('',*,*,#6470,.T.);
#9531=ORIENTED_EDGE('',*,*,#6468,.T.);
#9532=ORIENTED_EDGE('',*,*,#6466,.T.);
#9533=ORIENTED_EDGE('',*,*,#6464,.T.);
#9534=ORIENTED_EDGE('',*,*,#6462,.T.);
#9535=ORIENTED_EDGE('',*,*,#6460,.T.);
#9536=ORIENTED_EDGE('',*,*,#6458,.T.);
#9537=ORIENTED_EDGE('',*,*,#6456,.T.);
#9538=ORIENTED_EDGE('',*,*,#6454,.T.);
#9539=ORIENTED_EDGE('',*,*,#6452,.T.);
#9540=ORIENTED_EDGE('',*,*,#6450,.T.);
#9541=ORIENTED_EDGE('',*,*,#6448,.T.);
#9542=ORIENTED_EDGE('',*,*,#6446,.T.);
#9543=ORIENTED_EDGE('',*,*,#6444,.T.);
#9544=ORIENTED_EDGE('',*,*,#6442,.T.);
#9545=ORIENTED_EDGE('',*,*,#6440,.T.);
#9546=ORIENTED_EDGE('',*,*,#6438,.T.);
#9547=ORIENTED_EDGE('',*,*,#6436,.T.);
#9548=ORIENTED_EDGE('',*,*,#6434,.T.);
#9549=ORIENTED_EDGE('',*,*,#6432,.T.);
#9550=ORIENTED_EDGE('',*,*,#6430,.T.);
#9551=ORIENTED_EDGE('',*,*,#6428,.T.);
#9552=ORIENTED_EDGE('',*,*,#6426,.T.);
#9553=ORIENTED_EDGE('',*,*,#6424,.T.);
#9554=ORIENTED_EDGE('',*,*,#6422,.T.);
#9555=ORIENTED_EDGE('',*,*,#6420,.T.);
#9556=ORIENTED_EDGE('',*,*,#6418,.T.);
#9557=ORIENTED_EDGE('',*,*,#6416,.T.);
#9558=ORIENTED_EDGE('',*,*,#6414,.T.);
#9559=ORIENTED_EDGE('',*,*,#6412,.T.);
#9560=ORIENTED_EDGE('',*,*,#6410,.T.);
#9561=ORIENTED_EDGE('',*,*,#6408,.T.);
#9562=ORIENTED_EDGE('',*,*,#6405,.T.);
#9563=ORIENTED_EDGE('',*,*,#6404,.T.);
#9564=ORIENTED_EDGE('',*,*,#6402,.T.);
#9565=ORIENTED_EDGE('',*,*,#6400,.T.);
#9566=ORIENTED_EDGE('',*,*,#6398,.T.);
#9567=ORIENTED_EDGE('',*,*,#6396,.T.);
#9568=ORIENTED_EDGE('',*,*,#6394,.T.);
#9569=ORIENTED_EDGE('',*,*,#6392,.T.);
#9570=ORIENTED_EDGE('',*,*,#6390,.T.);
#9571=ORIENTED_EDGE('',*,*,#6388,.T.);
#9572=ORIENTED_EDGE('',*,*,#6386,.T.);
#9573=ORIENTED_EDGE('',*,*,#6384,.T.);
#9574=ORIENTED_EDGE('',*,*,#6382,.T.);
#9575=ORIENTED_EDGE('',*,*,#6380,.T.);
#9576=ORIENTED_EDGE('',*,*,#6378,.T.);
#9577=ORIENTED_EDGE('',*,*,#6376,.T.);
#9578=ORIENTED_EDGE('',*,*,#6374,.T.);
#9579=ORIENTED_EDGE('',*,*,#6372,.T.);
#9580=ORIENTED_EDGE('',*,*,#6370,.T.);
#9581=ORIENTED_EDGE('',*,*,#6368,.T.);
#9582=ORIENTED_EDGE('',*,*,#6366,.T.);
#9583=ORIENTED_EDGE('',*,*,#6364,.T.);
#9584=ORIENTED_EDGE('',*,*,#6362,.T.);
#9585=ORIENTED_EDGE('',*,*,#6360,.T.);
#9586=ORIENTED_EDGE('',*,*,#6358,.T.);
#9587=ORIENTED_EDGE('',*,*,#6356,.T.);
#9588=ORIENTED_EDGE('',*,*,#6354,.T.);
#9589=ORIENTED_EDGE('',*,*,#6352,.T.);
#9590=ORIENTED_EDGE('',*,*,#6350,.T.);
#9591=ORIENTED_EDGE('',*,*,#6348,.T.);
#9592=ORIENTED_EDGE('',*,*,#6346,.T.);
#9593=ORIENTED_EDGE('',*,*,#6344,.T.);
#9594=ORIENTED_EDGE('',*,*,#6342,.T.);
#9595=ORIENTED_EDGE('',*,*,#6340,.T.);
#9596=ORIENTED_EDGE('',*,*,#6338,.T.);
#9597=ORIENTED_EDGE('',*,*,#6336,.T.);
#9598=ORIENTED_EDGE('',*,*,#6334,.T.);
#9599=ORIENTED_EDGE('',*,*,#6332,.T.);
#9600=ORIENTED_EDGE('',*,*,#6330,.T.);
#9601=ORIENTED_EDGE('',*,*,#6328,.T.);
#9602=ORIENTED_EDGE('',*,*,#6326,.T.);
#9603=ORIENTED_EDGE('',*,*,#6324,.T.);
#9604=ORIENTED_EDGE('',*,*,#6322,.T.);
#9605=ORIENTED_EDGE('',*,*,#6320,.T.);
#9606=ORIENTED_EDGE('',*,*,#6318,.T.);
#9607=ORIENTED_EDGE('',*,*,#6316,.T.);
#9608=ORIENTED_EDGE('',*,*,#6314,.T.);
#9609=ORIENTED_EDGE('',*,*,#6312,.T.);
#9610=ORIENTED_EDGE('',*,*,#6310,.T.);
#9611=ORIENTED_EDGE('',*,*,#6308,.T.);
#9612=ORIENTED_EDGE('',*,*,#6306,.T.);
#9613=ORIENTED_EDGE('',*,*,#6304,.T.);
#9614=ORIENTED_EDGE('',*,*,#6302,.T.);
#9615=ORIENTED_EDGE('',*,*,#6300,.T.);
#9616=ORIENTED_EDGE('',*,*,#6298,.T.);
#9617=ORIENTED_EDGE('',*,*,#6296,.T.);
#9618=ORIENTED_EDGE('',*,*,#6294,.T.);
#9619=ORIENTED_EDGE('',*,*,#6292,.T.);
#9620=ORIENTED_EDGE('',*,*,#6290,.T.);
#9621=ORIENTED_EDGE('',*,*,#6288,.T.);
#9622=ORIENTED_EDGE('',*,*,#6285,.T.);
#9623=ORIENTED_EDGE('',*,*,#6926,.F.);
#9624=ORIENTED_EDGE('',*,*,#6928,.F.);
#9625=ORIENTED_EDGE('',*,*,#6929,.T.);
#9626=ORIENTED_EDGE('',*,*,#6930,.T.);
#9627=ORIENTED_EDGE('',*,*,#6929,.F.);
#9628=ORIENTED_EDGE('',*,*,#6931,.F.);
#9629=ORIENTED_EDGE('',*,*,#6932,.T.);
#9630=ORIENTED_EDGE('',*,*,#6933,.T.);
#9631=ORIENTED_EDGE('',*,*,#6932,.F.);
#9632=ORIENTED_EDGE('',*,*,#6934,.F.);
#9633=ORIENTED_EDGE('',*,*,#6935,.T.);
#9634=ORIENTED_EDGE('',*,*,#6936,.T.);
#9635=ORIENTED_EDGE('',*,*,#6935,.F.);
#9636=ORIENTED_EDGE('',*,*,#6937,.F.);
#9637=ORIENTED_EDGE('',*,*,#6938,.T.);
#9638=ORIENTED_EDGE('',*,*,#6752,.T.);
#9639=ORIENTED_EDGE('',*,*,#6939,.T.);
#9640=ORIENTED_EDGE('',*,*,#6938,.F.);
#9641=ORIENTED_EDGE('',*,*,#6940,.F.);
#9642=ORIENTED_EDGE('',*,*,#6941,.T.);
#9643=ORIENTED_EDGE('',*,*,#6647,.T.);
#9644=ORIENTED_EDGE('',*,*,#6941,.F.);
#9645=ORIENTED_EDGE('',*,*,#6942,.F.);
#9646=ORIENTED_EDGE('',*,*,#6943,.T.);
#9647=ORIENTED_EDGE('',*,*,#6648,.T.);
#9648=ORIENTED_EDGE('',*,*,#6943,.F.);
#9649=ORIENTED_EDGE('',*,*,#6944,.F.);
#9650=ORIENTED_EDGE('',*,*,#6945,.T.);
#9651=ORIENTED_EDGE('',*,*,#6649,.T.);
#9652=ORIENTED_EDGE('',*,*,#6945,.F.);
#9653=ORIENTED_EDGE('',*,*,#6946,.F.);
#9654=ORIENTED_EDGE('',*,*,#6947,.T.);
#9655=ORIENTED_EDGE('',*,*,#6650,.T.);
#9656=ORIENTED_EDGE('',*,*,#6947,.F.);
#9657=ORIENTED_EDGE('',*,*,#6948,.F.);
#9658=ORIENTED_EDGE('',*,*,#6949,.T.);
#9659=ORIENTED_EDGE('',*,*,#6651,.T.);
#9660=ORIENTED_EDGE('',*,*,#6949,.F.);
#9661=ORIENTED_EDGE('',*,*,#6950,.F.);
#9662=ORIENTED_EDGE('',*,*,#6951,.T.);
#9663=ORIENTED_EDGE('',*,*,#6652,.T.);
#9664=ORIENTED_EDGE('',*,*,#6951,.F.);
#9665=ORIENTED_EDGE('',*,*,#6952,.F.);
#9666=ORIENTED_EDGE('',*,*,#6953,.T.);
#9667=ORIENTED_EDGE('',*,*,#6653,.T.);
#9668=ORIENTED_EDGE('',*,*,#6953,.F.);
#9669=ORIENTED_EDGE('',*,*,#6954,.F.);
#9670=ORIENTED_EDGE('',*,*,#6955,.T.);
#9671=ORIENTED_EDGE('',*,*,#6654,.T.);
#9672=ORIENTED_EDGE('',*,*,#6955,.F.);
#9673=ORIENTED_EDGE('',*,*,#6956,.F.);
#9674=ORIENTED_EDGE('',*,*,#6957,.T.);
#9675=ORIENTED_EDGE('',*,*,#6655,.T.);
#9676=ORIENTED_EDGE('',*,*,#6957,.F.);
#9677=ORIENTED_EDGE('',*,*,#6958,.F.);
#9678=ORIENTED_EDGE('',*,*,#6959,.T.);
#9679=ORIENTED_EDGE('',*,*,#6656,.T.);
#9680=ORIENTED_EDGE('',*,*,#6959,.F.);
#9681=ORIENTED_EDGE('',*,*,#6960,.F.);
#9682=ORIENTED_EDGE('',*,*,#6961,.T.);
#9683=ORIENTED_EDGE('',*,*,#6657,.T.);
#9684=ORIENTED_EDGE('',*,*,#6961,.F.);
#9685=ORIENTED_EDGE('',*,*,#6962,.F.);
#9686=ORIENTED_EDGE('',*,*,#6963,.T.);
#9687=ORIENTED_EDGE('',*,*,#6658,.T.);
#9688=ORIENTED_EDGE('',*,*,#6963,.F.);
#9689=ORIENTED_EDGE('',*,*,#6964,.F.);
#9690=ORIENTED_EDGE('',*,*,#6965,.T.);
#9691=ORIENTED_EDGE('',*,*,#6659,.T.);
#9692=ORIENTED_EDGE('',*,*,#6965,.F.);
#9693=ORIENTED_EDGE('',*,*,#6966,.F.);
#9694=ORIENTED_EDGE('',*,*,#6967,.T.);
#9695=ORIENTED_EDGE('',*,*,#6660,.T.);
#9696=ORIENTED_EDGE('',*,*,#6967,.F.);
#9697=ORIENTED_EDGE('',*,*,#6968,.F.);
#9698=ORIENTED_EDGE('',*,*,#6969,.T.);
#9699=ORIENTED_EDGE('',*,*,#6661,.T.);
#9700=ORIENTED_EDGE('',*,*,#6969,.F.);
#9701=ORIENTED_EDGE('',*,*,#6970,.F.);
#9702=ORIENTED_EDGE('',*,*,#6971,.T.);
#9703=ORIENTED_EDGE('',*,*,#6662,.T.);
#9704=ORIENTED_EDGE('',*,*,#6971,.F.);
#9705=ORIENTED_EDGE('',*,*,#6972,.F.);
#9706=ORIENTED_EDGE('',*,*,#6973,.T.);
#9707=ORIENTED_EDGE('',*,*,#6974,.T.);
#9708=ORIENTED_EDGE('',*,*,#6748,.F.);
#9709=ORIENTED_EDGE('',*,*,#6663,.T.);
#9710=ORIENTED_EDGE('',*,*,#6973,.F.);
#9711=ORIENTED_EDGE('',*,*,#6975,.F.);
#9712=ORIENTED_EDGE('',*,*,#6976,.T.);
#9713=ORIENTED_EDGE('',*,*,#6977,.T.);
#9714=ORIENTED_EDGE('',*,*,#6976,.F.);
#9715=ORIENTED_EDGE('',*,*,#6978,.F.);
#9716=ORIENTED_EDGE('',*,*,#6979,.T.);
#9717=ORIENTED_EDGE('',*,*,#6980,.T.);
#9718=ORIENTED_EDGE('',*,*,#6981,.F.);
#9719=ORIENTED_EDGE('',*,*,#6982,.F.);
#9720=ORIENTED_EDGE('',*,*,#6983,.T.);
#9721=ORIENTED_EDGE('',*,*,#6984,.T.);
#9722=ORIENTED_EDGE('',*,*,#6983,.F.);
#9723=ORIENTED_EDGE('',*,*,#6985,.F.);
#9724=ORIENTED_EDGE('',*,*,#6986,.T.);
#9725=ORIENTED_EDGE('',*,*,#6987,.T.);
#9726=ORIENTED_EDGE('',*,*,#6986,.F.);
#9727=ORIENTED_EDGE('',*,*,#6988,.F.);
#9728=ORIENTED_EDGE('',*,*,#6989,.T.);
#9729=ORIENTED_EDGE('',*,*,#6990,.T.);
#9730=ORIENTED_EDGE('',*,*,#6989,.F.);
#9731=ORIENTED_EDGE('',*,*,#6991,.F.);
#9732=ORIENTED_EDGE('',*,*,#6992,.T.);
#9733=ORIENTED_EDGE('',*,*,#6993,.T.);
#9734=ORIENTED_EDGE('',*,*,#6992,.F.);
#9735=ORIENTED_EDGE('',*,*,#6994,.F.);
#9736=ORIENTED_EDGE('',*,*,#6995,.T.);
#9737=ORIENTED_EDGE('',*,*,#6996,.T.);
#9738=ORIENTED_EDGE('',*,*,#6995,.F.);
#9739=ORIENTED_EDGE('',*,*,#6997,.F.);
#9740=ORIENTED_EDGE('',*,*,#6998,.T.);
#9741=ORIENTED_EDGE('',*,*,#6665,.T.);
#9742=ORIENTED_EDGE('',*,*,#6747,.T.);
#9743=ORIENTED_EDGE('',*,*,#6999,.T.);
#9744=ORIENTED_EDGE('',*,*,#6998,.F.);
#9745=ORIENTED_EDGE('',*,*,#7000,.F.);
#9746=ORIENTED_EDGE('',*,*,#7001,.T.);
#9747=ORIENTED_EDGE('',*,*,#6666,.T.);
#9748=ORIENTED_EDGE('',*,*,#7001,.F.);
#9749=ORIENTED_EDGE('',*,*,#7002,.F.);
#9750=ORIENTED_EDGE('',*,*,#7003,.T.);
#9751=ORIENTED_EDGE('',*,*,#6667,.T.);
#9752=ORIENTED_EDGE('',*,*,#7003,.F.);
#9753=ORIENTED_EDGE('',*,*,#7004,.F.);
#9754=ORIENTED_EDGE('',*,*,#7005,.T.);
#9755=ORIENTED_EDGE('',*,*,#6668,.T.);
#9756=ORIENTED_EDGE('',*,*,#7005,.F.);
#9757=ORIENTED_EDGE('',*,*,#7006,.F.);
#9758=ORIENTED_EDGE('',*,*,#7007,.T.);
#9759=ORIENTED_EDGE('',*,*,#6669,.T.);
#9760=ORIENTED_EDGE('',*,*,#7007,.F.);
#9761=ORIENTED_EDGE('',*,*,#7008,.F.);
#9762=ORIENTED_EDGE('',*,*,#7009,.T.);
#9763=ORIENTED_EDGE('',*,*,#6670,.T.);
#9764=ORIENTED_EDGE('',*,*,#7009,.F.);
#9765=ORIENTED_EDGE('',*,*,#7010,.F.);
#9766=ORIENTED_EDGE('',*,*,#7011,.T.);
#9767=ORIENTED_EDGE('',*,*,#6671,.T.);
#9768=ORIENTED_EDGE('',*,*,#7011,.F.);
#9769=ORIENTED_EDGE('',*,*,#7012,.F.);
#9770=ORIENTED_EDGE('',*,*,#7013,.T.);
#9771=ORIENTED_EDGE('',*,*,#6672,.T.);
#9772=ORIENTED_EDGE('',*,*,#7013,.F.);
#9773=ORIENTED_EDGE('',*,*,#7014,.F.);
#9774=ORIENTED_EDGE('',*,*,#7015,.T.);
#9775=ORIENTED_EDGE('',*,*,#6673,.T.);
#9776=ORIENTED_EDGE('',*,*,#7015,.F.);
#9777=ORIENTED_EDGE('',*,*,#7016,.F.);
#9778=ORIENTED_EDGE('',*,*,#7017,.T.);
#9779=ORIENTED_EDGE('',*,*,#6674,.T.);
#9780=ORIENTED_EDGE('',*,*,#7017,.F.);
#9781=ORIENTED_EDGE('',*,*,#7018,.F.);
#9782=ORIENTED_EDGE('',*,*,#7019,.T.);
#9783=ORIENTED_EDGE('',*,*,#6675,.T.);
#9784=ORIENTED_EDGE('',*,*,#7019,.F.);
#9785=ORIENTED_EDGE('',*,*,#7020,.F.);
#9786=ORIENTED_EDGE('',*,*,#7021,.T.);
#9787=ORIENTED_EDGE('',*,*,#6676,.T.);
#9788=ORIENTED_EDGE('',*,*,#7021,.F.);
#9789=ORIENTED_EDGE('',*,*,#7022,.F.);
#9790=ORIENTED_EDGE('',*,*,#7023,.T.);
#9791=ORIENTED_EDGE('',*,*,#6677,.T.);
#9792=ORIENTED_EDGE('',*,*,#7023,.F.);
#9793=ORIENTED_EDGE('',*,*,#7024,.F.);
#9794=ORIENTED_EDGE('',*,*,#7025,.T.);
#9795=ORIENTED_EDGE('',*,*,#6678,.T.);
#9796=ORIENTED_EDGE('',*,*,#7025,.F.);
#9797=ORIENTED_EDGE('',*,*,#7026,.F.);
#9798=ORIENTED_EDGE('',*,*,#7027,.T.);
#9799=ORIENTED_EDGE('',*,*,#6679,.T.);
#9800=ORIENTED_EDGE('',*,*,#7027,.F.);
#9801=ORIENTED_EDGE('',*,*,#7028,.F.);
#9802=ORIENTED_EDGE('',*,*,#7029,.T.);
#9803=ORIENTED_EDGE('',*,*,#7030,.T.);
#9804=ORIENTED_EDGE('',*,*,#6743,.F.);
#9805=ORIENTED_EDGE('',*,*,#6680,.T.);
#9806=ORIENTED_EDGE('',*,*,#7029,.F.);
#9807=ORIENTED_EDGE('',*,*,#7031,.F.);
#9808=ORIENTED_EDGE('',*,*,#7032,.T.);
#9809=ORIENTED_EDGE('',*,*,#7033,.T.);
#9810=ORIENTED_EDGE('',*,*,#7032,.F.);
#9811=ORIENTED_EDGE('',*,*,#7034,.F.);
#9812=ORIENTED_EDGE('',*,*,#7035,.T.);
#9813=ORIENTED_EDGE('',*,*,#7036,.T.);
#9814=ORIENTED_EDGE('',*,*,#7035,.F.);
#9815=ORIENTED_EDGE('',*,*,#7037,.F.);
#9816=ORIENTED_EDGE('',*,*,#7038,.T.);
#9817=ORIENTED_EDGE('',*,*,#7039,.T.);
#9818=ORIENTED_EDGE('',*,*,#7038,.F.);
#9819=ORIENTED_EDGE('',*,*,#7040,.F.);
#9820=ORIENTED_EDGE('',*,*,#7041,.T.);
#9821=ORIENTED_EDGE('',*,*,#7042,.T.);
#9822=ORIENTED_EDGE('',*,*,#6694,.T.);
#9823=ORIENTED_EDGE('',*,*,#6691,.T.);
#9824=ORIENTED_EDGE('',*,*,#6688,.T.);
#9825=ORIENTED_EDGE('',*,*,#6685,.T.);
#9826=ORIENTED_EDGE('',*,*,#6682,.T.);
#9827=ORIENTED_EDGE('',*,*,#7041,.F.);
#9828=ORIENTED_EDGE('',*,*,#7043,.F.);
#9829=ORIENTED_EDGE('',*,*,#7044,.T.);
#9830=ORIENTED_EDGE('',*,*,#7045,.T.);
#9831=ORIENTED_EDGE('',*,*,#7044,.F.);
#9832=ORIENTED_EDGE('',*,*,#7046,.F.);
#9833=ORIENTED_EDGE('',*,*,#7047,.T.);
#9834=ORIENTED_EDGE('',*,*,#7048,.T.);
#9835=ORIENTED_EDGE('',*,*,#7047,.F.);
#9836=ORIENTED_EDGE('',*,*,#7049,.F.);
#9837=ORIENTED_EDGE('',*,*,#7050,.T.);
#9838=ORIENTED_EDGE('',*,*,#7051,.T.);
#9839=ORIENTED_EDGE('',*,*,#7050,.F.);
#9840=ORIENTED_EDGE('',*,*,#7052,.F.);
#9841=ORIENTED_EDGE('',*,*,#7053,.T.);
#9842=ORIENTED_EDGE('',*,*,#6698,.T.);
#9843=ORIENTED_EDGE('',*,*,#6742,.T.);
#9844=ORIENTED_EDGE('',*,*,#7054,.T.);
#9845=ORIENTED_EDGE('',*,*,#7053,.F.);
#9846=ORIENTED_EDGE('',*,*,#7055,.F.);
#9847=ORIENTED_EDGE('',*,*,#7056,.T.);
#9848=ORIENTED_EDGE('',*,*,#6699,.T.);
#9849=ORIENTED_EDGE('',*,*,#7056,.F.);
#9850=ORIENTED_EDGE('',*,*,#7057,.F.);
#9851=ORIENTED_EDGE('',*,*,#7058,.T.);
#9852=ORIENTED_EDGE('',*,*,#6714,.T.);
#9853=ORIENTED_EDGE('',*,*,#6704,.T.);
#9854=ORIENTED_EDGE('',*,*,#6700,.T.);
#9855=ORIENTED_EDGE('',*,*,#7058,.F.);
#9856=ORIENTED_EDGE('',*,*,#7059,.F.);
#9857=ORIENTED_EDGE('',*,*,#6880,.T.);
#9858=ORIENTED_EDGE('',*,*,#6715,.T.);
#9859=ORIENTED_EDGE('',*,*,#6979,.F.);
#9860=ORIENTED_EDGE('',*,*,#7060,.F.);
#9861=ORIENTED_EDGE('',*,*,#7061,.T.);
#9862=ORIENTED_EDGE('',*,*,#7062,.T.);
#9863=ORIENTED_EDGE('',*,*,#6876,.T.);
#9864=ORIENTED_EDGE('',*,*,#6786,.T.);
#9865=ORIENTED_EDGE('',*,*,#6790,.T.);
#9866=ORIENTED_EDGE('',*,*,#6793,.T.);
#9867=ORIENTED_EDGE('',*,*,#6796,.T.);
#9868=ORIENTED_EDGE('',*,*,#6799,.T.);
#9869=ORIENTED_EDGE('',*,*,#6802,.T.);
#9870=ORIENTED_EDGE('',*,*,#6805,.T.);
#9871=ORIENTED_EDGE('',*,*,#6808,.T.);
#9872=ORIENTED_EDGE('',*,*,#6811,.T.);
#9873=ORIENTED_EDGE('',*,*,#6814,.T.);
#9874=ORIENTED_EDGE('',*,*,#6817,.T.);
#9875=ORIENTED_EDGE('',*,*,#6820,.T.);
#9876=ORIENTED_EDGE('',*,*,#6823,.T.);
#9877=ORIENTED_EDGE('',*,*,#6826,.T.);
#9878=ORIENTED_EDGE('',*,*,#6829,.T.);
#9879=ORIENTED_EDGE('',*,*,#7063,.T.);
#9880=ORIENTED_EDGE('',*,*,#7064,.T.);
#9881=ORIENTED_EDGE('',*,*,#7065,.T.);
#9882=ORIENTED_EDGE('',*,*,#6833,.T.);
#9883=ORIENTED_EDGE('',*,*,#6836,.T.);
#9884=ORIENTED_EDGE('',*,*,#6839,.T.);
#9885=ORIENTED_EDGE('',*,*,#6842,.T.);
#9886=ORIENTED_EDGE('',*,*,#6845,.T.);
#9887=ORIENTED_EDGE('',*,*,#6848,.T.);
#9888=ORIENTED_EDGE('',*,*,#6851,.T.);
#9889=ORIENTED_EDGE('',*,*,#6854,.T.);
#9890=ORIENTED_EDGE('',*,*,#6857,.T.);
#9891=ORIENTED_EDGE('',*,*,#6860,.T.);
#9892=ORIENTED_EDGE('',*,*,#6863,.T.);
#9893=ORIENTED_EDGE('',*,*,#6866,.T.);
#9894=ORIENTED_EDGE('',*,*,#6869,.T.);
#9895=ORIENTED_EDGE('',*,*,#6872,.T.);
#9896=ORIENTED_EDGE('',*,*,#6875,.T.);
#9897=ORIENTED_EDGE('',*,*,#7066,.T.);
#9898=ORIENTED_EDGE('',*,*,#7067,.F.);
#9899=ORIENTED_EDGE('',*,*,#6830,.F.);
#9900=ORIENTED_EDGE('',*,*,#7065,.F.);
#9901=ORIENTED_EDGE('',*,*,#7068,.T.);
#9902=ORIENTED_EDGE('',*,*,#6828,.T.);
#9903=ORIENTED_EDGE('',*,*,#7069,.F.);
#9904=ORIENTED_EDGE('',*,*,#7070,.F.);
#9905=ORIENTED_EDGE('',*,*,#7063,.F.);
#9906=ORIENTED_EDGE('',*,*,#6782,.F.);
#9907=ORIENTED_EDGE('',*,*,#6781,.F.);
#9908=ORIENTED_EDGE('',*,*,#6779,.F.);
#9909=ORIENTED_EDGE('',*,*,#6777,.F.);
#9910=ORIENTED_EDGE('',*,*,#6775,.F.);
#9911=ORIENTED_EDGE('',*,*,#6773,.F.);
#9912=ORIENTED_EDGE('',*,*,#6771,.F.);
#9913=ORIENTED_EDGE('',*,*,#6768,.F.);
#9914=ORIENTED_EDGE('',*,*,#6767,.F.);
#9915=ORIENTED_EDGE('',*,*,#6765,.F.);
#9916=ORIENTED_EDGE('',*,*,#6763,.F.);
#9917=ORIENTED_EDGE('',*,*,#6761,.F.);
#9918=ORIENTED_EDGE('',*,*,#6759,.F.);
#9919=ORIENTED_EDGE('',*,*,#6756,.F.);
#9920=ORIENTED_EDGE('',*,*,#6754,.F.);
#9921=ORIENTED_EDGE('',*,*,#6915,.F.);
#9922=ORIENTED_EDGE('',*,*,#6918,.F.);
#9923=ORIENTED_EDGE('',*,*,#6921,.F.);
#9924=ORIENTED_EDGE('',*,*,#6924,.F.);
#9925=ORIENTED_EDGE('',*,*,#6927,.F.);
#9926=ORIENTED_EDGE('',*,*,#6930,.F.);
#9927=ORIENTED_EDGE('',*,*,#6933,.F.);
#9928=ORIENTED_EDGE('',*,*,#6936,.F.);
#9929=ORIENTED_EDGE('',*,*,#6939,.F.);
#9930=ORIENTED_EDGE('',*,*,#6751,.F.);
#9931=ORIENTED_EDGE('',*,*,#6749,.F.);
#9932=ORIENTED_EDGE('',*,*,#6974,.F.);
#9933=ORIENTED_EDGE('',*,*,#6977,.F.);
#9934=ORIENTED_EDGE('',*,*,#6980,.F.);
#9935=ORIENTED_EDGE('',*,*,#7062,.F.);
#9936=ORIENTED_EDGE('',*,*,#7071,.F.);
#9937=ORIENTED_EDGE('',*,*,#7072,.F.);
#9938=ORIENTED_EDGE('',*,*,#7073,.F.);
#9939=ORIENTED_EDGE('',*,*,#6984,.F.);
#9940=ORIENTED_EDGE('',*,*,#6987,.F.);
#9941=ORIENTED_EDGE('',*,*,#6990,.F.);
#9942=ORIENTED_EDGE('',*,*,#6993,.F.);
#9943=ORIENTED_EDGE('',*,*,#6996,.F.);
#9944=ORIENTED_EDGE('',*,*,#6999,.F.);
#9945=ORIENTED_EDGE('',*,*,#6746,.F.);
#9946=ORIENTED_EDGE('',*,*,#6744,.F.);
#9947=ORIENTED_EDGE('',*,*,#7030,.F.);
#9948=ORIENTED_EDGE('',*,*,#7033,.F.);
#9949=ORIENTED_EDGE('',*,*,#7036,.F.);
#9950=ORIENTED_EDGE('',*,*,#7039,.F.);
#9951=ORIENTED_EDGE('',*,*,#7042,.F.);
#9952=ORIENTED_EDGE('',*,*,#7045,.F.);
#9953=ORIENTED_EDGE('',*,*,#7048,.F.);
#9954=ORIENTED_EDGE('',*,*,#7051,.F.);
#9955=ORIENTED_EDGE('',*,*,#7054,.F.);
#9956=ORIENTED_EDGE('',*,*,#6741,.F.);
#9957=ORIENTED_EDGE('',*,*,#6739,.F.);
#9958=ORIENTED_EDGE('',*,*,#7074,.F.);
#9959=ORIENTED_EDGE('',*,*,#7075,.F.);
#9960=ORIENTED_EDGE('',*,*,#6981,.T.);
#9961=ORIENTED_EDGE('',*,*,#7073,.T.);
#9962=ORIENTED_EDGE('',*,*,#6877,.T.);
#9963=ORIENTED_EDGE('',*,*,#6873,.T.);
#9964=ORIENTED_EDGE('',*,*,#6870,.T.);
#9965=ORIENTED_EDGE('',*,*,#6867,.T.);
#9966=ORIENTED_EDGE('',*,*,#6864,.T.);
#9967=ORIENTED_EDGE('',*,*,#6861,.T.);
#9968=ORIENTED_EDGE('',*,*,#6858,.T.);
#9969=ORIENTED_EDGE('',*,*,#6855,.T.);
#9970=ORIENTED_EDGE('',*,*,#6852,.T.);
#9971=ORIENTED_EDGE('',*,*,#6849,.T.);
#9972=ORIENTED_EDGE('',*,*,#6846,.T.);
#9973=ORIENTED_EDGE('',*,*,#6843,.T.);
#9974=ORIENTED_EDGE('',*,*,#6840,.T.);
#9975=ORIENTED_EDGE('',*,*,#6837,.T.);
#9976=ORIENTED_EDGE('',*,*,#6834,.T.);
#9977=ORIENTED_EDGE('',*,*,#6831,.T.);
#9978=ORIENTED_EDGE('',*,*,#7067,.T.);
#9979=ORIENTED_EDGE('',*,*,#7076,.T.);
#9980=ORIENTED_EDGE('',*,*,#7069,.T.);
#9981=ORIENTED_EDGE('',*,*,#6827,.T.);
#9982=ORIENTED_EDGE('',*,*,#6824,.T.);
#9983=ORIENTED_EDGE('',*,*,#6821,.T.);
#9984=ORIENTED_EDGE('',*,*,#6818,.T.);
#9985=ORIENTED_EDGE('',*,*,#6815,.T.);
#9986=ORIENTED_EDGE('',*,*,#6812,.T.);
#9987=ORIENTED_EDGE('',*,*,#6809,.T.);
#9988=ORIENTED_EDGE('',*,*,#6806,.T.);
#9989=ORIENTED_EDGE('',*,*,#6803,.T.);
#9990=ORIENTED_EDGE('',*,*,#6800,.T.);
#9991=ORIENTED_EDGE('',*,*,#6797,.T.);
#9992=ORIENTED_EDGE('',*,*,#6794,.T.);
#9993=ORIENTED_EDGE('',*,*,#6791,.T.);
#9994=ORIENTED_EDGE('',*,*,#6788,.T.);
#9995=ORIENTED_EDGE('',*,*,#6784,.T.);
#9996=ORIENTED_EDGE('',*,*,#7059,.T.);
#9997=ORIENTED_EDGE('',*,*,#7057,.T.);
#9998=ORIENTED_EDGE('',*,*,#7055,.T.);
#9999=ORIENTED_EDGE('',*,*,#7052,.T.);
#10000=ORIENTED_EDGE('',*,*,#7049,.T.);
#10001=ORIENTED_EDGE('',*,*,#7046,.T.);
#10002=ORIENTED_EDGE('',*,*,#7043,.T.);
#10003=ORIENTED_EDGE('',*,*,#7040,.T.);
#10004=ORIENTED_EDGE('',*,*,#7037,.T.);
#10005=ORIENTED_EDGE('',*,*,#7034,.T.);
#10006=ORIENTED_EDGE('',*,*,#7031,.T.);
#10007=ORIENTED_EDGE('',*,*,#7028,.T.);
#10008=ORIENTED_EDGE('',*,*,#7026,.T.);
#10009=ORIENTED_EDGE('',*,*,#7024,.T.);
#10010=ORIENTED_EDGE('',*,*,#7022,.T.);
#10011=ORIENTED_EDGE('',*,*,#7020,.T.);
#10012=ORIENTED_EDGE('',*,*,#7018,.T.);
#10013=ORIENTED_EDGE('',*,*,#7016,.T.);
#10014=ORIENTED_EDGE('',*,*,#7014,.T.);
#10015=ORIENTED_EDGE('',*,*,#7012,.T.);
#10016=ORIENTED_EDGE('',*,*,#7010,.T.);
#10017=ORIENTED_EDGE('',*,*,#7008,.T.);
#10018=ORIENTED_EDGE('',*,*,#7006,.T.);
#10019=ORIENTED_EDGE('',*,*,#7004,.T.);
#10020=ORIENTED_EDGE('',*,*,#7002,.T.);
#10021=ORIENTED_EDGE('',*,*,#7000,.T.);
#10022=ORIENTED_EDGE('',*,*,#6997,.T.);
#10023=ORIENTED_EDGE('',*,*,#6994,.T.);
#10024=ORIENTED_EDGE('',*,*,#6991,.T.);
#10025=ORIENTED_EDGE('',*,*,#6988,.T.);
#10026=ORIENTED_EDGE('',*,*,#6985,.T.);
#10027=ORIENTED_EDGE('',*,*,#6982,.T.);
#10028=ORIENTED_EDGE('',*,*,#7075,.T.);
#10029=ORIENTED_EDGE('',*,*,#7077,.T.);
#10030=ORIENTED_EDGE('',*,*,#7078,.T.);
#10031=ORIENTED_EDGE('',*,*,#7060,.T.);
#10032=ORIENTED_EDGE('',*,*,#6978,.T.);
#10033=ORIENTED_EDGE('',*,*,#6975,.T.);
#10034=ORIENTED_EDGE('',*,*,#6972,.T.);
#10035=ORIENTED_EDGE('',*,*,#6970,.T.);
#10036=ORIENTED_EDGE('',*,*,#6968,.T.);
#10037=ORIENTED_EDGE('',*,*,#6966,.T.);
#10038=ORIENTED_EDGE('',*,*,#6964,.T.);
#10039=ORIENTED_EDGE('',*,*,#6962,.T.);
#10040=ORIENTED_EDGE('',*,*,#6960,.T.);
#10041=ORIENTED_EDGE('',*,*,#6958,.T.);
#10042=ORIENTED_EDGE('',*,*,#6956,.T.);
#10043=ORIENTED_EDGE('',*,*,#6954,.T.);
#10044=ORIENTED_EDGE('',*,*,#6952,.T.);
#10045=ORIENTED_EDGE('',*,*,#6950,.T.);
#10046=ORIENTED_EDGE('',*,*,#6948,.T.);
#10047=ORIENTED_EDGE('',*,*,#6946,.T.);
#10048=ORIENTED_EDGE('',*,*,#6944,.T.);
#10049=ORIENTED_EDGE('',*,*,#6942,.T.);
#10050=ORIENTED_EDGE('',*,*,#6940,.T.);
#10051=ORIENTED_EDGE('',*,*,#6937,.T.);
#10052=ORIENTED_EDGE('',*,*,#6934,.T.);
#10053=ORIENTED_EDGE('',*,*,#6931,.T.);
#10054=ORIENTED_EDGE('',*,*,#6928,.T.);
#10055=ORIENTED_EDGE('',*,*,#6925,.T.);
#10056=ORIENTED_EDGE('',*,*,#6922,.T.);
#10057=ORIENTED_EDGE('',*,*,#6919,.T.);
#10058=ORIENTED_EDGE('',*,*,#6916,.T.);
#10059=ORIENTED_EDGE('',*,*,#6913,.T.);
#10060=ORIENTED_EDGE('',*,*,#6911,.T.);
#10061=ORIENTED_EDGE('',*,*,#6909,.T.);
#10062=ORIENTED_EDGE('',*,*,#6908,.T.);
#10063=ORIENTED_EDGE('',*,*,#6905,.T.);
#10064=ORIENTED_EDGE('',*,*,#6903,.T.);
#10065=ORIENTED_EDGE('',*,*,#6901,.T.);
#10066=ORIENTED_EDGE('',*,*,#6899,.T.);
#10067=ORIENTED_EDGE('',*,*,#6897,.T.);
#10068=ORIENTED_EDGE('',*,*,#6895,.T.);
#10069=ORIENTED_EDGE('',*,*,#6893,.T.);
#10070=ORIENTED_EDGE('',*,*,#6891,.T.);
#10071=ORIENTED_EDGE('',*,*,#6889,.T.);
#10072=ORIENTED_EDGE('',*,*,#6887,.T.);
#10073=ORIENTED_EDGE('',*,*,#6885,.T.);
#10074=ORIENTED_EDGE('',*,*,#6883,.T.);
#10075=ORIENTED_EDGE('',*,*,#6881,.T.);
#10076=ORIENTED_EDGE('',*,*,#6878,.T.);
#10077=ORIENTED_EDGE('',*,*,#7061,.F.);
#10078=ORIENTED_EDGE('',*,*,#7078,.F.);
#10079=ORIENTED_EDGE('',*,*,#7079,.T.);
#10080=ORIENTED_EDGE('',*,*,#7071,.T.);
#10081=ORIENTED_EDGE('',*,*,#7068,.F.);
#10082=ORIENTED_EDGE('',*,*,#7080,.T.);
#10083=ORIENTED_EDGE('',*,*,#7081,.F.);
#10084=ORIENTED_EDGE('',*,*,#7080,.F.);
#10085=ORIENTED_EDGE('',*,*,#7070,.T.);
#10086=ORIENTED_EDGE('',*,*,#7076,.F.);
#10087=ORIENTED_EDGE('',*,*,#7066,.F.);
#10088=ORIENTED_EDGE('',*,*,#7064,.F.);
#10089=ORIENTED_EDGE('',*,*,#5584,.T.);
#10090=ORIENTED_EDGE('',*,*,#7079,.F.);
#10091=ORIENTED_EDGE('',*,*,#7077,.F.);
#10092=ORIENTED_EDGE('',*,*,#7074,.T.);
#10093=ORIENTED_EDGE('',*,*,#7072,.T.);
#10094=ORIENTED_EDGE('',*,*,#5586,.T.);
#10095=ORIENTED_EDGE('',*,*,#7081,.T.);
#10096=CYLINDRICAL_SURFACE('',#10635,0.3847);
#10097=CYLINDRICAL_SURFACE('',#10639,0.3847);
#10098=CYLINDRICAL_SURFACE('',#10643,0.3847);
#10099=CYLINDRICAL_SURFACE('',#10647,1.25);
#10100=CYLINDRICAL_SURFACE('',#10688,1.5);
#10101=CYLINDRICAL_SURFACE('',#10691,1.5);
#10102=CYLINDRICAL_SURFACE('',#10826,1.5);
#10103=CYLINDRICAL_SURFACE('',#10829,1.5);
#10104=CYLINDRICAL_SURFACE('',#11016,0.5);
#10105=CYLINDRICAL_SURFACE('',#11019,0.5);
#10106=CYLINDRICAL_SURFACE('',#11022,0.5);
#10107=CYLINDRICAL_SURFACE('',#11025,0.5);
#10108=CYLINDRICAL_SURFACE('',#11028,0.5);
#10109=CYLINDRICAL_SURFACE('',#11172,1.25);
#10110=ADVANCED_FACE('',(#545),#10096,.F.);
#10111=ADVANCED_FACE('',(#546),#48,.F.);
#10112=ADVANCED_FACE('',(#547),#10097,.F.);
#10113=ADVANCED_FACE('',(#548),#49,.F.);
#10114=ADVANCED_FACE('',(#549),#10098,.F.);
#10115=ADVANCED_FACE('',(#550),#50,.F.);
#10116=ADVANCED_FACE('',(#551),#10099,.F.);
#10117=ADVANCED_FACE('',(#552),#51,.T.);
#10118=ADVANCED_FACE('',(#553,#15),#52,.F.);
#10119=ADVANCED_FACE('',(#554,#16),#53,.F.);
#10120=ADVANCED_FACE('',(#555,#17),#54,.F.);
#10121=ADVANCED_FACE('',(#556),#55,.F.);
#10122=ADVANCED_FACE('',(#557),#56,.F.);
#10123=ADVANCED_FACE('',(#558),#57,.F.);
#10124=ADVANCED_FACE('',(#559),#58,.F.);
#10125=ADVANCED_FACE('',(#560),#59,.F.);
#10126=ADVANCED_FACE('',(#561),#60,.F.);
#10127=ADVANCED_FACE('',(#562),#61,.F.);
#10128=ADVANCED_FACE('',(#563),#62,.F.);
#10129=ADVANCED_FACE('',(#564),#63,.F.);
#10130=ADVANCED_FACE('',(#565),#64,.F.);
#10131=ADVANCED_FACE('',(#566),#65,.F.);
#10132=ADVANCED_FACE('',(#567),#66,.F.);
#10133=ADVANCED_FACE('',(#568),#67,.F.);
#10134=ADVANCED_FACE('',(#569),#68,.F.);
#10135=ADVANCED_FACE('',(#570),#69,.F.);
#10136=ADVANCED_FACE('',(#571),#70,.F.);
#10137=ADVANCED_FACE('',(#572),#71,.F.);
#10138=ADVANCED_FACE('',(#573),#72,.F.);
#10139=ADVANCED_FACE('',(#574),#73,.F.);
#10140=ADVANCED_FACE('',(#575),#74,.F.);
#10141=ADVANCED_FACE('',(#576),#75,.F.);
#10142=ADVANCED_FACE('',(#577),#76,.F.);
#10143=ADVANCED_FACE('',(#578),#77,.F.);
#10144=ADVANCED_FACE('',(#579),#78,.F.);
#10145=ADVANCED_FACE('',(#580),#79,.F.);
#10146=ADVANCED_FACE('',(#581),#80,.F.);
#10147=ADVANCED_FACE('',(#582),#81,.F.);
#10148=ADVANCED_FACE('',(#583),#82,.F.);
#10149=ADVANCED_FACE('',(#584),#10100,.F.);
#10150=ADVANCED_FACE('',(#585),#83,.F.);
#10151=ADVANCED_FACE('',(#586),#10101,.F.);
#10152=ADVANCED_FACE('',(#587),#84,.F.);
#10153=ADVANCED_FACE('',(#588),#85,.F.);
#10154=ADVANCED_FACE('',(#589),#86,.F.);
#10155=ADVANCED_FACE('',(#590),#87,.F.);
#10156=ADVANCED_FACE('',(#591),#88,.F.);
#10157=ADVANCED_FACE('',(#592),#89,.F.);
#10158=ADVANCED_FACE('',(#593),#90,.F.);
#10159=ADVANCED_FACE('',(#594),#91,.F.);
#10160=ADVANCED_FACE('',(#595),#92,.F.);
#10161=ADVANCED_FACE('',(#596),#93,.F.);
#10162=ADVANCED_FACE('',(#597),#94,.F.);
#10163=ADVANCED_FACE('',(#598),#95,.F.);
#10164=ADVANCED_FACE('',(#599),#96,.F.);
#10165=ADVANCED_FACE('',(#600),#97,.F.);
#10166=ADVANCED_FACE('',(#601),#98,.F.);
#10167=ADVANCED_FACE('',(#602),#99,.F.);
#10168=ADVANCED_FACE('',(#603),#100,.F.);
#10169=ADVANCED_FACE('',(#604),#101,.F.);
#10170=ADVANCED_FACE('',(#605),#102,.F.);
#10171=ADVANCED_FACE('',(#606),#103,.F.);
#10172=ADVANCED_FACE('',(#607),#104,.F.);
#10173=ADVANCED_FACE('',(#608),#105,.F.);
#10174=ADVANCED_FACE('',(#609),#106,.F.);
#10175=ADVANCED_FACE('',(#610),#107,.F.);
#10176=ADVANCED_FACE('',(#611),#108,.F.);
#10177=ADVANCED_FACE('',(#612),#109,.F.);
#10178=ADVANCED_FACE('',(#613),#110,.F.);
#10179=ADVANCED_FACE('',(#614),#111,.F.);
#10180=ADVANCED_FACE('',(#615),#112,.F.);
#10181=ADVANCED_FACE('',(#616),#113,.F.);
#10182=ADVANCED_FACE('',(#617),#114,.F.);
#10183=ADVANCED_FACE('',(#618),#115,.F.);
#10184=ADVANCED_FACE('',(#619),#116,.F.);
#10185=ADVANCED_FACE('',(#620),#117,.F.);
#10186=ADVANCED_FACE('',(#621),#118,.F.);
#10187=ADVANCED_FACE('',(#622),#119,.F.);
#10188=ADVANCED_FACE('',(#623),#120,.F.);
#10189=ADVANCED_FACE('',(#624),#121,.F.);
#10190=ADVANCED_FACE('',(#625),#122,.F.);
#10191=ADVANCED_FACE('',(#626),#123,.F.);
#10192=ADVANCED_FACE('',(#627),#124,.F.);
#10193=ADVANCED_FACE('',(#628),#125,.F.);
#10194=ADVANCED_FACE('',(#629),#126,.F.);
#10195=ADVANCED_FACE('',(#630),#127,.F.);
#10196=ADVANCED_FACE('',(#631),#128,.F.);
#10197=ADVANCED_FACE('',(#632),#129,.F.);
#10198=ADVANCED_FACE('',(#633),#130,.F.);
#10199=ADVANCED_FACE('',(#634),#131,.F.);
#10200=ADVANCED_FACE('',(#635),#132,.F.);
#10201=ADVANCED_FACE('',(#636),#133,.F.);
#10202=ADVANCED_FACE('',(#637),#134,.F.);
#10203=ADVANCED_FACE('',(#638),#135,.F.);
#10204=ADVANCED_FACE('',(#639),#136,.F.);
#10205=ADVANCED_FACE('',(#640),#137,.F.);
#10206=ADVANCED_FACE('',(#641),#138,.F.);
#10207=ADVANCED_FACE('',(#642),#139,.F.);
#10208=ADVANCED_FACE('',(#643),#140,.F.);
#10209=ADVANCED_FACE('',(#644),#141,.F.);
#10210=ADVANCED_FACE('',(#645),#142,.F.);
#10211=ADVANCED_FACE('',(#646),#143,.F.);
#10212=ADVANCED_FACE('',(#647),#144,.F.);
#10213=ADVANCED_FACE('',(#648),#145,.F.);
#10214=ADVANCED_FACE('',(#649),#146,.F.);
#10215=ADVANCED_FACE('',(#650),#147,.F.);
#10216=ADVANCED_FACE('',(#651),#148,.F.);
#10217=ADVANCED_FACE('',(#652),#149,.F.);
#10218=ADVANCED_FACE('',(#653),#150,.F.);
#10219=ADVANCED_FACE('',(#654),#151,.F.);
#10220=ADVANCED_FACE('',(#655),#152,.F.);
#10221=ADVANCED_FACE('',(#656),#153,.F.);
#10222=ADVANCED_FACE('',(#657),#154,.F.);
#10223=ADVANCED_FACE('',(#658),#155,.F.);
#10224=ADVANCED_FACE('',(#659),#156,.F.);
#10225=ADVANCED_FACE('',(#660),#157,.F.);
#10226=ADVANCED_FACE('',(#661),#158,.F.);
#10227=ADVANCED_FACE('',(#662),#159,.F.);
#10228=ADVANCED_FACE('',(#663),#160,.F.);
#10229=ADVANCED_FACE('',(#664),#161,.F.);
#10230=ADVANCED_FACE('',(#665),#162,.F.);
#10231=ADVANCED_FACE('',(#666),#163,.F.);
#10232=ADVANCED_FACE('',(#667),#164,.F.);
#10233=ADVANCED_FACE('',(#668),#165,.F.);
#10234=ADVANCED_FACE('',(#669),#166,.F.);
#10235=ADVANCED_FACE('',(#670),#167,.F.);
#10236=ADVANCED_FACE('',(#671),#168,.F.);
#10237=ADVANCED_FACE('',(#672),#169,.F.);
#10238=ADVANCED_FACE('',(#673),#170,.F.);
#10239=ADVANCED_FACE('',(#674),#171,.F.);
#10240=ADVANCED_FACE('',(#675),#172,.F.);
#10241=ADVANCED_FACE('',(#676),#173,.F.);
#10242=ADVANCED_FACE('',(#677),#174,.F.);
#10243=ADVANCED_FACE('',(#678),#175,.F.);
#10244=ADVANCED_FACE('',(#679),#176,.F.);
#10245=ADVANCED_FACE('',(#680),#177,.F.);
#10246=ADVANCED_FACE('',(#681),#178,.F.);
#10247=ADVANCED_FACE('',(#682),#179,.F.);
#10248=ADVANCED_FACE('',(#683),#180,.F.);
#10249=ADVANCED_FACE('',(#684),#181,.F.);
#10250=ADVANCED_FACE('',(#685),#182,.F.);
#10251=ADVANCED_FACE('',(#686),#183,.F.);
#10252=ADVANCED_FACE('',(#687),#184,.F.);
#10253=ADVANCED_FACE('',(#688),#185,.F.);
#10254=ADVANCED_FACE('',(#689),#186,.F.);
#10255=ADVANCED_FACE('',(#690),#187,.F.);
#10256=ADVANCED_FACE('',(#691),#188,.F.);
#10257=ADVANCED_FACE('',(#692),#189,.F.);
#10258=ADVANCED_FACE('',(#693),#190,.F.);
#10259=ADVANCED_FACE('',(#694),#191,.F.);
#10260=ADVANCED_FACE('',(#695),#192,.F.);
#10261=ADVANCED_FACE('',(#696),#193,.F.);
#10262=ADVANCED_FACE('',(#697),#194,.F.);
#10263=ADVANCED_FACE('',(#698),#195,.F.);
#10264=ADVANCED_FACE('',(#699),#196,.F.);
#10265=ADVANCED_FACE('',(#700),#197,.F.);
#10266=ADVANCED_FACE('',(#701),#198,.F.);
#10267=ADVANCED_FACE('',(#702),#199,.F.);
#10268=ADVANCED_FACE('',(#703),#200,.F.);
#10269=ADVANCED_FACE('',(#704),#201,.F.);
#10270=ADVANCED_FACE('',(#705),#202,.F.);
#10271=ADVANCED_FACE('',(#706),#203,.F.);
#10272=ADVANCED_FACE('',(#707),#204,.F.);
#10273=ADVANCED_FACE('',(#708),#205,.F.);
#10274=ADVANCED_FACE('',(#709),#206,.F.);
#10275=ADVANCED_FACE('',(#710),#207,.F.);
#10276=ADVANCED_FACE('',(#711),#208,.F.);
#10277=ADVANCED_FACE('',(#712),#209,.F.);
#10278=ADVANCED_FACE('',(#713),#210,.F.);
#10279=ADVANCED_FACE('',(#714),#211,.F.);
#10280=ADVANCED_FACE('',(#715),#212,.F.);
#10281=ADVANCED_FACE('',(#716),#213,.F.);
#10282=ADVANCED_FACE('',(#717),#214,.F.);
#10283=ADVANCED_FACE('',(#718),#215,.F.);
#10284=ADVANCED_FACE('',(#719),#216,.F.);
#10285=ADVANCED_FACE('',(#720),#10102,.F.);
#10286=ADVANCED_FACE('',(#721),#217,.F.);
#10287=ADVANCED_FACE('',(#722),#10103,.F.);
#10288=ADVANCED_FACE('',(#723),#218,.F.);
#10289=ADVANCED_FACE('',(#724),#219,.F.);
#10290=ADVANCED_FACE('',(#725,#18),#220,.F.);
#10291=ADVANCED_FACE('',(#726),#221,.F.);
#10292=ADVANCED_FACE('',(#727),#222,.F.);
#10293=ADVANCED_FACE('',(#728),#223,.F.);
#10294=ADVANCED_FACE('',(#729),#224,.F.);
#10295=ADVANCED_FACE('',(#730),#225,.F.);
#10296=ADVANCED_FACE('',(#731),#226,.F.);
#10297=ADVANCED_FACE('',(#732),#227,.F.);
#10298=ADVANCED_FACE('',(#733),#228,.F.);
#10299=ADVANCED_FACE('',(#734),#229,.F.);
#10300=ADVANCED_FACE('',(#735),#230,.F.);
#10301=ADVANCED_FACE('',(#736),#231,.F.);
#10302=ADVANCED_FACE('',(#737),#232,.F.);
#10303=ADVANCED_FACE('',(#738),#233,.F.);
#10304=ADVANCED_FACE('',(#739),#234,.F.);
#10305=ADVANCED_FACE('',(#740),#235,.F.);
#10306=ADVANCED_FACE('',(#741),#236,.F.);
#10307=ADVANCED_FACE('',(#742),#237,.F.);
#10308=ADVANCED_FACE('',(#743),#238,.F.);
#10309=ADVANCED_FACE('',(#744),#239,.F.);
#10310=ADVANCED_FACE('',(#745),#240,.F.);
#10311=ADVANCED_FACE('',(#746),#241,.F.);
#10312=ADVANCED_FACE('',(#747),#242,.F.);
#10313=ADVANCED_FACE('',(#748),#243,.F.);
#10314=ADVANCED_FACE('',(#749),#244,.F.);
#10315=ADVANCED_FACE('',(#750),#245,.F.);
#10316=ADVANCED_FACE('',(#751),#246,.F.);
#10317=ADVANCED_FACE('',(#752),#247,.F.);
#10318=ADVANCED_FACE('',(#753),#248,.F.);
#10319=ADVANCED_FACE('',(#754),#249,.F.);
#10320=ADVANCED_FACE('',(#755),#250,.F.);
#10321=ADVANCED_FACE('',(#756),#251,.F.);
#10322=ADVANCED_FACE('',(#757),#252,.F.);
#10323=ADVANCED_FACE('',(#758),#253,.F.);
#10324=ADVANCED_FACE('',(#759),#254,.F.);
#10325=ADVANCED_FACE('',(#760),#255,.F.);
#10326=ADVANCED_FACE('',(#761),#256,.F.);
#10327=ADVANCED_FACE('',(#762),#257,.F.);
#10328=ADVANCED_FACE('',(#763),#258,.F.);
#10329=ADVANCED_FACE('',(#764),#259,.F.);
#10330=ADVANCED_FACE('',(#765),#260,.F.);
#10331=ADVANCED_FACE('',(#766),#261,.F.);
#10332=ADVANCED_FACE('',(#767),#262,.F.);
#10333=ADVANCED_FACE('',(#768),#263,.F.);
#10334=ADVANCED_FACE('',(#769),#264,.F.);
#10335=ADVANCED_FACE('',(#770),#265,.F.);
#10336=ADVANCED_FACE('',(#771),#266,.F.);
#10337=ADVANCED_FACE('',(#772),#267,.F.);
#10338=ADVANCED_FACE('',(#773),#268,.F.);
#10339=ADVANCED_FACE('',(#774),#269,.F.);
#10340=ADVANCED_FACE('',(#775),#270,.F.);
#10341=ADVANCED_FACE('',(#776),#271,.F.);
#10342=ADVANCED_FACE('',(#777),#272,.F.);
#10343=ADVANCED_FACE('',(#778),#273,.F.);
#10344=ADVANCED_FACE('',(#779),#274,.F.);
#10345=ADVANCED_FACE('',(#780),#275,.F.);
#10346=ADVANCED_FACE('',(#781),#276,.F.);
#10347=ADVANCED_FACE('',(#782),#277,.F.);
#10348=ADVANCED_FACE('',(#783),#278,.F.);
#10349=ADVANCED_FACE('',(#784),#279,.F.);
#10350=ADVANCED_FACE('',(#785),#280,.F.);
#10351=ADVANCED_FACE('',(#786),#281,.F.);
#10352=ADVANCED_FACE('',(#787),#282,.F.);
#10353=ADVANCED_FACE('',(#788),#283,.F.);
#10354=ADVANCED_FACE('',(#789),#284,.F.);
#10355=ADVANCED_FACE('',(#790),#285,.F.);
#10356=ADVANCED_FACE('',(#791),#286,.F.);
#10357=ADVANCED_FACE('',(#792),#287,.F.);
#10358=ADVANCED_FACE('',(#793),#288,.F.);
#10359=ADVANCED_FACE('',(#794),#289,.F.);
#10360=ADVANCED_FACE('',(#795),#290,.F.);
#10361=ADVANCED_FACE('',(#796),#291,.F.);
#10362=ADVANCED_FACE('',(#797),#292,.F.);
#10363=ADVANCED_FACE('',(#798),#293,.F.);
#10364=ADVANCED_FACE('',(#799),#294,.F.);
#10365=ADVANCED_FACE('',(#800),#295,.F.);
#10366=ADVANCED_FACE('',(#801),#296,.F.);
#10367=ADVANCED_FACE('',(#802),#297,.F.);
#10368=ADVANCED_FACE('',(#803),#298,.F.);
#10369=ADVANCED_FACE('',(#804),#299,.F.);
#10370=ADVANCED_FACE('',(#805),#300,.F.);
#10371=ADVANCED_FACE('',(#806),#301,.F.);
#10372=ADVANCED_FACE('',(#807),#302,.F.);
#10373=ADVANCED_FACE('',(#808),#303,.F.);
#10374=ADVANCED_FACE('',(#809),#304,.F.);
#10375=ADVANCED_FACE('',(#810),#305,.F.);
#10376=ADVANCED_FACE('',(#811),#306,.F.);
#10377=ADVANCED_FACE('',(#812),#307,.F.);
#10378=ADVANCED_FACE('',(#813),#308,.F.);
#10379=ADVANCED_FACE('',(#814),#309,.F.);
#10380=ADVANCED_FACE('',(#815),#310,.F.);
#10381=ADVANCED_FACE('',(#816),#311,.F.);
#10382=ADVANCED_FACE('',(#817),#312,.F.);
#10383=ADVANCED_FACE('',(#818),#313,.F.);
#10384=ADVANCED_FACE('',(#819),#314,.F.);
#10385=ADVANCED_FACE('',(#820),#315,.F.);
#10386=ADVANCED_FACE('',(#821),#316,.F.);
#10387=ADVANCED_FACE('',(#822),#317,.F.);
#10388=ADVANCED_FACE('',(#823),#318,.F.);
#10389=ADVANCED_FACE('',(#824),#319,.F.);
#10390=ADVANCED_FACE('',(#825),#320,.F.);
#10391=ADVANCED_FACE('',(#826),#321,.F.);
#10392=ADVANCED_FACE('',(#827),#322,.F.);
#10393=ADVANCED_FACE('',(#828),#323,.F.);
#10394=ADVANCED_FACE('',(#829),#324,.F.);
#10395=ADVANCED_FACE('',(#830),#325,.F.);
#10396=ADVANCED_FACE('',(#831),#326,.F.);
#10397=ADVANCED_FACE('',(#832),#327,.F.);
#10398=ADVANCED_FACE('',(#833),#328,.F.);
#10399=ADVANCED_FACE('',(#834),#329,.F.);
#10400=ADVANCED_FACE('',(#835),#330,.F.);
#10401=ADVANCED_FACE('',(#836),#331,.F.);
#10402=ADVANCED_FACE('',(#837),#332,.F.);
#10403=ADVANCED_FACE('',(#838),#333,.F.);
#10404=ADVANCED_FACE('',(#839),#334,.F.);
#10405=ADVANCED_FACE('',(#840),#335,.F.);
#10406=ADVANCED_FACE('',(#841),#336,.F.);
#10407=ADVANCED_FACE('',(#842),#337,.F.);
#10408=ADVANCED_FACE('',(#843),#338,.F.);
#10409=ADVANCED_FACE('',(#844),#339,.F.);
#10410=ADVANCED_FACE('',(#845),#340,.F.);
#10411=ADVANCED_FACE('',(#846),#341,.F.);
#10412=ADVANCED_FACE('',(#847),#342,.F.);
#10413=ADVANCED_FACE('',(#848),#343,.F.);
#10414=ADVANCED_FACE('',(#849),#344,.F.);
#10415=ADVANCED_FACE('',(#850),#345,.F.);
#10416=ADVANCED_FACE('',(#851),#346,.F.);
#10417=ADVANCED_FACE('',(#852),#347,.F.);
#10418=ADVANCED_FACE('',(#853),#348,.F.);
#10419=ADVANCED_FACE('',(#854),#349,.F.);
#10420=ADVANCED_FACE('',(#855),#350,.F.);
#10421=ADVANCED_FACE('',(#856),#351,.F.);
#10422=ADVANCED_FACE('',(#857),#352,.F.);
#10423=ADVANCED_FACE('',(#858),#353,.F.);
#10424=ADVANCED_FACE('',(#859),#354,.F.);
#10425=ADVANCED_FACE('',(#860),#355,.F.);
#10426=ADVANCED_FACE('',(#861),#356,.F.);
#10427=ADVANCED_FACE('',(#862),#357,.F.);
#10428=ADVANCED_FACE('',(#863),#358,.F.);
#10429=ADVANCED_FACE('',(#864),#359,.F.);
#10430=ADVANCED_FACE('',(#865),#360,.F.);
#10431=ADVANCED_FACE('',(#866),#361,.F.);
#10432=ADVANCED_FACE('',(#867),#362,.F.);
#10433=ADVANCED_FACE('',(#868),#363,.F.);
#10434=ADVANCED_FACE('',(#869),#364,.F.);
#10435=ADVANCED_FACE('',(#870),#365,.F.);
#10436=ADVANCED_FACE('',(#871),#366,.F.);
#10437=ADVANCED_FACE('',(#872),#367,.F.);
#10438=ADVANCED_FACE('',(#873),#368,.F.);
#10439=ADVANCED_FACE('',(#874),#369,.F.);
#10440=ADVANCED_FACE('',(#875),#370,.F.);
#10441=ADVANCED_FACE('',(#876),#371,.F.);
#10442=ADVANCED_FACE('',(#877),#372,.F.);
#10443=ADVANCED_FACE('',(#878),#373,.F.);
#10444=ADVANCED_FACE('',(#879),#374,.F.);
#10445=ADVANCED_FACE('',(#880),#375,.F.);
#10446=ADVANCED_FACE('',(#881),#376,.F.);
#10447=ADVANCED_FACE('',(#882),#377,.F.);
#10448=ADVANCED_FACE('',(#883),#378,.F.);
#10449=ADVANCED_FACE('',(#884),#379,.F.);
#10450=ADVANCED_FACE('',(#885),#380,.F.);
#10451=ADVANCED_FACE('',(#886),#381,.F.);
#10452=ADVANCED_FACE('',(#887),#382,.F.);
#10453=ADVANCED_FACE('',(#888),#383,.F.);
#10454=ADVANCED_FACE('',(#889),#384,.F.);
#10455=ADVANCED_FACE('',(#890),#385,.F.);
#10456=ADVANCED_FACE('',(#891),#386,.F.);
#10457=ADVANCED_FACE('',(#892),#387,.F.);
#10458=ADVANCED_FACE('',(#893),#388,.F.);
#10459=ADVANCED_FACE('',(#894),#389,.F.);
#10460=ADVANCED_FACE('',(#895),#390,.F.);
#10461=ADVANCED_FACE('',(#896),#391,.F.);
#10462=ADVANCED_FACE('',(#897),#392,.F.);
#10463=ADVANCED_FACE('',(#898),#393,.F.);
#10464=ADVANCED_FACE('',(#899),#394,.F.);
#10465=ADVANCED_FACE('',(#900),#395,.F.);
#10466=ADVANCED_FACE('',(#901),#396,.F.);
#10467=ADVANCED_FACE('',(#902),#397,.F.);
#10468=ADVANCED_FACE('',(#903),#398,.F.);
#10469=ADVANCED_FACE('',(#904),#399,.F.);
#10470=ADVANCED_FACE('',(#905),#400,.F.);
#10471=ADVANCED_FACE('',(#906,#19),#401,.F.);
#10472=ADVANCED_FACE('',(#907),#402,.F.);
#10473=ADVANCED_FACE('',(#908),#10104,.F.);
#10474=ADVANCED_FACE('',(#909),#10105,.F.);
#10475=ADVANCED_FACE('',(#910),#10106,.F.);
#10476=ADVANCED_FACE('',(#911),#10107,.F.);
#10477=ADVANCED_FACE('',(#912),#10108,.F.);
#10478=ADVANCED_FACE('',(#913,#20),#403,.F.);
#10479=ADVANCED_FACE('',(#914),#404,.F.);
#10480=ADVANCED_FACE('',(#915),#405,.F.);
#10481=ADVANCED_FACE('',(#916),#406,.F.);
#10482=ADVANCED_FACE('',(#917),#407,.F.);
#10483=ADVANCED_FACE('',(#918),#408,.F.);
#10484=ADVANCED_FACE('',(#919),#409,.F.);
#10485=ADVANCED_FACE('',(#920),#410,.F.);
#10486=ADVANCED_FACE('',(#921),#411,.F.);
#10487=ADVANCED_FACE('',(#922),#412,.F.);
#10488=ADVANCED_FACE('',(#923),#413,.F.);
#10489=ADVANCED_FACE('',(#924),#414,.F.);
#10490=ADVANCED_FACE('',(#925),#415,.F.);
#10491=ADVANCED_FACE('',(#926),#416,.F.);
#10492=ADVANCED_FACE('',(#927),#417,.F.);
#10493=ADVANCED_FACE('',(#928),#418,.F.);
#10494=ADVANCED_FACE('',(#929),#419,.F.);
#10495=ADVANCED_FACE('',(#930),#420,.F.);
#10496=ADVANCED_FACE('',(#931),#421,.F.);
#10497=ADVANCED_FACE('',(#932),#422,.F.);
#10498=ADVANCED_FACE('',(#933),#423,.F.);
#10499=ADVANCED_FACE('',(#934),#424,.F.);
#10500=ADVANCED_FACE('',(#935),#425,.F.);
#10501=ADVANCED_FACE('',(#936),#426,.F.);
#10502=ADVANCED_FACE('',(#937),#427,.T.);
#10503=ADVANCED_FACE('',(#938),#428,.T.);
#10504=ADVANCED_FACE('',(#939),#429,.T.);
#10505=ADVANCED_FACE('',(#940),#430,.T.);
#10506=ADVANCED_FACE('',(#941),#431,.T.);
#10507=ADVANCED_FACE('',(#942),#432,.T.);
#10508=ADVANCED_FACE('',(#943),#433,.T.);
#10509=ADVANCED_FACE('',(#944),#434,.T.);
#10510=ADVANCED_FACE('',(#945,#21,#22,#23,#24,#25),#435,.T.);
#10511=ADVANCED_FACE('',(#946),#436,.T.);
#10512=ADVANCED_FACE('',(#947),#437,.T.);
#10513=ADVANCED_FACE('',(#948),#438,.T.);
#10514=ADVANCED_FACE('',(#949),#439,.T.);
#10515=ADVANCED_FACE('',(#950),#440,.T.);
#10516=ADVANCED_FACE('',(#951),#441,.T.);
#10517=ADVANCED_FACE('',(#952),#442,.T.);
#10518=ADVANCED_FACE('',(#953),#443,.T.);
#10519=ADVANCED_FACE('',(#954),#444,.T.);
#10520=ADVANCED_FACE('',(#955),#445,.T.);
#10521=ADVANCED_FACE('',(#956),#446,.T.);
#10522=ADVANCED_FACE('',(#957),#447,.T.);
#10523=ADVANCED_FACE('',(#958),#448,.T.);
#10524=ADVANCED_FACE('',(#959,#26,#27,#28),#449,.T.);
#10525=ADVANCED_FACE('',(#960),#450,.T.);
#10526=ADVANCED_FACE('',(#961),#451,.T.);
#10527=ADVANCED_FACE('',(#962),#452,.T.);
#10528=ADVANCED_FACE('',(#963),#453,.T.);
#10529=ADVANCED_FACE('',(#964),#454,.T.);
#10530=ADVANCED_FACE('',(#965),#455,.T.);
#10531=ADVANCED_FACE('',(#966),#456,.T.);
#10532=ADVANCED_FACE('',(#967),#457,.T.);
#10533=ADVANCED_FACE('',(#968),#458,.F.);
#10534=ADVANCED_FACE('',(#969),#459,.F.);
#10535=ADVANCED_FACE('',(#970),#460,.F.);
#10536=ADVANCED_FACE('',(#971),#461,.F.);
#10537=ADVANCED_FACE('',(#972),#462,.F.);
#10538=ADVANCED_FACE('',(#973),#463,.F.);
#10539=ADVANCED_FACE('',(#974),#464,.F.);
#10540=ADVANCED_FACE('',(#975),#465,.F.);
#10541=ADVANCED_FACE('',(#976),#466,.F.);
#10542=ADVANCED_FACE('',(#977),#467,.F.);
#10543=ADVANCED_FACE('',(#978),#468,.F.);
#10544=ADVANCED_FACE('',(#979),#469,.F.);
#10545=ADVANCED_FACE('',(#980),#470,.F.);
#10546=ADVANCED_FACE('',(#981),#471,.F.);
#10547=ADVANCED_FACE('',(#982),#472,.F.);
#10548=ADVANCED_FACE('',(#983),#473,.F.);
#10549=ADVANCED_FACE('',(#984),#474,.F.);
#10550=ADVANCED_FACE('',(#985),#475,.F.);
#10551=ADVANCED_FACE('',(#986),#476,.F.);
#10552=ADVANCED_FACE('',(#987),#477,.F.);
#10553=ADVANCED_FACE('',(#988),#478,.F.);
#10554=ADVANCED_FACE('',(#989,#29,#30,#31),#479,.F.);
#10555=ADVANCED_FACE('',(#990),#480,.F.);
#10556=ADVANCED_FACE('',(#991),#481,.F.);
#10557=ADVANCED_FACE('',(#992),#482,.F.);
#10558=ADVANCED_FACE('',(#993),#483,.F.);
#10559=ADVANCED_FACE('',(#994),#484,.F.);
#10560=ADVANCED_FACE('',(#995),#485,.F.);
#10561=ADVANCED_FACE('',(#996),#486,.F.);
#10562=ADVANCED_FACE('',(#997),#487,.F.);
#10563=ADVANCED_FACE('',(#998),#488,.F.);
#10564=ADVANCED_FACE('',(#999),#489,.F.);
#10565=ADVANCED_FACE('',(#1000),#490,.F.);
#10566=ADVANCED_FACE('',(#1001),#491,.F.);
#10567=ADVANCED_FACE('',(#1002),#492,.F.);
#10568=ADVANCED_FACE('',(#1003),#493,.F.);
#10569=ADVANCED_FACE('',(#1004),#494,.F.);
#10570=ADVANCED_FACE('',(#1005),#495,.F.);
#10571=ADVANCED_FACE('',(#1006),#496,.F.);
#10572=ADVANCED_FACE('',(#1007),#497,.F.);
#10573=ADVANCED_FACE('',(#1008),#498,.F.);
#10574=ADVANCED_FACE('',(#1009),#499,.F.);
#10575=ADVANCED_FACE('',(#1010),#500,.F.);
#10576=ADVANCED_FACE('',(#1011),#501,.F.);
#10577=ADVANCED_FACE('',(#1012),#502,.F.);
#10578=ADVANCED_FACE('',(#1013),#503,.F.);
#10579=ADVANCED_FACE('',(#1014),#504,.F.);
#10580=ADVANCED_FACE('',(#1015),#505,.F.);
#10581=ADVANCED_FACE('',(#1016),#506,.F.);
#10582=ADVANCED_FACE('',(#1017),#507,.F.);
#10583=ADVANCED_FACE('',(#1018),#508,.F.);
#10584=ADVANCED_FACE('',(#1019),#509,.F.);
#10585=ADVANCED_FACE('',(#1020),#510,.F.);
#10586=ADVANCED_FACE('',(#1021),#511,.F.);
#10587=ADVANCED_FACE('',(#1022),#512,.F.);
#10588=ADVANCED_FACE('',(#1023),#513,.F.);
#10589=ADVANCED_FACE('',(#1024),#514,.F.);
#10590=ADVANCED_FACE('',(#1025),#515,.F.);
#10591=ADVANCED_FACE('',(#1026),#516,.F.);
#10592=ADVANCED_FACE('',(#1027),#517,.F.);
#10593=ADVANCED_FACE('',(#1028),#518,.F.);
#10594=ADVANCED_FACE('',(#1029),#519,.F.);
#10595=ADVANCED_FACE('',(#1030),#520,.F.);
#10596=ADVANCED_FACE('',(#1031),#521,.F.);
#10597=ADVANCED_FACE('',(#1032),#522,.F.);
#10598=ADVANCED_FACE('',(#1033),#523,.F.);
#10599=ADVANCED_FACE('',(#1034),#524,.F.);
#10600=ADVANCED_FACE('',(#1035),#525,.F.);
#10601=ADVANCED_FACE('',(#1036),#526,.F.);
#10602=ADVANCED_FACE('',(#1037,#32,#33,#34,#35,#36),#527,.F.);
#10603=ADVANCED_FACE('',(#1038),#528,.F.);
#10604=ADVANCED_FACE('',(#1039),#529,.F.);
#10605=ADVANCED_FACE('',(#1040),#530,.F.);
#10606=ADVANCED_FACE('',(#1041),#531,.F.);
#10607=ADVANCED_FACE('',(#1042),#532,.F.);
#10608=ADVANCED_FACE('',(#1043),#533,.F.);
#10609=ADVANCED_FACE('',(#1044),#534,.F.);
#10610=ADVANCED_FACE('',(#1045),#535,.F.);
#10611=ADVANCED_FACE('',(#1046),#536,.T.);
#10612=ADVANCED_FACE('',(#1047,#37),#537,.T.);
#10613=ADVANCED_FACE('',(#1048),#538,.T.);
#10614=ADVANCED_FACE('',(#1049),#539,.F.);
#10615=ADVANCED_FACE('',(#1050),#540,.F.);
#10616=ADVANCED_FACE('',(#1051,#38),#541,.T.);
#10617=ADVANCED_FACE('',(#1052),#542,.F.);
#10618=ADVANCED_FACE('',(#1053),#10109,.F.);
#10619=ADVANCED_FACE('',(#1054,#39),#543,.T.);
#10620=ADVANCED_FACE('',(#1055,#40,#41),#544,.F.);
#10621=CLOSED_SHELL('',(#10110,#10111,#10112,#10113,#10114,#10115,#10116,
#10117,#10118,#10119,#10120,#10121,#10122,#10123,#10124,#10125,#10126,#10127,
#10128,#10129,#10130,#10131,#10132,#10133,#10134,#10135,#10136,#10137,#10138,
#10139,#10140,#10141,#10142,#10143,#10144,#10145,#10146,#10147,#10148,#10149,
#10150,#10151,#10152,#10153,#10154,#10155,#10156,#10157,#10158,#10159,#10160,
#10161,#10162,#10163,#10164,#10165,#10166,#10167,#10168,#10169,#10170,#10171,
#10172,#10173,#10174,#10175,#10176,#10177,#10178,#10179,#10180,#10181,#10182,
#10183,#10184,#10185,#10186,#10187,#10188,#10189,#10190,#10191,#10192,#10193,
#10194,#10195,#10196,#10197,#10198,#10199,#10200,#10201,#10202,#10203,#10204,
#10205,#10206,#10207,#10208,#10209,#10210,#10211,#10212,#10213,#10214,#10215,
#10216,#10217,#10218,#10219,#10220,#10221,#10222,#10223,#10224,#10225,#10226,
#10227,#10228,#10229,#10230,#10231,#10232,#10233,#10234,#10235,#10236,#10237,
#10238,#10239,#10240,#10241,#10242,#10243,#10244,#10245,#10246,#10247,#10248,
#10249,#10250,#10251,#10252,#10253,#10254,#10255,#10256,#10257,#10258,#10259,
#10260,#10261,#10262,#10263,#10264,#10265,#10266,#10267,#10268,#10269,#10270,
#10271,#10272,#10273,#10274,#10275,#10276,#10277,#10278,#10279,#10280,#10281,
#10282,#10283,#10284,#10285,#10286,#10287,#10288,#10289,#10290,#10291,#10292,
#10293,#10294,#10295,#10296,#10297,#10298,#10299,#10300,#10301,#10302,#10303,
#10304,#10305,#10306,#10307,#10308,#10309,#10310,#10311,#10312,#10313,#10314,
#10315,#10316,#10317,#10318,#10319,#10320,#10321,#10322,#10323,#10324,#10325,
#10326,#10327,#10328,#10329,#10330,#10331,#10332,#10333,#10334,#10335,#10336,
#10337,#10338,#10339,#10340,#10341,#10342,#10343,#10344,#10345,#10346,#10347,
#10348,#10349,#10350,#10351,#10352,#10353,#10354,#10355,#10356,#10357,#10358,
#10359,#10360,#10361,#10362,#10363,#10364,#10365,#10366,#10367,#10368,#10369,
#10370,#10371,#10372,#10373,#10374,#10375,#10376,#10377,#10378,#10379,#10380,
#10381,#10382,#10383,#10384,#10385,#10386,#10387,#10388,#10389,#10390,#10391,
#10392,#10393,#10394,#10395,#10396,#10397,#10398,#10399,#10400,#10401,#10402,
#10403,#10404,#10405,#10406,#10407,#10408,#10409,#10410,#10411,#10412,#10413,
#10414,#10415,#10416,#10417,#10418,#10419,#10420,#10421,#10422,#10423,#10424,
#10425,#10426,#10427,#10428,#10429,#10430,#10431,#10432,#10433,#10434,#10435,
#10436,#10437,#10438,#10439,#10440,#10441,#10442,#10443,#10444,#10445,#10446,
#10447,#10448,#10449,#10450,#10451,#10452,#10453,#10454,#10455,#10456,#10457,
#10458,#10459,#10460,#10461,#10462,#10463,#10464,#10465,#10466,#10467,#10468,
#10469,#10470,#10471,#10472,#10473,#10474,#10475,#10476,#10477,#10478,#10479,
#10480,#10481,#10482,#10483,#10484,#10485,#10486,#10487,#10488,#10489,#10490,
#10491,#10492,#10493,#10494,#10495,#10496,#10497,#10498,#10499,#10500,#10501,
#10502,#10503,#10504,#10505,#10506,#10507,#10508,#10509,#10510,#10511,#10512,
#10513,#10514,#10515,#10516,#10517,#10518,#10519,#10520,#10521,#10522,#10523,
#10524,#10525,#10526,#10527,#10528,#10529,#10530,#10531,#10532,#10533,#10534,
#10535,#10536,#10537,#10538,#10539,#10540,#10541,#10542,#10543,#10544,#10545,
#10546,#10547,#10548,#10549,#10550,#10551,#10552,#10553,#10554,#10555,#10556,
#10557,#10558,#10559,#10560,#10561,#10562,#10563,#10564,#10565,#10566,#10567,
#10568,#10569,#10570,#10571,#10572,#10573,#10574,#10575,#10576,#10577,#10578,
#10579,#10580,#10581,#10582,#10583,#10584,#10585,#10586,#10587,#10588,#10589,
#10590,#10591,#10592,#10593,#10594,#10595,#10596,#10597,#10598,#10599,#10600,
#10601,#10602,#10603,#10604,#10605,#10606,#10607,#10608,#10609,#10610,#10611,
#10612,#10613,#10614,#10615,#10616,#10617,#10618,#10619,#10620));
#10622=DERIVED_UNIT_ELEMENT(#10624,1.);
#10623=DERIVED_UNIT_ELEMENT(#16764,-3.);
#10624=(
MASS_UNIT()
NAMED_UNIT(*)
SI_UNIT(.KILO.,.GRAM.)
);
#10625=DERIVED_UNIT((#10622,#10623));
#10626=MEASURE_REPRESENTATION_ITEM('density measure',
POSITIVE_RATIO_MEASURE(7850.),#10625);
#10627=PROPERTY_DEFINITION_REPRESENTATION(#10632,#10629);
#10628=PROPERTY_DEFINITION_REPRESENTATION(#10633,#10630);
#10629=REPRESENTATION('material name',(#10631),#16761);
#10630=REPRESENTATION('density',(#10626),#16761);
#10631=DESCRIPTIVE_REPRESENTATION_ITEM('\X2\94A2\X0\','\X2\94A2\X0\');
#10632=PROPERTY_DEFINITION('material property','material name',#16771);
#10633=PROPERTY_DEFINITION('material property','density of part',#16771);
#10634=AXIS2_PLACEMENT_3D('',#13737,#11176,#11177);
#10635=AXIS2_PLACEMENT_3D('',#13738,#11178,#11179);
#10636=AXIS2_PLACEMENT_3D('',#13740,#11180,#11181);
#10637=AXIS2_PLACEMENT_3D('',#13743,#11183,#11184);
#10638=AXIS2_PLACEMENT_3D('',#13744,#11185,#11186);
#10639=AXIS2_PLACEMENT_3D('',#13745,#11187,#11188);
#10640=AXIS2_PLACEMENT_3D('',#13747,#11189,#11190);
#10641=AXIS2_PLACEMENT_3D('',#13750,#11192,#11193);
#10642=AXIS2_PLACEMENT_3D('',#13751,#11194,#11195);
#10643=AXIS2_PLACEMENT_3D('',#13752,#11196,#11197);
#10644=AXIS2_PLACEMENT_3D('',#13754,#11198,#11199);
#10645=AXIS2_PLACEMENT_3D('',#13757,#11201,#11202);
#10646=AXIS2_PLACEMENT_3D('',#13758,#11203,#11204);
#10647=AXIS2_PLACEMENT_3D('',#13759,#11205,#11206);
#10648=AXIS2_PLACEMENT_3D('',#13761,#11207,#11208);
#10649=AXIS2_PLACEMENT_3D('',#13764,#11210,#11211);
#10650=AXIS2_PLACEMENT_3D('',#13765,#11212,#11213);
#10651=AXIS2_PLACEMENT_3D('',#13770,#11215,#11216);
#10652=AXIS2_PLACEMENT_3D('',#13773,#11218,#11219);
#10653=AXIS2_PLACEMENT_3D('',#13774,#11220,#11221);
#10654=AXIS2_PLACEMENT_3D('',#13983,#11326,#11327);
#10655=AXIS2_PLACEMENT_3D('',#14192,#11432,#11433);
#10656=AXIS2_PLACEMENT_3D('',#14401,#11538,#11539);
#10657=AXIS2_PLACEMENT_3D('',#14411,#11544,#11545);
#10658=AXIS2_PLACEMENT_3D('',#14415,#11547,#11548);
#10659=AXIS2_PLACEMENT_3D('',#14419,#11550,#11551);
#10660=AXIS2_PLACEMENT_3D('',#14422,#11553,#11554);
#10661=AXIS2_PLACEMENT_3D('',#14424,#11556,#11557);
#10662=AXIS2_PLACEMENT_3D('',#14433,#11562,#11563);
#10663=AXIS2_PLACEMENT_3D('',#14439,#11567,#11568);
#10664=AXIS2_PLACEMENT_3D('',#14445,#11572,#11573);
#10665=AXIS2_PLACEMENT_3D('',#14451,#11577,#11578);
#10666=AXIS2_PLACEMENT_3D('',#14457,#11582,#11583);
#10667=AXIS2_PLACEMENT_3D('',#14463,#11587,#11588);
#10668=AXIS2_PLACEMENT_3D('',#14469,#11592,#11593);
#10669=AXIS2_PLACEMENT_3D('',#14475,#11597,#11598);
#10670=AXIS2_PLACEMENT_3D('',#14481,#11602,#11603);
#10671=AXIS2_PLACEMENT_3D('',#14487,#11607,#11608);
#10672=AXIS2_PLACEMENT_3D('',#14493,#11612,#11613);
#10673=AXIS2_PLACEMENT_3D('',#14499,#11617,#11618);
#10674=AXIS2_PLACEMENT_3D('',#14508,#11623,#11624);
#10675=AXIS2_PLACEMENT_3D('',#14514,#11628,#11629);
#10676=AXIS2_PLACEMENT_3D('',#14520,#11633,#11634);
#10677=AXIS2_PLACEMENT_3D('',#14526,#11638,#11639);
#10678=AXIS2_PLACEMENT_3D('',#14532,#11643,#11644);
#10679=AXIS2_PLACEMENT_3D('',#14538,#11648,#11649);
#10680=AXIS2_PLACEMENT_3D('',#14544,#11653,#11654);
#10681=AXIS2_PLACEMENT_3D('',#14550,#11658,#11659);
#10682=AXIS2_PLACEMENT_3D('',#14556,#11663,#11664);
#10683=AXIS2_PLACEMENT_3D('',#14562,#11668,#11669);
#10684=AXIS2_PLACEMENT_3D('',#14568,#11673,#11674);
#10685=AXIS2_PLACEMENT_3D('',#14574,#11678,#11679);
#10686=AXIS2_PLACEMENT_3D('',#14578,#11682,#11683);
#10687=AXIS2_PLACEMENT_3D('',#14582,#11686,#11687);
#10688=AXIS2_PLACEMENT_3D('',#14588,#11691,#11692);
#10689=AXIS2_PLACEMENT_3D('',#14592,#11694,#11695);
#10690=AXIS2_PLACEMENT_3D('',#14594,#11697,#11698);
#10691=AXIS2_PLACEMENT_3D('',#14598,#11701,#11702);
#10692=AXIS2_PLACEMENT_3D('',#14600,#11703,#11704);
#10693=AXIS2_PLACEMENT_3D('',#14602,#11706,#11707);
#10694=AXIS2_PLACEMENT_3D('',#14608,#11711,#11712);
#10695=AXIS2_PLACEMENT_3D('',#14612,#11715,#11716);
#10696=AXIS2_PLACEMENT_3D('',#14616,#11719,#11720);
#10697=AXIS2_PLACEMENT_3D('',#14620,#11723,#11724);
#10698=AXIS2_PLACEMENT_3D('',#14624,#11727,#11728);
#10699=AXIS2_PLACEMENT_3D('',#14628,#11731,#11732);
#10700=AXIS2_PLACEMENT_3D('',#14632,#11735,#11736);
#10701=AXIS2_PLACEMENT_3D('',#14636,#11739,#11740);
#10702=AXIS2_PLACEMENT_3D('',#14640,#11743,#11744);
#10703=AXIS2_PLACEMENT_3D('',#14644,#11747,#11748);
#10704=AXIS2_PLACEMENT_3D('',#14648,#11751,#11752);
#10705=AXIS2_PLACEMENT_3D('',#14652,#11755,#11756);
#10706=AXIS2_PLACEMENT_3D('',#14656,#11759,#11760);
#10707=AXIS2_PLACEMENT_3D('',#14660,#11763,#11764);
#10708=AXIS2_PLACEMENT_3D('',#14664,#11767,#11768);
#10709=AXIS2_PLACEMENT_3D('',#14668,#11771,#11772);
#10710=AXIS2_PLACEMENT_3D('',#14672,#11775,#11776);
#10711=AXIS2_PLACEMENT_3D('',#14676,#11779,#11780);
#10712=AXIS2_PLACEMENT_3D('',#14680,#11783,#11784);
#10713=AXIS2_PLACEMENT_3D('',#14684,#11787,#11788);
#10714=AXIS2_PLACEMENT_3D('',#14688,#11791,#11792);
#10715=AXIS2_PLACEMENT_3D('',#14692,#11795,#11796);
#10716=AXIS2_PLACEMENT_3D('',#14696,#11799,#11800);
#10717=AXIS2_PLACEMENT_3D('',#14700,#11803,#11804);
#10718=AXIS2_PLACEMENT_3D('',#14704,#11807,#11808);
#10719=AXIS2_PLACEMENT_3D('',#14708,#11811,#11812);
#10720=AXIS2_PLACEMENT_3D('',#14712,#11815,#11816);
#10721=AXIS2_PLACEMENT_3D('',#14716,#11819,#11820);
#10722=AXIS2_PLACEMENT_3D('',#14720,#11823,#11824);
#10723=AXIS2_PLACEMENT_3D('',#14724,#11827,#11828);
#10724=AXIS2_PLACEMENT_3D('',#14728,#11831,#11832);
#10725=AXIS2_PLACEMENT_3D('',#14732,#11835,#11836);
#10726=AXIS2_PLACEMENT_3D('',#14736,#11839,#11840);
#10727=AXIS2_PLACEMENT_3D('',#14740,#11843,#11844);
#10728=AXIS2_PLACEMENT_3D('',#14744,#11847,#11848);
#10729=AXIS2_PLACEMENT_3D('',#14748,#11851,#11852);
#10730=AXIS2_PLACEMENT_3D('',#14752,#11855,#11856);
#10731=AXIS2_PLACEMENT_3D('',#14756,#11859,#11860);
#10732=AXIS2_PLACEMENT_3D('',#14760,#11863,#11864);
#10733=AXIS2_PLACEMENT_3D('',#14764,#11867,#11868);
#10734=AXIS2_PLACEMENT_3D('',#14768,#11871,#11872);
#10735=AXIS2_PLACEMENT_3D('',#14772,#11875,#11876);
#10736=AXIS2_PLACEMENT_3D('',#14776,#11879,#11880);
#10737=AXIS2_PLACEMENT_3D('',#14778,#11882,#11883);
#10738=AXIS2_PLACEMENT_3D('',#14784,#11887,#11888);
#10739=AXIS2_PLACEMENT_3D('',#14788,#11891,#11892);
#10740=AXIS2_PLACEMENT_3D('',#14792,#11895,#11896);
#10741=AXIS2_PLACEMENT_3D('',#14796,#11899,#11900);
#10742=AXIS2_PLACEMENT_3D('',#14800,#11903,#11904);
#10743=AXIS2_PLACEMENT_3D('',#14804,#11907,#11908);
#10744=AXIS2_PLACEMENT_3D('',#14808,#11911,#11912);
#10745=AXIS2_PLACEMENT_3D('',#14812,#11915,#11916);
#10746=AXIS2_PLACEMENT_3D('',#14816,#11919,#11920);
#10747=AXIS2_PLACEMENT_3D('',#14820,#11923,#11924);
#10748=AXIS2_PLACEMENT_3D('',#14824,#11927,#11928);
#10749=AXIS2_PLACEMENT_3D('',#14828,#11931,#11932);
#10750=AXIS2_PLACEMENT_3D('',#14832,#11935,#11936);
#10751=AXIS2_PLACEMENT_3D('',#14836,#11939,#11940);
#10752=AXIS2_PLACEMENT_3D('',#14840,#11943,#11944);
#10753=AXIS2_PLACEMENT_3D('',#14844,#11947,#11948);
#10754=AXIS2_PLACEMENT_3D('',#14848,#11951,#11952);
#10755=AXIS2_PLACEMENT_3D('',#14852,#11955,#11956);
#10756=AXIS2_PLACEMENT_3D('',#14856,#11959,#11960);
#10757=AXIS2_PLACEMENT_3D('',#14860,#11963,#11964);
#10758=AXIS2_PLACEMENT_3D('',#14864,#11967,#11968);
#10759=AXIS2_PLACEMENT_3D('',#14868,#11971,#11972);
#10760=AXIS2_PLACEMENT_3D('',#14872,#11975,#11976);
#10761=AXIS2_PLACEMENT_3D('',#14876,#11979,#11980);
#10762=AXIS2_PLACEMENT_3D('',#14880,#11983,#11984);
#10763=AXIS2_PLACEMENT_3D('',#14884,#11987,#11988);
#10764=AXIS2_PLACEMENT_3D('',#14888,#11991,#11992);
#10765=AXIS2_PLACEMENT_3D('',#14892,#11995,#11996);
#10766=AXIS2_PLACEMENT_3D('',#14896,#11999,#12000);
#10767=AXIS2_PLACEMENT_3D('',#14900,#12003,#12004);
#10768=AXIS2_PLACEMENT_3D('',#14904,#12007,#12008);
#10769=AXIS2_PLACEMENT_3D('',#14908,#12011,#12012);
#10770=AXIS2_PLACEMENT_3D('',#14912,#12015,#12016);
#10771=AXIS2_PLACEMENT_3D('',#14916,#12019,#12020);
#10772=AXIS2_PLACEMENT_3D('',#14920,#12023,#12024);
#10773=AXIS2_PLACEMENT_3D('',#14924,#12027,#12028);
#10774=AXIS2_PLACEMENT_3D('',#14928,#12031,#12032);
#10775=AXIS2_PLACEMENT_3D('',#14932,#12035,#12036);
#10776=AXIS2_PLACEMENT_3D('',#14936,#12039,#12040);
#10777=AXIS2_PLACEMENT_3D('',#14940,#12043,#12044);
#10778=AXIS2_PLACEMENT_3D('',#14944,#12047,#12048);
#10779=AXIS2_PLACEMENT_3D('',#14948,#12051,#12052);
#10780=AXIS2_PLACEMENT_3D('',#14952,#12055,#12056);
#10781=AXIS2_PLACEMENT_3D('',#14954,#12058,#12059);
#10782=AXIS2_PLACEMENT_3D('',#14960,#12063,#12064);
#10783=AXIS2_PLACEMENT_3D('',#14964,#12067,#12068);
#10784=AXIS2_PLACEMENT_3D('',#14968,#12071,#12072);
#10785=AXIS2_PLACEMENT_3D('',#14972,#12075,#12076);
#10786=AXIS2_PLACEMENT_3D('',#14976,#12079,#12080);
#10787=AXIS2_PLACEMENT_3D('',#14980,#12083,#12084);
#10788=AXIS2_PLACEMENT_3D('',#14984,#12087,#12088);
#10789=AXIS2_PLACEMENT_3D('',#14988,#12091,#12092);
#10790=AXIS2_PLACEMENT_3D('',#14992,#12095,#12096);
#10791=AXIS2_PLACEMENT_3D('',#14996,#12099,#12100);
#10792=AXIS2_PLACEMENT_3D('',#15000,#12103,#12104);
#10793=AXIS2_PLACEMENT_3D('',#15004,#12107,#12108);
#10794=AXIS2_PLACEMENT_3D('',#15008,#12111,#12112);
#10795=AXIS2_PLACEMENT_3D('',#15012,#12115,#12116);
#10796=AXIS2_PLACEMENT_3D('',#15016,#12119,#12120);
#10797=AXIS2_PLACEMENT_3D('',#15020,#12123,#12124);
#10798=AXIS2_PLACEMENT_3D('',#15024,#12127,#12128);
#10799=AXIS2_PLACEMENT_3D('',#15028,#12131,#12132);
#10800=AXIS2_PLACEMENT_3D('',#15032,#12135,#12136);
#10801=AXIS2_PLACEMENT_3D('',#15036,#12139,#12140);
#10802=AXIS2_PLACEMENT_3D('',#15040,#12143,#12144);
#10803=AXIS2_PLACEMENT_3D('',#15044,#12147,#12148);
#10804=AXIS2_PLACEMENT_3D('',#15048,#12151,#12152);
#10805=AXIS2_PLACEMENT_3D('',#15052,#12155,#12156);
#10806=AXIS2_PLACEMENT_3D('',#15056,#12159,#12160);
#10807=AXIS2_PLACEMENT_3D('',#15060,#12163,#12164);
#10808=AXIS2_PLACEMENT_3D('',#15064,#12167,#12168);
#10809=AXIS2_PLACEMENT_3D('',#15068,#12171,#12172);
#10810=AXIS2_PLACEMENT_3D('',#15072,#12175,#12176);
#10811=AXIS2_PLACEMENT_3D('',#15076,#12179,#12180);
#10812=AXIS2_PLACEMENT_3D('',#15080,#12183,#12184);
#10813=AXIS2_PLACEMENT_3D('',#15084,#12187,#12188);
#10814=AXIS2_PLACEMENT_3D('',#15088,#12191,#12192);
#10815=AXIS2_PLACEMENT_3D('',#15092,#12195,#12196);
#10816=AXIS2_PLACEMENT_3D('',#15096,#12199,#12200);
#10817=AXIS2_PLACEMENT_3D('',#15100,#12203,#12204);
#10818=AXIS2_PLACEMENT_3D('',#15104,#12207,#12208);
#10819=AXIS2_PLACEMENT_3D('',#15108,#12211,#12212);
#10820=AXIS2_PLACEMENT_3D('',#15112,#12215,#12216);
#10821=AXIS2_PLACEMENT_3D('',#15116,#12219,#12220);
#10822=AXIS2_PLACEMENT_3D('',#15120,#12223,#12224);
#10823=AXIS2_PLACEMENT_3D('',#15124,#12227,#12228);
#10824=AXIS2_PLACEMENT_3D('',#15128,#12231,#12232);
#10825=AXIS2_PLACEMENT_3D('',#15130,#12234,#12235);
#10826=AXIS2_PLACEMENT_3D('',#15136,#12239,#12240);
#10827=AXIS2_PLACEMENT_3D('',#15138,#12241,#12242);
#10828=AXIS2_PLACEMENT_3D('',#15140,#12244,#12245);
#10829=AXIS2_PLACEMENT_3D('',#15144,#12248,#12249);
#10830=AXIS2_PLACEMENT_3D('',#15146,#12250,#12251);
#10831=AXIS2_PLACEMENT_3D('',#15148,#12253,#12254);
#10832=AXIS2_PLACEMENT_3D('',#15152,#12257,#12258);
#10833=AXIS2_PLACEMENT_3D('',#15158,#12262,#12263);
#10834=AXIS2_PLACEMENT_3D('',#15166,#12268,#12269);
#10835=AXIS2_PLACEMENT_3D('',#15172,#12273,#12274);
#10836=AXIS2_PLACEMENT_3D('',#15176,#12277,#12278);
#10837=AXIS2_PLACEMENT_3D('',#15180,#12281,#12282);
#10838=AXIS2_PLACEMENT_3D('',#15184,#12285,#12286);
#10839=AXIS2_PLACEMENT_3D('',#15188,#12289,#12290);
#10840=AXIS2_PLACEMENT_3D('',#15192,#12293,#12294);
#10841=AXIS2_PLACEMENT_3D('',#15196,#12297,#12298);
#10842=AXIS2_PLACEMENT_3D('',#15200,#12301,#12302);
#10843=AXIS2_PLACEMENT_3D('',#15204,#12305,#12306);
#10844=AXIS2_PLACEMENT_3D('',#15208,#12309,#12310);
#10845=AXIS2_PLACEMENT_3D('',#15212,#12313,#12314);
#10846=AXIS2_PLACEMENT_3D('',#15216,#12317,#12318);
#10847=AXIS2_PLACEMENT_3D('',#15220,#12321,#12322);
#10848=AXIS2_PLACEMENT_3D('',#15224,#12325,#12326);
#10849=AXIS2_PLACEMENT_3D('',#15228,#12329,#12330);
#10850=AXIS2_PLACEMENT_3D('',#15232,#12333,#12334);
#10851=AXIS2_PLACEMENT_3D('',#15236,#12337,#12338);
#10852=AXIS2_PLACEMENT_3D('',#15240,#12341,#12342);
#10853=AXIS2_PLACEMENT_3D('',#15244,#12345,#12346);
#10854=AXIS2_PLACEMENT_3D('',#15248,#12349,#12350);
#10855=AXIS2_PLACEMENT_3D('',#15252,#12353,#12354);
#10856=AXIS2_PLACEMENT_3D('',#15256,#12357,#12358);
#10857=AXIS2_PLACEMENT_3D('',#15260,#12361,#12362);
#10858=AXIS2_PLACEMENT_3D('',#15264,#12365,#12366);
#10859=AXIS2_PLACEMENT_3D('',#15268,#12369,#12370);
#10860=AXIS2_PLACEMENT_3D('',#15272,#12373,#12374);
#10861=AXIS2_PLACEMENT_3D('',#15276,#12377,#12378);
#10862=AXIS2_PLACEMENT_3D('',#15280,#12381,#12382);
#10863=AXIS2_PLACEMENT_3D('',#15284,#12385,#12386);
#10864=AXIS2_PLACEMENT_3D('',#15288,#12389,#12390);
#10865=AXIS2_PLACEMENT_3D('',#15292,#12393,#12394);
#10866=AXIS2_PLACEMENT_3D('',#15296,#12397,#12398);
#10867=AXIS2_PLACEMENT_3D('',#15300,#12401,#12402);
#10868=AXIS2_PLACEMENT_3D('',#15304,#12405,#12406);
#10869=AXIS2_PLACEMENT_3D('',#15308,#12409,#12410);
#10870=AXIS2_PLACEMENT_3D('',#15312,#12413,#12414);
#10871=AXIS2_PLACEMENT_3D('',#15316,#12417,#12418);
#10872=AXIS2_PLACEMENT_3D('',#15320,#12421,#12422);
#10873=AXIS2_PLACEMENT_3D('',#15324,#12425,#12426);
#10874=AXIS2_PLACEMENT_3D('',#15328,#12429,#12430);
#10875=AXIS2_PLACEMENT_3D('',#15332,#12433,#12434);
#10876=AXIS2_PLACEMENT_3D('',#15336,#12437,#12438);
#10877=AXIS2_PLACEMENT_3D('',#15340,#12441,#12442);
#10878=AXIS2_PLACEMENT_3D('',#15344,#12445,#12446);
#10879=AXIS2_PLACEMENT_3D('',#15348,#12449,#12450);
#10880=AXIS2_PLACEMENT_3D('',#15352,#12453,#12454);
#10881=AXIS2_PLACEMENT_3D('',#15356,#12457,#12458);
#10882=AXIS2_PLACEMENT_3D('',#15360,#12461,#12462);
#10883=AXIS2_PLACEMENT_3D('',#15364,#12465,#12466);
#10884=AXIS2_PLACEMENT_3D('',#15368,#12469,#12470);
#10885=AXIS2_PLACEMENT_3D('',#15372,#12473,#12474);
#10886=AXIS2_PLACEMENT_3D('',#15376,#12477,#12478);
#10887=AXIS2_PLACEMENT_3D('',#15380,#12481,#12482);
#10888=AXIS2_PLACEMENT_3D('',#15384,#12485,#12486);
#10889=AXIS2_PLACEMENT_3D('',#15388,#12489,#12490);
#10890=AXIS2_PLACEMENT_3D('',#15392,#12493,#12494);
#10891=AXIS2_PLACEMENT_3D('',#15396,#12497,#12498);
#10892=AXIS2_PLACEMENT_3D('',#15400,#12501,#12502);
#10893=AXIS2_PLACEMENT_3D('',#15404,#12505,#12506);
#10894=AXIS2_PLACEMENT_3D('',#15406,#12508,#12509);
#10895=AXIS2_PLACEMENT_3D('',#15412,#12513,#12514);
#10896=AXIS2_PLACEMENT_3D('',#15416,#12517,#12518);
#10897=AXIS2_PLACEMENT_3D('',#15420,#12521,#12522);
#10898=AXIS2_PLACEMENT_3D('',#15424,#12525,#12526);
#10899=AXIS2_PLACEMENT_3D('',#15428,#12529,#12530);
#10900=AXIS2_PLACEMENT_3D('',#15432,#12533,#12534);
#10901=AXIS2_PLACEMENT_3D('',#15436,#12537,#12538);
#10902=AXIS2_PLACEMENT_3D('',#15440,#12541,#12542);
#10903=AXIS2_PLACEMENT_3D('',#15444,#12545,#12546);
#10904=AXIS2_PLACEMENT_3D('',#15448,#12549,#12550);
#10905=AXIS2_PLACEMENT_3D('',#15452,#12553,#12554);
#10906=AXIS2_PLACEMENT_3D('',#15456,#12557,#12558);
#10907=AXIS2_PLACEMENT_3D('',#15460,#12561,#12562);
#10908=AXIS2_PLACEMENT_3D('',#15464,#12565,#12566);
#10909=AXIS2_PLACEMENT_3D('',#15468,#12569,#12570);
#10910=AXIS2_PLACEMENT_3D('',#15472,#12573,#12574);
#10911=AXIS2_PLACEMENT_3D('',#15476,#12577,#12578);
#10912=AXIS2_PLACEMENT_3D('',#15480,#12581,#12582);
#10913=AXIS2_PLACEMENT_3D('',#15484,#12585,#12586);
#10914=AXIS2_PLACEMENT_3D('',#15488,#12589,#12590);
#10915=AXIS2_PLACEMENT_3D('',#15492,#12593,#12594);
#10916=AXIS2_PLACEMENT_3D('',#15496,#12597,#12598);
#10917=AXIS2_PLACEMENT_3D('',#15500,#12601,#12602);
#10918=AXIS2_PLACEMENT_3D('',#15504,#12605,#12606);
#10919=AXIS2_PLACEMENT_3D('',#15508,#12609,#12610);
#10920=AXIS2_PLACEMENT_3D('',#15512,#12613,#12614);
#10921=AXIS2_PLACEMENT_3D('',#15516,#12617,#12618);
#10922=AXIS2_PLACEMENT_3D('',#15520,#12621,#12622);
#10923=AXIS2_PLACEMENT_3D('',#15524,#12625,#12626);
#10924=AXIS2_PLACEMENT_3D('',#15528,#12629,#12630);
#10925=AXIS2_PLACEMENT_3D('',#15532,#12633,#12634);
#10926=AXIS2_PLACEMENT_3D('',#15536,#12637,#12638);
#10927=AXIS2_PLACEMENT_3D('',#15540,#12641,#12642);
#10928=AXIS2_PLACEMENT_3D('',#15544,#12645,#12646);
#10929=AXIS2_PLACEMENT_3D('',#15548,#12649,#12650);
#10930=AXIS2_PLACEMENT_3D('',#15552,#12653,#12654);
#10931=AXIS2_PLACEMENT_3D('',#15556,#12657,#12658);
#10932=AXIS2_PLACEMENT_3D('',#15560,#12661,#12662);
#10933=AXIS2_PLACEMENT_3D('',#15564,#12665,#12666);
#10934=AXIS2_PLACEMENT_3D('',#15568,#12669,#12670);
#10935=AXIS2_PLACEMENT_3D('',#15572,#12673,#12674);
#10936=AXIS2_PLACEMENT_3D('',#15576,#12677,#12678);
#10937=AXIS2_PLACEMENT_3D('',#15580,#12681,#12682);
#10938=AXIS2_PLACEMENT_3D('',#15584,#12685,#12686);
#10939=AXIS2_PLACEMENT_3D('',#15588,#12689,#12690);
#10940=AXIS2_PLACEMENT_3D('',#15592,#12693,#12694);
#10941=AXIS2_PLACEMENT_3D('',#15596,#12697,#12698);
#10942=AXIS2_PLACEMENT_3D('',#15600,#12701,#12702);
#10943=AXIS2_PLACEMENT_3D('',#15604,#12705,#12706);
#10944=AXIS2_PLACEMENT_3D('',#15608,#12709,#12710);
#10945=AXIS2_PLACEMENT_3D('',#15612,#12713,#12714);
#10946=AXIS2_PLACEMENT_3D('',#15616,#12717,#12718);
#10947=AXIS2_PLACEMENT_3D('',#15620,#12721,#12722);
#10948=AXIS2_PLACEMENT_3D('',#15624,#12725,#12726);
#10949=AXIS2_PLACEMENT_3D('',#15628,#12729,#12730);
#10950=AXIS2_PLACEMENT_3D('',#15632,#12733,#12734);
#10951=AXIS2_PLACEMENT_3D('',#15636,#12737,#12738);
#10952=AXIS2_PLACEMENT_3D('',#15640,#12741,#12742);
#10953=AXIS2_PLACEMENT_3D('',#15644,#12745,#12746);
#10954=AXIS2_PLACEMENT_3D('',#15646,#12748,#12749);
#10955=AXIS2_PLACEMENT_3D('',#15652,#12753,#12754);
#10956=AXIS2_PLACEMENT_3D('',#15656,#12757,#12758);
#10957=AXIS2_PLACEMENT_3D('',#15660,#12761,#12762);
#10958=AXIS2_PLACEMENT_3D('',#15664,#12765,#12766);
#10959=AXIS2_PLACEMENT_3D('',#15668,#12769,#12770);
#10960=AXIS2_PLACEMENT_3D('',#15672,#12773,#12774);
#10961=AXIS2_PLACEMENT_3D('',#15676,#12777,#12778);
#10962=AXIS2_PLACEMENT_3D('',#15680,#12781,#12782);
#10963=AXIS2_PLACEMENT_3D('',#15684,#12785,#12786);
#10964=AXIS2_PLACEMENT_3D('',#15688,#12789,#12790);
#10965=AXIS2_PLACEMENT_3D('',#15692,#12793,#12794);
#10966=AXIS2_PLACEMENT_3D('',#15696,#12797,#12798);
#10967=AXIS2_PLACEMENT_3D('',#15700,#12801,#12802);
#10968=AXIS2_PLACEMENT_3D('',#15704,#12805,#12806);
#10969=AXIS2_PLACEMENT_3D('',#15708,#12809,#12810);
#10970=AXIS2_PLACEMENT_3D('',#15712,#12813,#12814);
#10971=AXIS2_PLACEMENT_3D('',#15716,#12817,#12818);
#10972=AXIS2_PLACEMENT_3D('',#15720,#12821,#12822);
#10973=AXIS2_PLACEMENT_3D('',#15724,#12825,#12826);
#10974=AXIS2_PLACEMENT_3D('',#15728,#12829,#12830);
#10975=AXIS2_PLACEMENT_3D('',#15732,#12833,#12834);
#10976=AXIS2_PLACEMENT_3D('',#15736,#12837,#12838);
#10977=AXIS2_PLACEMENT_3D('',#15740,#12841,#12842);
#10978=AXIS2_PLACEMENT_3D('',#15744,#12845,#12846);
#10979=AXIS2_PLACEMENT_3D('',#15748,#12849,#12850);
#10980=AXIS2_PLACEMENT_3D('',#15752,#12853,#12854);
#10981=AXIS2_PLACEMENT_3D('',#15756,#12857,#12858);
#10982=AXIS2_PLACEMENT_3D('',#15760,#12861,#12862);
#10983=AXIS2_PLACEMENT_3D('',#15764,#12865,#12866);
#10984=AXIS2_PLACEMENT_3D('',#15768,#12869,#12870);
#10985=AXIS2_PLACEMENT_3D('',#15772,#12873,#12874);
#10986=AXIS2_PLACEMENT_3D('',#15776,#12877,#12878);
#10987=AXIS2_PLACEMENT_3D('',#15780,#12881,#12882);
#10988=AXIS2_PLACEMENT_3D('',#15784,#12885,#12886);
#10989=AXIS2_PLACEMENT_3D('',#15788,#12889,#12890);
#10990=AXIS2_PLACEMENT_3D('',#15792,#12893,#12894);
#10991=AXIS2_PLACEMENT_3D('',#15796,#12897,#12898);
#10992=AXIS2_PLACEMENT_3D('',#15800,#12901,#12902);
#10993=AXIS2_PLACEMENT_3D('',#15804,#12905,#12906);
#10994=AXIS2_PLACEMENT_3D('',#15808,#12909,#12910);
#10995=AXIS2_PLACEMENT_3D('',#15812,#12913,#12914);
#10996=AXIS2_PLACEMENT_3D('',#15816,#12917,#12918);
#10997=AXIS2_PLACEMENT_3D('',#15820,#12921,#12922);
#10998=AXIS2_PLACEMENT_3D('',#15824,#12925,#12926);
#10999=AXIS2_PLACEMENT_3D('',#15828,#12929,#12930);
#11000=AXIS2_PLACEMENT_3D('',#15832,#12933,#12934);
#11001=AXIS2_PLACEMENT_3D('',#15836,#12937,#12938);
#11002=AXIS2_PLACEMENT_3D('',#15840,#12941,#12942);
#11003=AXIS2_PLACEMENT_3D('',#15844,#12945,#12946);
#11004=AXIS2_PLACEMENT_3D('',#15848,#12949,#12950);
#11005=AXIS2_PLACEMENT_3D('',#15852,#12953,#12954);
#11006=AXIS2_PLACEMENT_3D('',#15856,#12957,#12958);
#11007=AXIS2_PLACEMENT_3D('',#15860,#12961,#12962);
#11008=AXIS2_PLACEMENT_3D('',#15864,#12965,#12966);
#11009=AXIS2_PLACEMENT_3D('',#15868,#12969,#12970);
#11010=AXIS2_PLACEMENT_3D('',#15872,#12973,#12974);
#11011=AXIS2_PLACEMENT_3D('',#15876,#12977,#12978);
#11012=AXIS2_PLACEMENT_3D('',#15880,#12981,#12982);
#11013=AXIS2_PLACEMENT_3D('',#15884,#12985,#12986);
#11014=AXIS2_PLACEMENT_3D('',#15886,#12988,#12989);
#11015=AXIS2_PLACEMENT_3D('',#15925,#13009,#13010);
#11016=AXIS2_PLACEMENT_3D('',#15962,#13029,#13030);
#11017=AXIS2_PLACEMENT_3D('',#15964,#13031,#13032);
#11018=AXIS2_PLACEMENT_3D('',#15967,#13034,#13035);
#11019=AXIS2_PLACEMENT_3D('',#15968,#13036,#13037);
#11020=AXIS2_PLACEMENT_3D('',#15970,#13038,#13039);
#11021=AXIS2_PLACEMENT_3D('',#15973,#13041,#13042);
#11022=AXIS2_PLACEMENT_3D('',#15974,#13043,#13044);
#11023=AXIS2_PLACEMENT_3D('',#15976,#13045,#13046);
#11024=AXIS2_PLACEMENT_3D('',#15979,#13048,#13049);
#11025=AXIS2_PLACEMENT_3D('',#15980,#13050,#13051);
#11026=AXIS2_PLACEMENT_3D('',#15982,#13052,#13053);
#11027=AXIS2_PLACEMENT_3D('',#15985,#13055,#13056);
#11028=AXIS2_PLACEMENT_3D('',#15986,#13057,#13058);
#11029=AXIS2_PLACEMENT_3D('',#15988,#13059,#13060);
#11030=AXIS2_PLACEMENT_3D('',#15991,#13062,#13063);
#11031=AXIS2_PLACEMENT_3D('',#15992,#13064,#13065);
#11032=AXIS2_PLACEMENT_3D('',#16006,#13073,#13074);
#11033=AXIS2_PLACEMENT_3D('',#16010,#13077,#13078);
#11034=AXIS2_PLACEMENT_3D('',#16072,#13111,#13112);
#11035=AXIS2_PLACEMENT_3D('',#16078,#13116,#13117);
#11036=AXIS2_PLACEMENT_3D('',#16082,#13120,#13121);
#11037=AXIS2_PLACEMENT_3D('',#16088,#13125,#13126);
#11038=AXIS2_PLACEMENT_3D('',#16092,#13129,#13130);
#11039=AXIS2_PLACEMENT_3D('',#16098,#13134,#13135);
#11040=AXIS2_PLACEMENT_3D('',#16102,#13138,#13139);
#11041=AXIS2_PLACEMENT_3D('',#16108,#13143,#13144);
#11042=AXIS2_PLACEMENT_3D('',#16112,#13147,#13148);
#11043=AXIS2_PLACEMENT_3D('',#16116,#13151,#13152);
#11044=AXIS2_PLACEMENT_3D('',#16120,#13155,#13156);
#11045=AXIS2_PLACEMENT_3D('',#16124,#13159,#13160);
#11046=AXIS2_PLACEMENT_3D('',#16128,#13163,#13164);
#11047=AXIS2_PLACEMENT_3D('',#16132,#13167,#13168);
#11048=AXIS2_PLACEMENT_3D('',#16136,#13171,#13172);
#11049=AXIS2_PLACEMENT_3D('',#16140,#13175,#13176);
#11050=AXIS2_PLACEMENT_3D('',#16144,#13179,#13180);
#11051=AXIS2_PLACEMENT_3D('',#16148,#13183,#13184);
#11052=AXIS2_PLACEMENT_3D('',#16152,#13187,#13188);
#11053=AXIS2_PLACEMENT_3D('',#16156,#13191,#13192);
#11054=AXIS2_PLACEMENT_3D('',#16160,#13195,#13196);
#11055=AXIS2_PLACEMENT_3D('',#16162,#13198,#13199);
#11056=AXIS2_PLACEMENT_3D('',#16172,#13205,#13206);
#11057=AXIS2_PLACEMENT_3D('',#16178,#13210,#13211);
#11058=AXIS2_PLACEMENT_3D('',#16184,#13215,#13216);
#11059=AXIS2_PLACEMENT_3D('',#16190,#13220,#13221);
#11060=AXIS2_PLACEMENT_3D('',#16196,#13225,#13226);
#11061=AXIS2_PLACEMENT_3D('',#16202,#13230,#13231);
#11062=AXIS2_PLACEMENT_3D('',#16208,#13235,#13236);
#11063=AXIS2_PLACEMENT_3D('',#16214,#13240,#13241);
#11064=AXIS2_PLACEMENT_3D('',#16220,#13245,#13246);
#11065=AXIS2_PLACEMENT_3D('',#16226,#13250,#13251);
#11066=AXIS2_PLACEMENT_3D('',#16232,#13255,#13256);
#11067=AXIS2_PLACEMENT_3D('',#16238,#13260,#13261);
#11068=AXIS2_PLACEMENT_3D('',#16244,#13265,#13266);
#11069=AXIS2_PLACEMENT_3D('',#16250,#13270,#13271);
#11070=AXIS2_PLACEMENT_3D('',#16256,#13275,#13276);
#11071=AXIS2_PLACEMENT_3D('',#16265,#13281,#13282);
#11072=AXIS2_PLACEMENT_3D('',#16271,#13286,#13287);
#11073=AXIS2_PLACEMENT_3D('',#16277,#13291,#13292);
#11074=AXIS2_PLACEMENT_3D('',#16283,#13296,#13297);
#11075=AXIS2_PLACEMENT_3D('',#16289,#13301,#13302);
#11076=AXIS2_PLACEMENT_3D('',#16295,#13306,#13307);
#11077=AXIS2_PLACEMENT_3D('',#16301,#13311,#13312);
#11078=AXIS2_PLACEMENT_3D('',#16307,#13316,#13317);
#11079=AXIS2_PLACEMENT_3D('',#16313,#13321,#13322);
#11080=AXIS2_PLACEMENT_3D('',#16319,#13326,#13327);
#11081=AXIS2_PLACEMENT_3D('',#16325,#13331,#13332);
#11082=AXIS2_PLACEMENT_3D('',#16331,#13336,#13337);
#11083=AXIS2_PLACEMENT_3D('',#16337,#13341,#13342);
#11084=AXIS2_PLACEMENT_3D('',#16343,#13346,#13347);
#11085=AXIS2_PLACEMENT_3D('',#16349,#13351,#13352);
#11086=AXIS2_PLACEMENT_3D('',#16352,#13355,#13356);
#11087=AXIS2_PLACEMENT_3D('',#16358,#13360,#13361);
#11088=AXIS2_PLACEMENT_3D('',#16362,#13364,#13365);
#11089=AXIS2_PLACEMENT_3D('',#16366,#13368,#13369);
#11090=AXIS2_PLACEMENT_3D('',#16370,#13372,#13373);
#11091=AXIS2_PLACEMENT_3D('',#16374,#13376,#13377);
#11092=AXIS2_PLACEMENT_3D('',#16378,#13380,#13381);
#11093=AXIS2_PLACEMENT_3D('',#16382,#13384,#13385);
#11094=AXIS2_PLACEMENT_3D('',#16386,#13388,#13389);
#11095=AXIS2_PLACEMENT_3D('',#16390,#13392,#13393);
#11096=AXIS2_PLACEMENT_3D('',#16394,#13396,#13397);
#11097=AXIS2_PLACEMENT_3D('',#16398,#13400,#13401);
#11098=AXIS2_PLACEMENT_3D('',#16402,#13404,#13405);
#11099=AXIS2_PLACEMENT_3D('',#16406,#13408,#13409);
#11100=AXIS2_PLACEMENT_3D('',#16410,#13412,#13413);
#11101=AXIS2_PLACEMENT_3D('',#16414,#13416,#13417);
#11102=AXIS2_PLACEMENT_3D('',#16418,#13420,#13421);
#11103=AXIS2_PLACEMENT_3D('',#16422,#13424,#13425);
#11104=AXIS2_PLACEMENT_3D('',#16428,#13429,#13430);
#11105=AXIS2_PLACEMENT_3D('',#16434,#13434,#13435);
#11106=AXIS2_PLACEMENT_3D('',#16440,#13439,#13440);
#11107=AXIS2_PLACEMENT_3D('',#16446,#13444,#13445);
#11108=AXIS2_PLACEMENT_3D('',#16452,#13449,#13450);
#11109=AXIS2_PLACEMENT_3D('',#16458,#13454,#13455);
#11110=AXIS2_PLACEMENT_3D('',#16464,#13459,#13460);
#11111=AXIS2_PLACEMENT_3D('',#16470,#13464,#13465);
#11112=AXIS2_PLACEMENT_3D('',#16475,#13469,#13470);
#11113=AXIS2_PLACEMENT_3D('',#16479,#13473,#13474);
#11114=AXIS2_PLACEMENT_3D('',#16483,#13477,#13478);
#11115=AXIS2_PLACEMENT_3D('',#16487,#13481,#13482);
#11116=AXIS2_PLACEMENT_3D('',#16491,#13485,#13486);
#11117=AXIS2_PLACEMENT_3D('',#16495,#13489,#13490);
#11118=AXIS2_PLACEMENT_3D('',#16499,#13493,#13494);
#11119=AXIS2_PLACEMENT_3D('',#16503,#13497,#13498);
#11120=AXIS2_PLACEMENT_3D('',#16507,#13501,#13502);
#11121=AXIS2_PLACEMENT_3D('',#16511,#13505,#13506);
#11122=AXIS2_PLACEMENT_3D('',#16515,#13509,#13510);
#11123=AXIS2_PLACEMENT_3D('',#16519,#13513,#13514);
#11124=AXIS2_PLACEMENT_3D('',#16523,#13517,#13518);
#11125=AXIS2_PLACEMENT_3D('',#16527,#13521,#13522);
#11126=AXIS2_PLACEMENT_3D('',#16531,#13525,#13526);
#11127=AXIS2_PLACEMENT_3D('',#16535,#13529,#13530);
#11128=AXIS2_PLACEMENT_3D('',#16539,#13533,#13534);
#11129=AXIS2_PLACEMENT_3D('',#16545,#13538,#13539);
#11130=AXIS2_PLACEMENT_3D('',#16551,#13543,#13544);
#11131=AXIS2_PLACEMENT_3D('',#16557,#13548,#13549);
#11132=AXIS2_PLACEMENT_3D('',#16566,#13554,#13555);
#11133=AXIS2_PLACEMENT_3D('',#16572,#13559,#13560);
#11134=AXIS2_PLACEMENT_3D('',#16578,#13564,#13565);
#11135=AXIS2_PLACEMENT_3D('',#16584,#13569,#13570);
#11136=AXIS2_PLACEMENT_3D('',#16590,#13574,#13575);
#11137=AXIS2_PLACEMENT_3D('',#16595,#13579,#13580);
#11138=AXIS2_PLACEMENT_3D('',#16599,#13583,#13584);
#11139=AXIS2_PLACEMENT_3D('',#16603,#13587,#13588);
#11140=AXIS2_PLACEMENT_3D('',#16607,#13591,#13592);
#11141=AXIS2_PLACEMENT_3D('',#16611,#13595,#13596);
#11142=AXIS2_PLACEMENT_3D('',#16615,#13599,#13600);
#11143=AXIS2_PLACEMENT_3D('',#16619,#13603,#13604);
#11144=AXIS2_PLACEMENT_3D('',#16623,#13607,#13608);
#11145=AXIS2_PLACEMENT_3D('',#16627,#13611,#13612);
#11146=AXIS2_PLACEMENT_3D('',#16631,#13615,#13616);
#11147=AXIS2_PLACEMENT_3D('',#16635,#13619,#13620);
#11148=AXIS2_PLACEMENT_3D('',#16639,#13623,#13624);
#11149=AXIS2_PLACEMENT_3D('',#16643,#13627,#13628);
#11150=AXIS2_PLACEMENT_3D('',#16647,#13631,#13632);
#11151=AXIS2_PLACEMENT_3D('',#16651,#13635,#13636);
#11152=AXIS2_PLACEMENT_3D('',#16657,#13640,#13641);
#11153=AXIS2_PLACEMENT_3D('',#16663,#13645,#13646);
#11154=AXIS2_PLACEMENT_3D('',#16669,#13650,#13651);
#11155=AXIS2_PLACEMENT_3D('',#16675,#13655,#13656);
#11156=AXIS2_PLACEMENT_3D('',#16681,#13660,#13661);
#11157=AXIS2_PLACEMENT_3D('',#16687,#13665,#13666);
#11158=AXIS2_PLACEMENT_3D('',#16693,#13670,#13671);
#11159=AXIS2_PLACEMENT_3D('',#16699,#13675,#13676);
#11160=AXIS2_PLACEMENT_3D('',#16704,#13680,#13681);
#11161=AXIS2_PLACEMENT_3D('',#16708,#13684,#13685);
#11162=AXIS2_PLACEMENT_3D('',#16712,#13688,#13689);
#11163=AXIS2_PLACEMENT_3D('',#16714,#13691,#13692);
#11164=AXIS2_PLACEMENT_3D('',#16720,#13696,#13697);
#11165=AXIS2_PLACEMENT_3D('',#16726,#13701,#13702);
#11166=AXIS2_PLACEMENT_3D('',#16731,#13705,#13706);
#11167=AXIS2_PLACEMENT_3D('',#16732,#13707,#13708);
#11168=AXIS2_PLACEMENT_3D('',#16736,#13711,#13712);
#11169=AXIS2_PLACEMENT_3D('',#16742,#13716,#13717);
#11170=AXIS2_PLACEMENT_3D('',#16746,#13720,#13721);
#11171=AXIS2_PLACEMENT_3D('',#16751,#13725,#13726);
#11172=AXIS2_PLACEMENT_3D('',#16753,#13728,#13729);
#11173=AXIS2_PLACEMENT_3D('',#16756,#13731,#13732);
#11174=AXIS2_PLACEMENT_3D('',#16757,#13733,#13734);
#11175=AXIS2_PLACEMENT_3D('',#16758,#13735,#13736);
#11176=DIRECTION('axis',(0.,0.,1.));
#11177=DIRECTION('refdir',(1.,0.,0.));
#11178=DIRECTION('center_axis',(0.,0.,-1.));
#11179=DIRECTION('ref_axis',(1.,0.,0.));
#11180=DIRECTION('center_axis',(0.,0.,1.));
#11181=DIRECTION('ref_axis',(1.,0.,0.));
#11182=DIRECTION('',(0.,0.,-1.));
#11183=DIRECTION('center_axis',(0.,0.,1.));
#11184=DIRECTION('ref_axis',(1.,0.,0.));
#11185=DIRECTION('center_axis',(0.,0.,-1.));
#11186=DIRECTION('ref_axis',(1.,0.,0.));
#11187=DIRECTION('center_axis',(0.,0.,-1.));
#11188=DIRECTION('ref_axis',(1.,0.,0.));
#11189=DIRECTION('center_axis',(0.,0.,1.));
#11190=DIRECTION('ref_axis',(1.,0.,0.));
#11191=DIRECTION('',(0.,0.,-1.));
#11192=DIRECTION('center_axis',(0.,0.,1.));
#11193=DIRECTION('ref_axis',(1.,0.,0.));
#11194=DIRECTION('center_axis',(0.,0.,-1.));
#11195=DIRECTION('ref_axis',(1.,0.,0.));
#11196=DIRECTION('center_axis',(0.,0.,-1.));
#11197=DIRECTION('ref_axis',(1.,0.,0.));
#11198=DIRECTION('center_axis',(0.,0.,1.));
#11199=DIRECTION('ref_axis',(1.,0.,0.));
#11200=DIRECTION('',(0.,0.,-1.));
#11201=DIRECTION('center_axis',(0.,0.,1.));
#11202=DIRECTION('ref_axis',(1.,0.,0.));
#11203=DIRECTION('center_axis',(0.,0.,-1.));
#11204=DIRECTION('ref_axis',(1.,0.,0.));
#11205=DIRECTION('center_axis',(-0.999567912067681,-0.0293936925998915,
0.));
#11206=DIRECTION('ref_axis',(-0.0293936925998915,0.999567912067681,0.));
#11207=DIRECTION('center_axis',(-0.999567912067681,-0.0293936925998915,
0.));
#11208=DIRECTION('ref_axis',(-0.0293936925998915,0.999567912067681,0.));
#11209=DIRECTION('',(-0.999567912067681,-0.0293936925998915,0.));
#11210=DIRECTION('center_axis',(1.,0.,0.));
#11211=DIRECTION('ref_axis',(0.,1.,0.));
#11212=DIRECTION('center_axis',(-1.,0.,0.));
#11213=DIRECTION('ref_axis',(0.,-1.,0.));
#11214=DIRECTION('',(0.,1.,0.));
#11215=DIRECTION('center_axis',(1.,0.,0.));
#11216=DIRECTION('ref_axis',(0.,-1.11022302462516E-15,-1.));
#11217=DIRECTION('',(0.,1.,-8.88947023261922E-17));
#11218=DIRECTION('center_axis',(1.,0.,0.));
#11219=DIRECTION('ref_axis',(0.,-1.,-1.11022302462516E-15));
#11220=DIRECTION('center_axis',(0.,-1.,0.));
#11221=DIRECTION('ref_axis',(0.,0.,-1.));
#11222=DIRECTION('',(0.,0.,-1.));
#11223=DIRECTION('',(-0.0560643597148415,0.,-0.998427156867122));
#11224=DIRECTION('',(-0.167512271382658,0.,-0.985869990889378));
#11225=DIRECTION('',(-0.276833481338987,0.,-0.960917906800439));
#11226=DIRECTION('',(-0.382691656623155,0.,-0.923876125869169));
#11227=DIRECTION('',(-0.483720184608265,0.,-0.875222704802924));
#11228=DIRECTION('',(-0.578670605070626,0.,-0.815561359326934));
#11229=DIRECTION('',(-0.666337019819691,0.,-0.745650706442241));
#11230=DIRECTION('',(-0.745647503787239,0.,-0.666340603667418));
#11231=DIRECTION('',(-0.815559579487238,0.,-0.578673113516258));
#11232=DIRECTION('',(-0.875222467704691,0.,-0.483720613603464));
#11233=DIRECTION('',(-0.923878783487109,0.,-0.382685240664413));
#11234=DIRECTION('',(-0.96091749946252,0.,-0.276834895247505));
#11235=DIRECTION('',(-0.985871017783594,0.,-0.167506227628528));
#11236=DIRECTION('',(-0.998426842620548,0.,-0.056069955722856));
#11237=DIRECTION('',(-1.,0.,0.));
#11238=DIRECTION('',(-0.998426842620548,0.,0.056069955722856));
#11239=DIRECTION('',(-0.985871017783594,0.,0.167506227628528));
#11240=DIRECTION('',(-0.96091749946252,0.,0.276834895247505));
#11241=DIRECTION('',(-0.923878783487109,0.,0.382685240664413));
#11242=DIRECTION('',(-0.875227442289696,0.,0.483711612702276));
#11243=DIRECTION('',(-0.815559579487238,0.,0.578673113516258));
#11244=DIRECTION('',(-0.745638063701931,0.,0.6663511671475));
#11245=DIRECTION('',(-0.666348840507053,0.,0.745640142934181));
#11246=DIRECTION('',(-0.578670605070626,0.,0.815561359326934));
#11247=DIRECTION('',(-0.483720184608265,0.,0.875222704802924));
#11248=DIRECTION('',(-0.382673509437675,0.,0.923883642659969));
#11249=DIRECTION('',(-0.276853112365712,0.,0.960912251026814));
#11250=DIRECTION('',(-0.167491607251894,0.,0.985873501774024));
#11251=DIRECTION('',(-0.056085553509906,0.,0.998425966553098));
#11252=DIRECTION('',(0.,0.,1.));
#11253=DIRECTION('',(0.0560854046931068,0.,0.998425974912718));
#11254=DIRECTION('',(0.167491607251894,0.,0.985873501774024));
#11255=DIRECTION('',(0.276854526357849,0.,0.96091184363352));
#11256=DIRECTION('',(0.382672569855568,0.,0.923884031835238));
#11257=DIRECTION('',(0.483720747166986,0.,0.875222393886384));
#11258=DIRECTION('',(0.578671232180508,0.,0.81556091436918));
#11259=DIRECTION('',(0.666348840507053,0.,0.745640142934181));
#11260=DIRECTION('',(0.745637403478357,0.,0.666351905928132));
#11261=DIRECTION('',(0.815560206600683,0.,0.578672229685727));
#11262=DIRECTION('',(0.875226317193865,0.,0.483713648444268));
#11263=DIRECTION('',(0.92387972308301,0.,0.382682972283927));
#11264=DIRECTION('',(0.960917145983007,0.,0.276836122202057));
#11265=DIRECTION('',(0.985871237217198,0.,0.167504936129751));
#11266=DIRECTION('',(0.998426768231245,0.,0.0560712803430691));
#11267=DIRECTION('',(1.,0.,0.));
#11268=DIRECTION('',(0.998426768231245,0.,-0.0560712803430691));
#11269=DIRECTION('',(0.985871237217198,0.,-0.167504936129751));
#11270=DIRECTION('',(0.960917145983007,0.,-0.276836122202057));
#11271=DIRECTION('',(0.92387972308301,0.,-0.382682972283927));
#11272=DIRECTION('',(0.875221342573382,0.,-0.483722649360195));
#11273=DIRECTION('',(0.815560206600683,0.,-0.578672229685727));
#11274=DIRECTION('',(0.745646843576239,0.,-0.666341342455045));
#11275=DIRECTION('',(0.666337019819691,0.,-0.745650706442241));
#11276=DIRECTION('',(0.578671232180508,0.,-0.81556091436918));
#11277=DIRECTION('',(0.483720747166986,0.,-0.875222393886384));
#11278=DIRECTION('',(0.382690717011781,0.,-0.923876515078184));
#11279=DIRECTION('',(0.276834895247505,0.,-0.96091749946252));
#11280=DIRECTION('',(0.167512271382658,0.,-0.985869990889378));
#11281=DIRECTION('',(0.056064210953923,0.,-0.998427165220435));
#11282=DIRECTION('',(-0.923880445045458,0.,0.382681229305289));
#11283=DIRECTION('',(-0.972370128792934,0.,0.23344449582548));
#11284=DIRECTION('',(-0.996917067977599,0.,0.0784624723988953));
#11285=DIRECTION('',(-1.,0.,0.));
#11286=DIRECTION('',(-0.996917255050118,0.,-0.0784600954838725));
#11287=DIRECTION('',(-0.972370128792934,0.,-0.23344449582548));
#11288=DIRECTION('',(-0.923880445045458,0.,-0.382681229305289));
#11289=DIRECTION('',(-0.852641211012104,0.,-0.522496856721466));
#11290=DIRECTION('',(-0.760409943418732,0.,-0.649443390874001));
#11291=DIRECTION('',(-0.649446501532113,0.,-0.760407286687667));
#11292=DIRECTION('',(-0.522489195219253,0.,-0.85264590591824));
#11293=DIRECTION('',(-0.382672058992676,0.,-0.923884243434374));
#11294=DIRECTION('',(-0.233467768887077,0.,-0.972364541152592));
#11295=DIRECTION('',(-0.0784606896991689,0.,-0.996917208283582));
#11296=DIRECTION('',(0.,0.,-1.));
#11297=DIRECTION('',(0.0784606896991689,0.,-0.996917208283582));
#11298=DIRECTION('',(0.233466906582679,0.,-0.972364748194172));
#11299=DIRECTION('',(0.382673401922348,0.,-0.923883687192916));
#11300=DIRECTION('',(0.522487503005241,0.,-0.852646942880433));
#11301=DIRECTION('',(0.649446501532113,0.,-0.760407286687667));
#11302=DIRECTION('',(0.76041181923585,0.,-0.64944119454068));
#11303=DIRECTION('',(0.852641211012104,0.,-0.522496856721466));
#11304=DIRECTION('',(0.923879102084175,0.,-0.382684471506407));
#11305=DIRECTION('',(0.972370128792934,0.,-0.23344449582548));
#11306=DIRECTION('',(0.996917552148464,0.,-0.078456320448481));
#11307=DIRECTION('',(1.,0.,0.));
#11308=DIRECTION('',(0.99691736509389,0.,0.0784586972505575));
#11309=DIRECTION('',(0.972370128792934,0.,0.23344449582548));
#11310=DIRECTION('',(0.923879102084175,0.,0.382684471506407));
#11311=DIRECTION('',(0.852641211012104,0.,0.522496856721466));
#11312=DIRECTION('',(0.76041181923585,0.,0.64944119454068));
#11313=DIRECTION('',(0.649446501532113,0.,0.760407286687667));
#11314=DIRECTION('',(0.522487503005241,0.,0.852646942880433));
#11315=DIRECTION('',(0.382699339301839,0.,0.923872943481914));
#11316=DIRECTION('',(0.233438175133712,0.,0.972371646229076));
#11317=DIRECTION('',(0.0784606896991689,0.,0.996917208283582));
#11318=DIRECTION('',(0.,0.,1.));
#11319=DIRECTION('',(-0.0784606896991689,0.,0.996917208283582));
#11320=DIRECTION('',(-0.233439037344224,0.,0.972371439236983));
#11321=DIRECTION('',(-0.382697996312379,0.,0.923873499792309));
#11322=DIRECTION('',(-0.522489195219253,0.,0.85264590591824));
#11323=DIRECTION('',(-0.649446501532113,0.,0.760407286687667));
#11324=DIRECTION('',(-0.760409943418732,0.,0.649443390874001));
#11325=DIRECTION('',(-0.852641211012104,0.,0.522496856721466));
#11326=DIRECTION('center_axis',(0.,-1.,0.));
#11327=DIRECTION('ref_axis',(0.,0.,-1.));
#11328=DIRECTION('',(0.,0.,-1.));
#11329=DIRECTION('',(-0.0560696581707138,0.,-0.998426859330527));
#11330=DIRECTION('',(-0.167507105370664,0.,-0.985870868648801));
#11331=DIRECTION('',(-0.276833481338987,0.,-0.960917906800439));
#11332=DIRECTION('',(-0.382687119868311,0.,-0.92387800508882));
#11333=DIRECTION('',(-0.483716113117393,0.,-0.875224955031906));
#11334=DIRECTION('',(-0.578670605070626,0.,-0.815561359326934));
#11335=DIRECTION('',(-0.666345885382311,0.,-0.745642783800704));
#11336=DIRECTION('',(-0.745642783800704,0.,-0.666345885382311));
#11337=DIRECTION('',(-0.815561359326934,0.,-0.578670605070626));
#11338=DIRECTION('',(-0.875224955031906,0.,-0.483716113117393));
#11339=DIRECTION('',(-0.92387800508882,0.,-0.382687119868311));
#11340=DIRECTION('',(-0.96091749946252,0.,-0.276834895247505));
#11341=DIRECTION('',(-0.985870868648801,0.,-0.167507105370664));
#11342=DIRECTION('',(-0.998426876040239,0.,-0.0560693606217246));
#11343=DIRECTION('',(-1.,0.,0.));
#11344=DIRECTION('',(-0.998426876040239,0.,0.0560693606217246));
#11345=DIRECTION('',(-0.985870719511663,0.,0.167507983121867));
#11346=DIRECTION('',(-0.96091749946252,0.,0.276834895247505));
#11347=DIRECTION('',(-0.923878783487109,0.,0.382685240664413));
#11348=DIRECTION('',(-0.875224955031906,0.,0.483716113117393));
#11349=DIRECTION('',(-0.815559579487238,0.,0.578673113516258));
#11350=DIRECTION('',(-0.745642783800704,0.,0.666345885382311));
#11351=DIRECTION('',(-0.66634293022617,0.,0.745645424674222));
#11352=DIRECTION('',(-0.578670605070626,0.,0.815561359326934));
#11353=DIRECTION('',(-0.483720184608265,0.,0.875222704802924));
#11354=DIRECTION('',(-0.382691656623155,0.,0.923876125869169));
#11355=DIRECTION('',(-0.276833481338987,0.,0.960917906800439));
#11356=DIRECTION('',(-0.167512271382658,0.,0.985869990889378));
#11357=DIRECTION('',(-0.0560643597148415,0.,0.998427156867122));
#11358=DIRECTION('',(0.,0.,1.));
#11359=DIRECTION('',(0.056064210953923,0.,0.998427165220435));
#11360=DIRECTION('',(0.167512271382658,0.,0.985869990889378));
#11361=DIRECTION('',(0.276834895247505,0.,0.96091749946252));
#11362=DIRECTION('',(0.382690717011781,0.,0.923876515078184));
#11363=DIRECTION('',(0.483720747166986,0.,0.875222393886384));
#11364=DIRECTION('',(0.578671232180508,0.,0.81556091436918));
#11365=DIRECTION('',(0.66634293022617,0.,0.745645424674222));
#11366=DIRECTION('',(0.745642123583418,0.,0.66634662416644));
#11367=DIRECTION('',(0.815560206600683,0.,0.578672229685727));
#11368=DIRECTION('',(0.875223829918336,0.,0.483718148866754));
#11369=DIRECTION('',(0.92387972308301,0.,0.382682972283927));
#11370=DIRECTION('',(0.960917145983007,0.,0.276836122202057));
#11371=DIRECTION('',(0.9858709389498,0.,0.167506691610335));
#11372=DIRECTION('',(0.998426801652513,0.,0.0560706852279674));
#11373=DIRECTION('',(1.,0.,0.));
#11374=DIRECTION('',(0.998426801652513,0.,-0.0560706852279674));
#11375=DIRECTION('',(0.985871088084671,0.,-0.16750581386551));
#11376=DIRECTION('',(0.960917145983007,0.,-0.276836122202057));
#11377=DIRECTION('',(0.923878944693157,0.,-0.382684851480507));
#11378=DIRECTION('',(0.875223829918336,0.,-0.483718148866754));
#11379=DIRECTION('',(0.815561986436311,0.,-0.578669721240069));
#11380=DIRECTION('',(0.745642123583418,0.,-0.66634662416644));
#11381=DIRECTION('',(0.666345885382311,0.,-0.745642783800704));
#11382=DIRECTION('',(0.578671232180508,0.,-0.81556091436918));
#11383=DIRECTION('',(0.483716675674272,0.,-0.875224644119801));
#11384=DIRECTION('',(0.382686180264253,0.,-0.923878394289398));
#11385=DIRECTION('',(0.276834895247505,0.,-0.96091749946252));
#11386=DIRECTION('',(0.167507105370664,0.,-0.985870868648801));
#11387=DIRECTION('',(0.056069509395825,0.,-0.998426867685416));
#11388=DIRECTION('',(-0.852641211012104,0.,0.522496856721466));
#11389=DIRECTION('',(-0.923880445045458,0.,0.382681229305289));
#11390=DIRECTION('',(-0.972370128792934,0.,0.23344449582548));
#11391=DIRECTION('',(-0.996917161515984,0.,0.078461283923438));
#11392=DIRECTION('',(-1.,0.,0.));
#11393=DIRECTION('',(-0.996917161515984,0.,-0.078461283923438));
#11394=DIRECTION('',(-0.972370128792934,0.,-0.23344449582548));
#11395=DIRECTION('',(-0.923881557568699,0.,-0.382678543407433));
#11396=DIRECTION('',(-0.852639137026568,0.,-0.522500241158403));
#11397=DIRECTION('',(-0.76040353499545,0.,-0.64945089419172));
#11398=DIRECTION('',(-0.649446501532113,0.,-0.760407286687667));
#11399=DIRECTION('',(-0.522500241158403,0.,-0.852639137026568));
#11400=DIRECTION('',(-0.382685027765635,0.,-0.923878871673129));
#11401=DIRECTION('',(-0.233446220287263,0.,-0.9723697147863));
#11402=DIRECTION('',(-0.0784606896991689,0.,-0.996917208283582));
#11403=DIRECTION('',(0.,0.,-1.));
#11404=DIRECTION('',(0.0784606896991689,0.,-0.996917208283582));
#11405=DIRECTION('',(0.233445358053278,0.,-0.972369921790764));
#11406=DIRECTION('',(0.382686370725202,0.,-0.923878315397203));
#11407=DIRECTION('',(0.522498548935483,0.,-0.852640174024374));
#11408=DIRECTION('',(0.649446501532113,0.,-0.760407286687667));
#11409=DIRECTION('',(0.760405410840103,0.,-0.649448697870043));
#11410=DIRECTION('',(0.852639137026568,0.,-0.522500241158403));
#11411=DIRECTION('',(0.923880214624651,0.,-0.382681785593603));
#11412=DIRECTION('',(0.972370128792934,0.,-0.23344449582548));
#11413=DIRECTION('',(0.996917458623302,0.,-0.0784575088315742));
#11414=DIRECTION('',(1.,0.,0.));
#11415=DIRECTION('',(0.996917458623302,0.,0.0784575088315742));
#11416=DIRECTION('',(0.972370128792934,0.,0.23344449582548));
#11417=DIRECTION('',(0.923879102084175,0.,0.382684471506407));
#11418=DIRECTION('',(0.852641211012104,0.,0.522496856721466));
#11419=DIRECTION('',(0.760405410840103,0.,0.649448697870043));
#11420=DIRECTION('',(0.649446501532113,0.,0.760407286687667));
#11421=DIRECTION('',(0.522498548935483,0.,0.852640174024374));
#11422=DIRECTION('',(0.382686370725202,0.,0.923878315397203));
#11423=DIRECTION('',(0.233438175133712,0.,0.972371646229076));
#11424=DIRECTION('',(0.0784606896991689,0.,0.996917208283582));
#11425=DIRECTION('',(0.,0.,1.));
#11426=DIRECTION('',(-0.0784606896991689,0.,0.996917208283582));
#11427=DIRECTION('',(-0.233439037344224,0.,0.972371439236983));
#11428=DIRECTION('',(-0.382685027765635,0.,0.923878871673129));
#11429=DIRECTION('',(-0.522500241158403,0.,0.852639137026568));
#11430=DIRECTION('',(-0.649446501532113,0.,0.760407286687667));
#11431=DIRECTION('',(-0.76040353499545,0.,0.64945089419172));
#11432=DIRECTION('center_axis',(0.,-1.,0.));
#11433=DIRECTION('ref_axis',(0.,0.,-1.));
#11434=DIRECTION('',(0.,0.,-1.));
#11435=DIRECTION('',(-0.0560749566218489,0.,-0.998426561765991));
#11436=DIRECTION('',(-0.167501939344872,0.,-0.985871746382716));
#11437=DIRECTION('',(-0.276833481338987,0.,-0.960917906800439));
#11438=DIRECTION('',(-0.382682583085783,0.,-0.923879884293837));
#11439=DIRECTION('',(-0.483720184608265,0.,-0.875222704802924));
#11440=DIRECTION('',(-0.578670605070626,0.,-0.815561359326934));
#11441=DIRECTION('',(-0.666348840507053,0.,-0.745640142934181));
#11442=DIRECTION('',(-0.745642783800704,0.,-0.666345885382311));
#11443=DIRECTION('',(-0.815559579487238,0.,-0.578673113516258));
#11444=DIRECTION('',(-0.875224955031906,0.,-0.483716113117393));
#11445=DIRECTION('',(-0.923878783487109,0.,-0.382685240664413));
#11446=DIRECTION('',(-0.96091749946252,0.,-0.276834895247505));
#11447=DIRECTION('',(-0.985870719511663,0.,-0.167507983121867));
#11448=DIRECTION('',(-0.998426876040239,0.,-0.0560693606217246));
#11449=DIRECTION('',(-1.,0.,0.));
#11450=DIRECTION('',(-0.998426876040239,0.,0.0560693606217246));
#11451=DIRECTION('',(-0.985870719511663,0.,0.167507983121867));
#11452=DIRECTION('',(-0.96091749946252,0.,0.276834895247505));
#11453=DIRECTION('',(-0.923878783487109,0.,0.382685240664413));
#11454=DIRECTION('',(-0.875224955031906,0.,0.483716113117393));
#11455=DIRECTION('',(-0.815559579487238,0.,0.578673113516258));
#11456=DIRECTION('',(-0.745638063701931,0.,0.6663511671475));
#11457=DIRECTION('',(-0.666348840507053,0.,0.745640142934181));
#11458=DIRECTION('',(-0.578670605070626,0.,0.815561359326934));
#11459=DIRECTION('',(-0.483720184608265,0.,0.875222704802924));
#11460=DIRECTION('',(-0.382691656623155,0.,0.923876125869169));
#11461=DIRECTION('',(-0.276833481338987,0.,0.960917906800439));
#11462=DIRECTION('',(-0.167512271382658,0.,0.985869990889378));
#11463=DIRECTION('',(-0.0560643597148415,0.,0.998427156867122));
#11464=DIRECTION('',(0.,0.,1.));
#11465=DIRECTION('',(0.056064210953923,0.,0.998427165220435));
#11466=DIRECTION('',(0.167512271382658,0.,0.985869990889378));
#11467=DIRECTION('',(0.276834895247505,0.,0.96091749946252));
#11468=DIRECTION('',(0.382690717011781,0.,0.923876515078184));
#11469=DIRECTION('',(0.483720747166986,0.,0.875222393886384));
#11470=DIRECTION('',(0.578671232180508,0.,0.81556091436918));
#11471=DIRECTION('',(0.666348840507053,0.,0.745640142934181));
#11472=DIRECTION('',(0.745637403478357,0.,0.666351905928132));
#11473=DIRECTION('',(0.815560206600683,0.,0.578672229685727));
#11474=DIRECTION('',(0.875223829918336,0.,0.483718148866754));
#11475=DIRECTION('',(0.92387972308301,0.,0.382682972283927));
#11476=DIRECTION('',(0.960917145983007,0.,0.276836122202057));
#11477=DIRECTION('',(0.9858709389498,0.,0.167506691610335));
#11478=DIRECTION('',(0.998426801652513,0.,0.0560706852279674));
#11479=DIRECTION('',(1.,0.,0.));
#11480=DIRECTION('',(0.998426801652513,0.,-0.0560706852279674));
#11481=DIRECTION('',(0.9858709389498,0.,-0.167506691610335));
#11482=DIRECTION('',(0.960917145983007,0.,-0.276836122202057));
#11483=DIRECTION('',(0.92387972308301,0.,-0.382682972283927));
#11484=DIRECTION('',(0.875223829918336,0.,-0.483718148866754));
#11485=DIRECTION('',(0.815560206600683,0.,-0.578672229685727));
#11486=DIRECTION('',(0.745642123583418,0.,-0.66634662416644));
#11487=DIRECTION('',(0.666348840507053,0.,-0.745640142934181));
#11488=DIRECTION('',(0.578671232180508,0.,-0.81556091436918));
#11489=DIRECTION('',(0.483720747166986,0.,-0.875222393886384));
#11490=DIRECTION('',(0.382681643489042,0.,-0.923880273485978));
#11491=DIRECTION('',(0.276834895247505,0.,-0.96091749946252));
#11492=DIRECTION('',(0.167501939344872,0.,-0.985871746382716));
#11493=DIRECTION('',(0.05607480783299,0.,-0.998426570122457));
#11494=DIRECTION('',(-0.923880445045458,0.,-0.382681229305289));
#11495=DIRECTION('',(-0.852641211012104,0.,-0.522496856721466));
#11496=DIRECTION('',(-0.76040353499545,0.,-0.64945089419172));
#11497=DIRECTION('',(-0.649446501532113,0.,-0.760407286687667));
#11498=DIRECTION('',(-0.522500241158403,0.,-0.852639137026568));
#11499=DIRECTION('',(-0.382685027765635,0.,-0.923878871673129));
#11500=DIRECTION('',(-0.233439037344224,0.,-0.972371439236983));
#11501=DIRECTION('',(-0.0784606896991689,0.,-0.996917208283582));
#11502=DIRECTION('',(0.,0.,-1.));
#11503=DIRECTION('',(0.0784606896991689,0.,-0.996917208283582));
#11504=DIRECTION('',(0.233438175133712,0.,-0.972371646229076));
#11505=DIRECTION('',(0.382686370725202,0.,-0.923878315397203));
#11506=DIRECTION('',(0.522498548935483,0.,-0.852640174024374));
#11507=DIRECTION('',(0.649446501532113,0.,-0.760407286687667));
#11508=DIRECTION('',(0.760405410840103,0.,-0.649448697870043));
#11509=DIRECTION('',(0.852641211012104,0.,-0.522496856721466));
#11510=DIRECTION('',(0.923879102084175,0.,-0.382684471506407));
#11511=DIRECTION('',(0.972370128792934,0.,-0.23344449582548));
#11512=DIRECTION('',(0.996917458623302,0.,-0.0784575088315742));
#11513=DIRECTION('',(1.,0.,0.));
#11514=DIRECTION('',(0.996917458623302,0.,0.0784575088315742));
#11515=DIRECTION('',(0.972370128792934,0.,0.23344449582548));
#11516=DIRECTION('',(0.923879102084175,0.,0.382684471506407));
#11517=DIRECTION('',(0.852641211012104,0.,0.522496856721466));
#11518=DIRECTION('',(0.760405410840103,0.,0.649448697870043));
#11519=DIRECTION('',(0.649446501532113,0.,0.760407286687667));
#11520=DIRECTION('',(0.522498548935483,0.,0.852640174024374));
#11521=DIRECTION('',(0.382686370725202,0.,0.923878315397203));
#11522=DIRECTION('',(0.233438175133712,0.,0.972371646229076));
#11523=DIRECTION('',(0.0784606896991689,0.,0.996917208283582));
#11524=DIRECTION('',(0.,0.,1.));
#11525=DIRECTION('',(-0.0784606896991689,0.,0.996917208283582));
#11526=DIRECTION('',(-0.233439037344224,0.,0.972371439236983));
#11527=DIRECTION('',(-0.382685027765635,0.,0.923878871673129));
#11528=DIRECTION('',(-0.522500241158403,0.,0.852639137026568));
#11529=DIRECTION('',(-0.649446501532113,0.,0.760407286687667));
#11530=DIRECTION('',(-0.76040353499545,0.,0.64945089419172));
#11531=DIRECTION('',(-0.852641211012104,0.,0.522496856721466));
#11532=DIRECTION('',(-0.923880445045458,0.,0.382681229305289));
#11533=DIRECTION('',(-0.972370128792934,0.,0.23344449582548));
#11534=DIRECTION('',(-0.996917161515984,0.,0.078461283923438));
#11535=DIRECTION('',(-1.,0.,0.));
#11536=DIRECTION('',(-0.996917161515984,0.,-0.078461283923438));
#11537=DIRECTION('',(-0.972370128792934,0.,-0.23344449582548));
#11538=DIRECTION('center_axis',(-1.,0.,0.));
#11539=DIRECTION('ref_axis',(0.,-1.,2.36217665656397E-16));
#11540=DIRECTION('',(0.,-1.58603289232165E-16,-1.));
#11541=DIRECTION('',(0.,1.,0.));
#11542=DIRECTION('',(0.,0.,1.));
#11543=DIRECTION('',(0.,1.,0.));
#11544=DIRECTION('center_axis',(1.,0.,0.));
#11545=DIRECTION('ref_axis',(0.,-1.,-1.11022302462516E-15));
#11546=DIRECTION('',(0.,0.,-1.));
#11547=DIRECTION('center_axis',(1.,0.,0.));
#11548=DIRECTION('ref_axis',(0.,7.40148683083438E-16,1.));
#11549=DIRECTION('',(0.,-1.,0.));
#11550=DIRECTION('center_axis',(1.,0.,0.));
#11551=DIRECTION('ref_axis',(0.,1.,0.));
#11552=DIRECTION('',(0.,0.,1.));
#11553=DIRECTION('center_axis',(1.,0.,0.));
#11554=DIRECTION('ref_axis',(0.,-1.11022302462516E-15,-1.));
#11555=DIRECTION('',(0.,1.,0.));
#11556=DIRECTION('center_axis',(-0.917755343567794,-0.397146231699055,0.));
#11557=DIRECTION('ref_axis',(-0.397146231699055,0.917755343567795,0.));
#11558=DIRECTION('',(0.,0.,-1.));
#11559=DIRECTION('',(0.397146231699055,-0.917755343567795,0.));
#11560=DIRECTION('',(0.,0.,-1.));
#11561=DIRECTION('',(-0.397146231699055,0.917755343567795,0.));
#11562=DIRECTION('center_axis',(-0.891005923844402,-0.453991677978996,0.));
#11563=DIRECTION('ref_axis',(-0.453991677978996,0.891005923844402,0.));
#11564=DIRECTION('',(0.453991677978996,-0.891005923844402,0.));
#11565=DIRECTION('',(0.,0.,-1.));
#11566=DIRECTION('',(-0.453991677978996,0.891005923844402,0.));
#11567=DIRECTION('center_axis',(-0.860742549049727,-0.509040533018127,0.));
#11568=DIRECTION('ref_axis',(-0.509040533018127,0.860742549049727,0.));
#11569=DIRECTION('',(0.509040533018127,-0.860742549049727,0.));
#11570=DIRECTION('',(0.,0.,-1.));
#11571=DIRECTION('',(-0.509040533018127,0.860742549049727,0.));
#11572=DIRECTION('center_axis',(-0.827080047254731,-0.562084153337481,0.));
#11573=DIRECTION('ref_axis',(-0.562084153337481,0.827080047254731,0.));
#11574=DIRECTION('',(0.562084153337481,-0.827080047254731,0.));
#11575=DIRECTION('',(0.,0.,-1.));
#11576=DIRECTION('',(-0.562084153337481,0.827080047254731,0.));
#11577=DIRECTION('center_axis',(-0.790155547513815,-0.612906363756441,0.));
#11578=DIRECTION('ref_axis',(-0.612906363756441,0.790155547513815,0.));
#11579=DIRECTION('',(0.612906363756441,-0.790155547513815,0.));
#11580=DIRECTION('',(0.,0.,-1.));
#11581=DIRECTION('',(-0.612906363756441,0.790155547513815,0.));
#11582=DIRECTION('center_axis',(-0.750109449297063,-0.661313703226583,0.));
#11583=DIRECTION('ref_axis',(-0.661313703226583,0.750109449297063,0.));
#11584=DIRECTION('',(0.661313703226583,-0.750109449297063,0.));
#11585=DIRECTION('',(0.,0.,-1.));
#11586=DIRECTION('',(-0.661313703226583,0.750109449297063,0.));
#11587=DIRECTION('center_axis',(-0.707107732392198,-0.707105829979617,0.));
#11588=DIRECTION('ref_axis',(-0.707105829979617,0.707107732392198,0.));
#11589=DIRECTION('',(0.707105829979617,-0.707107732392198,0.));
#11590=DIRECTION('',(0.,0.,-1.));
#11591=DIRECTION('',(-0.707105829979617,0.707107732392198,0.));
#11592=DIRECTION('center_axis',(-0.661312784108802,-0.750110259611389,0.));
#11593=DIRECTION('ref_axis',(-0.750110259611389,0.661312784108802,0.));
#11594=DIRECTION('',(0.750110259611389,-0.661312784108802,0.));
#11595=DIRECTION('',(0.,0.,-1.));
#11596=DIRECTION('',(-0.750110259611389,0.661312784108802,0.));
#11597=DIRECTION('center_axis',(-0.612903655159645,-0.79015764850563,0.));
#11598=DIRECTION('ref_axis',(-0.79015764850563,0.612903655159645,0.));
#11599=DIRECTION('',(0.79015764850563,-0.612903655159645,0.));
#11600=DIRECTION('',(0.,0.,-1.));
#11601=DIRECTION('',(-0.79015764850563,0.612903655159645,0.));
#11602=DIRECTION('center_axis',(-0.562085975896802,-0.827078808639262,0.));
#11603=DIRECTION('ref_axis',(-0.827078808639262,0.562085975896802,0.));
#11604=DIRECTION('',(0.827078808639262,-0.562085975896802,0.));
#11605=DIRECTION('',(0.,0.,-1.));
#11606=DIRECTION('',(-0.827078808639262,0.562085975896802,0.));
#11607=DIRECTION('center_axis',(-0.509043656926247,-0.860740701572288,0.));
#11608=DIRECTION('ref_axis',(-0.860740701572287,0.509043656926247,0.));
#11609=DIRECTION('',(0.860740701572287,-0.509043656926247,0.));
#11610=DIRECTION('',(0.,0.,-1.));
#11611=DIRECTION('',(-0.860740701572287,0.509043656926247,0.));
#11612=DIRECTION('center_axis',(-0.453988918951916,-0.89100732963813,0.));
#11613=DIRECTION('ref_axis',(-0.89100732963813,0.453988918951916,0.));
#11614=DIRECTION('',(0.89100732963813,-0.453988918951916,0.));
#11615=DIRECTION('',(0.,0.,-1.));
#11616=DIRECTION('',(-0.89100732963813,0.453988918951916,0.));
#11617=DIRECTION('center_axis',(-0.453988918951916,0.89100732963813,0.));
#11618=DIRECTION('ref_axis',(0.89100732963813,0.453988918951916,0.));
#11619=DIRECTION('',(0.,0.,-1.));
#11620=DIRECTION('',(-0.89100732963813,-0.453988918951916,0.));
#11621=DIRECTION('',(0.,0.,-1.));
#11622=DIRECTION('',(0.89100732963813,0.453988918951916,0.));
#11623=DIRECTION('center_axis',(-0.509043656926247,0.860740701572288,0.));
#11624=DIRECTION('ref_axis',(0.860740701572287,0.509043656926247,0.));
#11625=DIRECTION('',(-0.860740701572287,-0.509043656926247,0.));
#11626=DIRECTION('',(0.,0.,-1.));
#11627=DIRECTION('',(0.860740701572287,0.509043656926247,0.));
#11628=DIRECTION('center_axis',(-0.562080770418734,0.82708234627846,0.));
#11629=DIRECTION('ref_axis',(0.82708234627846,0.562080770418734,0.));
#11630=DIRECTION('',(-0.82708234627846,-0.562080770418734,0.));
#11631=DIRECTION('',(0.,0.,-1.));
#11632=DIRECTION('',(0.82708234627846,0.562080770418734,0.));
#11633=DIRECTION('center_axis',(-0.612908406231119,0.790153963206684,0.));
#11634=DIRECTION('ref_axis',(0.790153963206684,0.612908406231119,0.));
#11635=DIRECTION('',(-0.790153963206684,-0.612908406231119,0.));
#11636=DIRECTION('',(0.,0.,-1.));
#11637=DIRECTION('',(0.790153963206684,0.612908406231119,0.));
#11638=DIRECTION('center_axis',(-0.661310643257478,0.75011214702495,0.));
#11639=DIRECTION('ref_axis',(0.75011214702495,0.661310643257478,0.));
#11640=DIRECTION('',(-0.75011214702495,-0.661310643257478,0.));
#11641=DIRECTION('',(0.,0.,-1.));
#11642=DIRECTION('',(0.75011214702495,0.661310643257478,0.));
#11643=DIRECTION('center_axis',(-0.707105829977058,0.707107732394758,0.));
#11644=DIRECTION('ref_axis',(0.707107732394758,0.707105829977058,0.));
#11645=DIRECTION('',(-0.707107732394758,-0.707105829977058,0.));
#11646=DIRECTION('',(0.,0.,-1.));
#11647=DIRECTION('',(0.707107732394758,0.707105829977058,0.));
#11648=DIRECTION('center_axis',(-0.750112777256219,0.661309928397391,0.));
#11649=DIRECTION('ref_axis',(0.661309928397391,0.750112777256219,0.));
#11650=DIRECTION('',(-0.661309928397391,-0.750112777256219,0.));
#11651=DIRECTION('',(0.,0.,-1.));
#11652=DIRECTION('',(0.661309928397391,0.750112777256219,0.));
#11653=DIRECTION('center_axis',(-0.790155547513815,0.612906363756441,0.));
#11654=DIRECTION('ref_axis',(0.612906363756441,0.790155547513815,0.));
#11655=DIRECTION('',(-0.612906363756441,-0.790155547513815,0.));
#11656=DIRECTION('',(0.,0.,-1.));
#11657=DIRECTION('',(0.612906363756441,0.790155547513815,0.));
#11658=DIRECTION('center_axis',(-0.82707884515449,0.562085922166634,0.));
#11659=DIRECTION('ref_axis',(0.562085922166634,0.82707884515449,0.));
#11660=DIRECTION('',(-0.562085922166634,-0.82707884515449,0.));
#11661=DIRECTION('',(0.,0.,-1.));
#11662=DIRECTION('',(0.562085922166634,0.82707884515449,0.));
#11663=DIRECTION('center_axis',(-0.860742549049727,0.509040533018127,0.));
#11664=DIRECTION('ref_axis',(0.509040533018127,0.860742549049727,0.));
#11665=DIRECTION('',(-0.509040533018127,-0.860742549049727,0.));
#11666=DIRECTION('',(0.,0.,-1.));
#11667=DIRECTION('',(0.509040533018127,0.860742549049727,0.));
#11668=DIRECTION('center_axis',(-0.940880845533233,-0.338737707538841,0.));
#11669=DIRECTION('ref_axis',(-0.33873770753884,0.940880845533233,0.));
#11670=DIRECTION('',(0.,0.,-1.));
#11671=DIRECTION('',(0.33873770753884,-0.940880845533233,0.));
#11672=DIRECTION('',(-0.33873770753884,0.940880845533233,0.));
#11673=DIRECTION('center_axis',(0.,-1.,0.));
#11674=DIRECTION('ref_axis',(1.,0.,0.));
#11675=DIRECTION('',(-1.,0.,0.));
#11676=DIRECTION('',(0.,0.,1.));
#11677=DIRECTION('',(-1.,0.,0.));
#11678=DIRECTION('center_axis',(0.,0.,-1.));
#11679=DIRECTION('ref_axis',(-1.,0.,0.));
#11680=DIRECTION('',(0.,-1.,0.));
#11681=DIRECTION('',(1.,0.,0.));
#11682=DIRECTION('center_axis',(0.,1.,0.));
#11683=DIRECTION('ref_axis',(-1.,0.,0.));
#11684=DIRECTION('',(0.,0.,-1.));
#11685=DIRECTION('',(1.,0.,0.));
#11686=DIRECTION('center_axis',(-0.891006708049983,0.453990138890628,0.));
#11687=DIRECTION('ref_axis',(0.453990138890628,0.891006708049983,0.));
#11688=DIRECTION('',(-0.453990138890628,-0.891006708049983,0.));
#11689=DIRECTION('',(0.,0.,-1.));
#11690=DIRECTION('',(0.453990138890628,0.891006708049983,0.));
#11691=DIRECTION('center_axis',(-1.,0.,0.));
#11692=DIRECTION('ref_axis',(0.,1.,0.));
#11693=DIRECTION('',(1.,0.,0.));
#11694=DIRECTION('center_axis',(0.999579119014009,-0.0290100815437894,0.));
#11695=DIRECTION('ref_axis',(0.0290100815437894,0.999579119014009,0.));
#11696=DIRECTION('',(1.,0.,0.));
#11697=DIRECTION('center_axis',(0.,1.,0.));
#11698=DIRECTION('ref_axis',(0.,0.,-1.));
#11699=DIRECTION('',(0.,0.,1.));
#11700=DIRECTION('',(1.,0.,0.));
#11701=DIRECTION('center_axis',(-1.,0.,0.));
#11702=DIRECTION('ref_axis',(0.,-1.11022302462516E-15,-1.));
#11703=DIRECTION('center_axis',(0.999579119014009,-0.0290100815437894,0.));
#11704=DIRECTION('ref_axis',(-0.0290100815437894,-0.999579119014009,1.10975575286388E-15));
#11705=DIRECTION('',(1.,0.,0.));
#11706=DIRECTION('center_axis',(0.382681229305289,0.,0.923880445045458));
#11707=DIRECTION('ref_axis',(0.923880445045458,0.,-0.382681229305289));
#11708=DIRECTION('',(0.,1.,0.));
#11709=DIRECTION('',(0.923880445045458,0.,-0.382681229305289));
#11710=DIRECTION('',(0.,1.,0.));
#11711=DIRECTION('center_axis',(0.23344449582548,0.,0.972370128792934));
#11712=DIRECTION('ref_axis',(0.972370128792934,0.,-0.23344449582548));
#11713=DIRECTION('',(0.972370128792934,0.,-0.23344449582548));
#11714=DIRECTION('',(0.,1.,0.));
#11715=DIRECTION('center_axis',(0.078461283923438,0.,0.996917161515984));
#11716=DIRECTION('ref_axis',(0.996917161515984,0.,-0.078461283923438));
#11717=DIRECTION('',(0.996917161515984,0.,-0.078461283923438));
#11718=DIRECTION('',(0.,1.,0.));
#11719=DIRECTION('center_axis',(0.,0.,1.));
#11720=DIRECTION('ref_axis',(1.,0.,0.));
#11721=DIRECTION('',(1.,0.,0.));
#11722=DIRECTION('',(0.,1.,0.));
#11723=DIRECTION('center_axis',(-0.078461283923438,0.,0.996917161515984));
#11724=DIRECTION('ref_axis',(0.996917161515984,0.,0.078461283923438));
#11725=DIRECTION('',(0.996917161515984,0.,0.078461283923438));
#11726=DIRECTION('',(0.,1.,0.));
#11727=DIRECTION('center_axis',(-0.23344449582548,0.,0.972370128792934));
#11728=DIRECTION('ref_axis',(0.972370128792934,0.,0.23344449582548));
#11729=DIRECTION('',(0.972370128792934,0.,0.23344449582548));
#11730=DIRECTION('',(0.,1.,0.));
#11731=DIRECTION('center_axis',(-0.382678543407433,0.,0.923881557568699));
#11732=DIRECTION('ref_axis',(0.923881557568699,0.,0.382678543407433));
#11733=DIRECTION('',(0.923881557568699,0.,0.382678543407433));
#11734=DIRECTION('',(0.,1.,0.));
#11735=DIRECTION('center_axis',(-0.522500241158403,0.,0.852639137026568));
#11736=DIRECTION('ref_axis',(0.852639137026568,0.,0.522500241158403));
#11737=DIRECTION('',(0.852639137026568,0.,0.522500241158403));
#11738=DIRECTION('',(0.,1.,0.));
#11739=DIRECTION('center_axis',(-0.64945089419172,0.,0.76040353499545));
#11740=DIRECTION('ref_axis',(0.76040353499545,0.,0.64945089419172));
#11741=DIRECTION('',(0.76040353499545,0.,0.64945089419172));
#11742=DIRECTION('',(0.,1.,0.));
#11743=DIRECTION('center_axis',(-0.760407286687667,0.,0.649446501532113));
#11744=DIRECTION('ref_axis',(0.649446501532113,0.,0.760407286687667));
#11745=DIRECTION('',(0.649446501532113,0.,0.760407286687667));
#11746=DIRECTION('',(0.,1.,0.));
#11747=DIRECTION('center_axis',(-0.852639137026568,0.,0.522500241158403));
#11748=DIRECTION('ref_axis',(0.522500241158403,0.,0.852639137026568));
#11749=DIRECTION('',(0.522500241158403,0.,0.852639137026568));
#11750=DIRECTION('',(0.,1.,0.));
#11751=DIRECTION('center_axis',(-0.923878871673129,0.,0.382685027765635));
#11752=DIRECTION('ref_axis',(0.382685027765635,0.,0.923878871673129));
#11753=DIRECTION('',(0.382685027765635,0.,0.923878871673129));
#11754=DIRECTION('',(0.,1.,0.));
#11755=DIRECTION('center_axis',(-0.9723697147863,0.,0.233446220287263));
#11756=DIRECTION('ref_axis',(0.233446220287263,0.,0.9723697147863));
#11757=DIRECTION('',(0.233446220287263,0.,0.9723697147863));
#11758=DIRECTION('',(0.,1.,0.));
#11759=DIRECTION('center_axis',(-0.996917208283582,0.,0.0784606896991689));
#11760=DIRECTION('ref_axis',(0.0784606896991689,0.,0.996917208283582));
#11761=DIRECTION('',(0.0784606896991689,0.,0.996917208283582));
#11762=DIRECTION('',(0.,1.,0.));
#11763=DIRECTION('center_axis',(-1.,0.,0.));
#11764=DIRECTION('ref_axis',(0.,0.,1.));
#11765=DIRECTION('',(0.,0.,1.));
#11766=DIRECTION('',(0.,1.,0.));
#11767=DIRECTION('center_axis',(-0.996917208283582,0.,-0.0784606896991689));
#11768=DIRECTION('ref_axis',(-0.0784606896991689,0.,0.996917208283582));
#11769=DIRECTION('',(-0.0784606896991689,0.,0.996917208283582));
#11770=DIRECTION('',(0.,1.,0.));
#11771=DIRECTION('center_axis',(-0.972369921790764,0.,-0.233445358053278));
#11772=DIRECTION('ref_axis',(-0.233445358053278,0.,0.972369921790764));
#11773=DIRECTION('',(-0.233445358053278,0.,0.972369921790764));
#11774=DIRECTION('',(0.,1.,0.));
#11775=DIRECTION('center_axis',(-0.923878315397203,0.,-0.382686370725202));
#11776=DIRECTION('ref_axis',(-0.382686370725202,0.,0.923878315397203));
#11777=DIRECTION('',(-0.382686370725202,0.,0.923878315397203));
#11778=DIRECTION('',(0.,1.,0.));
#11779=DIRECTION('center_axis',(-0.852640174024374,0.,-0.522498548935483));
#11780=DIRECTION('ref_axis',(-0.522498548935483,0.,0.852640174024374));
#11781=DIRECTION('',(-0.522498548935483,0.,0.852640174024374));
#11782=DIRECTION('',(0.,1.,0.));
#11783=DIRECTION('center_axis',(-0.760407286687667,0.,-0.649446501532113));
#11784=DIRECTION('ref_axis',(-0.649446501532113,0.,0.760407286687667));
#11785=DIRECTION('',(-0.649446501532113,0.,0.760407286687667));
#11786=DIRECTION('',(0.,1.,0.));
#11787=DIRECTION('center_axis',(-0.649448697870043,0.,-0.760405410840103));
#11788=DIRECTION('ref_axis',(-0.760405410840103,0.,0.649448697870043));
#11789=DIRECTION('',(-0.760405410840103,0.,0.649448697870043));
#11790=DIRECTION('',(0.,1.,0.));
#11791=DIRECTION('center_axis',(-0.522500241158403,0.,-0.852639137026568));
#11792=DIRECTION('ref_axis',(-0.852639137026568,0.,0.522500241158403));
#11793=DIRECTION('',(-0.852639137026568,0.,0.522500241158403));
#11794=DIRECTION('',(0.,1.,0.));
#11795=DIRECTION('center_axis',(-0.382681785593603,0.,-0.923880214624651));
#11796=DIRECTION('ref_axis',(-0.923880214624651,0.,0.382681785593603));
#11797=DIRECTION('',(-0.923880214624651,0.,0.382681785593603));
#11798=DIRECTION('',(0.,1.,0.));
#11799=DIRECTION('center_axis',(-0.23344449582548,0.,-0.972370128792934));
#11800=DIRECTION('ref_axis',(-0.972370128792934,0.,0.23344449582548));
#11801=DIRECTION('',(-0.972370128792934,0.,0.23344449582548));
#11802=DIRECTION('',(0.,1.,0.));
#11803=DIRECTION('center_axis',(-0.0784575088315742,0.,-0.996917458623302));
#11804=DIRECTION('ref_axis',(-0.996917458623302,0.,0.0784575088315742));
#11805=DIRECTION('',(-0.996917458623302,0.,0.0784575088315742));
#11806=DIRECTION('',(0.,1.,0.));
#11807=DIRECTION('center_axis',(0.,0.,-1.));
#11808=DIRECTION('ref_axis',(-1.,0.,0.));
#11809=DIRECTION('',(-1.,0.,0.));
#11810=DIRECTION('',(0.,1.,0.));
#11811=DIRECTION('center_axis',(0.0784575088315742,0.,-0.996917458623302));
#11812=DIRECTION('ref_axis',(-0.996917458623302,0.,-0.0784575088315742));
#11813=DIRECTION('',(-0.996917458623302,0.,-0.0784575088315742));
#11814=DIRECTION('',(0.,1.,0.));
#11815=DIRECTION('center_axis',(0.23344449582548,0.,-0.972370128792934));
#11816=DIRECTION('ref_axis',(-0.972370128792934,0.,-0.23344449582548));
#11817=DIRECTION('',(-0.972370128792934,0.,-0.23344449582548));
#11818=DIRECTION('',(0.,1.,0.));
#11819=DIRECTION('center_axis',(0.382684471506407,0.,-0.923879102084175));
#11820=DIRECTION('ref_axis',(-0.923879102084175,0.,-0.382684471506407));
#11821=DIRECTION('',(-0.923879102084175,0.,-0.382684471506407));
#11822=DIRECTION('',(0.,1.,0.));
#11823=DIRECTION('center_axis',(0.522496856721466,0.,-0.852641211012104));
#11824=DIRECTION('ref_axis',(-0.852641211012104,0.,-0.522496856721466));
#11825=DIRECTION('',(-0.852641211012104,0.,-0.522496856721466));
#11826=DIRECTION('',(0.,1.,0.));
#11827=DIRECTION('center_axis',(0.649448697870043,0.,-0.760405410840103));
#11828=DIRECTION('ref_axis',(-0.760405410840103,0.,-0.649448697870043));
#11829=DIRECTION('',(-0.760405410840103,0.,-0.649448697870043));
#11830=DIRECTION('',(0.,1.,0.));
#11831=DIRECTION('center_axis',(0.760407286687667,0.,-0.649446501532113));
#11832=DIRECTION('ref_axis',(-0.649446501532113,0.,-0.760407286687667));
#11833=DIRECTION('',(-0.649446501532113,0.,-0.760407286687667));
#11834=DIRECTION('',(0.,1.,0.));
#11835=DIRECTION('center_axis',(0.852640174024374,0.,-0.522498548935483));
#11836=DIRECTION('ref_axis',(-0.522498548935483,0.,-0.852640174024374));
#11837=DIRECTION('',(-0.522498548935483,0.,-0.852640174024374));
#11838=DIRECTION('',(0.,1.,0.));
#11839=DIRECTION('center_axis',(0.923878315397203,0.,-0.382686370725202));
#11840=DIRECTION('ref_axis',(-0.382686370725202,0.,-0.923878315397203));
#11841=DIRECTION('',(-0.382686370725202,0.,-0.923878315397203));
#11842=DIRECTION('',(0.,1.,0.));
#11843=DIRECTION('center_axis',(0.972371646229076,0.,-0.233438175133712));
#11844=DIRECTION('ref_axis',(-0.233438175133712,0.,-0.972371646229076));
#11845=DIRECTION('',(-0.233438175133712,0.,-0.972371646229076));
#11846=DIRECTION('',(0.,1.,0.));
#11847=DIRECTION('center_axis',(0.996917208283582,0.,-0.0784606896991689));
#11848=DIRECTION('ref_axis',(-0.0784606896991689,0.,-0.996917208283582));
#11849=DIRECTION('',(-0.0784606896991689,0.,-0.996917208283582));
#11850=DIRECTION('',(0.,1.,0.));
#11851=DIRECTION('center_axis',(1.,0.,0.));
#11852=DIRECTION('ref_axis',(0.,0.,-1.));
#11853=DIRECTION('',(0.,0.,-1.));
#11854=DIRECTION('',(0.,1.,0.));
#11855=DIRECTION('center_axis',(0.996917208283582,0.,0.0784606896991689));
#11856=DIRECTION('ref_axis',(0.0784606896991689,0.,-0.996917208283582));
#11857=DIRECTION('',(0.0784606896991689,0.,-0.996917208283582));
#11858=DIRECTION('',(0.,1.,0.));
#11859=DIRECTION('center_axis',(0.972371439236983,0.,0.233439037344224));
#11860=DIRECTION('ref_axis',(0.233439037344224,0.,-0.972371439236983));
#11861=DIRECTION('',(0.233439037344224,0.,-0.972371439236983));
#11862=DIRECTION('',(0.,1.,0.));
#11863=DIRECTION('center_axis',(0.923878871673129,0.,0.382685027765635));
#11864=DIRECTION('ref_axis',(0.382685027765635,0.,-0.923878871673129));
#11865=DIRECTION('',(0.382685027765635,0.,-0.923878871673129));
#11866=DIRECTION('',(0.,1.,0.));
#11867=DIRECTION('center_axis',(0.852639137026568,0.,0.522500241158403));
#11868=DIRECTION('ref_axis',(0.522500241158403,0.,-0.852639137026568));
#11869=DIRECTION('',(0.522500241158403,0.,-0.852639137026568));
#11870=DIRECTION('',(0.,1.,0.));
#11871=DIRECTION('center_axis',(0.760407286687667,0.,0.649446501532113));
#11872=DIRECTION('ref_axis',(0.649446501532113,0.,-0.760407286687667));
#11873=DIRECTION('',(0.649446501532113,0.,-0.760407286687667));
#11874=DIRECTION('',(0.,1.,0.));
#11875=DIRECTION('center_axis',(0.64945089419172,0.,0.76040353499545));
#11876=DIRECTION('ref_axis',(0.76040353499545,0.,-0.64945089419172));
#11877=DIRECTION('',(0.76040353499545,0.,-0.64945089419172));
#11878=DIRECTION('',(0.,1.,0.));
#11879=DIRECTION('center_axis',(0.522496856721466,0.,0.852641211012104));
#11880=DIRECTION('ref_axis',(0.852641211012104,0.,-0.522496856721466));
#11881=DIRECTION('',(0.852641211012104,0.,-0.522496856721466));
#11882=DIRECTION('center_axis',(-0.522496856721466,0.,0.852641211012104));
#11883=DIRECTION('ref_axis',(0.852641211012104,0.,0.522496856721466));
#11884=DIRECTION('',(0.,1.,0.));
#11885=DIRECTION('',(0.852641211012104,0.,0.522496856721466));
#11886=DIRECTION('',(0.,1.,0.));
#11887=DIRECTION('center_axis',(-0.64945089419172,0.,0.76040353499545));
#11888=DIRECTION('ref_axis',(0.76040353499545,0.,0.64945089419172));
#11889=DIRECTION('',(0.76040353499545,0.,0.64945089419172));
#11890=DIRECTION('',(0.,1.,0.));
#11891=DIRECTION('center_axis',(-0.760407286687667,0.,0.649446501532113));
#11892=DIRECTION('ref_axis',(0.649446501532113,0.,0.760407286687667));
#11893=DIRECTION('',(0.649446501532113,0.,0.760407286687667));
#11894=DIRECTION('',(0.,1.,0.));
#11895=DIRECTION('center_axis',(-0.852639137026568,0.,0.522500241158403));
#11896=DIRECTION('ref_axis',(0.522500241158403,0.,0.852639137026568));
#11897=DIRECTION('',(0.522500241158403,0.,0.852639137026568));
#11898=DIRECTION('',(0.,1.,0.));
#11899=DIRECTION('center_axis',(-0.923878871673129,0.,0.382685027765635));
#11900=DIRECTION('ref_axis',(0.382685027765635,0.,0.923878871673129));
#11901=DIRECTION('',(0.382685027765635,0.,0.923878871673129));
#11902=DIRECTION('',(0.,1.,0.));
#11903=DIRECTION('center_axis',(-0.972371439236983,0.,0.233439037344224));
#11904=DIRECTION('ref_axis',(0.233439037344224,0.,0.972371439236983));
#11905=DIRECTION('',(0.233439037344224,0.,0.972371439236983));
#11906=DIRECTION('',(0.,1.,0.));
#11907=DIRECTION('center_axis',(-0.996917208283582,0.,0.0784606896991689));
#11908=DIRECTION('ref_axis',(0.0784606896991689,0.,0.996917208283582));
#11909=DIRECTION('',(0.0784606896991689,0.,0.996917208283582));
#11910=DIRECTION('',(0.,1.,0.));
#11911=DIRECTION('center_axis',(-1.,0.,0.));
#11912=DIRECTION('ref_axis',(0.,0.,1.));
#11913=DIRECTION('',(0.,0.,1.));
#11914=DIRECTION('',(0.,1.,0.));
#11915=DIRECTION('center_axis',(-0.996917208283582,0.,-0.0784606896991689));
#11916=DIRECTION('ref_axis',(-0.0784606896991689,0.,0.996917208283582));
#11917=DIRECTION('',(-0.0784606896991689,0.,0.996917208283582));
#11918=DIRECTION('',(0.,1.,0.));
#11919=DIRECTION('center_axis',(-0.972371646229076,0.,-0.233438175133712));
#11920=DIRECTION('ref_axis',(-0.233438175133712,0.,0.972371646229076));
#11921=DIRECTION('',(-0.233438175133712,0.,0.972371646229076));
#11922=DIRECTION('',(0.,1.,0.));
#11923=DIRECTION('center_axis',(-0.923878315397203,0.,-0.382686370725202));
#11924=DIRECTION('ref_axis',(-0.382686370725202,0.,0.923878315397203));
#11925=DIRECTION('',(-0.382686370725202,0.,0.923878315397203));
#11926=DIRECTION('',(0.,1.,0.));
#11927=DIRECTION('center_axis',(-0.852640174024374,0.,-0.522498548935483));
#11928=DIRECTION('ref_axis',(-0.522498548935483,0.,0.852640174024374));
#11929=DIRECTION('',(-0.522498548935483,0.,0.852640174024374));
#11930=DIRECTION('',(0.,1.,0.));
#11931=DIRECTION('center_axis',(-0.760407286687667,0.,-0.649446501532113));
#11932=DIRECTION('ref_axis',(-0.649446501532113,0.,0.760407286687667));
#11933=DIRECTION('',(-0.649446501532113,0.,0.760407286687667));
#11934=DIRECTION('',(0.,1.,0.));
#11935=DIRECTION('center_axis',(-0.649448697870043,0.,-0.760405410840103));
#11936=DIRECTION('ref_axis',(-0.760405410840103,0.,0.649448697870043));
#11937=DIRECTION('',(-0.760405410840103,0.,0.649448697870043));
#11938=DIRECTION('',(0.,1.,0.));
#11939=DIRECTION('center_axis',(-0.522496856721466,0.,-0.852641211012104));
#11940=DIRECTION('ref_axis',(-0.852641211012104,0.,0.522496856721466));
#11941=DIRECTION('',(-0.852641211012104,0.,0.522496856721466));
#11942=DIRECTION('',(0.,1.,0.));
#11943=DIRECTION('center_axis',(-0.382684471506407,0.,-0.923879102084175));
#11944=DIRECTION('ref_axis',(-0.923879102084175,0.,0.382684471506407));
#11945=DIRECTION('',(-0.923879102084175,0.,0.382684471506407));
#11946=DIRECTION('',(0.,1.,0.));
#11947=DIRECTION('center_axis',(-0.23344449582548,0.,-0.972370128792934));
#11948=DIRECTION('ref_axis',(-0.972370128792934,0.,0.23344449582548));
#11949=DIRECTION('',(-0.972370128792934,0.,0.23344449582548));
#11950=DIRECTION('',(0.,1.,0.));
#11951=DIRECTION('center_axis',(-0.0784575088315742,0.,-0.996917458623302));
#11952=DIRECTION('ref_axis',(-0.996917458623302,0.,0.0784575088315742));
#11953=DIRECTION('',(-0.996917458623302,0.,0.0784575088315742));
#11954=DIRECTION('',(0.,1.,0.));
#11955=DIRECTION('center_axis',(0.,0.,-1.));
#11956=DIRECTION('ref_axis',(-1.,0.,0.));
#11957=DIRECTION('',(-1.,0.,0.));
#11958=DIRECTION('',(0.,1.,0.));
#11959=DIRECTION('center_axis',(0.0784575088315742,0.,-0.996917458623302));
#11960=DIRECTION('ref_axis',(-0.996917458623302,0.,-0.0784575088315742));
#11961=DIRECTION('',(-0.996917458623302,0.,-0.0784575088315742));
#11962=DIRECTION('',(0.,1.,0.));
#11963=DIRECTION('center_axis',(0.23344449582548,0.,-0.972370128792934));
#11964=DIRECTION('ref_axis',(-0.972370128792934,0.,-0.23344449582548));
#11965=DIRECTION('',(-0.972370128792934,0.,-0.23344449582548));
#11966=DIRECTION('',(0.,1.,0.));
#11967=DIRECTION('center_axis',(0.382684471506407,0.,-0.923879102084175));
#11968=DIRECTION('ref_axis',(-0.923879102084175,0.,-0.382684471506407));
#11969=DIRECTION('',(-0.923879102084175,0.,-0.382684471506407));
#11970=DIRECTION('',(0.,1.,0.));
#11971=DIRECTION('center_axis',(0.522496856721466,0.,-0.852641211012104));
#11972=DIRECTION('ref_axis',(-0.852641211012104,0.,-0.522496856721466));
#11973=DIRECTION('',(-0.852641211012104,0.,-0.522496856721466));
#11974=DIRECTION('',(0.,1.,0.));
#11975=DIRECTION('center_axis',(0.649448697870043,0.,-0.760405410840103));
#11976=DIRECTION('ref_axis',(-0.760405410840103,0.,-0.649448697870043));
#11977=DIRECTION('',(-0.760405410840103,0.,-0.649448697870043));
#11978=DIRECTION('',(0.,1.,0.));
#11979=DIRECTION('center_axis',(0.760407286687667,0.,-0.649446501532113));
#11980=DIRECTION('ref_axis',(-0.649446501532113,0.,-0.760407286687667));
#11981=DIRECTION('',(-0.649446501532113,0.,-0.760407286687667));
#11982=DIRECTION('',(0.,1.,0.));
#11983=DIRECTION('center_axis',(0.852640174024374,0.,-0.522498548935483));
#11984=DIRECTION('ref_axis',(-0.522498548935483,0.,-0.852640174024374));
#11985=DIRECTION('',(-0.522498548935483,0.,-0.852640174024374));
#11986=DIRECTION('',(0.,1.,0.));
#11987=DIRECTION('center_axis',(0.923878315397203,0.,-0.382686370725202));
#11988=DIRECTION('ref_axis',(-0.382686370725202,0.,-0.923878315397203));
#11989=DIRECTION('',(-0.382686370725202,0.,-0.923878315397203));
#11990=DIRECTION('',(0.,1.,0.));
#11991=DIRECTION('center_axis',(0.972371646229076,0.,-0.233438175133712));
#11992=DIRECTION('ref_axis',(-0.233438175133712,0.,-0.972371646229076));
#11993=DIRECTION('',(-0.233438175133712,0.,-0.972371646229076));
#11994=DIRECTION('',(0.,1.,0.));
#11995=DIRECTION('center_axis',(0.996917208283582,0.,-0.0784606896991689));
#11996=DIRECTION('ref_axis',(-0.0784606896991689,0.,-0.996917208283582));
#11997=DIRECTION('',(-0.0784606896991689,0.,-0.996917208283582));
#11998=DIRECTION('',(0.,1.,0.));
#11999=DIRECTION('center_axis',(1.,0.,0.));
#12000=DIRECTION('ref_axis',(0.,0.,-1.));
#12001=DIRECTION('',(0.,0.,-1.));
#12002=DIRECTION('',(0.,1.,0.));
#12003=DIRECTION('center_axis',(0.996917208283582,0.,0.0784606896991689));
#12004=DIRECTION('ref_axis',(0.0784606896991689,0.,-0.996917208283582));
#12005=DIRECTION('',(0.0784606896991689,0.,-0.996917208283582));
#12006=DIRECTION('',(0.,1.,0.));
#12007=DIRECTION('center_axis',(0.972371439236983,0.,0.233439037344224));
#12008=DIRECTION('ref_axis',(0.233439037344224,0.,-0.972371439236983));
#12009=DIRECTION('',(0.233439037344224,0.,-0.972371439236983));
#12010=DIRECTION('',(0.,1.,0.));
#12011=DIRECTION('center_axis',(0.923878871673129,0.,0.382685027765635));
#12012=DIRECTION('ref_axis',(0.382685027765635,0.,-0.923878871673129));
#12013=DIRECTION('',(0.382685027765635,0.,-0.923878871673129));
#12014=DIRECTION('',(0.,1.,0.));
#12015=DIRECTION('center_axis',(0.852639137026568,0.,0.522500241158403));
#12016=DIRECTION('ref_axis',(0.522500241158403,0.,-0.852639137026568));
#12017=DIRECTION('',(0.522500241158403,0.,-0.852639137026568));
#12018=DIRECTION('',(0.,1.,0.));
#12019=DIRECTION('center_axis',(0.760407286687667,0.,0.649446501532113));
#12020=DIRECTION('ref_axis',(0.649446501532113,0.,-0.760407286687667));
#12021=DIRECTION('',(0.649446501532113,0.,-0.760407286687667));
#12022=DIRECTION('',(0.,1.,0.));
#12023=DIRECTION('center_axis',(0.64945089419172,0.,0.76040353499545));
#12024=DIRECTION('ref_axis',(0.76040353499545,0.,-0.64945089419172));
#12025=DIRECTION('',(0.76040353499545,0.,-0.64945089419172));
#12026=DIRECTION('',(0.,1.,0.));
#12027=DIRECTION('center_axis',(0.522496856721466,0.,0.852641211012104));
#12028=DIRECTION('ref_axis',(0.852641211012104,0.,-0.522496856721466));
#12029=DIRECTION('',(0.852641211012104,0.,-0.522496856721466));
#12030=DIRECTION('',(0.,1.,0.));
#12031=DIRECTION('center_axis',(0.382681229305289,0.,0.923880445045458));
#12032=DIRECTION('ref_axis',(0.923880445045458,0.,-0.382681229305289));
#12033=DIRECTION('',(0.923880445045458,0.,-0.382681229305289));
#12034=DIRECTION('',(0.,1.,0.));
#12035=DIRECTION('center_axis',(0.23344449582548,0.,0.972370128792934));
#12036=DIRECTION('ref_axis',(0.972370128792934,0.,-0.23344449582548));
#12037=DIRECTION('',(0.972370128792934,0.,-0.23344449582548));
#12038=DIRECTION('',(0.,1.,0.));
#12039=DIRECTION('center_axis',(0.078461283923438,0.,0.996917161515984));
#12040=DIRECTION('ref_axis',(0.996917161515984,0.,-0.078461283923438));
#12041=DIRECTION('',(0.996917161515984,0.,-0.078461283923438));
#12042=DIRECTION('',(0.,1.,0.));
#12043=DIRECTION('center_axis',(0.,0.,1.));
#12044=DIRECTION('ref_axis',(1.,0.,0.));
#12045=DIRECTION('',(1.,0.,0.));
#12046=DIRECTION('',(0.,1.,0.));
#12047=DIRECTION('center_axis',(-0.078461283923438,0.,0.996917161515984));
#12048=DIRECTION('ref_axis',(0.996917161515984,0.,0.078461283923438));
#12049=DIRECTION('',(0.996917161515984,0.,0.078461283923438));
#12050=DIRECTION('',(0.,1.,0.));
#12051=DIRECTION('center_axis',(-0.23344449582548,0.,0.972370128792934));
#12052=DIRECTION('ref_axis',(0.972370128792934,0.,0.23344449582548));
#12053=DIRECTION('',(0.972370128792934,0.,0.23344449582548));
#12054=DIRECTION('',(0.,1.,0.));
#12055=DIRECTION('center_axis',(-0.382681229305289,0.,0.923880445045458));
#12056=DIRECTION('ref_axis',(0.923880445045458,0.,0.382681229305289));
#12057=DIRECTION('',(0.923880445045458,0.,0.382681229305289));
#12058=DIRECTION('center_axis',(0.23344449582548,0.,0.972370128792934));
#12059=DIRECTION('ref_axis',(0.972370128792934,0.,-0.23344449582548));
#12060=DIRECTION('',(0.,1.,0.));
#12061=DIRECTION('',(0.972370128792934,0.,-0.23344449582548));
#12062=DIRECTION('',(0.,1.,0.));
#12063=DIRECTION('center_axis',(0.0784624723988953,0.,0.996917067977599));
#12064=DIRECTION('ref_axis',(0.996917067977599,0.,-0.0784624723988953));
#12065=DIRECTION('',(0.996917067977599,0.,-0.0784624723988953));
#12066=DIRECTION('',(0.,1.,0.));
#12067=DIRECTION('center_axis',(0.,0.,1.));
#12068=DIRECTION('ref_axis',(1.,0.,0.));
#12069=DIRECTION('',(1.,0.,0.));
#12070=DIRECTION('',(0.,1.,0.));
#12071=DIRECTION('center_axis',(-0.0784600954838725,0.,0.996917255050118));
#12072=DIRECTION('ref_axis',(0.996917255050118,0.,0.0784600954838725));
#12073=DIRECTION('',(0.996917255050118,0.,0.0784600954838725));
#12074=DIRECTION('',(0.,1.,0.));
#12075=DIRECTION('center_axis',(-0.23344449582548,0.,0.972370128792934));
#12076=DIRECTION('ref_axis',(0.972370128792934,0.,0.23344449582548));
#12077=DIRECTION('',(0.972370128792934,0.,0.23344449582548));
#12078=DIRECTION('',(0.,1.,0.));
#12079=DIRECTION('center_axis',(-0.382681229305289,0.,0.923880445045458));
#12080=DIRECTION('ref_axis',(0.923880445045458,0.,0.382681229305289));
#12081=DIRECTION('',(0.923880445045458,0.,0.382681229305289));
#12082=DIRECTION('',(0.,1.,0.));
#12083=DIRECTION('center_axis',(-0.522496856721466,0.,0.852641211012104));
#12084=DIRECTION('ref_axis',(0.852641211012104,0.,0.522496856721466));
#12085=DIRECTION('',(0.852641211012104,0.,0.522496856721466));
#12086=DIRECTION('',(0.,1.,0.));
#12087=DIRECTION('center_axis',(-0.649443390874001,0.,0.760409943418732));
#12088=DIRECTION('ref_axis',(0.760409943418732,0.,0.649443390874001));
#12089=DIRECTION('',(0.760409943418732,0.,0.649443390874001));
#12090=DIRECTION('',(0.,1.,0.));
#12091=DIRECTION('center_axis',(-0.760407286687667,0.,0.649446501532113));
#12092=DIRECTION('ref_axis',(0.649446501532113,0.,0.760407286687667));
#12093=DIRECTION('',(0.649446501532113,0.,0.760407286687667));
#12094=DIRECTION('',(0.,1.,0.));
#12095=DIRECTION('center_axis',(-0.852645905918241,0.,0.522489195219253));
#12096=DIRECTION('ref_axis',(0.522489195219253,0.,0.85264590591824));
#12097=DIRECTION('',(0.522489195219253,0.,0.85264590591824));
#12098=DIRECTION('',(0.,1.,0.));
#12099=DIRECTION('center_axis',(-0.923884243434374,0.,0.382672058992676));
#12100=DIRECTION('ref_axis',(0.382672058992676,0.,0.923884243434374));
#12101=DIRECTION('',(0.382672058992676,0.,0.923884243434374));
#12102=DIRECTION('',(0.,1.,0.));
#12103=DIRECTION('center_axis',(-0.972364541152592,0.,0.233467768887077));
#12104=DIRECTION('ref_axis',(0.233467768887077,0.,0.972364541152592));
#12105=DIRECTION('',(0.233467768887077,0.,0.972364541152592));
#12106=DIRECTION('',(0.,1.,0.));
#12107=DIRECTION('center_axis',(-0.996917208283582,0.,0.0784606896991689));
#12108=DIRECTION('ref_axis',(0.0784606896991689,0.,0.996917208283582));
#12109=DIRECTION('',(0.0784606896991689,0.,0.996917208283582));
#12110=DIRECTION('',(0.,1.,0.));
#12111=DIRECTION('center_axis',(-1.,0.,0.));
#12112=DIRECTION('ref_axis',(0.,0.,1.));
#12113=DIRECTION('',(0.,0.,1.));
#12114=DIRECTION('',(0.,1.,0.));
#12115=DIRECTION('center_axis',(-0.996917208283582,0.,-0.0784606896991689));
#12116=DIRECTION('ref_axis',(-0.0784606896991689,0.,0.996917208283582));
#12117=DIRECTION('',(-0.0784606896991689,0.,0.996917208283582));
#12118=DIRECTION('',(0.,1.,0.));
#12119=DIRECTION('center_axis',(-0.972364748194172,0.,-0.233466906582679));
#12120=DIRECTION('ref_axis',(-0.233466906582679,0.,0.972364748194172));
#12121=DIRECTION('',(-0.233466906582679,0.,0.972364748194172));
#12122=DIRECTION('',(0.,1.,0.));
#12123=DIRECTION('center_axis',(-0.923883687192916,0.,-0.382673401922348));
#12124=DIRECTION('ref_axis',(-0.382673401922348,0.,0.923883687192916));
#12125=DIRECTION('',(-0.382673401922348,0.,0.923883687192916));
#12126=DIRECTION('',(0.,1.,0.));
#12127=DIRECTION('center_axis',(-0.852646942880433,0.,-0.522487503005241));
#12128=DIRECTION('ref_axis',(-0.522487503005241,0.,0.852646942880433));
#12129=DIRECTION('',(-0.522487503005241,0.,0.852646942880433));
#12130=DIRECTION('',(0.,1.,0.));
#12131=DIRECTION('center_axis',(-0.760407286687667,0.,-0.649446501532113));
#12132=DIRECTION('ref_axis',(-0.649446501532113,0.,0.760407286687667));
#12133=DIRECTION('',(-0.649446501532113,0.,0.760407286687667));
#12134=DIRECTION('',(0.,1.,0.));
#12135=DIRECTION('center_axis',(-0.64944119454068,0.,-0.76041181923585));
#12136=DIRECTION('ref_axis',(-0.76041181923585,0.,0.64944119454068));
#12137=DIRECTION('',(-0.76041181923585,0.,0.64944119454068));
#12138=DIRECTION('',(0.,1.,0.));
#12139=DIRECTION('center_axis',(-0.522496856721466,0.,-0.852641211012104));
#12140=DIRECTION('ref_axis',(-0.852641211012104,0.,0.522496856721466));
#12141=DIRECTION('',(-0.852641211012104,0.,0.522496856721466));
#12142=DIRECTION('',(0.,1.,0.));
#12143=DIRECTION('center_axis',(-0.382684471506407,0.,-0.923879102084175));
#12144=DIRECTION('ref_axis',(-0.923879102084175,0.,0.382684471506407));
#12145=DIRECTION('',(-0.923879102084175,0.,0.382684471506407));
#12146=DIRECTION('',(0.,1.,0.));
#12147=DIRECTION('center_axis',(-0.23344449582548,0.,-0.972370128792934));
#12148=DIRECTION('ref_axis',(-0.972370128792934,0.,0.23344449582548));
#12149=DIRECTION('',(-0.972370128792934,0.,0.23344449582548));
#12150=DIRECTION('',(0.,1.,0.));
#12151=DIRECTION('center_axis',(-0.078456320448481,0.,-0.996917552148464));
#12152=DIRECTION('ref_axis',(-0.996917552148464,0.,0.078456320448481));
#12153=DIRECTION('',(-0.996917552148464,0.,0.078456320448481));
#12154=DIRECTION('',(0.,1.,0.));
#12155=DIRECTION('center_axis',(0.,0.,-1.));
#12156=DIRECTION('ref_axis',(-1.,0.,0.));
#12157=DIRECTION('',(-1.,0.,0.));
#12158=DIRECTION('',(0.,1.,0.));
#12159=DIRECTION('center_axis',(0.0784586972505575,0.,-0.996917365093891));
#12160=DIRECTION('ref_axis',(-0.99691736509389,0.,-0.0784586972505575));
#12161=DIRECTION('',(-0.99691736509389,0.,-0.0784586972505575));
#12162=DIRECTION('',(0.,1.,0.));
#12163=DIRECTION('center_axis',(0.23344449582548,0.,-0.972370128792934));
#12164=DIRECTION('ref_axis',(-0.972370128792934,0.,-0.23344449582548));
#12165=DIRECTION('',(-0.972370128792934,0.,-0.23344449582548));
#12166=DIRECTION('',(0.,1.,0.));
#12167=DIRECTION('center_axis',(0.382684471506407,0.,-0.923879102084175));
#12168=DIRECTION('ref_axis',(-0.923879102084175,0.,-0.382684471506407));
#12169=DIRECTION('',(-0.923879102084175,0.,-0.382684471506407));
#12170=DIRECTION('',(0.,1.,0.));
#12171=DIRECTION('center_axis',(0.522496856721466,0.,-0.852641211012104));
#12172=DIRECTION('ref_axis',(-0.852641211012104,0.,-0.522496856721466));
#12173=DIRECTION('',(-0.852641211012104,0.,-0.522496856721466));
#12174=DIRECTION('',(0.,1.,0.));
#12175=DIRECTION('center_axis',(0.64944119454068,0.,-0.76041181923585));
#12176=DIRECTION('ref_axis',(-0.76041181923585,0.,-0.64944119454068));
#12177=DIRECTION('',(-0.76041181923585,0.,-0.64944119454068));
#12178=DIRECTION('',(0.,1.,0.));
#12179=DIRECTION('center_axis',(0.760407286687667,0.,-0.649446501532113));
#12180=DIRECTION('ref_axis',(-0.649446501532113,0.,-0.760407286687667));
#12181=DIRECTION('',(-0.649446501532113,0.,-0.760407286687667));
#12182=DIRECTION('',(0.,1.,0.));
#12183=DIRECTION('center_axis',(0.852646942880433,0.,-0.522487503005241));
#12184=DIRECTION('ref_axis',(-0.522487503005241,0.,-0.852646942880433));
#12185=DIRECTION('',(-0.522487503005241,0.,-0.852646942880433));
#12186=DIRECTION('',(0.,1.,0.));
#12187=DIRECTION('center_axis',(0.923872943481914,0.,-0.382699339301839));
#12188=DIRECTION('ref_axis',(-0.382699339301839,0.,-0.923872943481914));
#12189=DIRECTION('',(-0.382699339301839,0.,-0.923872943481914));
#12190=DIRECTION('',(0.,1.,0.));
#12191=DIRECTION('center_axis',(0.972371646229076,0.,-0.233438175133712));
#12192=DIRECTION('ref_axis',(-0.233438175133712,0.,-0.972371646229076));
#12193=DIRECTION('',(-0.233438175133712,0.,-0.972371646229076));
#12194=DIRECTION('',(0.,1.,0.));
#12195=DIRECTION('center_axis',(0.996917208283582,0.,-0.0784606896991689));
#12196=DIRECTION('ref_axis',(-0.0784606896991689,0.,-0.996917208283582));
#12197=DIRECTION('',(-0.0784606896991689,0.,-0.996917208283582));
#12198=DIRECTION('',(0.,1.,0.));
#12199=DIRECTION('center_axis',(1.,0.,0.));
#12200=DIRECTION('ref_axis',(0.,0.,-1.));
#12201=DIRECTION('',(0.,0.,-1.));
#12202=DIRECTION('',(0.,1.,0.));
#12203=DIRECTION('center_axis',(0.996917208283582,0.,0.0784606896991689));
#12204=DIRECTION('ref_axis',(0.0784606896991689,0.,-0.996917208283582));
#12205=DIRECTION('',(0.0784606896991689,0.,-0.996917208283582));
#12206=DIRECTION('',(0.,1.,0.));
#12207=DIRECTION('center_axis',(0.972371439236983,0.,0.233439037344224));
#12208=DIRECTION('ref_axis',(0.233439037344224,0.,-0.972371439236983));
#12209=DIRECTION('',(0.233439037344224,0.,-0.972371439236983));
#12210=DIRECTION('',(0.,1.,0.));
#12211=DIRECTION('center_axis',(0.923873499792309,0.,0.382697996312379));
#12212=DIRECTION('ref_axis',(0.382697996312379,0.,-0.923873499792309));
#12213=DIRECTION('',(0.382697996312379,0.,-0.923873499792309));
#12214=DIRECTION('',(0.,1.,0.));
#12215=DIRECTION('center_axis',(0.852645905918241,0.,0.522489195219253));
#12216=DIRECTION('ref_axis',(0.522489195219253,0.,-0.85264590591824));
#12217=DIRECTION('',(0.522489195219253,0.,-0.85264590591824));
#12218=DIRECTION('',(0.,1.,0.));
#12219=DIRECTION('center_axis',(0.760407286687667,0.,0.649446501532113));
#12220=DIRECTION('ref_axis',(0.649446501532113,0.,-0.760407286687667));
#12221=DIRECTION('',(0.649446501532113,0.,-0.760407286687667));
#12222=DIRECTION('',(0.,1.,0.));
#12223=DIRECTION('center_axis',(0.649443390874001,0.,0.760409943418732));
#12224=DIRECTION('ref_axis',(0.760409943418732,0.,-0.649443390874001));
#12225=DIRECTION('',(0.760409943418732,0.,-0.649443390874001));
#12226=DIRECTION('',(0.,1.,0.));
#12227=DIRECTION('center_axis',(0.522496856721466,0.,0.852641211012104));
#12228=DIRECTION('ref_axis',(0.852641211012104,0.,-0.522496856721466));
#12229=DIRECTION('',(0.852641211012104,0.,-0.522496856721466));
#12230=DIRECTION('',(0.,1.,0.));
#12231=DIRECTION('center_axis',(0.382681229305289,0.,0.923880445045458));
#12232=DIRECTION('ref_axis',(0.923880445045458,0.,-0.382681229305289));
#12233=DIRECTION('',(0.923880445045458,0.,-0.382681229305289));
#12234=DIRECTION('center_axis',(0.,-8.88947023261922E-17,-1.));
#12235=DIRECTION('ref_axis',(0.,-1.,8.88947023261922E-17));
#12236=DIRECTION('',(0.0290100815437894,0.999579119014009,-8.88572882362278E-17));
#12237=DIRECTION('',(-0.0290100738623592,0.999579119236942,-8.88572882560454E-17));
#12238=DIRECTION('',(1.,0.,0.));
#12239=DIRECTION('center_axis',(-1.,0.,0.));
#12240=DIRECTION('ref_axis',(0.,-1.,-1.11022302462516E-15));
#12241=DIRECTION('center_axis',(0.999579119236942,0.0290100738623592,0.));
#12242=DIRECTION('ref_axis',(0.0290100738623592,-0.999579119236942,-1.10975575311139E-15));
#12243=DIRECTION('',(-1.,0.,0.));
#12244=DIRECTION('center_axis',(0.,-1.,0.));
#12245=DIRECTION('ref_axis',(0.,0.,1.));
#12246=DIRECTION('',(0.,0.,-1.));
#12247=DIRECTION('',(1.,0.,0.));
#12248=DIRECTION('center_axis',(-1.,0.,0.));
#12249=DIRECTION('ref_axis',(0.,7.40148683083438E-16,1.));
#12250=DIRECTION('center_axis',(0.999579119236942,0.0290100738623592,0.));
#12251=DIRECTION('ref_axis',(-0.0290100738623592,0.999579119236942,-7.39837168740925E-16));
#12252=DIRECTION('',(1.,0.,0.));
#12253=DIRECTION('center_axis',(0.,0.,1.));
#12254=DIRECTION('ref_axis',(0.,1.,0.));
#12255=DIRECTION('',(0.0290100738623592,-0.999579119236942,0.));
#12256=DIRECTION('',(-0.0290100815437894,-0.999579119014009,0.));
#12257=DIRECTION('center_axis',(-0.397144960773748,-0.917755893542514,0.));
#12258=DIRECTION('ref_axis',(-0.917755893542514,0.397144960773748,0.));
#12259=DIRECTION('',(0.917755893542514,-0.397144960773748,0.));
#12260=DIRECTION('',(0.,0.,-1.));
#12261=DIRECTION('',(-0.917755893542514,0.397144960773748,0.));
#12262=DIRECTION('center_axis',(0.,0.,-1.));
#12263=DIRECTION('ref_axis',(-1.,0.,0.));
#12264=DIRECTION('',(-0.000887708160157846,0.999999605987034,0.));
#12265=DIRECTION('',(-1.,0.,0.));
#12266=DIRECTION('',(-0.940879978483081,0.338740115855322,0.));
#12267=DIRECTION('',(-0.960293168161039,0.278992887334486,0.));
#12268=DIRECTION('center_axis',(-0.985869990889378,0.,0.167512271382659));
#12269=DIRECTION('ref_axis',(-0.167512271382658,0.,-0.985869990889378));
#12270=DIRECTION('',(-0.167512271382658,0.,-0.985869990889378));
#12271=DIRECTION('',(0.,-1.,0.));
#12272=DIRECTION('',(0.,-1.,0.));
#12273=DIRECTION('center_axis',(-0.960917906800439,0.,0.276833481338987));
#12274=DIRECTION('ref_axis',(-0.276833481338987,0.,-0.960917906800439));
#12275=DIRECTION('',(-0.276833481338987,0.,-0.960917906800439));
#12276=DIRECTION('',(0.,-1.,0.));
#12277=DIRECTION('center_axis',(-0.923876125869169,0.,0.382691656623155));
#12278=DIRECTION('ref_axis',(-0.382691656623155,0.,-0.923876125869169));
#12279=DIRECTION('',(-0.382691656623155,0.,-0.923876125869169));
#12280=DIRECTION('',(0.,-1.,0.));
#12281=DIRECTION('center_axis',(-0.875222704802924,0.,0.483720184608265));
#12282=DIRECTION('ref_axis',(-0.483720184608265,0.,-0.875222704802924));
#12283=DIRECTION('',(-0.483720184608265,0.,-0.875222704802924));
#12284=DIRECTION('',(0.,-1.,0.));
#12285=DIRECTION('center_axis',(-0.815561359326934,0.,0.578670605070626));
#12286=DIRECTION('ref_axis',(-0.578670605070626,0.,-0.815561359326934));
#12287=DIRECTION('',(-0.578670605070626,0.,-0.815561359326934));
#12288=DIRECTION('',(0.,-1.,0.));
#12289=DIRECTION('center_axis',(-0.745650706442241,0.,0.666337019819691));
#12290=DIRECTION('ref_axis',(-0.666337019819691,0.,-0.745650706442241));
#12291=DIRECTION('',(-0.666337019819691,0.,-0.745650706442241));
#12292=DIRECTION('',(0.,-1.,0.));
#12293=DIRECTION('center_axis',(-0.666340603667418,0.,0.745647503787239));
#12294=DIRECTION('ref_axis',(-0.745647503787239,0.,-0.666340603667418));
#12295=DIRECTION('',(-0.745647503787239,0.,-0.666340603667418));
#12296=DIRECTION('',(0.,-1.,0.));
#12297=DIRECTION('center_axis',(-0.578673113516258,0.,0.815559579487238));
#12298=DIRECTION('ref_axis',(-0.815559579487238,0.,-0.578673113516258));
#12299=DIRECTION('',(-0.815559579487238,0.,-0.578673113516258));
#12300=DIRECTION('',(0.,-1.,0.));
#12301=DIRECTION('center_axis',(-0.483720613603464,0.,0.875222467704691));
#12302=DIRECTION('ref_axis',(-0.875222467704691,0.,-0.483720613603464));
#12303=DIRECTION('',(-0.875222467704691,0.,-0.483720613603464));
#12304=DIRECTION('',(0.,-1.,0.));
#12305=DIRECTION('center_axis',(-0.382685240664413,0.,0.923878783487109));
#12306=DIRECTION('ref_axis',(-0.923878783487109,0.,-0.382685240664413));
#12307=DIRECTION('',(-0.923878783487109,0.,-0.382685240664413));
#12308=DIRECTION('',(0.,-1.,0.));
#12309=DIRECTION('center_axis',(-0.276834895247505,0.,0.96091749946252));
#12310=DIRECTION('ref_axis',(-0.96091749946252,0.,-0.276834895247505));
#12311=DIRECTION('',(-0.96091749946252,0.,-0.276834895247505));
#12312=DIRECTION('',(0.,-1.,0.));
#12313=DIRECTION('center_axis',(-0.167506227628528,0.,0.985871017783594));
#12314=DIRECTION('ref_axis',(-0.985871017783594,0.,-0.167506227628528));
#12315=DIRECTION('',(-0.985871017783594,0.,-0.167506227628528));
#12316=DIRECTION('',(0.,-1.,0.));
#12317=DIRECTION('center_axis',(-0.056069955722856,0.,0.998426842620548));
#12318=DIRECTION('ref_axis',(-0.998426842620548,0.,-0.056069955722856));
#12319=DIRECTION('',(-0.998426842620548,0.,-0.056069955722856));
#12320=DIRECTION('',(0.,-1.,0.));
#12321=DIRECTION('center_axis',(0.,0.,1.));
#12322=DIRECTION('ref_axis',(-1.,0.,0.));
#12323=DIRECTION('',(-1.,0.,0.));
#12324=DIRECTION('',(0.,-1.,0.));
#12325=DIRECTION('center_axis',(0.056069955722856,0.,0.998426842620548));
#12326=DIRECTION('ref_axis',(-0.998426842620548,0.,0.056069955722856));
#12327=DIRECTION('',(-0.998426842620548,0.,0.056069955722856));
#12328=DIRECTION('',(0.,-1.,0.));
#12329=DIRECTION('center_axis',(0.167506227628528,0.,0.985871017783594));
#12330=DIRECTION('ref_axis',(-0.985871017783594,0.,0.167506227628528));
#12331=DIRECTION('',(-0.985871017783594,0.,0.167506227628528));
#12332=DIRECTION('',(0.,-1.,0.));
#12333=DIRECTION('center_axis',(0.276834895247505,0.,0.96091749946252));
#12334=DIRECTION('ref_axis',(-0.96091749946252,0.,0.276834895247505));
#12335=DIRECTION('',(-0.96091749946252,0.,0.276834895247505));
#12336=DIRECTION('',(0.,-1.,0.));
#12337=DIRECTION('center_axis',(0.382685240664413,0.,0.923878783487109));
#12338=DIRECTION('ref_axis',(-0.923878783487109,0.,0.382685240664413));
#12339=DIRECTION('',(-0.923878783487109,0.,0.382685240664413));
#12340=DIRECTION('',(0.,-1.,0.));
#12341=DIRECTION('center_axis',(0.483711612702276,0.,0.875227442289696));
#12342=DIRECTION('ref_axis',(-0.875227442289696,0.,0.483711612702276));
#12343=DIRECTION('',(-0.875227442289696,0.,0.483711612702276));
#12344=DIRECTION('',(0.,-1.,0.));
#12345=DIRECTION('center_axis',(0.578673113516258,0.,0.815559579487238));
#12346=DIRECTION('ref_axis',(-0.815559579487238,0.,0.578673113516258));
#12347=DIRECTION('',(-0.815559579487238,0.,0.578673113516258));
#12348=DIRECTION('',(0.,-1.,0.));
#12349=DIRECTION('center_axis',(0.6663511671475,0.,0.745638063701931));
#12350=DIRECTION('ref_axis',(-0.745638063701931,0.,0.6663511671475));
#12351=DIRECTION('',(-0.745638063701931,0.,0.6663511671475));
#12352=DIRECTION('',(0.,-1.,0.));
#12353=DIRECTION('center_axis',(0.745640142934181,0.,0.666348840507053));
#12354=DIRECTION('ref_axis',(-0.666348840507053,0.,0.745640142934181));
#12355=DIRECTION('',(-0.666348840507053,0.,0.745640142934181));
#12356=DIRECTION('',(0.,-1.,0.));
#12357=DIRECTION('center_axis',(0.815561359326934,0.,0.578670605070626));
#12358=DIRECTION('ref_axis',(-0.578670605070626,0.,0.815561359326934));
#12359=DIRECTION('',(-0.578670605070626,0.,0.815561359326934));
#12360=DIRECTION('',(0.,-1.,0.));
#12361=DIRECTION('center_axis',(0.875222704802924,0.,0.483720184608265));
#12362=DIRECTION('ref_axis',(-0.483720184608265,0.,0.875222704802924));
#12363=DIRECTION('',(-0.483720184608265,0.,0.875222704802924));
#12364=DIRECTION('',(0.,-1.,0.));
#12365=DIRECTION('center_axis',(0.923883642659969,0.,0.382673509437675));
#12366=DIRECTION('ref_axis',(-0.382673509437675,0.,0.923883642659969));
#12367=DIRECTION('',(-0.382673509437675,0.,0.923883642659969));
#12368=DIRECTION('',(0.,-1.,0.));
#12369=DIRECTION('center_axis',(0.960912251026814,0.,0.276853112365712));
#12370=DIRECTION('ref_axis',(-0.276853112365712,0.,0.960912251026814));
#12371=DIRECTION('',(-0.276853112365712,0.,0.960912251026814));
#12372=DIRECTION('',(0.,-1.,0.));
#12373=DIRECTION('center_axis',(0.985873501774024,0.,0.167491607251894));
#12374=DIRECTION('ref_axis',(-0.167491607251894,0.,0.985873501774024));
#12375=DIRECTION('',(-0.167491607251894,0.,0.985873501774024));
#12376=DIRECTION('',(0.,-1.,0.));
#12377=DIRECTION('center_axis',(0.998425966553098,0.,0.056085553509906));
#12378=DIRECTION('ref_axis',(-0.056085553509906,0.,0.998425966553098));
#12379=DIRECTION('',(-0.056085553509906,0.,0.998425966553098));
#12380=DIRECTION('',(0.,-1.,0.));
#12381=DIRECTION('center_axis',(1.,0.,0.));
#12382=DIRECTION('ref_axis',(0.,0.,1.));
#12383=DIRECTION('',(0.,0.,1.));
#12384=DIRECTION('',(0.,-1.,0.));
#12385=DIRECTION('center_axis',(0.998425974912718,0.,-0.0560854046931068));
#12386=DIRECTION('ref_axis',(0.0560854046931068,0.,0.998425974912718));
#12387=DIRECTION('',(0.0560854046931068,0.,0.998425974912718));
#12388=DIRECTION('',(0.,-1.,0.));
#12389=DIRECTION('center_axis',(0.985873501774024,0.,-0.167491607251894));
#12390=DIRECTION('ref_axis',(0.167491607251894,0.,0.985873501774024));
#12391=DIRECTION('',(0.167491607251894,0.,0.985873501774024));
#12392=DIRECTION('',(0.,-1.,0.));
#12393=DIRECTION('center_axis',(0.96091184363352,0.,-0.276854526357849));
#12394=DIRECTION('ref_axis',(0.276854526357849,0.,0.96091184363352));
#12395=DIRECTION('',(0.276854526357849,0.,0.96091184363352));
#12396=DIRECTION('',(0.,-1.,0.));
#12397=DIRECTION('center_axis',(0.923884031835238,0.,-0.382672569855568));
#12398=DIRECTION('ref_axis',(0.382672569855568,0.,0.923884031835238));
#12399=DIRECTION('',(0.382672569855568,0.,0.923884031835238));
#12400=DIRECTION('',(0.,-1.,0.));
#12401=DIRECTION('center_axis',(0.875222393886384,0.,-0.483720747166986));
#12402=DIRECTION('ref_axis',(0.483720747166986,0.,0.875222393886384));
#12403=DIRECTION('',(0.483720747166986,0.,0.875222393886384));
#12404=DIRECTION('',(0.,-1.,0.));
#12405=DIRECTION('center_axis',(0.81556091436918,0.,-0.578671232180508));
#12406=DIRECTION('ref_axis',(0.578671232180508,0.,0.81556091436918));
#12407=DIRECTION('',(0.578671232180508,0.,0.81556091436918));
#12408=DIRECTION('',(0.,-1.,0.));
#12409=DIRECTION('center_axis',(0.745640142934181,0.,-0.666348840507053));
#12410=DIRECTION('ref_axis',(0.666348840507053,0.,0.745640142934181));
#12411=DIRECTION('',(0.666348840507053,0.,0.745640142934181));
#12412=DIRECTION('',(0.,-1.,0.));
#12413=DIRECTION('center_axis',(0.666351905928132,0.,-0.745637403478357));
#12414=DIRECTION('ref_axis',(0.745637403478357,0.,0.666351905928132));
#12415=DIRECTION('',(0.745637403478357,0.,0.666351905928132));
#12416=DIRECTION('',(0.,-1.,0.));
#12417=DIRECTION('center_axis',(0.578672229685727,0.,-0.815560206600683));
#12418=DIRECTION('ref_axis',(0.815560206600683,0.,0.578672229685727));
#12419=DIRECTION('',(0.815560206600683,0.,0.578672229685727));
#12420=DIRECTION('',(0.,-1.,0.));
#12421=DIRECTION('center_axis',(0.483713648444268,0.,-0.875226317193865));
#12422=DIRECTION('ref_axis',(0.875226317193865,0.,0.483713648444268));
#12423=DIRECTION('',(0.875226317193865,0.,0.483713648444268));
#12424=DIRECTION('',(0.,-1.,0.));
#12425=DIRECTION('center_axis',(0.382682972283927,0.,-0.92387972308301));
#12426=DIRECTION('ref_axis',(0.92387972308301,0.,0.382682972283927));
#12427=DIRECTION('',(0.92387972308301,0.,0.382682972283927));
#12428=DIRECTION('',(0.,-1.,0.));
#12429=DIRECTION('center_axis',(0.276836122202057,0.,-0.960917145983007));
#12430=DIRECTION('ref_axis',(0.960917145983007,0.,0.276836122202057));
#12431=DIRECTION('',(0.960917145983007,0.,0.276836122202057));
#12432=DIRECTION('',(0.,-1.,0.));
#12433=DIRECTION('center_axis',(0.167504936129751,0.,-0.985871237217198));
#12434=DIRECTION('ref_axis',(0.985871237217198,0.,0.167504936129751));
#12435=DIRECTION('',(0.985871237217198,0.,0.167504936129751));
#12436=DIRECTION('',(0.,-1.,0.));
#12437=DIRECTION('center_axis',(0.0560712803430691,0.,-0.998426768231245));
#12438=DIRECTION('ref_axis',(0.998426768231245,0.,0.0560712803430691));
#12439=DIRECTION('',(0.998426768231245,0.,0.0560712803430691));
#12440=DIRECTION('',(0.,-1.,0.));
#12441=DIRECTION('center_axis',(0.,0.,-1.));
#12442=DIRECTION('ref_axis',(1.,0.,0.));
#12443=DIRECTION('',(1.,0.,0.));
#12444=DIRECTION('',(0.,-1.,0.));
#12445=DIRECTION('center_axis',(-0.0560712803430691,0.,-0.998426768231245));
#12446=DIRECTION('ref_axis',(0.998426768231245,0.,-0.0560712803430691));
#12447=DIRECTION('',(0.998426768231245,0.,-0.0560712803430691));
#12448=DIRECTION('',(0.,-1.,0.));
#12449=DIRECTION('center_axis',(-0.167504936129751,0.,-0.985871237217198));
#12450=DIRECTION('ref_axis',(0.985871237217198,0.,-0.167504936129751));
#12451=DIRECTION('',(0.985871237217198,0.,-0.167504936129751));
#12452=DIRECTION('',(0.,-1.,0.));
#12453=DIRECTION('center_axis',(-0.276836122202057,0.,-0.960917145983007));
#12454=DIRECTION('ref_axis',(0.960917145983007,0.,-0.276836122202057));
#12455=DIRECTION('',(0.960917145983007,0.,-0.276836122202057));
#12456=DIRECTION('',(0.,-1.,0.));
#12457=DIRECTION('center_axis',(-0.382682972283927,0.,-0.92387972308301));
#12458=DIRECTION('ref_axis',(0.92387972308301,0.,-0.382682972283927));
#12459=DIRECTION('',(0.92387972308301,0.,-0.382682972283927));
#12460=DIRECTION('',(0.,-1.,0.));
#12461=DIRECTION('center_axis',(-0.483722649360195,0.,-0.875221342573382));
#12462=DIRECTION('ref_axis',(0.875221342573382,0.,-0.483722649360195));
#12463=DIRECTION('',(0.875221342573382,0.,-0.483722649360195));
#12464=DIRECTION('',(0.,-1.,0.));
#12465=DIRECTION('center_axis',(-0.578672229685727,0.,-0.815560206600683));
#12466=DIRECTION('ref_axis',(0.815560206600683,0.,-0.578672229685727));
#12467=DIRECTION('',(0.815560206600683,0.,-0.578672229685727));
#12468=DIRECTION('',(0.,-1.,0.));
#12469=DIRECTION('center_axis',(-0.666341342455045,0.,-0.745646843576239));
#12470=DIRECTION('ref_axis',(0.745646843576239,0.,-0.666341342455045));
#12471=DIRECTION('',(0.745646843576239,0.,-0.666341342455045));
#12472=DIRECTION('',(0.,-1.,0.));
#12473=DIRECTION('center_axis',(-0.745650706442241,0.,-0.666337019819691));
#12474=DIRECTION('ref_axis',(0.666337019819691,0.,-0.745650706442241));
#12475=DIRECTION('',(0.666337019819691,0.,-0.745650706442241));
#12476=DIRECTION('',(0.,-1.,0.));
#12477=DIRECTION('center_axis',(-0.81556091436918,0.,-0.578671232180508));
#12478=DIRECTION('ref_axis',(0.578671232180508,0.,-0.81556091436918));
#12479=DIRECTION('',(0.578671232180508,0.,-0.81556091436918));
#12480=DIRECTION('',(0.,-1.,0.));
#12481=DIRECTION('center_axis',(-0.875222393886384,0.,-0.483720747166986));
#12482=DIRECTION('ref_axis',(0.483720747166986,0.,-0.875222393886384));
#12483=DIRECTION('',(0.483720747166986,0.,-0.875222393886384));
#12484=DIRECTION('',(0.,-1.,0.));
#12485=DIRECTION('center_axis',(-0.923876515078184,0.,-0.382690717011781));
#12486=DIRECTION('ref_axis',(0.382690717011781,0.,-0.923876515078184));
#12487=DIRECTION('',(0.382690717011781,0.,-0.923876515078184));
#12488=DIRECTION('',(0.,-1.,0.));
#12489=DIRECTION('center_axis',(-0.96091749946252,0.,-0.276834895247505));
#12490=DIRECTION('ref_axis',(0.276834895247505,0.,-0.96091749946252));
#12491=DIRECTION('',(0.276834895247505,0.,-0.96091749946252));
#12492=DIRECTION('',(0.,-1.,0.));
#12493=DIRECTION('center_axis',(-0.985869990889378,0.,-0.167512271382659));
#12494=DIRECTION('ref_axis',(0.167512271382658,0.,-0.985869990889378));
#12495=DIRECTION('',(0.167512271382658,0.,-0.985869990889378));
#12496=DIRECTION('',(0.,-1.,0.));
#12497=DIRECTION('center_axis',(-0.998427165220435,0.,-0.056064210953923));
#12498=DIRECTION('ref_axis',(0.056064210953923,0.,-0.998427165220435));
#12499=DIRECTION('',(0.056064210953923,0.,-0.998427165220435));
#12500=DIRECTION('',(0.,-1.,0.));
#12501=DIRECTION('center_axis',(-1.,0.,0.));
#12502=DIRECTION('ref_axis',(0.,0.,-1.));
#12503=DIRECTION('',(0.,0.,-1.));
#12504=DIRECTION('',(0.,-1.,0.));
#12505=DIRECTION('center_axis',(-0.998427156867122,0.,0.0560643597148415));
#12506=DIRECTION('ref_axis',(-0.0560643597148415,0.,-0.998427156867122));
#12507=DIRECTION('',(-0.0560643597148415,0.,-0.998427156867122));
#12508=DIRECTION('center_axis',(-0.985870868648801,0.,0.167507105370664));
#12509=DIRECTION('ref_axis',(-0.167507105370664,0.,-0.985870868648801));
#12510=DIRECTION('',(-0.167507105370664,0.,-0.985870868648801));
#12511=DIRECTION('',(0.,-1.,0.));
#12512=DIRECTION('',(0.,-1.,0.));
#12513=DIRECTION('center_axis',(-0.960917906800439,0.,0.276833481338987));
#12514=DIRECTION('ref_axis',(-0.276833481338987,0.,-0.960917906800439));
#12515=DIRECTION('',(-0.276833481338987,0.,-0.960917906800439));
#12516=DIRECTION('',(0.,-1.,0.));
#12517=DIRECTION('center_axis',(-0.92387800508882,0.,0.382687119868311));
#12518=DIRECTION('ref_axis',(-0.382687119868311,0.,-0.92387800508882));
#12519=DIRECTION('',(-0.382687119868311,0.,-0.92387800508882));
#12520=DIRECTION('',(0.,-1.,0.));
#12521=DIRECTION('center_axis',(-0.875224955031906,0.,0.483716113117393));
#12522=DIRECTION('ref_axis',(-0.483716113117393,0.,-0.875224955031906));
#12523=DIRECTION('',(-0.483716113117393,0.,-0.875224955031906));
#12524=DIRECTION('',(0.,-1.,0.));
#12525=DIRECTION('center_axis',(-0.815561359326934,0.,0.578670605070626));
#12526=DIRECTION('ref_axis',(-0.578670605070626,0.,-0.815561359326934));
#12527=DIRECTION('',(-0.578670605070626,0.,-0.815561359326934));
#12528=DIRECTION('',(0.,-1.,0.));
#12529=DIRECTION('center_axis',(-0.745642783800704,0.,0.666345885382311));
#12530=DIRECTION('ref_axis',(-0.666345885382311,0.,-0.745642783800704));
#12531=DIRECTION('',(-0.666345885382311,0.,-0.745642783800704));
#12532=DIRECTION('',(0.,-1.,0.));
#12533=DIRECTION('center_axis',(-0.666345885382311,0.,0.745642783800704));
#12534=DIRECTION('ref_axis',(-0.745642783800704,0.,-0.666345885382311));
#12535=DIRECTION('',(-0.745642783800704,0.,-0.666345885382311));
#12536=DIRECTION('',(0.,-1.,0.));
#12537=DIRECTION('center_axis',(-0.578670605070626,0.,0.815561359326934));
#12538=DIRECTION('ref_axis',(-0.815561359326934,0.,-0.578670605070626));
#12539=DIRECTION('',(-0.815561359326934,0.,-0.578670605070626));
#12540=DIRECTION('',(0.,-1.,0.));
#12541=DIRECTION('center_axis',(-0.483716113117393,0.,0.875224955031906));
#12542=DIRECTION('ref_axis',(-0.875224955031906,0.,-0.483716113117393));
#12543=DIRECTION('',(-0.875224955031906,0.,-0.483716113117393));
#12544=DIRECTION('',(0.,-1.,0.));
#12545=DIRECTION('center_axis',(-0.382687119868311,0.,0.92387800508882));
#12546=DIRECTION('ref_axis',(-0.92387800508882,0.,-0.382687119868311));
#12547=DIRECTION('',(-0.92387800508882,0.,-0.382687119868311));
#12548=DIRECTION('',(0.,-1.,0.));
#12549=DIRECTION('center_axis',(-0.276834895247505,0.,0.96091749946252));
#12550=DIRECTION('ref_axis',(-0.96091749946252,0.,-0.276834895247505));
#12551=DIRECTION('',(-0.96091749946252,0.,-0.276834895247505));
#12552=DIRECTION('',(0.,-1.,0.));
#12553=DIRECTION('center_axis',(-0.167507105370664,0.,0.985870868648801));
#12554=DIRECTION('ref_axis',(-0.985870868648801,0.,-0.167507105370664));
#12555=DIRECTION('',(-0.985870868648801,0.,-0.167507105370664));
#12556=DIRECTION('',(0.,-1.,0.));
#12557=DIRECTION('center_axis',(-0.0560693606217246,0.,0.998426876040239));
#12558=DIRECTION('ref_axis',(-0.998426876040239,0.,-0.0560693606217246));
#12559=DIRECTION('',(-0.998426876040239,0.,-0.0560693606217246));
#12560=DIRECTION('',(0.,-1.,0.));
#12561=DIRECTION('center_axis',(0.,0.,1.));
#12562=DIRECTION('ref_axis',(-1.,0.,0.));
#12563=DIRECTION('',(-1.,0.,0.));
#12564=DIRECTION('',(0.,-1.,0.));
#12565=DIRECTION('center_axis',(0.0560693606217246,0.,0.998426876040239));
#12566=DIRECTION('ref_axis',(-0.998426876040239,0.,0.0560693606217246));
#12567=DIRECTION('',(-0.998426876040239,0.,0.0560693606217246));
#12568=DIRECTION('',(0.,-1.,0.));
#12569=DIRECTION('center_axis',(0.167507983121867,0.,0.985870719511663));
#12570=DIRECTION('ref_axis',(-0.985870719511663,0.,0.167507983121867));
#12571=DIRECTION('',(-0.985870719511663,0.,0.167507983121867));
#12572=DIRECTION('',(0.,-1.,0.));
#12573=DIRECTION('center_axis',(0.276834895247505,0.,0.96091749946252));
#12574=DIRECTION('ref_axis',(-0.96091749946252,0.,0.276834895247505));
#12575=DIRECTION('',(-0.96091749946252,0.,0.276834895247505));
#12576=DIRECTION('',(0.,-1.,0.));
#12577=DIRECTION('center_axis',(0.382685240664413,0.,0.923878783487109));
#12578=DIRECTION('ref_axis',(-0.923878783487109,0.,0.382685240664413));
#12579=DIRECTION('',(-0.923878783487109,0.,0.382685240664413));
#12580=DIRECTION('',(0.,-1.,0.));
#12581=DIRECTION('center_axis',(0.483716113117393,0.,0.875224955031906));
#12582=DIRECTION('ref_axis',(-0.875224955031906,0.,0.483716113117393));
#12583=DIRECTION('',(-0.875224955031906,0.,0.483716113117393));
#12584=DIRECTION('',(0.,-1.,0.));
#12585=DIRECTION('center_axis',(0.578673113516258,0.,0.815559579487238));
#12586=DIRECTION('ref_axis',(-0.815559579487238,0.,0.578673113516258));
#12587=DIRECTION('',(-0.815559579487238,0.,0.578673113516258));
#12588=DIRECTION('',(0.,-1.,0.));
#12589=DIRECTION('center_axis',(0.666345885382311,0.,0.745642783800704));
#12590=DIRECTION('ref_axis',(-0.745642783800704,0.,0.666345885382311));
#12591=DIRECTION('',(-0.745642783800704,0.,0.666345885382311));
#12592=DIRECTION('',(0.,-1.,0.));
#12593=DIRECTION('center_axis',(0.745645424674222,0.,0.66634293022617));
#12594=DIRECTION('ref_axis',(-0.66634293022617,0.,0.745645424674222));
#12595=DIRECTION('',(-0.66634293022617,0.,0.745645424674222));
#12596=DIRECTION('',(0.,-1.,0.));
#12597=DIRECTION('center_axis',(0.815561359326934,0.,0.578670605070626));
#12598=DIRECTION('ref_axis',(-0.578670605070626,0.,0.815561359326934));
#12599=DIRECTION('',(-0.578670605070626,0.,0.815561359326934));
#12600=DIRECTION('',(0.,-1.,0.));
#12601=DIRECTION('center_axis',(0.875222704802924,0.,0.483720184608265));
#12602=DIRECTION('ref_axis',(-0.483720184608265,0.,0.875222704802924));
#12603=DIRECTION('',(-0.483720184608265,0.,0.875222704802924));
#12604=DIRECTION('',(0.,-1.,0.));
#12605=DIRECTION('center_axis',(0.923876125869169,0.,0.382691656623155));
#12606=DIRECTION('ref_axis',(-0.382691656623155,0.,0.923876125869169));
#12607=DIRECTION('',(-0.382691656623155,0.,0.923876125869169));
#12608=DIRECTION('',(0.,-1.,0.));
#12609=DIRECTION('center_axis',(0.960917906800439,0.,0.276833481338987));
#12610=DIRECTION('ref_axis',(-0.276833481338987,0.,0.960917906800439));
#12611=DIRECTION('',(-0.276833481338987,0.,0.960917906800439));
#12612=DIRECTION('',(0.,-1.,0.));
#12613=DIRECTION('center_axis',(0.985869990889378,0.,0.167512271382659));
#12614=DIRECTION('ref_axis',(-0.167512271382658,0.,0.985869990889378));
#12615=DIRECTION('',(-0.167512271382658,0.,0.985869990889378));
#12616=DIRECTION('',(0.,-1.,0.));
#12617=DIRECTION('center_axis',(0.998427156867122,0.,0.0560643597148415));
#12618=DIRECTION('ref_axis',(-0.0560643597148415,0.,0.998427156867122));
#12619=DIRECTION('',(-0.0560643597148415,0.,0.998427156867122));
#12620=DIRECTION('',(0.,-1.,0.));
#12621=DIRECTION('center_axis',(1.,0.,0.));
#12622=DIRECTION('ref_axis',(0.,0.,1.));
#12623=DIRECTION('',(0.,0.,1.));
#12624=DIRECTION('',(0.,-1.,0.));
#12625=DIRECTION('center_axis',(0.998427165220435,0.,-0.056064210953923));
#12626=DIRECTION('ref_axis',(0.056064210953923,0.,0.998427165220435));
#12627=DIRECTION('',(0.056064210953923,0.,0.998427165220435));
#12628=DIRECTION('',(0.,-1.,0.));
#12629=DIRECTION('center_axis',(0.985869990889378,0.,-0.167512271382659));
#12630=DIRECTION('ref_axis',(0.167512271382658,0.,0.985869990889378));
#12631=DIRECTION('',(0.167512271382658,0.,0.985869990889378));
#12632=DIRECTION('',(0.,-1.,0.));
#12633=DIRECTION('center_axis',(0.96091749946252,0.,-0.276834895247505));
#12634=DIRECTION('ref_axis',(0.276834895247505,0.,0.96091749946252));
#12635=DIRECTION('',(0.276834895247505,0.,0.96091749946252));
#12636=DIRECTION('',(0.,-1.,0.));
#12637=DIRECTION('center_axis',(0.923876515078184,0.,-0.382690717011781));
#12638=DIRECTION('ref_axis',(0.382690717011781,0.,0.923876515078184));
#12639=DIRECTION('',(0.382690717011781,0.,0.923876515078184));
#12640=DIRECTION('',(0.,-1.,0.));
#12641=DIRECTION('center_axis',(0.875222393886384,0.,-0.483720747166986));
#12642=DIRECTION('ref_axis',(0.483720747166986,0.,0.875222393886384));
#12643=DIRECTION('',(0.483720747166986,0.,0.875222393886384));
#12644=DIRECTION('',(0.,-1.,0.));
#12645=DIRECTION('center_axis',(0.81556091436918,0.,-0.578671232180508));
#12646=DIRECTION('ref_axis',(0.578671232180508,0.,0.81556091436918));
#12647=DIRECTION('',(0.578671232180508,0.,0.81556091436918));
#12648=DIRECTION('',(0.,-1.,0.));
#12649=DIRECTION('center_axis',(0.745645424674222,0.,-0.66634293022617));
#12650=DIRECTION('ref_axis',(0.66634293022617,0.,0.745645424674222));
#12651=DIRECTION('',(0.66634293022617,0.,0.745645424674222));
#12652=DIRECTION('',(0.,-1.,0.));
#12653=DIRECTION('center_axis',(0.66634662416644,0.,-0.745642123583418));
#12654=DIRECTION('ref_axis',(0.745642123583418,0.,0.66634662416644));
#12655=DIRECTION('',(0.745642123583418,0.,0.66634662416644));
#12656=DIRECTION('',(0.,-1.,0.));
#12657=DIRECTION('center_axis',(0.578672229685727,0.,-0.815560206600683));
#12658=DIRECTION('ref_axis',(0.815560206600683,0.,0.578672229685727));
#12659=DIRECTION('',(0.815560206600683,0.,0.578672229685727));
#12660=DIRECTION('',(0.,-1.,0.));
#12661=DIRECTION('center_axis',(0.483718148866754,0.,-0.875223829918336));
#12662=DIRECTION('ref_axis',(0.875223829918336,0.,0.483718148866754));
#12663=DIRECTION('',(0.875223829918336,0.,0.483718148866754));
#12664=DIRECTION('',(0.,-1.,0.));
#12665=DIRECTION('center_axis',(0.382682972283927,0.,-0.92387972308301));
#12666=DIRECTION('ref_axis',(0.92387972308301,0.,0.382682972283927));
#12667=DIRECTION('',(0.92387972308301,0.,0.382682972283927));
#12668=DIRECTION('',(0.,-1.,0.));
#12669=DIRECTION('center_axis',(0.276836122202057,0.,-0.960917145983007));
#12670=DIRECTION('ref_axis',(0.960917145983007,0.,0.276836122202057));
#12671=DIRECTION('',(0.960917145983007,0.,0.276836122202057));
#12672=DIRECTION('',(0.,-1.,0.));
#12673=DIRECTION('center_axis',(0.167506691610335,0.,-0.9858709389498));
#12674=DIRECTION('ref_axis',(0.9858709389498,0.,0.167506691610335));
#12675=DIRECTION('',(0.9858709389498,0.,0.167506691610335));
#12676=DIRECTION('',(0.,-1.,0.));
#12677=DIRECTION('center_axis',(0.0560706852279674,0.,-0.998426801652513));
#12678=DIRECTION('ref_axis',(0.998426801652513,0.,0.0560706852279674));
#12679=DIRECTION('',(0.998426801652513,0.,0.0560706852279674));
#12680=DIRECTION('',(0.,-1.,0.));
#12681=DIRECTION('center_axis',(0.,0.,-1.));
#12682=DIRECTION('ref_axis',(1.,0.,0.));
#12683=DIRECTION('',(1.,0.,0.));
#12684=DIRECTION('',(0.,-1.,0.));
#12685=DIRECTION('center_axis',(-0.0560706852279674,0.,-0.998426801652513));
#12686=DIRECTION('ref_axis',(0.998426801652513,0.,-0.0560706852279674));
#12687=DIRECTION('',(0.998426801652513,0.,-0.0560706852279674));
#12688=DIRECTION('',(0.,-1.,0.));
#12689=DIRECTION('center_axis',(-0.16750581386551,0.,-0.985871088084671));
#12690=DIRECTION('ref_axis',(0.985871088084671,0.,-0.16750581386551));
#12691=DIRECTION('',(0.985871088084671,0.,-0.16750581386551));
#12692=DIRECTION('',(0.,-1.,0.));
#12693=DIRECTION('center_axis',(-0.276836122202057,0.,-0.960917145983007));
#12694=DIRECTION('ref_axis',(0.960917145983007,0.,-0.276836122202057));
#12695=DIRECTION('',(0.960917145983007,0.,-0.276836122202057));
#12696=DIRECTION('',(0.,-1.,0.));
#12697=DIRECTION('center_axis',(-0.382684851480507,0.,-0.923878944693157));
#12698=DIRECTION('ref_axis',(0.923878944693157,0.,-0.382684851480507));
#12699=DIRECTION('',(0.923878944693157,0.,-0.382684851480507));
#12700=DIRECTION('',(0.,-1.,0.));
#12701=DIRECTION('center_axis',(-0.483718148866754,0.,-0.875223829918336));
#12702=DIRECTION('ref_axis',(0.875223829918336,0.,-0.483718148866754));
#12703=DIRECTION('',(0.875223829918336,0.,-0.483718148866754));
#12704=DIRECTION('',(0.,-1.,0.));
#12705=DIRECTION('center_axis',(-0.578669721240069,0.,-0.815561986436311));
#12706=DIRECTION('ref_axis',(0.815561986436311,0.,-0.578669721240069));
#12707=DIRECTION('',(0.815561986436311,0.,-0.578669721240069));
#12708=DIRECTION('',(0.,-1.,0.));
#12709=DIRECTION('center_axis',(-0.66634662416644,0.,-0.745642123583418));
#12710=DIRECTION('ref_axis',(0.745642123583418,0.,-0.66634662416644));
#12711=DIRECTION('',(0.745642123583418,0.,-0.66634662416644));
#12712=DIRECTION('',(0.,-1.,0.));
#12713=DIRECTION('center_axis',(-0.745642783800704,0.,-0.666345885382311));
#12714=DIRECTION('ref_axis',(0.666345885382311,0.,-0.745642783800704));
#12715=DIRECTION('',(0.666345885382311,0.,-0.745642783800704));
#12716=DIRECTION('',(0.,-1.,0.));
#12717=DIRECTION('center_axis',(-0.81556091436918,0.,-0.578671232180508));
#12718=DIRECTION('ref_axis',(0.578671232180508,0.,-0.81556091436918));
#12719=DIRECTION('',(0.578671232180508,0.,-0.81556091436918));
#12720=DIRECTION('',(0.,-1.,0.));
#12721=DIRECTION('center_axis',(-0.875224644119801,0.,-0.483716675674272));
#12722=DIRECTION('ref_axis',(0.483716675674272,0.,-0.875224644119801));
#12723=DIRECTION('',(0.483716675674272,0.,-0.875224644119801));
#12724=DIRECTION('',(0.,-1.,0.));
#12725=DIRECTION('center_axis',(-0.923878394289398,0.,-0.382686180264253));
#12726=DIRECTION('ref_axis',(0.382686180264253,0.,-0.923878394289398));
#12727=DIRECTION('',(0.382686180264253,0.,-0.923878394289398));
#12728=DIRECTION('',(0.,-1.,0.));
#12729=DIRECTION('center_axis',(-0.96091749946252,0.,-0.276834895247505));
#12730=DIRECTION('ref_axis',(0.276834895247505,0.,-0.96091749946252));
#12731=DIRECTION('',(0.276834895247505,0.,-0.96091749946252));
#12732=DIRECTION('',(0.,-1.,0.));
#12733=DIRECTION('center_axis',(-0.985870868648801,0.,-0.167507105370664));
#12734=DIRECTION('ref_axis',(0.167507105370664,0.,-0.985870868648801));
#12735=DIRECTION('',(0.167507105370664,0.,-0.985870868648801));
#12736=DIRECTION('',(0.,-1.,0.));
#12737=DIRECTION('center_axis',(-0.998426867685416,0.,-0.0560695093958251));
#12738=DIRECTION('ref_axis',(0.0560695093958251,0.,-0.998426867685416));
#12739=DIRECTION('',(0.0560695093958251,0.,-0.998426867685416));
#12740=DIRECTION('',(0.,-1.,0.));
#12741=DIRECTION('center_axis',(-1.,0.,0.));
#12742=DIRECTION('ref_axis',(0.,0.,-1.));
#12743=DIRECTION('',(0.,0.,-1.));
#12744=DIRECTION('',(0.,-1.,0.));
#12745=DIRECTION('center_axis',(-0.998426859330527,0.,0.0560696581707138));
#12746=DIRECTION('ref_axis',(-0.0560696581707138,0.,-0.998426859330527));
#12747=DIRECTION('',(-0.0560696581707138,0.,-0.998426859330527));
#12748=DIRECTION('center_axis',(-0.985871746382716,0.,0.167501939344872));
#12749=DIRECTION('ref_axis',(-0.167501939344872,0.,-0.985871746382716));
#12750=DIRECTION('',(-0.167501939344872,0.,-0.985871746382716));
#12751=DIRECTION('',(0.,-1.,0.));
#12752=DIRECTION('',(0.,-1.,0.));
#12753=DIRECTION('center_axis',(-0.960917906800439,0.,0.276833481338987));
#12754=DIRECTION('ref_axis',(-0.276833481338987,0.,-0.960917906800439));
#12755=DIRECTION('',(-0.276833481338987,0.,-0.960917906800439));
#12756=DIRECTION('',(0.,-1.,0.));
#12757=DIRECTION('center_axis',(-0.923879884293837,0.,0.382682583085783));
#12758=DIRECTION('ref_axis',(-0.382682583085783,0.,-0.923879884293837));
#12759=DIRECTION('',(-0.382682583085783,0.,-0.923879884293837));
#12760=DIRECTION('',(0.,-1.,0.));
#12761=DIRECTION('center_axis',(-0.875222704802924,0.,0.483720184608265));
#12762=DIRECTION('ref_axis',(-0.483720184608265,0.,-0.875222704802924));
#12763=DIRECTION('',(-0.483720184608265,0.,-0.875222704802924));
#12764=DIRECTION('',(0.,-1.,0.));
#12765=DIRECTION('center_axis',(-0.815561359326934,0.,0.578670605070626));
#12766=DIRECTION('ref_axis',(-0.578670605070626,0.,-0.815561359326934));
#12767=DIRECTION('',(-0.578670605070626,0.,-0.815561359326934));
#12768=DIRECTION('',(0.,-1.,0.));
#12769=DIRECTION('center_axis',(-0.745640142934181,0.,0.666348840507053));
#12770=DIRECTION('ref_axis',(-0.666348840507053,0.,-0.745640142934181));
#12771=DIRECTION('',(-0.666348840507053,0.,-0.745640142934181));
#12772=DIRECTION('',(0.,-1.,0.));
#12773=DIRECTION('center_axis',(-0.666345885382311,0.,0.745642783800704));
#12774=DIRECTION('ref_axis',(-0.745642783800704,0.,-0.666345885382311));
#12775=DIRECTION('',(-0.745642783800704,0.,-0.666345885382311));
#12776=DIRECTION('',(0.,-1.,0.));
#12777=DIRECTION('center_axis',(-0.578673113516258,0.,0.815559579487238));
#12778=DIRECTION('ref_axis',(-0.815559579487238,0.,-0.578673113516258));
#12779=DIRECTION('',(-0.815559579487238,0.,-0.578673113516258));
#12780=DIRECTION('',(0.,-1.,0.));
#12781=DIRECTION('center_axis',(-0.483716113117393,0.,0.875224955031906));
#12782=DIRECTION('ref_axis',(-0.875224955031906,0.,-0.483716113117393));
#12783=DIRECTION('',(-0.875224955031906,0.,-0.483716113117393));
#12784=DIRECTION('',(0.,-1.,0.));
#12785=DIRECTION('center_axis',(-0.382685240664413,0.,0.923878783487109));
#12786=DIRECTION('ref_axis',(-0.923878783487109,0.,-0.382685240664413));
#12787=DIRECTION('',(-0.923878783487109,0.,-0.382685240664413));
#12788=DIRECTION('',(0.,-1.,0.));
#12789=DIRECTION('center_axis',(-0.276834895247505,0.,0.96091749946252));
#12790=DIRECTION('ref_axis',(-0.96091749946252,0.,-0.276834895247505));
#12791=DIRECTION('',(-0.96091749946252,0.,-0.276834895247505));
#12792=DIRECTION('',(0.,-1.,0.));
#12793=DIRECTION('center_axis',(-0.167507983121867,0.,0.985870719511663));
#12794=DIRECTION('ref_axis',(-0.985870719511663,0.,-0.167507983121867));
#12795=DIRECTION('',(-0.985870719511663,0.,-0.167507983121867));
#12796=DIRECTION('',(0.,-1.,0.));
#12797=DIRECTION('center_axis',(-0.0560693606217246,0.,0.998426876040239));
#12798=DIRECTION('ref_axis',(-0.998426876040239,0.,-0.0560693606217246));
#12799=DIRECTION('',(-0.998426876040239,0.,-0.0560693606217246));
#12800=DIRECTION('',(0.,-1.,0.));
#12801=DIRECTION('center_axis',(0.,0.,1.));
#12802=DIRECTION('ref_axis',(-1.,0.,0.));
#12803=DIRECTION('',(-1.,0.,0.));
#12804=DIRECTION('',(0.,-1.,0.));
#12805=DIRECTION('center_axis',(0.0560693606217246,0.,0.998426876040239));
#12806=DIRECTION('ref_axis',(-0.998426876040239,0.,0.0560693606217246));
#12807=DIRECTION('',(-0.998426876040239,0.,0.0560693606217246));
#12808=DIRECTION('',(0.,-1.,0.));
#12809=DIRECTION('center_axis',(0.167507983121867,0.,0.985870719511663));
#12810=DIRECTION('ref_axis',(-0.985870719511663,0.,0.167507983121867));
#12811=DIRECTION('',(-0.985870719511663,0.,0.167507983121867));
#12812=DIRECTION('',(0.,-1.,0.));
#12813=DIRECTION('center_axis',(0.276834895247505,0.,0.96091749946252));
#12814=DIRECTION('ref_axis',(-0.96091749946252,0.,0.276834895247505));
#12815=DIRECTION('',(-0.96091749946252,0.,0.276834895247505));
#12816=DIRECTION('',(0.,-1.,0.));
#12817=DIRECTION('center_axis',(0.382685240664413,0.,0.923878783487109));
#12818=DIRECTION('ref_axis',(-0.923878783487109,0.,0.382685240664413));
#12819=DIRECTION('',(-0.923878783487109,0.,0.382685240664413));
#12820=DIRECTION('',(0.,-1.,0.));
#12821=DIRECTION('center_axis',(0.483716113117393,0.,0.875224955031906));
#12822=DIRECTION('ref_axis',(-0.875224955031906,0.,0.483716113117393));
#12823=DIRECTION('',(-0.875224955031906,0.,0.483716113117393));
#12824=DIRECTION('',(0.,-1.,0.));
#12825=DIRECTION('center_axis',(0.578673113516258,0.,0.815559579487238));
#12826=DIRECTION('ref_axis',(-0.815559579487238,0.,0.578673113516258));
#12827=DIRECTION('',(-0.815559579487238,0.,0.578673113516258));
#12828=DIRECTION('',(0.,-1.,0.));
#12829=DIRECTION('center_axis',(0.6663511671475,0.,0.745638063701931));
#12830=DIRECTION('ref_axis',(-0.745638063701931,0.,0.6663511671475));
#12831=DIRECTION('',(-0.745638063701931,0.,0.6663511671475));
#12832=DIRECTION('',(0.,-1.,0.));
#12833=DIRECTION('center_axis',(0.745640142934181,0.,0.666348840507053));
#12834=DIRECTION('ref_axis',(-0.666348840507053,0.,0.745640142934181));
#12835=DIRECTION('',(-0.666348840507053,0.,0.745640142934181));
#12836=DIRECTION('',(0.,-1.,0.));
#12837=DIRECTION('center_axis',(0.815561359326934,0.,0.578670605070626));
#12838=DIRECTION('ref_axis',(-0.578670605070626,0.,0.815561359326934));
#12839=DIRECTION('',(-0.578670605070626,0.,0.815561359326934));
#12840=DIRECTION('',(0.,-1.,0.));
#12841=DIRECTION('center_axis',(0.875222704802924,0.,0.483720184608265));
#12842=DIRECTION('ref_axis',(-0.483720184608265,0.,0.875222704802924));
#12843=DIRECTION('',(-0.483720184608265,0.,0.875222704802924));
#12844=DIRECTION('',(0.,-1.,0.));
#12845=DIRECTION('center_axis',(0.923876125869169,0.,0.382691656623155));
#12846=DIRECTION('ref_axis',(-0.382691656623155,0.,0.923876125869169));
#12847=DIRECTION('',(-0.382691656623155,0.,0.923876125869169));
#12848=DIRECTION('',(0.,-1.,0.));
#12849=DIRECTION('center_axis',(0.960917906800439,0.,0.276833481338987));
#12850=DIRECTION('ref_axis',(-0.276833481338987,0.,0.960917906800439));
#12851=DIRECTION('',(-0.276833481338987,0.,0.960917906800439));
#12852=DIRECTION('',(0.,-1.,0.));
#12853=DIRECTION('center_axis',(0.985869990889378,0.,0.167512271382659));
#12854=DIRECTION('ref_axis',(-0.167512271382658,0.,0.985869990889378));
#12855=DIRECTION('',(-0.167512271382658,0.,0.985869990889378));
#12856=DIRECTION('',(0.,-1.,0.));
#12857=DIRECTION('center_axis',(0.998427156867122,0.,0.0560643597148415));
#12858=DIRECTION('ref_axis',(-0.0560643597148415,0.,0.998427156867122));
#12859=DIRECTION('',(-0.0560643597148415,0.,0.998427156867122));
#12860=DIRECTION('',(0.,-1.,0.));
#12861=DIRECTION('center_axis',(1.,0.,0.));
#12862=DIRECTION('ref_axis',(0.,0.,1.));
#12863=DIRECTION('',(0.,0.,1.));
#12864=DIRECTION('',(0.,-1.,0.));
#12865=DIRECTION('center_axis',(0.998427165220435,0.,-0.056064210953923));
#12866=DIRECTION('ref_axis',(0.056064210953923,0.,0.998427165220435));
#12867=DIRECTION('',(0.056064210953923,0.,0.998427165220435));
#12868=DIRECTION('',(0.,-1.,0.));
#12869=DIRECTION('center_axis',(0.985869990889378,0.,-0.167512271382659));
#12870=DIRECTION('ref_axis',(0.167512271382658,0.,0.985869990889378));
#12871=DIRECTION('',(0.167512271382658,0.,0.985869990889378));
#12872=DIRECTION('',(0.,-1.,0.));
#12873=DIRECTION('center_axis',(0.96091749946252,0.,-0.276834895247505));
#12874=DIRECTION('ref_axis',(0.276834895247505,0.,0.96091749946252));
#12875=DIRECTION('',(0.276834895247505,0.,0.96091749946252));
#12876=DIRECTION('',(0.,-1.,0.));
#12877=DIRECTION('center_axis',(0.923876515078184,0.,-0.382690717011781));
#12878=DIRECTION('ref_axis',(0.382690717011781,0.,0.923876515078184));
#12879=DIRECTION('',(0.382690717011781,0.,0.923876515078184));
#12880=DIRECTION('',(0.,-1.,0.));
#12881=DIRECTION('center_axis',(0.875222393886384,0.,-0.483720747166986));
#12882=DIRECTION('ref_axis',(0.483720747166986,0.,0.875222393886384));
#12883=DIRECTION('',(0.483720747166986,0.,0.875222393886384));
#12884=DIRECTION('',(0.,-1.,0.));
#12885=DIRECTION('center_axis',(0.81556091436918,0.,-0.578671232180508));
#12886=DIRECTION('ref_axis',(0.578671232180508,0.,0.81556091436918));
#12887=DIRECTION('',(0.578671232180508,0.,0.81556091436918));
#12888=DIRECTION('',(0.,-1.,0.));
#12889=DIRECTION('center_axis',(0.745640142934181,0.,-0.666348840507053));
#12890=DIRECTION('ref_axis',(0.666348840507053,0.,0.745640142934181));
#12891=DIRECTION('',(0.666348840507053,0.,0.745640142934181));
#12892=DIRECTION('',(0.,-1.,0.));
#12893=DIRECTION('center_axis',(0.666351905928132,0.,-0.745637403478357));
#12894=DIRECTION('ref_axis',(0.745637403478357,0.,0.666351905928132));
#12895=DIRECTION('',(0.745637403478357,0.,0.666351905928132));
#12896=DIRECTION('',(0.,-1.,0.));
#12897=DIRECTION('center_axis',(0.578672229685727,0.,-0.815560206600683));
#12898=DIRECTION('ref_axis',(0.815560206600683,0.,0.578672229685727));
#12899=DIRECTION('',(0.815560206600683,0.,0.578672229685727));
#12900=DIRECTION('',(0.,-1.,0.));
#12901=DIRECTION('center_axis',(0.483718148866754,0.,-0.875223829918336));
#12902=DIRECTION('ref_axis',(0.875223829918336,0.,0.483718148866754));
#12903=DIRECTION('',(0.875223829918336,0.,0.483718148866754));
#12904=DIRECTION('',(0.,-1.,0.));
#12905=DIRECTION('center_axis',(0.382682972283927,0.,-0.92387972308301));
#12906=DIRECTION('ref_axis',(0.92387972308301,0.,0.382682972283927));
#12907=DIRECTION('',(0.92387972308301,0.,0.382682972283927));
#12908=DIRECTION('',(0.,-1.,0.));
#12909=DIRECTION('center_axis',(0.276836122202057,0.,-0.960917145983007));
#12910=DIRECTION('ref_axis',(0.960917145983007,0.,0.276836122202057));
#12911=DIRECTION('',(0.960917145983007,0.,0.276836122202057));
#12912=DIRECTION('',(0.,-1.,0.));
#12913=DIRECTION('center_axis',(0.167506691610335,0.,-0.9858709389498));
#12914=DIRECTION('ref_axis',(0.9858709389498,0.,0.167506691610335));
#12915=DIRECTION('',(0.9858709389498,0.,0.167506691610335));
#12916=DIRECTION('',(0.,-1.,0.));
#12917=DIRECTION('center_axis',(0.0560706852279674,0.,-0.998426801652513));
#12918=DIRECTION('ref_axis',(0.998426801652513,0.,0.0560706852279674));
#12919=DIRECTION('',(0.998426801652513,0.,0.0560706852279674));
#12920=DIRECTION('',(0.,-1.,0.));
#12921=DIRECTION('center_axis',(0.,0.,-1.));
#12922=DIRECTION('ref_axis',(1.,0.,0.));
#12923=DIRECTION('',(1.,0.,0.));
#12924=DIRECTION('',(0.,-1.,0.));
#12925=DIRECTION('center_axis',(-0.0560706852279674,0.,-0.998426801652513));
#12926=DIRECTION('ref_axis',(0.998426801652513,0.,-0.0560706852279674));
#12927=DIRECTION('',(0.998426801652513,0.,-0.0560706852279674));
#12928=DIRECTION('',(0.,-1.,0.));
#12929=DIRECTION('center_axis',(-0.167506691610335,0.,-0.9858709389498));
#12930=DIRECTION('ref_axis',(0.9858709389498,0.,-0.167506691610335));
#12931=DIRECTION('',(0.9858709389498,0.,-0.167506691610335));
#12932=DIRECTION('',(0.,-1.,0.));
#12933=DIRECTION('center_axis',(-0.276836122202057,0.,-0.960917145983007));
#12934=DIRECTION('ref_axis',(0.960917145983007,0.,-0.276836122202057));
#12935=DIRECTION('',(0.960917145983007,0.,-0.276836122202057));
#12936=DIRECTION('',(0.,-1.,0.));
#12937=DIRECTION('center_axis',(-0.382682972283927,0.,-0.92387972308301));
#12938=DIRECTION('ref_axis',(0.92387972308301,0.,-0.382682972283927));
#12939=DIRECTION('',(0.92387972308301,0.,-0.382682972283927));
#12940=DIRECTION('',(0.,-1.,0.));
#12941=DIRECTION('center_axis',(-0.483718148866754,0.,-0.875223829918336));
#12942=DIRECTION('ref_axis',(0.875223829918336,0.,-0.483718148866754));
#12943=DIRECTION('',(0.875223829918336,0.,-0.483718148866754));
#12944=DIRECTION('',(0.,-1.,0.));
#12945=DIRECTION('center_axis',(-0.578672229685727,0.,-0.815560206600683));
#12946=DIRECTION('ref_axis',(0.815560206600683,0.,-0.578672229685727));
#12947=DIRECTION('',(0.815560206600683,0.,-0.578672229685727));
#12948=DIRECTION('',(0.,-1.,0.));
#12949=DIRECTION('center_axis',(-0.66634662416644,0.,-0.745642123583418));
#12950=DIRECTION('ref_axis',(0.745642123583418,0.,-0.66634662416644));
#12951=DIRECTION('',(0.745642123583418,0.,-0.66634662416644));
#12952=DIRECTION('',(0.,-1.,0.));
#12953=DIRECTION('center_axis',(-0.745640142934181,0.,-0.666348840507053));
#12954=DIRECTION('ref_axis',(0.666348840507053,0.,-0.745640142934181));
#12955=DIRECTION('',(0.666348840507053,0.,-0.745640142934181));
#12956=DIRECTION('',(0.,-1.,0.));
#12957=DIRECTION('center_axis',(-0.81556091436918,0.,-0.578671232180508));
#12958=DIRECTION('ref_axis',(0.578671232180508,0.,-0.81556091436918));
#12959=DIRECTION('',(0.578671232180508,0.,-0.81556091436918));
#12960=DIRECTION('',(0.,-1.,0.));
#12961=DIRECTION('center_axis',(-0.875222393886384,0.,-0.483720747166986));
#12962=DIRECTION('ref_axis',(0.483720747166986,0.,-0.875222393886384));
#12963=DIRECTION('',(0.483720747166986,0.,-0.875222393886384));
#12964=DIRECTION('',(0.,-1.,0.));
#12965=DIRECTION('center_axis',(-0.923880273485978,0.,-0.382681643489042));
#12966=DIRECTION('ref_axis',(0.382681643489042,0.,-0.923880273485978));
#12967=DIRECTION('',(0.382681643489042,0.,-0.923880273485978));
#12968=DIRECTION('',(0.,-1.,0.));
#12969=DIRECTION('center_axis',(-0.96091749946252,0.,-0.276834895247505));
#12970=DIRECTION('ref_axis',(0.276834895247505,0.,-0.96091749946252));
#12971=DIRECTION('',(0.276834895247505,0.,-0.96091749946252));
#12972=DIRECTION('',(0.,-1.,0.));
#12973=DIRECTION('center_axis',(-0.985871746382716,0.,-0.167501939344872));
#12974=DIRECTION('ref_axis',(0.167501939344872,0.,-0.985871746382716));
#12975=DIRECTION('',(0.167501939344872,0.,-0.985871746382716));
#12976=DIRECTION('',(0.,-1.,0.));
#12977=DIRECTION('center_axis',(-0.998426570122457,0.,-0.05607480783299));
#12978=DIRECTION('ref_axis',(0.05607480783299,0.,-0.998426570122457));
#12979=DIRECTION('',(0.05607480783299,0.,-0.998426570122457));
#12980=DIRECTION('',(0.,-1.,0.));
#12981=DIRECTION('center_axis',(-1.,0.,0.));
#12982=DIRECTION('ref_axis',(0.,0.,-1.));
#12983=DIRECTION('',(0.,0.,-1.));
#12984=DIRECTION('',(0.,-1.,0.));
#12985=DIRECTION('center_axis',(-0.998426561765991,0.,0.0560749566218489));
#12986=DIRECTION('ref_axis',(-0.0560749566218489,0.,-0.998426561765991));
#12987=DIRECTION('',(-0.0560749566218489,0.,-0.998426561765991));
#12988=DIRECTION('center_axis',(0.,0.,-1.));
#12989=DIRECTION('ref_axis',(-1.,0.,0.));
#12990=DIRECTION('',(-1.,0.,0.));
#12991=DIRECTION('',(-0.00147435376663846,-0.999998913139895,0.));
#12992=DIRECTION('',(-0.960292575841368,-0.278994926089974,0.));
#12993=DIRECTION('',(-0.940880087629081,-0.33873981269271,0.));
#12994=DIRECTION('',(-0.917756043570914,-0.397144614075356,0.));
#12995=DIRECTION('',(-0.891009094065159,-0.453985456037068,0.));
#12996=DIRECTION('',(-0.860741194534489,-0.509042823376718,0.));
#12997=DIRECTION('',(-0.827078057326354,-0.562087081411114,0.));
#12998=DIRECTION('',(-0.790155683214365,-0.61290618881199,0.));
#12999=DIRECTION('',(-0.750115043499327,-0.661307357826906,0.));
#13000=DIRECTION('',(-0.707101073887383,-0.707112488439646,0.));
#13001=DIRECTION('',(-0.661312766603808,-0.750110275044154,0.));
#13002=DIRECTION('',(-0.612909630089335,-0.790153013880068,0.));
#13003=DIRECTION('',(-0.562076670386621,-0.827085132623655,0.));
#13004=DIRECTION('',(-0.509040004472301,-0.860742861629906,0.));
#13005=DIRECTION('',(-0.453999135111692,-0.891002124193784,0.));
#13006=DIRECTION('',(-0.39714643199272,-0.91775525689339,0.));
#13007=DIRECTION('',(-0.338736444444077,-0.940881300274049,0.));
#13008=DIRECTION('',(-0.278985869967425,-0.960295206880946,0.));
#13009=DIRECTION('center_axis',(0.,0.,-1.));
#13010=DIRECTION('ref_axis',(-1.,0.,0.));
#13011=DIRECTION('',(1.,0.,0.));
#13012=DIRECTION('',(0.397147818787803,-0.917754656774941,0.));
#13013=DIRECTION('',(0.453997596011171,-0.891002908421784,0.));
#13014=DIRECTION('',(0.509040004472301,-0.860742861629906,0.));
#13015=DIRECTION('',(0.562078439213977,-0.82708393054803,0.));
#13016=DIRECTION('',(0.612909630089335,-0.790153013880068,0.));
#13017=DIRECTION('',(0.661308991771652,-0.750113602997547,0.));
#13018=DIRECTION('',(0.70710297631532,-0.707110586037302,0.));
#13019=DIRECTION('',(0.750116930893951,-0.661305216965842,0.));
#13020=DIRECTION('',(0.790151997894117,-0.61291093987947,0.));
#13021=DIRECTION('',(0.827081594976255,-0.562081875932266,0.));
#13022=DIRECTION('',(0.860741194534489,-0.509042823376718,0.));
#13023=DIRECTION('',(0.891009094065159,-0.453985456037068,0.));
#13024=DIRECTION('',(0.91775326997197,-0.397151023485723,0.));
#13025=DIRECTION('',(0.940881300274049,-0.338736444444077,0.));
#13026=DIRECTION('',(0.960293595220919,-0.278991417390718,0.));
#13027=DIRECTION('',(0.975917287431579,-0.218140890463456,0.));
#13028=DIRECTION('',(-0.00222822799513647,-0.999997517496919,0.));
#13029=DIRECTION('center_axis',(0.,1.,0.));
#13030=DIRECTION('ref_axis',(0.,0.,-1.));
#13031=DIRECTION('center_axis',(0.,1.,0.));
#13032=DIRECTION('ref_axis',(0.,0.,-1.));
#13033=DIRECTION('',(0.,1.,0.));
#13034=DIRECTION('center_axis',(0.,-1.,0.));
#13035=DIRECTION('ref_axis',(0.,0.,-1.));
#13036=DIRECTION('center_axis',(0.,1.,0.));
#13037=DIRECTION('ref_axis',(0.,0.,-1.));
#13038=DIRECTION('center_axis',(0.,1.,0.));
#13039=DIRECTION('ref_axis',(0.,0.,-1.));
#13040=DIRECTION('',(0.,1.,0.));
#13041=DIRECTION('center_axis',(0.,-1.,0.));
#13042=DIRECTION('ref_axis',(0.,0.,-1.));
#13043=DIRECTION('center_axis',(0.,1.,0.));
#13044=DIRECTION('ref_axis',(0.,0.,-1.));
#13045=DIRECTION('center_axis',(0.,1.,0.));
#13046=DIRECTION('ref_axis',(0.,0.,-1.));
#13047=DIRECTION('',(0.,1.,0.));
#13048=DIRECTION('center_axis',(0.,-1.,0.));
#13049=DIRECTION('ref_axis',(0.,0.,-1.));
#13050=DIRECTION('center_axis',(0.,1.,0.));
#13051=DIRECTION('ref_axis',(0.,0.,-1.));
#13052=DIRECTION('center_axis',(0.,1.,0.));
#13053=DIRECTION('ref_axis',(0.,0.,-1.));
#13054=DIRECTION('',(0.,1.,0.));
#13055=DIRECTION('center_axis',(0.,-1.,0.));
#13056=DIRECTION('ref_axis',(0.,0.,-1.));
#13057=DIRECTION('center_axis',(0.,1.,0.));
#13058=DIRECTION('ref_axis',(0.,0.,-1.));
#13059=DIRECTION('center_axis',(0.,1.,0.));
#13060=DIRECTION('ref_axis',(0.,0.,-1.));
#13061=DIRECTION('',(0.,1.,0.));
#13062=DIRECTION('center_axis',(0.,-1.,0.));
#13063=DIRECTION('ref_axis',(0.,0.,-1.));
#13064=DIRECTION('center_axis',(0.,0.,-1.));
#13065=DIRECTION('ref_axis',(-1.,0.,0.));
#13066=DIRECTION('',(-0.00432976623325908,0.999990626518252,0.));
#13067=DIRECTION('',(0.975916925320834,0.218142510465818,0.));
#13068=DIRECTION('',(0.960294187526321,0.278989378656543,0.));
#13069=DIRECTION('',(0.940881191130078,0.338736747604456,0.));
#13070=DIRECTION('',(0.917753119939181,0.397151370187615,0.));
#13071=DIRECTION('',(0.397147618493701,0.917754743449895,0.));
#13072=DIRECTION('',(0.999997517496919,-0.00222822799513678,0.));
#13073=DIRECTION('center_axis',(-0.397151370187615,0.917753119939181,0.));
#13074=DIRECTION('ref_axis',(0.917753119939181,0.397151370187615,0.));
#13075=DIRECTION('',(0.,0.,-1.));
#13076=DIRECTION('',(-0.917753119939181,-0.397151370187615,0.));
#13077=DIRECTION('center_axis',(0.,0.,-1.));
#13078=DIRECTION('ref_axis',(-1.,0.,0.));
#13079=DIRECTION('',(0.,-1.,0.));
#13080=DIRECTION('',(-0.0314107727057361,-0.999506559937467,0.));
#13081=DIRECTION('',(-0.094108105727217,-0.995561984226213,0.));
#13082=DIRECTION('',(-0.156434461787964,-0.987688341110246,0.));
#13083=DIRECTION('',(-0.21814335978806,-0.9759167354751,0.));
#13084=DIRECTION('',(-0.278991187820003,-0.960293661917428,0.));
#13085=DIRECTION('',(-0.33873770753884,-0.940880845533233,0.));
#13086=DIRECTION('',(-0.397147618493701,-0.917754743449895,0.));
#13087=DIRECTION('',(-0.940881191130078,-0.338736747604456,0.));
#13088=DIRECTION('',(1.,0.,0.));
#13089=DIRECTION('',(0.99319847264936,0.116433646026305,0.));
#13090=DIRECTION('',(0.932288482078805,0.361715615066861,0.));
#13091=DIRECTION('',(0.824839057308038,0.565367605668372,0.));
#13092=DIRECTION('',(0.710393202449395,0.703805014129405,0.));
#13093=DIRECTION('',(0.574498799136668,0.81850542441118,0.));
#13094=DIRECTION('',(0.372482752234466,0.928039115171251,0.));
#13095=DIRECTION('',(0.120319327311421,0.992735241378751,0.));
#13096=DIRECTION('',(0.,1.,0.));
#13097=DIRECTION('',(-0.120319578124689,0.992735210980197,0.));
#13098=DIRECTION('',(-0.372486402362684,0.928037650127895,0.));
#13099=DIRECTION('',(-0.645069487287211,0.76412391440853,0.));
#13100=DIRECTION('',(-0.824834128660339,0.565374796216757,0.));
#13101=DIRECTION('',(-0.932286336062165,0.361721146177251,0.));
#13102=DIRECTION('',(-0.993197720288838,0.116440063608082,0.));
#13103=DIRECTION('',(-1.,0.,0.));
#13104=DIRECTION('',(0.940879978483081,-0.338740115855322,0.));
#13105=DIRECTION('',(0.278991187820003,-0.960293661917428,0.));
#13106=DIRECTION('',(0.218144169800877,-0.975916554415328,0.));
#13107=DIRECTION('',(0.156434461787964,-0.987688341110246,0.));
#13108=DIRECTION('',(0.094108105727217,-0.995561984226213,0.));
#13109=DIRECTION('',(0.0314107727057361,-0.999506559937467,0.));
#13110=DIRECTION('',(0.,-1.,0.));
#13111=DIRECTION('center_axis',(0.00222822799513678,0.999997517496919,0.));
#13112=DIRECTION('ref_axis',(0.999997517496919,-0.00222822799513678,0.));
#13113=DIRECTION('',(0.,0.,-1.));
#13114=DIRECTION('',(0.999997517496919,-0.00222822799513678,0.));
#13115=DIRECTION('',(0.,0.,-1.));
#13116=DIRECTION('center_axis',(-0.999990626518252,-0.00432976623325908,
0.));
#13117=DIRECTION('ref_axis',(-0.00432976623325908,0.999990626518252,0.));
#13118=DIRECTION('',(-0.00432976623325908,0.999990626518252,0.));
#13119=DIRECTION('',(0.,0.,-1.));
#13120=DIRECTION('center_axis',(0.999997517496919,-0.00222822799513647,
0.));
#13121=DIRECTION('ref_axis',(-0.00222822799513647,-0.999997517496919,0.));
#13122=DIRECTION('',(0.,0.,-1.));
#13123=DIRECTION('',(-0.00222822799513647,-0.999997517496919,0.));
#13124=DIRECTION('',(0.,0.,-1.));
#13125=DIRECTION('center_axis',(0.,1.,0.));
#13126=DIRECTION('ref_axis',(1.,0.,0.));
#13127=DIRECTION('',(1.,0.,0.));
#13128=DIRECTION('',(0.,0.,-1.));
#13129=DIRECTION('center_axis',(0.,-1.,0.));
#13130=DIRECTION('ref_axis',(-1.,0.,0.));
#13131=DIRECTION('',(0.,0.,-1.));
#13132=DIRECTION('',(-1.,0.,0.));
#13133=DIRECTION('',(0.,0.,-1.));
#13134=DIRECTION('center_axis',(0.999998913139895,-0.00147435376663846,
0.));
#13135=DIRECTION('ref_axis',(-0.00147435376663846,-0.999998913139895,0.));
#13136=DIRECTION('',(-0.00147435376663846,-0.999998913139895,0.));
#13137=DIRECTION('',(0.,0.,-1.));
#13138=DIRECTION('center_axis',(-0.999999605987034,-0.000887708160157846,
0.));
#13139=DIRECTION('ref_axis',(-0.000887708160157846,0.999999605987034,0.));
#13140=DIRECTION('',(0.,0.,-1.));
#13141=DIRECTION('',(-0.000887708160157846,0.999999605987034,0.));
#13142=DIRECTION('',(0.,0.,-1.));
#13143=DIRECTION('center_axis',(0.,-1.,0.));
#13144=DIRECTION('ref_axis',(-1.,0.,0.));
#13145=DIRECTION('',(-1.,0.,0.));
#13146=DIRECTION('',(0.,0.,-1.));
#13147=DIRECTION('center_axis',(-0.960293661917428,-0.278991187820003,0.));
#13148=DIRECTION('ref_axis',(-0.278991187820003,0.960293661917428,0.));
#13149=DIRECTION('',(0.,0.,-1.));
#13150=DIRECTION('',(-0.278991187820003,0.960293661917428,0.));
#13151=DIRECTION('center_axis',(-0.975916554415328,-0.218144169800877,0.));
#13152=DIRECTION('ref_axis',(-0.218144169800877,0.975916554415328,0.));
#13153=DIRECTION('',(0.,0.,-1.));
#13154=DIRECTION('',(-0.218144169800877,0.975916554415328,0.));
#13155=DIRECTION('center_axis',(-0.987688341110246,-0.156434461787964,0.));
#13156=DIRECTION('ref_axis',(-0.156434461787964,0.987688341110246,0.));
#13157=DIRECTION('',(0.,0.,-1.));
#13158=DIRECTION('',(-0.156434461787964,0.987688341110246,0.));
#13159=DIRECTION('center_axis',(-0.995561984226213,-0.094108105727217,0.));
#13160=DIRECTION('ref_axis',(-0.094108105727217,0.995561984226213,0.));
#13161=DIRECTION('',(0.,0.,-1.));
#13162=DIRECTION('',(-0.094108105727217,0.995561984226213,0.));
#13163=DIRECTION('center_axis',(-0.999506559937467,-0.0314107727057361,
0.));
#13164=DIRECTION('ref_axis',(-0.0314107727057361,0.999506559937467,0.));
#13165=DIRECTION('',(0.,0.,-1.));
#13166=DIRECTION('',(-0.0314107727057361,0.999506559937467,0.));
#13167=DIRECTION('center_axis',(-1.,0.,0.));
#13168=DIRECTION('ref_axis',(0.,1.,0.));
#13169=DIRECTION('',(0.,1.,0.));
#13170=DIRECTION('',(0.,0.,-1.));
#13171=DIRECTION('center_axis',(-0.999506559937467,0.0314107727057361,0.));
#13172=DIRECTION('ref_axis',(0.0314107727057361,0.999506559937467,0.));
#13173=DIRECTION('',(0.,0.,-1.));
#13174=DIRECTION('',(0.0314107727057361,0.999506559937467,0.));
#13175=DIRECTION('center_axis',(-0.995561984226213,0.094108105727217,0.));
#13176=DIRECTION('ref_axis',(0.094108105727217,0.995561984226213,0.));
#13177=DIRECTION('',(0.,0.,-1.));
#13178=DIRECTION('',(0.094108105727217,0.995561984226213,0.));
#13179=DIRECTION('center_axis',(-0.987688341110246,0.156434461787964,0.));
#13180=DIRECTION('ref_axis',(0.156434461787964,0.987688341110246,0.));
#13181=DIRECTION('',(0.,0.,-1.));
#13182=DIRECTION('',(0.156434461787964,0.987688341110246,0.));
#13183=DIRECTION('center_axis',(-0.9759167354751,0.21814335978806,0.));
#13184=DIRECTION('ref_axis',(0.21814335978806,0.9759167354751,0.));
#13185=DIRECTION('',(0.,0.,-1.));
#13186=DIRECTION('',(0.21814335978806,0.9759167354751,0.));
#13187=DIRECTION('center_axis',(-0.960293661917428,0.278991187820003,0.));
#13188=DIRECTION('ref_axis',(0.278991187820003,0.960293661917428,0.));
#13189=DIRECTION('',(0.,0.,-1.));
#13190=DIRECTION('',(0.278991187820003,0.960293661917428,0.));
#13191=DIRECTION('center_axis',(-0.940880845533233,0.338737707538841,0.));
#13192=DIRECTION('ref_axis',(0.33873770753884,0.940880845533233,0.));
#13193=DIRECTION('',(0.,0.,-1.));
#13194=DIRECTION('',(0.33873770753884,0.940880845533233,0.));
#13195=DIRECTION('center_axis',(-0.917754743449895,0.397147618493701,0.));
#13196=DIRECTION('ref_axis',(0.397147618493701,0.917754743449895,0.));
#13197=DIRECTION('',(0.397147618493701,0.917754743449895,0.));
#13198=DIRECTION('center_axis',(-0.999579119014009,0.0290100815437894,0.));
#13199=DIRECTION('ref_axis',(-0.0290100815437894,-0.999579119014009,0.));
#13200=DIRECTION('',(0.,0.,-1.));
#13201=DIRECTION('',(-0.0290100815437894,-0.999579119014009,0.));
#13202=DIRECTION('',(0.,0.,1.));
#13203=DIRECTION('',(0.0290100815437894,0.999579119014009,0.));
#13204=DIRECTION('',(0.,0.,-1.));
#13205=DIRECTION('center_axis',(-0.984031481248787,0.177994505284062,0.));
#13206=DIRECTION('ref_axis',(-0.177994505284062,-0.984031481248787,0.));
#13207=DIRECTION('',(-0.177994505284062,-0.984031481248787,0.));
#13208=DIRECTION('',(0.,0.,1.));
#13209=DIRECTION('',(0.177994505284062,0.984031481248787,0.));
#13210=DIRECTION('center_axis',(-0.930084370710517,0.367345972293181,0.));
#13211=DIRECTION('ref_axis',(-0.367345972293181,-0.930084370710517,0.));
#13212=DIRECTION('',(-0.367345972293181,-0.930084370710517,0.));
#13213=DIRECTION('',(0.,0.,1.));
#13214=DIRECTION('',(0.367345972293181,0.930084370710517,0.));
#13215=DIRECTION('center_axis',(-0.813256228095449,0.581905754795365,0.));
#13216=DIRECTION('ref_axis',(-0.581905754795365,-0.813256228095449,0.));
#13217=DIRECTION('',(-0.581905754795365,-0.813256228095449,0.));
#13218=DIRECTION('',(0.,0.,1.));
#13219=DIRECTION('',(0.581905754795365,0.813256228095449,0.));
#13220=DIRECTION('center_axis',(-0.692705565987162,0.721220492533598,0.));
#13221=DIRECTION('ref_axis',(-0.721220492533598,-0.692705565987162,0.));
#13222=DIRECTION('',(-0.721220492533598,-0.692705565987162,0.));
#13223=DIRECTION('',(0.,0.,1.));
#13224=DIRECTION('',(0.721220492533598,0.692705565987162,0.));
#13225=DIRECTION('center_axis',(-0.546779258324486,0.837276801700683,0.));
#13226=DIRECTION('ref_axis',(-0.837276801700683,-0.546779258324486,0.));
#13227=DIRECTION('',(-0.837276801700683,-0.546779258324486,0.));
#13228=DIRECTION('',(0.,0.,1.));
#13229=DIRECTION('',(0.837276801700683,0.546779258324486,0.));
#13230=DIRECTION('center_axis',(-0.329669751342753,0.944096316616905,0.));
#13231=DIRECTION('ref_axis',(-0.944096316616905,-0.329669751342753,0.));
#13232=DIRECTION('',(-0.944096316616905,-0.329669751342753,0.));
#13233=DIRECTION('',(0.,0.,1.));
#13234=DIRECTION('',(0.944096316616905,0.329669751342753,0.));
#13235=DIRECTION('center_axis',(-0.0885285500686319,0.996073639759002,0.));
#13236=DIRECTION('ref_axis',(-0.996073639759002,-0.0885285500686319,0.));
#13237=DIRECTION('',(-0.996073639759002,-0.0885285500686319,0.));
#13238=DIRECTION('',(0.,0.,1.));
#13239=DIRECTION('',(0.996073639759002,0.0885285500686319,0.));
#13240=DIRECTION('center_axis',(0.,1.,0.));
#13241=DIRECTION('ref_axis',(-1.,0.,0.));
#13242=DIRECTION('',(-1.,0.,0.));
#13243=DIRECTION('',(0.,0.,1.));
#13244=DIRECTION('',(1.,0.,0.));
#13245=DIRECTION('center_axis',(0.0885283304184807,0.996073659280937,0.));
#13246=DIRECTION('ref_axis',(-0.996073659280937,0.0885283304184807,0.));
#13247=DIRECTION('',(-0.996073659280937,0.0885283304184807,0.));
#13248=DIRECTION('',(0.,0.,1.));
#13249=DIRECTION('',(0.996073659280937,-0.0885283304184807,0.));
#13250=DIRECTION('center_axis',(0.329672042976121,0.944095516396487,0.));
#13251=DIRECTION('ref_axis',(-0.944095516396487,0.329672042976121,0.));
#13252=DIRECTION('',(-0.944095516396487,0.329672042976121,0.));
#13253=DIRECTION('',(0.,0.,1.));
#13254=DIRECTION('',(0.944095516396487,-0.329672042976121,0.));
#13255=DIRECTION('center_axis',(0.547759163820112,0.836636060931569,0.));
#13256=DIRECTION('ref_axis',(-0.836636060931569,0.547759163820112,0.));
#13257=DIRECTION('',(-0.836636060931569,0.547759163820112,0.));
#13258=DIRECTION('',(0.,0.,1.));
#13259=DIRECTION('',(0.836636060931569,-0.547759163820112,0.));
#13260=DIRECTION('center_axis',(0.693385733246299,0.720566599927093,0.));
#13261=DIRECTION('ref_axis',(-0.720566599927093,0.693385733246299,0.));
#13262=DIRECTION('',(-0.720566599927093,0.693385733246299,0.));
#13263=DIRECTION('',(0.,0.,1.));
#13264=DIRECTION('',(0.720566599927093,-0.693385733246299,0.));
#13265=DIRECTION('center_axis',(0.812123331799824,0.58348581297779,0.));
#13266=DIRECTION('ref_axis',(-0.58348581297779,0.812123331799824,0.));
#13267=DIRECTION('',(-0.58348581297779,0.812123331799824,0.));
#13268=DIRECTION('',(0.,0.,1.));
#13269=DIRECTION('',(0.58348581297779,-0.812123331799824,0.));
#13270=DIRECTION('center_axis',(0.93006716636,0.367389529054763,0.));
#13271=DIRECTION('ref_axis',(-0.367389529054763,0.93006716636,0.));
#13272=DIRECTION('',(-0.367389529054763,0.93006716636,0.));
#13273=DIRECTION('',(0.,0.,1.));
#13274=DIRECTION('',(0.367389529054763,-0.93006716636,0.));
#13275=DIRECTION('center_axis',(0.984612207286329,-0.174753544349587,0.));
#13276=DIRECTION('ref_axis',(0.174753544349587,0.984612207286329,0.));
#13277=DIRECTION('',(0.,0.,1.));
#13278=DIRECTION('',(0.174753544349587,0.984612207286329,0.));
#13279=DIRECTION('',(0.,0.,1.));
#13280=DIRECTION('',(-0.174753544349587,-0.984612207286329,0.));
#13281=DIRECTION('center_axis',(0.929129793030867,-0.369753739267662,0.));
#13282=DIRECTION('ref_axis',(0.369753739267662,0.929129793030867,0.));
#13283=DIRECTION('',(0.369753739267662,0.929129793030867,0.));
#13284=DIRECTION('',(0.,0.,1.));
#13285=DIRECTION('',(-0.369753739267662,-0.929129793030867,0.));
#13286=DIRECTION('center_axis',(0.814903759509388,-0.579596292894861,0.));
#13287=DIRECTION('ref_axis',(0.579596292894861,0.814903759509388,0.));
#13288=DIRECTION('',(0.579596292894861,0.814903759509388,0.));
#13289=DIRECTION('',(0.,0.,1.));
#13290=DIRECTION('',(-0.579596292894861,-0.814903759509388,0.));
#13291=DIRECTION('center_axis',(0.691887635932533,-0.722005193363379,0.));
#13292=DIRECTION('ref_axis',(0.722005193363379,0.691887635932533,0.));
#13293=DIRECTION('',(0.722005193363379,0.691887635932533,0.));
#13294=DIRECTION('',(0.,0.,1.));
#13295=DIRECTION('',(-0.722005193363379,-0.691887635932533,0.));
#13296=DIRECTION('center_axis',(0.547765452253685,-0.836631943758614,0.));
#13297=DIRECTION('ref_axis',(0.836631943758614,0.547765452253685,0.));
#13298=DIRECTION('',(0.836631943758614,0.547765452253685,0.));
#13299=DIRECTION('',(0.,0.,1.));
#13300=DIRECTION('',(-0.836631943758614,-0.547765452253685,0.));
#13301=DIRECTION('center_axis',(0.329676554681329,-0.944093940926139,0.));
#13302=DIRECTION('ref_axis',(0.944093940926139,0.329676554681329,0.));
#13303=DIRECTION('',(0.944093940926139,0.329676554681329,0.));
#13304=DIRECTION('',(0.,0.,1.));
#13305=DIRECTION('',(-0.944093940926139,-0.329676554681329,0.));
#13306=DIRECTION('center_axis',(0.0885301244411103,-0.996073499831434,0.));
#13307=DIRECTION('ref_axis',(0.996073499831434,0.0885301244411103,0.));
#13308=DIRECTION('',(0.996073499831434,0.0885301244411103,0.));
#13309=DIRECTION('',(0.,0.,1.));
#13310=DIRECTION('',(-0.996073499831434,-0.0885301244411103,0.));
#13311=DIRECTION('center_axis',(0.,-1.,0.));
#13312=DIRECTION('ref_axis',(1.,0.,0.));
#13313=DIRECTION('',(1.,0.,0.));
#13314=DIRECTION('',(0.,0.,1.));
#13315=DIRECTION('',(-1.,0.,0.));
#13316=DIRECTION('center_axis',(-0.0885301976592891,-0.996073493323865,
0.));
#13317=DIRECTION('ref_axis',(0.996073493323865,-0.0885301976592891,0.));
#13318=DIRECTION('',(0.996073493323865,-0.0885301976592891,0.));
#13319=DIRECTION('',(0.,0.,1.));
#13320=DIRECTION('',(-0.996073493323865,0.0885301976592891,0.));
#13321=DIRECTION('center_axis',(-0.329284898020272,-0.944230615864461,0.));
#13322=DIRECTION('ref_axis',(0.944230615864461,-0.329284898020272,0.));
#13323=DIRECTION('',(0.944230615864461,-0.329284898020272,0.));
#13324=DIRECTION('',(0.,0.,1.));
#13325=DIRECTION('',(-0.944230615864461,0.329284898020272,0.));
#13326=DIRECTION('center_axis',(-0.547134291476162,-0.837044841744382,0.));
#13327=DIRECTION('ref_axis',(0.837044841744382,-0.547134291476162,0.));
#13328=DIRECTION('',(0.837044841744382,-0.547134291476162,0.));
#13329=DIRECTION('',(0.,0.,1.));
#13330=DIRECTION('',(-0.837044841744382,0.547134291476162,0.));
#13331=DIRECTION('center_axis',(-0.692705565987162,-0.721220492533598,0.));
#13332=DIRECTION('ref_axis',(0.721220492533598,-0.692705565987162,0.));
#13333=DIRECTION('',(0.721220492533598,-0.692705565987162,0.));
#13334=DIRECTION('',(0.,0.,1.));
#13335=DIRECTION('',(-0.721220492533598,0.692705565987162,0.));
#13336=DIRECTION('center_axis',(-0.813253409949827,-0.581909693341656,0.));
#13337=DIRECTION('ref_axis',(0.581909693341655,-0.813253409949826,0.));
#13338=DIRECTION('',(0.581909693341655,-0.813253409949826,0.));
#13339=DIRECTION('',(0.,0.,1.));
#13340=DIRECTION('',(-0.581909693341655,0.813253409949826,0.));
#13341=DIRECTION('center_axis',(-0.930083235408511,-0.367348846754738,0.));
#13342=DIRECTION('ref_axis',(0.367348846754738,-0.930083235408511,0.));
#13343=DIRECTION('',(0.367348846754738,-0.930083235408511,0.));
#13344=DIRECTION('',(0.,0.,1.));
#13345=DIRECTION('',(-0.367348846754738,0.930083235408511,0.));
#13346=DIRECTION('center_axis',(-0.984031481248787,-0.177994505284062,0.));
#13347=DIRECTION('ref_axis',(0.177994505284062,-0.984031481248787,0.));
#13348=DIRECTION('',(0.177994505284062,-0.984031481248787,0.));
#13349=DIRECTION('',(0.,0.,1.));
#13350=DIRECTION('',(-0.177994505284062,0.984031481248787,0.));
#13351=DIRECTION('center_axis',(-0.999579119236942,-0.0290100738623592,
0.));
#13352=DIRECTION('ref_axis',(0.0290100738623592,-0.999579119236942,0.));
#13353=DIRECTION('',(-0.0290100738623592,0.999579119236942,0.));
#13354=DIRECTION('',(0.0290100738623592,-0.999579119236942,0.));
#13355=DIRECTION('center_axis',(-0.116433646026305,0.99319847264936,0.));
#13356=DIRECTION('ref_axis',(0.99319847264936,0.116433646026305,0.));
#13357=DIRECTION('',(0.99319847264936,0.116433646026305,0.));
#13358=DIRECTION('',(0.,0.,-1.));
#13359=DIRECTION('',(0.,0.,-1.));
#13360=DIRECTION('center_axis',(-0.361715615066861,0.932288482078805,0.));
#13361=DIRECTION('ref_axis',(0.932288482078805,0.361715615066861,0.));
#13362=DIRECTION('',(0.932288482078805,0.361715615066861,0.));
#13363=DIRECTION('',(0.,0.,-1.));
#13364=DIRECTION('center_axis',(-0.565367605668372,0.824839057308038,0.));
#13365=DIRECTION('ref_axis',(0.824839057308038,0.565367605668372,0.));
#13366=DIRECTION('',(0.824839057308038,0.565367605668372,0.));
#13367=DIRECTION('',(0.,0.,-1.));
#13368=DIRECTION('center_axis',(-0.703805014129405,0.710393202449395,0.));
#13369=DIRECTION('ref_axis',(0.710393202449395,0.703805014129405,0.));
#13370=DIRECTION('',(0.710393202449395,0.703805014129405,0.));
#13371=DIRECTION('',(0.,0.,-1.));
#13372=DIRECTION('center_axis',(-0.81850542441118,0.574498799136668,0.));
#13373=DIRECTION('ref_axis',(0.574498799136668,0.81850542441118,0.));
#13374=DIRECTION('',(0.574498799136668,0.81850542441118,0.));
#13375=DIRECTION('',(0.,0.,-1.));
#13376=DIRECTION('center_axis',(-0.928039115171251,0.372482752234466,0.));
#13377=DIRECTION('ref_axis',(0.372482752234466,0.928039115171251,0.));
#13378=DIRECTION('',(0.372482752234466,0.928039115171251,0.));
#13379=DIRECTION('',(0.,0.,-1.));
#13380=DIRECTION('center_axis',(-0.992735241378751,0.120319327311421,0.));
#13381=DIRECTION('ref_axis',(0.120319327311421,0.992735241378751,0.));
#13382=DIRECTION('',(0.120319327311421,0.992735241378751,0.));
#13383=DIRECTION('',(0.,0.,-1.));
#13384=DIRECTION('center_axis',(-1.,0.,0.));
#13385=DIRECTION('ref_axis',(0.,1.,0.));
#13386=DIRECTION('',(0.,1.,0.));
#13387=DIRECTION('',(0.,0.,-1.));
#13388=DIRECTION('center_axis',(-0.992735210980197,-0.120319578124689,0.));
#13389=DIRECTION('ref_axis',(-0.120319578124689,0.992735210980197,0.));
#13390=DIRECTION('',(-0.120319578124689,0.992735210980197,0.));
#13391=DIRECTION('',(0.,0.,-1.));
#13392=DIRECTION('center_axis',(-0.928037650127895,-0.372486402362684,0.));
#13393=DIRECTION('ref_axis',(-0.372486402362684,0.928037650127895,0.));
#13394=DIRECTION('',(-0.372486402362684,0.928037650127895,0.));
#13395=DIRECTION('',(0.,0.,-1.));
#13396=DIRECTION('center_axis',(-0.76412391440853,-0.645069487287211,0.));
#13397=DIRECTION('ref_axis',(-0.645069487287211,0.76412391440853,0.));
#13398=DIRECTION('',(-0.645069487287211,0.76412391440853,0.));
#13399=DIRECTION('',(0.,0.,-1.));
#13400=DIRECTION('center_axis',(-0.565374796216757,-0.824834128660339,0.));
#13401=DIRECTION('ref_axis',(-0.824834128660339,0.565374796216757,0.));
#13402=DIRECTION('',(-0.824834128660339,0.565374796216757,0.));
#13403=DIRECTION('',(0.,0.,-1.));
#13404=DIRECTION('center_axis',(-0.361721146177251,-0.932286336062165,0.));
#13405=DIRECTION('ref_axis',(-0.932286336062165,0.361721146177251,0.));
#13406=DIRECTION('',(-0.932286336062165,0.361721146177251,0.));
#13407=DIRECTION('',(0.,0.,-1.));
#13408=DIRECTION('center_axis',(-0.116440063608082,-0.993197720288838,0.));
#13409=DIRECTION('ref_axis',(-0.993197720288838,0.116440063608082,0.));
#13410=DIRECTION('',(-0.993197720288838,0.116440063608082,0.));
#13411=DIRECTION('',(0.,0.,-1.));
#13412=DIRECTION('center_axis',(0.,-1.,0.));
#13413=DIRECTION('ref_axis',(-1.,0.,0.));
#13414=DIRECTION('',(0.,0.,1.));
#13415=DIRECTION('',(-1.,0.,0.));
#13416=DIRECTION('center_axis',(-0.338740115855322,-0.940879978483081,0.));
#13417=DIRECTION('ref_axis',(-0.940879978483081,0.338740115855322,0.));
#13418=DIRECTION('',(-0.940879978483081,0.338740115855322,0.));
#13419=DIRECTION('',(0.,0.,-1.));
#13420=DIRECTION('center_axis',(-0.278992887334487,-0.96029316816104,0.));
#13421=DIRECTION('ref_axis',(-0.960293168161039,0.278992887334486,0.));
#13422=DIRECTION('',(-0.960293168161039,0.278992887334486,0.));
#13423=DIRECTION('',(0.,0.,-1.));
#13424=DIRECTION('center_axis',(-0.218142510465817,-0.975916925320834,0.));
#13425=DIRECTION('ref_axis',(-0.975916925320834,0.218142510465818,0.));
#13426=DIRECTION('',(-0.975916925320834,0.218142510465818,0.));
#13427=DIRECTION('',(0.,0.,-1.));
#13428=DIRECTION('',(-0.975916925320834,0.218142510465818,0.));
#13429=DIRECTION('center_axis',(-0.156435578203349,-0.987688164286777,0.));
#13430=DIRECTION('ref_axis',(-0.987688164286777,0.156435578203349,0.));
#13431=DIRECTION('',(-0.987688164286777,0.156435578203349,0.));
#13432=DIRECTION('',(0.,0.,-1.));
#13433=DIRECTION('',(-0.987688164286777,0.156435578203349,0.));
#13434=DIRECTION('center_axis',(-0.0941085410239328,-0.995561943078554,
0.));
#13435=DIRECTION('ref_axis',(-0.995561943078555,0.0941085410239328,0.));
#13436=DIRECTION('',(-0.995561943078555,0.0941085410239328,0.));
#13437=DIRECTION('',(0.,0.,-1.));
#13438=DIRECTION('',(-0.995561943078555,0.0941085410239328,0.));
#13439=DIRECTION('center_axis',(-0.0314088907264712,-0.9995066190793,0.));
#13440=DIRECTION('ref_axis',(-0.9995066190793,0.0314088907264712,0.));
#13441=DIRECTION('',(-0.9995066190793,0.0314088907264712,0.));
#13442=DIRECTION('',(0.,0.,-1.));
#13443=DIRECTION('',(-0.9995066190793,0.0314088907264712,0.));
#13444=DIRECTION('center_axis',(0.,-1.,0.));
#13445=DIRECTION('ref_axis',(-1.,0.,0.));
#13446=DIRECTION('',(-1.,0.,0.));
#13447=DIRECTION('',(0.,0.,-1.));
#13448=DIRECTION('',(-1.,0.,0.));
#13449=DIRECTION('center_axis',(0.0314088907264712,-0.9995066190793,0.));
#13450=DIRECTION('ref_axis',(-0.9995066190793,-0.0314088907264712,0.));
#13451=DIRECTION('',(-0.9995066190793,-0.0314088907264712,0.));
#13452=DIRECTION('',(0.,0.,-1.));
#13453=DIRECTION('',(-0.9995066190793,-0.0314088907264712,0.));
#13454=DIRECTION('center_axis',(0.0941084519046649,-0.995561951502822,0.));
#13455=DIRECTION('ref_axis',(-0.995561951502822,-0.0941084519046649,0.));
#13456=DIRECTION('',(-0.995561951502822,-0.0941084519046649,0.));
#13457=DIRECTION('',(0.,0.,-1.));
#13458=DIRECTION('',(-0.995561951502822,-0.0941084519046649,0.));
#13459=DIRECTION('center_axis',(0.156436753977308,-0.987687978060401,0.));
#13460=DIRECTION('ref_axis',(-0.987687978060401,-0.156436753977308,0.));
#13461=DIRECTION('',(-0.987687978060401,-0.156436753977308,0.));
#13462=DIRECTION('',(0.,0.,-1.));
#13463=DIRECTION('',(-0.987687978060401,-0.156436753977308,0.));
#13464=DIRECTION('center_axis',(0.218140890463456,-0.975917287431579,0.));
#13465=DIRECTION('ref_axis',(-0.975917287431579,-0.218140890463456,0.));
#13466=DIRECTION('',(-0.975917287431579,-0.218140890463456,0.));
#13467=DIRECTION('',(0.,0.,-1.));
#13468=DIRECTION('',(-0.975917287431579,-0.218140890463456,0.));
#13469=DIRECTION('center_axis',(0.278994926089974,-0.960292575841368,0.));
#13470=DIRECTION('ref_axis',(-0.960292575841368,-0.278994926089974,0.));
#13471=DIRECTION('',(-0.960292575841368,-0.278994926089974,0.));
#13472=DIRECTION('',(0.,0.,-1.));
#13473=DIRECTION('center_axis',(0.33873981269271,-0.940880087629081,0.));
#13474=DIRECTION('ref_axis',(-0.940880087629081,-0.33873981269271,0.));
#13475=DIRECTION('',(-0.940880087629081,-0.33873981269271,0.));
#13476=DIRECTION('',(0.,0.,-1.));
#13477=DIRECTION('center_axis',(0.397144614075356,-0.917756043570914,0.));
#13478=DIRECTION('ref_axis',(-0.917756043570914,-0.397144614075356,0.));
#13479=DIRECTION('',(-0.917756043570914,-0.397144614075356,0.));
#13480=DIRECTION('',(0.,0.,-1.));
#13481=DIRECTION('center_axis',(0.453985456037068,-0.891009094065159,0.));
#13482=DIRECTION('ref_axis',(-0.891009094065159,-0.453985456037068,0.));
#13483=DIRECTION('',(-0.891009094065159,-0.453985456037068,0.));
#13484=DIRECTION('',(0.,0.,-1.));
#13485=DIRECTION('center_axis',(0.509042823376718,-0.860741194534489,0.));
#13486=DIRECTION('ref_axis',(-0.860741194534489,-0.509042823376718,0.));
#13487=DIRECTION('',(-0.860741194534489,-0.509042823376718,0.));
#13488=DIRECTION('',(0.,0.,-1.));
#13489=DIRECTION('center_axis',(0.562087081411114,-0.827078057326354,0.));
#13490=DIRECTION('ref_axis',(-0.827078057326354,-0.562087081411114,0.));
#13491=DIRECTION('',(-0.827078057326354,-0.562087081411114,0.));
#13492=DIRECTION('',(0.,0.,-1.));
#13493=DIRECTION('center_axis',(0.612906188811991,-0.790155683214366,0.));
#13494=DIRECTION('ref_axis',(-0.790155683214365,-0.61290618881199,0.));
#13495=DIRECTION('',(-0.790155683214365,-0.61290618881199,0.));
#13496=DIRECTION('',(0.,0.,-1.));
#13497=DIRECTION('center_axis',(0.661307357826906,-0.750115043499327,0.));
#13498=DIRECTION('ref_axis',(-0.750115043499327,-0.661307357826906,0.));
#13499=DIRECTION('',(-0.750115043499327,-0.661307357826906,0.));
#13500=DIRECTION('',(0.,0.,-1.));
#13501=DIRECTION('center_axis',(0.707112488439646,-0.707101073887384,0.));
#13502=DIRECTION('ref_axis',(-0.707101073887383,-0.707112488439646,0.));
#13503=DIRECTION('',(-0.707101073887383,-0.707112488439646,0.));
#13504=DIRECTION('',(0.,0.,-1.));
#13505=DIRECTION('center_axis',(0.750110275044155,-0.661312766603808,0.));
#13506=DIRECTION('ref_axis',(-0.661312766603808,-0.750110275044154,0.));
#13507=DIRECTION('',(-0.661312766603808,-0.750110275044154,0.));
#13508=DIRECTION('',(0.,0.,-1.));
#13509=DIRECTION('center_axis',(0.790153013880068,-0.612909630089335,0.));
#13510=DIRECTION('ref_axis',(-0.612909630089335,-0.790153013880068,0.));
#13511=DIRECTION('',(-0.612909630089335,-0.790153013880068,0.));
#13512=DIRECTION('',(0.,0.,-1.));
#13513=DIRECTION('center_axis',(0.827085132623655,-0.562076670386621,0.));
#13514=DIRECTION('ref_axis',(-0.562076670386621,-0.827085132623655,0.));
#13515=DIRECTION('',(-0.562076670386621,-0.827085132623655,0.));
#13516=DIRECTION('',(0.,0.,-1.));
#13517=DIRECTION('center_axis',(0.860742861629906,-0.509040004472301,0.));
#13518=DIRECTION('ref_axis',(-0.509040004472301,-0.860742861629906,0.));
#13519=DIRECTION('',(-0.509040004472301,-0.860742861629906,0.));
#13520=DIRECTION('',(0.,0.,-1.));
#13521=DIRECTION('center_axis',(0.891002124193784,-0.453999135111692,0.));
#13522=DIRECTION('ref_axis',(-0.453999135111692,-0.891002124193784,0.));
#13523=DIRECTION('',(-0.453999135111692,-0.891002124193784,0.));
#13524=DIRECTION('',(0.,0.,-1.));
#13525=DIRECTION('center_axis',(0.91775525689339,-0.39714643199272,0.));
#13526=DIRECTION('ref_axis',(-0.39714643199272,-0.91775525689339,0.));
#13527=DIRECTION('',(-0.39714643199272,-0.91775525689339,0.));
#13528=DIRECTION('',(0.,0.,-1.));
#13529=DIRECTION('center_axis',(0.940881300274049,-0.338736444444077,0.));
#13530=DIRECTION('ref_axis',(-0.338736444444077,-0.940881300274049,0.));
#13531=DIRECTION('',(-0.338736444444077,-0.940881300274049,0.));
#13532=DIRECTION('',(0.,0.,-1.));
#13533=DIRECTION('center_axis',(0.960295206880946,-0.278985869967425,0.));
#13534=DIRECTION('ref_axis',(-0.278985869967425,-0.960295206880946,0.));
#13535=DIRECTION('',(-0.278985869967425,-0.960295206880946,0.));
#13536=DIRECTION('',(0.,0.,-1.));
#13537=DIRECTION('',(-0.278985869967425,-0.960295206880946,0.));
#13538=DIRECTION('center_axis',(0.97591593424347,-0.218146944259356,0.));
#13539=DIRECTION('ref_axis',(-0.218146944259356,-0.97591593424347,0.));
#13540=DIRECTION('',(-0.218146944259356,-0.97591593424347,0.));
#13541=DIRECTION('',(0.,0.,-1.));
#13542=DIRECTION('',(-0.218146944259356,-0.97591593424347,0.));
#13543=DIRECTION('center_axis',(0.987688752162769,-0.156431866482349,0.));
#13544=DIRECTION('ref_axis',(-0.156431866482349,-0.987688752162769,0.));
#13545=DIRECTION('',(-0.156431866482349,-0.987688752162769,0.));
#13546=DIRECTION('',(0.,0.,-1.));
#13547=DIRECTION('',(-0.156431866482349,-0.987688752162769,0.));
#13548=DIRECTION('center_axis',(0.995561951502822,0.0941084519046649,0.));
#13549=DIRECTION('ref_axis',(0.0941084519046649,-0.995561951502822,0.));
#13550=DIRECTION('',(0.,0.,-1.));
#13551=DIRECTION('',(0.0941084519046649,-0.995561951502822,0.));
#13552=DIRECTION('',(0.,0.,-1.));
#13553=DIRECTION('',(0.0941084519046649,-0.995561951502822,0.));
#13554=DIRECTION('center_axis',(0.987688752162769,0.156431866482349,0.));
#13555=DIRECTION('ref_axis',(0.156431866482349,-0.987688752162769,0.));
#13556=DIRECTION('',(0.156431866482349,-0.987688752162769,0.));
#13557=DIRECTION('',(0.,0.,-1.));
#13558=DIRECTION('',(0.156431866482349,-0.987688752162769,0.));
#13559=DIRECTION('center_axis',(0.975916115307733,0.218146134237267,0.));
#13560=DIRECTION('ref_axis',(0.218146134237267,-0.975916115307733,0.));
#13561=DIRECTION('',(0.218146134237267,-0.975916115307733,0.));
#13562=DIRECTION('',(0.,0.,-1.));
#13563=DIRECTION('',(0.218146134237267,-0.975916115307733,0.));
#13564=DIRECTION('center_axis',(0.960295206880946,0.278985869967425,0.));
#13565=DIRECTION('ref_axis',(0.278985869967425,-0.960295206880946,0.));
#13566=DIRECTION('',(0.278985869967425,-0.960295206880946,0.));
#13567=DIRECTION('',(0.,0.,-1.));
#13568=DIRECTION('',(0.278985869967425,-0.960295206880946,0.));
#13569=DIRECTION('center_axis',(0.940881300274049,0.338736444444077,0.));
#13570=DIRECTION('ref_axis',(0.338736444444077,-0.940881300274049,0.));
#13571=DIRECTION('',(0.338736444444077,-0.940881300274049,0.));
#13572=DIRECTION('',(0.,0.,-1.));
#13573=DIRECTION('',(0.338736444444077,-0.940881300274049,0.));
#13574=DIRECTION('center_axis',(0.917754656774941,0.397147818787803,0.));
#13575=DIRECTION('ref_axis',(0.397147818787803,-0.917754656774941,0.));
#13576=DIRECTION('',(0.397147818787803,-0.917754656774941,0.));
#13577=DIRECTION('',(0.,0.,-1.));
#13578=DIRECTION('',(0.397147818787803,-0.917754656774941,0.));
#13579=DIRECTION('center_axis',(0.891002908421784,0.453997596011171,0.));
#13580=DIRECTION('ref_axis',(0.453997596011171,-0.891002908421784,0.));
#13581=DIRECTION('',(0.453997596011171,-0.891002908421784,0.));
#13582=DIRECTION('',(0.,0.,-1.));
#13583=DIRECTION('center_axis',(0.860742861629906,0.509040004472301,0.));
#13584=DIRECTION('ref_axis',(0.509040004472301,-0.860742861629906,0.));
#13585=DIRECTION('',(0.509040004472301,-0.860742861629906,0.));
#13586=DIRECTION('',(0.,0.,-1.));
#13587=DIRECTION('center_axis',(0.82708393054803,0.562078439213977,0.));
#13588=DIRECTION('ref_axis',(0.562078439213977,-0.82708393054803,0.));
#13589=DIRECTION('',(0.562078439213977,-0.82708393054803,0.));
#13590=DIRECTION('',(0.,0.,-1.));
#13591=DIRECTION('center_axis',(0.790153013880068,0.612909630089335,0.));
#13592=DIRECTION('ref_axis',(0.612909630089335,-0.790153013880068,0.));
#13593=DIRECTION('',(0.612909630089335,-0.790153013880068,0.));
#13594=DIRECTION('',(0.,0.,-1.));
#13595=DIRECTION('center_axis',(0.750113602997547,0.661308991771652,0.));
#13596=DIRECTION('ref_axis',(0.661308991771652,-0.750113602997547,0.));
#13597=DIRECTION('',(0.661308991771652,-0.750113602997547,0.));
#13598=DIRECTION('',(0.,0.,-1.));
#13599=DIRECTION('center_axis',(0.707110586037302,0.70710297631532,0.));
#13600=DIRECTION('ref_axis',(0.70710297631532,-0.707110586037302,0.));
#13601=DIRECTION('',(0.70710297631532,-0.707110586037302,0.));
#13602=DIRECTION('',(0.,0.,-1.));
#13603=DIRECTION('center_axis',(0.661305216965842,0.750116930893951,0.));
#13604=DIRECTION('ref_axis',(0.750116930893951,-0.661305216965842,0.));
#13605=DIRECTION('',(0.750116930893951,-0.661305216965842,0.));
#13606=DIRECTION('',(0.,0.,-1.));
#13607=DIRECTION('center_axis',(0.61291093987947,0.790151997894117,0.));
#13608=DIRECTION('ref_axis',(0.790151997894117,-0.61291093987947,0.));
#13609=DIRECTION('',(0.790151997894117,-0.61291093987947,0.));
#13610=DIRECTION('',(0.,0.,-1.));
#13611=DIRECTION('center_axis',(0.562081875932266,0.827081594976255,0.));
#13612=DIRECTION('ref_axis',(0.827081594976255,-0.562081875932266,0.));
#13613=DIRECTION('',(0.827081594976255,-0.562081875932266,0.));
#13614=DIRECTION('',(0.,0.,-1.));
#13615=DIRECTION('center_axis',(0.509042823376718,0.860741194534489,0.));
#13616=DIRECTION('ref_axis',(0.860741194534489,-0.509042823376718,0.));
#13617=DIRECTION('',(0.860741194534489,-0.509042823376718,0.));
#13618=DIRECTION('',(0.,0.,-1.));
#13619=DIRECTION('center_axis',(0.453985456037068,0.891009094065159,0.));
#13620=DIRECTION('ref_axis',(0.891009094065159,-0.453985456037068,0.));
#13621=DIRECTION('',(0.891009094065159,-0.453985456037068,0.));
#13622=DIRECTION('',(0.,0.,-1.));
#13623=DIRECTION('center_axis',(0.397151023485723,0.91775326997197,0.));
#13624=DIRECTION('ref_axis',(0.91775326997197,-0.397151023485723,0.));
#13625=DIRECTION('',(0.91775326997197,-0.397151023485723,0.));
#13626=DIRECTION('',(0.,0.,-1.));
#13627=DIRECTION('center_axis',(0.338736444444077,0.940881300274049,0.));
#13628=DIRECTION('ref_axis',(0.940881300274049,-0.338736444444077,0.));
#13629=DIRECTION('',(0.940881300274049,-0.338736444444077,0.));
#13630=DIRECTION('',(0.,0.,-1.));
#13631=DIRECTION('center_axis',(0.278991417390718,0.960293595220919,0.));
#13632=DIRECTION('ref_axis',(0.960293595220919,-0.278991417390718,0.));
#13633=DIRECTION('',(0.960293595220919,-0.278991417390718,0.));
#13634=DIRECTION('',(0.,0.,-1.));
#13635=DIRECTION('center_axis',(0.218140890463456,0.975917287431579,0.));
#13636=DIRECTION('ref_axis',(0.975917287431579,-0.218140890463456,0.));
#13637=DIRECTION('',(0.975917287431579,-0.218140890463456,0.));
#13638=DIRECTION('',(0.,0.,-1.));
#13639=DIRECTION('',(0.975917287431579,-0.218140890463456,0.));
#13640=DIRECTION('center_axis',(0.156436753977308,0.987687978060401,0.));
#13641=DIRECTION('ref_axis',(0.987687978060401,-0.156436753977308,0.));
#13642=DIRECTION('',(0.987687978060401,-0.156436753977308,0.));
#13643=DIRECTION('',(0.,0.,-1.));
#13644=DIRECTION('',(0.987687978060401,-0.156436753977308,0.));
#13645=DIRECTION('center_axis',(0.0941084519046649,0.995561951502822,0.));
#13646=DIRECTION('ref_axis',(0.995561951502822,-0.0941084519046649,0.));
#13647=DIRECTION('',(0.995561951502822,-0.0941084519046649,0.));
#13648=DIRECTION('',(0.,0.,-1.));
#13649=DIRECTION('',(0.995561951502822,-0.0941084519046649,0.));
#13650=DIRECTION('center_axis',(0.0314088907264712,0.9995066190793,0.));
#13651=DIRECTION('ref_axis',(0.9995066190793,-0.0314088907264712,0.));
#13652=DIRECTION('',(0.9995066190793,-0.0314088907264712,0.));
#13653=DIRECTION('',(0.,0.,-1.));
#13654=DIRECTION('',(0.9995066190793,-0.0314088907264712,0.));
#13655=DIRECTION('center_axis',(0.,1.,0.));
#13656=DIRECTION('ref_axis',(1.,0.,0.));
#13657=DIRECTION('',(1.,0.,0.));
#13658=DIRECTION('',(0.,0.,-1.));
#13659=DIRECTION('',(1.,0.,0.));
#13660=DIRECTION('center_axis',(-0.0314088907264712,0.9995066190793,0.));
#13661=DIRECTION('ref_axis',(0.9995066190793,0.0314088907264712,0.));
#13662=DIRECTION('',(0.9995066190793,0.0314088907264712,0.));
#13663=DIRECTION('',(0.,0.,-1.));
#13664=DIRECTION('',(0.9995066190793,0.0314088907264712,0.));
#13665=DIRECTION('center_axis',(-0.0941085410239328,0.995561943078554,0.));
#13666=DIRECTION('ref_axis',(0.995561943078555,0.0941085410239328,0.));
#13667=DIRECTION('',(0.995561943078555,0.0941085410239328,0.));
#13668=DIRECTION('',(0.,0.,-1.));
#13669=DIRECTION('',(0.995561943078555,0.0941085410239328,0.));
#13670=DIRECTION('center_axis',(-0.156435578203349,0.987688164286777,0.));
#13671=DIRECTION('ref_axis',(0.987688164286777,0.156435578203349,0.));
#13672=DIRECTION('',(0.987688164286777,0.156435578203349,0.));
#13673=DIRECTION('',(0.,0.,-1.));
#13674=DIRECTION('',(0.987688164286777,0.156435578203349,0.));
#13675=DIRECTION('center_axis',(-0.218142510465817,0.975916925320834,0.));
#13676=DIRECTION('ref_axis',(0.975916925320834,0.218142510465818,0.));
#13677=DIRECTION('',(0.975916925320834,0.218142510465818,0.));
#13678=DIRECTION('',(0.,0.,-1.));
#13679=DIRECTION('',(0.975916925320834,0.218142510465818,0.));
#13680=DIRECTION('center_axis',(-0.278989378656543,0.960294187526321,0.));
#13681=DIRECTION('ref_axis',(0.960294187526321,0.278989378656543,0.));
#13682=DIRECTION('',(0.960294187526321,0.278989378656543,0.));
#13683=DIRECTION('',(0.,0.,-1.));
#13684=DIRECTION('center_axis',(-0.338736747604456,0.940881191130079,0.));
#13685=DIRECTION('ref_axis',(0.940881191130078,0.338736747604456,0.));
#13686=DIRECTION('',(0.940881191130078,0.338736747604456,0.));
#13687=DIRECTION('',(0.,0.,-1.));
#13688=DIRECTION('center_axis',(0.,1.,0.));
#13689=DIRECTION('ref_axis',(1.,0.,0.));
#13690=DIRECTION('',(1.,0.,0.));
#13691=DIRECTION('center_axis',(0.995561951502822,-0.0941084519046649,0.));
#13692=DIRECTION('ref_axis',(-0.0941084519046649,-0.995561951502822,0.));
#13693=DIRECTION('',(-0.0941084519046649,-0.995561951502822,0.));
#13694=DIRECTION('',(0.,0.,-1.));
#13695=DIRECTION('',(-0.0941084519046649,-0.995561951502822,0.));
#13696=DIRECTION('center_axis',(0.,0.,-1.));
#13697=DIRECTION('ref_axis',(-1.,0.,0.));
#13698=DIRECTION('',(0.174750237750086,-0.984612794151228,0.));
#13699=DIRECTION('',(0.0293936925998915,-0.999567912067681,0.));
#13700=DIRECTION('',(-0.0293936848142507,-0.999567912296629,0.));
#13701=DIRECTION('center_axis',(0.999567912296629,-0.0293936848142507,0.));
#13702=DIRECTION('ref_axis',(0.0293936848142507,0.999567912296629,0.));
#13703=DIRECTION('',(0.,0.,1.));
#13704=DIRECTION('',(0.0293936848142507,0.999567912296629,0.));
#13705=DIRECTION('center_axis',(-0.999567912296629,0.0293936848142507,0.));
#13706=DIRECTION('ref_axis',(0.0293936848142507,0.999567912296629,0.));
#13707=DIRECTION('center_axis',(0.984612794151228,0.174750237750086,0.));
#13708=DIRECTION('ref_axis',(-0.174750237750086,0.984612794151228,0.));
#13709=DIRECTION('',(-0.174750237750086,0.984612794151228,0.));
#13710=DIRECTION('',(0.,0.,1.));
#13711=DIRECTION('center_axis',(0.,0.,-1.));
#13712=DIRECTION('ref_axis',(-1.,0.,0.));
#13713=DIRECTION('',(-0.0314126918045635,-0.999506499625486,0.));
#13714=DIRECTION('',(0.,-1.,0.));
#13715=DIRECTION('',(0.0314126918045635,-0.999506499625486,0.));
#13716=DIRECTION('center_axis',(0.999506499625486,0.0314126918045635,0.));
#13717=DIRECTION('ref_axis',(0.0314126918045635,-0.999506499625486,0.));
#13718=DIRECTION('',(0.,0.,-1.));
#13719=DIRECTION('',(0.0314126918045635,-0.999506499625486,0.));
#13720=DIRECTION('center_axis',(0.,0.,1.));
#13721=DIRECTION('ref_axis',(1.,0.,0.));
#13722=DIRECTION('',(-0.0293936925998915,0.999567912067681,0.));
#13723=DIRECTION('',(0.,-1.,0.));
#13724=DIRECTION('',(-0.0314126918045635,-0.999506499625486,0.));
#13725=DIRECTION('center_axis',(0.999506499625486,-0.0314126918045635,0.));
#13726=DIRECTION('ref_axis',(-0.0314126918045635,-0.999506499625486,0.));
#13727=DIRECTION('',(0.,0.,-1.));
#13728=DIRECTION('center_axis',(-0.999567912296629,0.0293936848142507,0.));
#13729=DIRECTION('ref_axis',(0.0293936848142507,0.999567912296629,0.));
#13730=DIRECTION('',(-0.999567912296629,0.0293936848142507,0.));
#13731=DIRECTION('center_axis',(1.,0.,0.));
#13732=DIRECTION('ref_axis',(0.,1.,0.));
#13733=DIRECTION('center_axis',(0.999567912067681,0.0293936925998915,0.));
#13734=DIRECTION('ref_axis',(-0.0293936925998915,0.999567912067681,0.));
#13735=DIRECTION('center_axis',(1.,0.,0.));
#13736=DIRECTION('ref_axis',(0.,-1.,0.));
#13737=CARTESIAN_POINT('',(0.,0.,0.));
#13738=CARTESIAN_POINT('Origin',(32.2497428711646,-13.5033069262305,0.399999999999999));
#13739=CARTESIAN_POINT('',(31.8650428711646,-13.5033069262305,1.9));
#13740=CARTESIAN_POINT('Origin',(32.2497428711646,-13.5033069262305,1.9));
#13741=CARTESIAN_POINT('',(31.8650428711646,-13.5033069262305,-1.1));
#13742=CARTESIAN_POINT('',(31.8650428711646,-13.5033069262305,0.399999999999999));
#13743=CARTESIAN_POINT('Origin',(32.2497428711646,-13.5033069262305,-1.1));
#13744=CARTESIAN_POINT('Origin',(32.2497428711646,-13.5033069262305,-1.1));
#13745=CARTESIAN_POINT('Origin',(2.74267137050629,-13.5072302818298,0.399999999999999));
#13746=CARTESIAN_POINT('',(2.35797137050629,-13.5072302818298,1.9));
#13747=CARTESIAN_POINT('Origin',(2.74267137050629,-13.5072302818298,1.9));
#13748=CARTESIAN_POINT('',(2.35797137050629,-13.5072302818298,-1.1));
#13749=CARTESIAN_POINT('',(2.35797137050629,-13.5072302818298,0.399999999999999));
#13750=CARTESIAN_POINT('Origin',(2.74267137050629,-13.5072302818298,-1.1));
#13751=CARTESIAN_POINT('Origin',(2.74267137050629,-13.5072302818298,-1.1));
#13752=CARTESIAN_POINT('Origin',(2.74527579545975,13.499641418457,0.399999999999999));
#13753=CARTESIAN_POINT('',(2.36057579545975,13.499641418457,1.9));
#13754=CARTESIAN_POINT('Origin',(2.74527579545975,13.499641418457,1.9));
#13755=CARTESIAN_POINT('',(2.36057579545975,13.499641418457,-1.1));
#13756=CARTESIAN_POINT('',(2.36057579545975,13.499641418457,0.399999999999999));
#13757=CARTESIAN_POINT('Origin',(2.74527579545975,13.499641418457,-1.1));
#13758=CARTESIAN_POINT('Origin',(2.74527579545975,13.499641418457,-1.1));
#13759=CARTESIAN_POINT('Origin',(33.7168130867154,3.48797697542817,5.51121943034027));
#13760=CARTESIAN_POINT('',(36.7522589386693,2.32669816314328,5.51121943034027));
#13761=CARTESIAN_POINT('Origin',(36.7155168229194,3.57615805322788,5.51121943034027));
#13762=CARTESIAN_POINT('',(34.987370967865,2.27479916372486,5.51121943034027));
#13763=CARTESIAN_POINT('',(33.7535552024653,2.23851708534357,5.51121943034027));
#13764=CARTESIAN_POINT('Origin',(34.987370967865,3.52533950711612,5.51121943034027));
#13765=CARTESIAN_POINT('Origin',(-3.53999987259507,4.69999989941716,2.9));
#13766=CARTESIAN_POINT('',(-3.53999987259507,-3.14357991741656,2.949));
#13767=CARTESIAN_POINT('',(-3.53999987259507,3.15546729914283,2.949));
#13768=CARTESIAN_POINT('',(-3.53999987259507,2.34999990779906,2.949));
#13769=CARTESIAN_POINT('',(-3.53999987259507,3.12824174567655,2.94875290272713));
#13770=CARTESIAN_POINT('Origin',(-3.53999987259507,3.12824174567655,4.44875290272713));
#13771=CARTESIAN_POINT('',(-3.53999987259507,-3.11635436395032,2.94875290272713));
#13772=CARTESIAN_POINT('',(-3.53999987259507,-0.785879160689339,2.94875290272713));
#13773=CARTESIAN_POINT('Origin',(-3.53999987259507,-3.11635436395032,4.44875290272713));
#13774=CARTESIAN_POINT('Origin',(25.0600016117096,-15.9526674747467,4.00000013411045));
#13775=CARTESIAN_POINT('',(22.0600008964539,-15.9526674747467,5.));
#13776=CARTESIAN_POINT('',(22.0600008964539,-15.9526674747467,3.00000011920929));
#13777=CARTESIAN_POINT('',(22.0600008964539,-15.9526674747467,3.00000011920929));
#13778=CARTESIAN_POINT('',(22.0662879943848,-15.9526674747467,5.11196434497833));
#13779=CARTESIAN_POINT('',(22.0600008964539,-15.9526674747467,5.));
#13780=CARTESIAN_POINT('',(22.0850729942322,-15.9526674747467,5.22252082824707));
#13781=CARTESIAN_POINT('',(22.0662879943848,-15.9526674747467,5.11196434497833));
#13782=CARTESIAN_POINT('',(22.116117477417,-15.9526674747467,5.33027946949005));
#13783=CARTESIAN_POINT('',(22.0850729942322,-15.9526674747467,5.22252082824707));
#13784=CARTESIAN_POINT('',(22.1590328216553,-15.9526674747467,5.43388366699219));
#13785=CARTESIAN_POINT('',(22.116117477417,-15.9526674747467,5.33027946949005));
#13786=CARTESIAN_POINT('',(22.2132778167725,-15.9526674747467,5.53203225135803));
#13787=CARTESIAN_POINT('',(22.1590328216553,-15.9526674747467,5.43388366699219));
#13788=CARTESIAN_POINT('',(22.2781705856323,-15.9526674747467,5.62349021434784));
#13789=CARTESIAN_POINT('',(22.2132778167725,-15.9526674747467,5.53203225135803));
#13790=CARTESIAN_POINT('',(22.3528933525085,-15.9526674747467,5.70710718631744));
#13791=CARTESIAN_POINT('',(22.2781705856323,-15.9526674747467,5.62349021434784));
#13792=CARTESIAN_POINT('',(22.436511516571,-15.9526674747467,5.78183174133301));
#13793=CARTESIAN_POINT('',(22.3528933525085,-15.9526674747467,5.70710718631744));
#13794=CARTESIAN_POINT('',(22.5279688835144,-15.9526674747467,5.84672451019287));
#13795=CARTESIAN_POINT('',(22.436511516571,-15.9526674747467,5.78183174133301));
#13796=CARTESIAN_POINT('',(22.6261162757874,-15.9526674747467,5.90096890926361));
#13797=CARTESIAN_POINT('',(22.5279688835144,-15.9526674747467,5.84672451019287));
#13798=CARTESIAN_POINT('',(22.7297210693359,-15.9526674747467,5.94388365745544));
#13799=CARTESIAN_POINT('',(22.6261162757874,-15.9526674747467,5.90096890926361));
#13800=CARTESIAN_POINT('',(22.8374791145325,-15.9526674747467,5.97492814064026));
#13801=CARTESIAN_POINT('',(22.7297210693359,-15.9526674747467,5.94388365745544));
#13802=CARTESIAN_POINT('',(22.9480361938477,-15.9526674747467,5.99371254444122));
#13803=CARTESIAN_POINT('',(22.8374791145325,-15.9526674747467,5.97492814064026));
#13804=CARTESIAN_POINT('',(23.0599999427795,-15.9526674747467,6.00000023841858));
#13805=CARTESIAN_POINT('',(22.9480361938477,-15.9526674747467,5.99371254444122));
#13806=CARTESIAN_POINT('',(27.0600008964539,-15.9526674747467,6.00000023841858));
#13807=CARTESIAN_POINT('',(23.0599999427795,-15.9526674747467,6.00000023841858));
#13808=CARTESIAN_POINT('',(27.1719646453857,-15.9526674747467,5.99371254444122));
#13809=CARTESIAN_POINT('',(27.0600008964539,-15.9526674747467,6.00000023841858));
#13810=CARTESIAN_POINT('',(27.2825217247009,-15.9526674747467,5.97492814064026));
#13811=CARTESIAN_POINT('',(27.1719646453857,-15.9526674747467,5.99371254444122));
#13812=CARTESIAN_POINT('',(27.3902797698975,-15.9526674747467,5.94388365745544));
#13813=CARTESIAN_POINT('',(27.2825217247009,-15.9526674747467,5.97492814064026));
#13814=CARTESIAN_POINT('',(27.493884563446,-15.9526674747467,5.90096890926361));
#13815=CARTESIAN_POINT('',(27.3902797698975,-15.9526674747467,5.94388365745544));
#13816=CARTESIAN_POINT('',(27.5920343399048,-15.9526674747467,5.84672451019287));
#13817=CARTESIAN_POINT('',(27.493884563446,-15.9526674747467,5.90096890926361));
#13818=CARTESIAN_POINT('',(27.6834917068481,-15.9526674747467,5.78183174133301));
#13819=CARTESIAN_POINT('',(27.5920343399048,-15.9526674747467,5.84672451019287));
#13820=CARTESIAN_POINT('',(27.7671074867249,-15.9526674747467,5.70710718631744));
#13821=CARTESIAN_POINT('',(27.6834917068481,-15.9526674747467,5.78183174133301));
#13822=CARTESIAN_POINT('',(27.8418326377869,-15.9526674747467,5.62349021434784));
#13823=CARTESIAN_POINT('',(27.7671074867249,-15.9526674747467,5.70710718631744));
#13824=CARTESIAN_POINT('',(27.9067254066467,-15.9526674747467,5.53203225135803));
#13825=CARTESIAN_POINT('',(27.8418326377869,-15.9526674747467,5.62349021434784));
#13826=CARTESIAN_POINT('',(27.9609704017639,-15.9526674747467,5.43388366699219));
#13827=CARTESIAN_POINT('',(27.9067254066467,-15.9526674747467,5.53203225135803));
#13828=CARTESIAN_POINT('',(28.0038833618164,-15.9526674747467,5.33027946949005));
#13829=CARTESIAN_POINT('',(27.9609704017639,-15.9526674747467,5.43388366699219));
#13830=CARTESIAN_POINT('',(28.034930229187,-15.9526674747467,5.22252082824707));
#13831=CARTESIAN_POINT('',(28.0038833618164,-15.9526674747467,5.33027946949005));
#13832=CARTESIAN_POINT('',(28.0537128448486,-15.9526674747467,5.11196434497833));
#13833=CARTESIAN_POINT('',(28.034930229187,-15.9526674747467,5.22252082824707));
#13834=CARTESIAN_POINT('',(28.0600023269653,-15.9526674747467,5.));
#13835=CARTESIAN_POINT('',(28.0537128448486,-15.9526674747467,5.11196434497833));
#13836=CARTESIAN_POINT('',(28.0600023269653,-15.9526674747467,3.00000011920929));
#13837=CARTESIAN_POINT('',(28.0600023269653,-15.9526674747467,3.00000011920929));
#13838=CARTESIAN_POINT('',(28.0537128448486,-15.9526674747467,2.88803547620773));
#13839=CARTESIAN_POINT('',(28.0537128448486,-15.9526674747467,2.88803547620773));
#13840=CARTESIAN_POINT('',(28.034930229187,-15.9526674747467,2.777478992939));
#13841=CARTESIAN_POINT('',(28.034930229187,-15.9526674747467,2.777478992939));
#13842=CARTESIAN_POINT('',(28.0038833618164,-15.9526674747467,2.66972094774246));
#13843=CARTESIAN_POINT('',(28.0038833618164,-15.9526674747467,2.66972094774246));
#13844=CARTESIAN_POINT('',(27.9609704017639,-15.9526674747467,2.5661164522171));
#13845=CARTESIAN_POINT('',(27.9609704017639,-15.9526674747467,2.5661164522171));
#13846=CARTESIAN_POINT('',(27.9067254066467,-15.9526674747467,2.46796801686287));
#13847=CARTESIAN_POINT('',(27.9067254066467,-15.9526674747467,2.46796801686287));
#13848=CARTESIAN_POINT('',(27.8418326377869,-15.9526674747467,2.37651020288467));
#13849=CARTESIAN_POINT('',(27.8418326377869,-15.9526674747467,2.37651020288467));
#13850=CARTESIAN_POINT('',(27.7671074867249,-15.9526674747467,2.29289323091507));
#13851=CARTESIAN_POINT('',(27.7671074867249,-15.9526674747467,2.29289323091507));
#13852=CARTESIAN_POINT('',(27.6834917068481,-15.9526674747467,2.21816852688789));
#13853=CARTESIAN_POINT('',(27.6834917068481,-15.9526674747467,2.21816852688789));
#13854=CARTESIAN_POINT('',(27.5920343399048,-15.9526674747467,2.15327590703964));
#13855=CARTESIAN_POINT('',(27.5920343399048,-15.9526674747467,2.15327590703964));
#13856=CARTESIAN_POINT('',(27.493884563446,-15.9526674747467,2.09903120994568));
#13857=CARTESIAN_POINT('',(27.493884563446,-15.9526674747467,2.09903120994568));
#13858=CARTESIAN_POINT('',(27.3902797698975,-15.9526674747467,2.05611675977707));
#13859=CARTESIAN_POINT('',(27.3902797698975,-15.9526674747467,2.05611675977707));
#13860=CARTESIAN_POINT('',(27.2825217247009,-15.9526674747467,2.02507212758064));
#13861=CARTESIAN_POINT('',(27.2825217247009,-15.9526674747467,2.02507212758064));
#13862=CARTESIAN_POINT('',(27.1719646453857,-15.9526674747467,2.00628787279129));
#13863=CARTESIAN_POINT('',(27.1719646453857,-15.9526674747467,2.00628787279129));
#13864=CARTESIAN_POINT('',(27.0600008964539,-15.9526674747467,2.00000002980232));
#13865=CARTESIAN_POINT('',(27.0600008964539,-15.9526674747467,2.00000002980232));
#13866=CARTESIAN_POINT('',(23.0599999427795,-15.9526674747467,2.00000002980232));
#13867=CARTESIAN_POINT('',(23.0599999427795,-15.9526674747467,2.00000002980232));
#13868=CARTESIAN_POINT('',(22.9480361938477,-15.9526674747467,2.00628787279129));
#13869=CARTESIAN_POINT('',(22.9480361938477,-15.9526674747467,2.00628787279129));
#13870=CARTESIAN_POINT('',(22.8374791145325,-15.9526674747467,2.02507212758064));
#13871=CARTESIAN_POINT('',(22.8374791145325,-15.9526674747467,2.02507212758064));
#13872=CARTESIAN_POINT('',(22.7297210693359,-15.9526674747467,2.05611675977707));
#13873=CARTESIAN_POINT('',(22.7297210693359,-15.9526674747467,2.05611675977707));
#13874=CARTESIAN_POINT('',(22.6261162757874,-15.9526674747467,2.09903120994568));
#13875=CARTESIAN_POINT('',(22.6261162757874,-15.9526674747467,2.09903120994568));
#13876=CARTESIAN_POINT('',(22.5279688835144,-15.9526674747467,2.15327590703964));
#13877=CARTESIAN_POINT('',(22.5279688835144,-15.9526674747467,2.15327590703964));
#13878=CARTESIAN_POINT('',(22.436511516571,-15.9526674747467,2.21816852688789));
#13879=CARTESIAN_POINT('',(22.436511516571,-15.9526674747467,2.21816852688789));
#13880=CARTESIAN_POINT('',(22.3528933525085,-15.9526674747467,2.29289323091507));
#13881=CARTESIAN_POINT('',(22.3528933525085,-15.9526674747467,2.29289323091507));
#13882=CARTESIAN_POINT('',(22.2781705856323,-15.9526674747467,2.37651020288467));
#13883=CARTESIAN_POINT('',(22.2781705856323,-15.9526674747467,2.37651020288467));
#13884=CARTESIAN_POINT('',(22.2132778167725,-15.9526674747467,2.46796801686287));
#13885=CARTESIAN_POINT('',(22.2132778167725,-15.9526674747467,2.46796801686287));
#13886=CARTESIAN_POINT('',(22.1590328216553,-15.9526674747467,2.5661164522171));
#13887=CARTESIAN_POINT('',(22.1590328216553,-15.9526674747467,2.5661164522171));
#13888=CARTESIAN_POINT('',(22.116117477417,-15.9526674747467,2.66972094774246));
#13889=CARTESIAN_POINT('',(22.116117477417,-15.9526674747467,2.66972094774246));
#13890=CARTESIAN_POINT('',(22.0850729942322,-15.9526674747467,2.777478992939));
#13891=CARTESIAN_POINT('',(22.0850729942322,-15.9526674747467,2.777478992939));
#13892=CARTESIAN_POINT('',(22.0662879943848,-15.9526674747467,2.88803547620773));
#13893=CARTESIAN_POINT('',(22.0662879943848,-15.9526674747467,2.88803547620773));
#13894=CARTESIAN_POINT('',(22.0600008964539,-15.9526674747467,3.00000011920929));
#13895=CARTESIAN_POINT('',(26.786994934082,-15.9526674747467,4.94550347328186));
#13896=CARTESIAN_POINT('',(26.7145085334778,-15.9526674747467,4.97552812099457));
#13897=CARTESIAN_POINT('',(26.180851933438,-15.9526674747467,5.19657443150506));
#13898=CARTESIAN_POINT('',(26.6382169723511,-15.9526674747467,4.9938440322876));
#13899=CARTESIAN_POINT('',(26.0049112934074,-15.9526674747467,5.14588667587225));
#13900=CARTESIAN_POINT('',(26.560001373291,-15.9526674747467,5.));
#13901=CARTESIAN_POINT('',(25.8537290451676,-15.9526674747467,5.05558724474836));
#13902=CARTESIAN_POINT('',(23.4600019454956,-15.9526674747467,5.));
#13903=CARTESIAN_POINT('',(24.2600017786026,-15.9526674747467,5.));
#13904=CARTESIAN_POINT('',(23.3817839622498,-15.9526674747467,4.9938440322876));
#13905=CARTESIAN_POINT('',(24.176858892475,-15.9526674747467,5.05641858862745));
#13906=CARTESIAN_POINT('',(23.305492401123,-15.9526674747467,4.97552812099457));
#13907=CARTESIAN_POINT('',(24.0242201260416,-15.9526674747467,5.14807870272386));
#13908=CARTESIAN_POINT('',(23.2330060005188,-15.9526674747467,4.94550347328186));
#13909=CARTESIAN_POINT('',(23.8455845315138,-15.9526674747467,5.19924009747858));
#13910=CARTESIAN_POINT('',(23.1661081314087,-15.9526674747467,4.90450859069824));
#13911=CARTESIAN_POINT('',(23.6530552808246,-15.9526674747467,5.20290884589735));
#13912=CARTESIAN_POINT('',(23.1064462661743,-15.9526674747467,4.85355317592621));
#13913=CARTESIAN_POINT('',(23.4604811700178,-15.9526674747467,5.15592379907471));
#13914=CARTESIAN_POINT('',(23.0554914474487,-15.9526674747467,4.79389250278473));
#13915=CARTESIAN_POINT('',(23.2821939233111,-15.9526674747467,5.05932809162724));
#13916=CARTESIAN_POINT('',(23.014497756958,-15.9526674747467,4.72699522972107));
#13917=CARTESIAN_POINT('',(23.1317663477066,-15.9526674747467,4.91836489766728));
#13918=CARTESIAN_POINT('',(22.9844737052917,-15.9526674747467,4.65450823307037));
#13919=CARTESIAN_POINT('',(23.0207427541384,-15.9526674747467,4.74207251158606));
#13920=CARTESIAN_POINT('',(22.9661560058594,-15.9526674747467,4.57821726799011));
#13921=CARTESIAN_POINT('',(22.9575886287111,-15.9526674747467,4.54253519594474));
#13922=CARTESIAN_POINT('',(22.960000038147,-15.9526674747467,4.49999988079071));
#13923=CARTESIAN_POINT('',(22.9469092337834,-15.9526674747467,4.33366884049061));
#13924=CARTESIAN_POINT('',(22.960000038147,-15.9526674747467,3.50000023841858));
#13925=CARTESIAN_POINT('',(22.960000038147,-15.9526674747467,3.75000018626451));
#13926=CARTESIAN_POINT('',(22.9661560058594,-15.9526674747467,3.42178285121918));
#13927=CARTESIAN_POINT('',(22.9499872118118,-15.9526674747467,3.62722265916612));
#13928=CARTESIAN_POINT('',(22.9844737052917,-15.9526674747467,3.34549158811569));
#13929=CARTESIAN_POINT('',(22.9667472684158,-15.9526674747467,3.41932030577646));
#13930=CARTESIAN_POINT('',(23.014497756958,-15.9526674747467,3.27300488948822));
#13931=CARTESIAN_POINT('',(23.0357554311981,-15.9526674747467,3.22168274805011));
#13932=CARTESIAN_POINT('',(23.0554914474487,-15.9526674747467,3.20610731840134));
#13933=CARTESIAN_POINT('',(23.1522616787358,-15.9526674747467,3.04818805450671));
#13934=CARTESIAN_POINT('',(23.1064462661743,-15.9526674747467,3.14644664525986));
#13935=CARTESIAN_POINT('',(23.3076712222912,-15.9526674747467,2.91084152223016));
#13936=CARTESIAN_POINT('',(23.1661081314087,-15.9526674747467,3.09549152851105));
#13937=CARTESIAN_POINT('',(23.4903149716398,-15.9526674747467,2.8185977818968));
#13938=CARTESIAN_POINT('',(23.2330060005188,-15.9526674747467,3.05449664592743));
#13939=CARTESIAN_POINT('',(23.6865041821871,-15.9526674747467,2.77659385236043));
#13940=CARTESIAN_POINT('',(23.305492401123,-15.9526674747467,3.0244717001915));
#13941=CARTESIAN_POINT('',(23.8818242655353,-15.9526674747467,2.7857464660701));
#13942=CARTESIAN_POINT('',(23.3817839622498,-15.9526674747467,3.00615578889847));
#13943=CARTESIAN_POINT('',(24.0623658558678,-15.9526674747467,2.84276317499657));
#13944=CARTESIAN_POINT('',(23.4600019454956,-15.9526674747467,3.00000011920929));
#13945=CARTESIAN_POINT('',(24.2159702222065,-15.9526674747467,2.9405062430721));
#13946=CARTESIAN_POINT('',(26.560001373291,-15.9526674747467,3.00000011920929));
#13947=CARTESIAN_POINT('',(25.8100014925003,-15.9526674747467,3.00000011920929));
#13948=CARTESIAN_POINT('',(26.6382169723511,-15.9526674747467,3.00615578889847));
#13949=CARTESIAN_POINT('',(25.8928345361258,-15.9526674747467,2.94749321871225));
#13950=CARTESIAN_POINT('',(26.7145085334778,-15.9526674747467,3.0244717001915));
#13951=CARTESIAN_POINT('',(26.0430571247079,-15.9526674747467,2.86327111314121));
#13952=CARTESIAN_POINT('',(26.786994934082,-15.9526674747467,3.05449664592743));
#13953=CARTESIAN_POINT('',(26.2170984759445,-15.9526674747467,2.81843705284457));
#13954=CARTESIAN_POINT('',(26.8538928031921,-15.9526674747467,3.09549152851105));
#13955=CARTESIAN_POINT('',(26.4032963706866,-15.9526674747467,2.81936692112247));
#13956=CARTESIAN_POINT('',(26.9135546684265,-15.9526674747467,3.14644664525986));
#13957=CARTESIAN_POINT('',(26.5884288640472,-15.9526674747467,2.86876804344077));
#13958=CARTESIAN_POINT('',(26.9645094871521,-15.9526674747467,3.20610731840134));
#13959=CARTESIAN_POINT('',(26.7588966422798,-15.9526674747467,2.96536461656428));
#13960=CARTESIAN_POINT('',(27.0055031776428,-15.9526674747467,3.27300488948822));
#13961=CARTESIAN_POINT('',(26.9018860730662,-15.9526674747467,3.10391221848797));
#13962=CARTESIAN_POINT('',(27.0355296134949,-15.9526674747467,3.34549158811569));
#13963=CARTESIAN_POINT('',(27.0065687407005,-15.9526674747467,3.27557726100143));
#13964=CARTESIAN_POINT('',(27.0538449287415,-15.9526674747467,3.42178285121918));
#13965=CARTESIAN_POINT('',(27.0651436802505,-15.9526674747467,3.468847071109));
#13966=CARTESIAN_POINT('',(27.0600008964539,-15.9526674747467,3.50000023841858));
#13967=CARTESIAN_POINT('',(27.0733995176817,-15.9526674747467,3.67024238286689));
#13968=CARTESIAN_POINT('',(27.0600008964539,-15.9526674747467,4.49999988079071));
#13969=CARTESIAN_POINT('',(27.0600008964539,-15.9526674747467,4.25000000745058));
#13970=CARTESIAN_POINT('',(27.0538449287415,-15.9526674747467,4.57821726799011));
#13971=CARTESIAN_POINT('',(27.0703215279977,-15.9526674747467,4.36886650398924));
#13972=CARTESIAN_POINT('',(27.0355296134949,-15.9526674747467,4.65450823307037));
#13973=CARTESIAN_POINT('',(27.0559858328237,-15.9526674747467,4.56929950510269));
#13974=CARTESIAN_POINT('',(27.0055031776428,-15.9526674747467,4.72699522972107));
#13975=CARTESIAN_POINT('',(26.9915561227203,-15.9526674747467,4.7606648976242));
#13976=CARTESIAN_POINT('',(26.9645094871521,-15.9526674747467,4.79389250278473));
#13977=CARTESIAN_POINT('',(26.8813878020228,-15.9526674747467,4.92953811070729));
#13978=CARTESIAN_POINT('',(26.9135546684265,-15.9526674747467,4.85355317592621));
#13979=CARTESIAN_POINT('',(26.7334191225343,-15.9526674747467,5.0644656704346));
#13980=CARTESIAN_POINT('',(26.8538928031921,-15.9526674747467,4.90450859069824));
#13981=CARTESIAN_POINT('',(26.5586006577924,-15.9526674747467,5.15670878069661));
#13982=CARTESIAN_POINT('',(26.3698474029391,-15.9526674747467,5.20113065971893));
#13983=CARTESIAN_POINT('Origin',(10.0599998235703,-15.9526674747467,4.00000013411045));
#13984=CARTESIAN_POINT('',(7.05999970436096,-15.9526674747467,5.));
#13985=CARTESIAN_POINT('',(7.05999970436096,-15.9526674747467,3.00000011920929));
#13986=CARTESIAN_POINT('',(7.05999970436096,-15.9526674747467,3.00000011920929));
#13987=CARTESIAN_POINT('',(7.06628739833832,-15.9526674747467,5.11196434497833));
#13988=CARTESIAN_POINT('',(7.05999970436096,-15.9526674747467,5.));
#13989=CARTESIAN_POINT('',(7.08507180213928,-15.9526674747467,5.22252082824707));
#13990=CARTESIAN_POINT('',(7.06628739833832,-15.9526674747467,5.11196434497833));
#13991=CARTESIAN_POINT('',(7.1161162853241,-15.9526674747467,5.33027946949005));
#13992=CARTESIAN_POINT('',(7.08507180213928,-15.9526674747467,5.22252082824707));
#13993=CARTESIAN_POINT('',(7.15903103351593,-15.9526674747467,5.43388366699219));
#13994=CARTESIAN_POINT('',(7.1161162853241,-15.9526674747467,5.33027946949005));
#13995=CARTESIAN_POINT('',(7.21327543258667,-15.9526674747467,5.53203225135803));
#13996=CARTESIAN_POINT('',(7.15903103351593,-15.9526674747467,5.43388366699219));
#13997=CARTESIAN_POINT('',(7.27816820144653,-15.9526674747467,5.62349021434784));
#13998=CARTESIAN_POINT('',(7.21327543258667,-15.9526674747467,5.53203225135803));
#13999=CARTESIAN_POINT('',(7.3528927564621,-15.9526674747467,5.70710718631744));
#14000=CARTESIAN_POINT('',(7.27816820144653,-15.9526674747467,5.62349021434784));
#14001=CARTESIAN_POINT('',(7.4365097284317,-15.9526674747467,5.78183174133301));
#14002=CARTESIAN_POINT('',(7.3528927564621,-15.9526674747467,5.70710718631744));
#14003=CARTESIAN_POINT('',(7.52796769142151,-15.9526674747467,5.84672451019287));
#14004=CARTESIAN_POINT('',(7.4365097284317,-15.9526674747467,5.78183174133301));
#14005=CARTESIAN_POINT('',(7.62611627578735,-15.9526674747467,5.90096890926361));
#14006=CARTESIAN_POINT('',(7.52796769142151,-15.9526674747467,5.84672451019287));
#14007=CARTESIAN_POINT('',(7.72972047328949,-15.9526674747467,5.94388365745544));
#14008=CARTESIAN_POINT('',(7.62611627578735,-15.9526674747467,5.90096890926361));
#14009=CARTESIAN_POINT('',(7.83747851848602,-15.9526674747467,5.97492814064026));
#14010=CARTESIAN_POINT('',(7.72972047328949,-15.9526674747467,5.94388365745544));
#14011=CARTESIAN_POINT('',(7.94803500175476,-15.9526674747467,5.99371254444122));
#14012=CARTESIAN_POINT('',(7.83747851848602,-15.9526674747467,5.97492814064026));
#14013=CARTESIAN_POINT('',(8.05999994277954,-15.9526674747467,6.00000023841858));
#14014=CARTESIAN_POINT('',(7.94803500175476,-15.9526674747467,5.99371254444122));
#14015=CARTESIAN_POINT('',(12.059999704361,-15.9526674747467,6.00000023841858));
#14016=CARTESIAN_POINT('',(8.05999994277954,-15.9526674747467,6.00000023841858));
#14017=CARTESIAN_POINT('',(12.1719646453857,-15.9526674747467,5.99371254444122));
#14018=CARTESIAN_POINT('',(12.059999704361,-15.9526674747467,6.00000023841858));
#14019=CARTESIAN_POINT('',(12.282520532608,-15.9526674747467,5.97492814064026));
#14020=CARTESIAN_POINT('',(12.1719646453857,-15.9526674747467,5.99371254444122));
#14021=CARTESIAN_POINT('',(12.3902785778046,-15.9526674747467,5.94388365745544));
#14022=CARTESIAN_POINT('',(12.282520532608,-15.9526674747467,5.97492814064026));
#14023=CARTESIAN_POINT('',(12.4938833713531,-15.9526674747467,5.90096890926361));
#14024=CARTESIAN_POINT('',(12.3902785778046,-15.9526674747467,5.94388365745544));
#14025=CARTESIAN_POINT('',(12.592031955719,-15.9526674747467,5.84672451019287));
#14026=CARTESIAN_POINT('',(12.4938833713531,-15.9526674747467,5.90096890926361));
#14027=CARTESIAN_POINT('',(12.6834893226624,-15.9526674747467,5.78183174133301));
#14028=CARTESIAN_POINT('',(12.592031955719,-15.9526674747467,5.84672451019287));
#14029=CARTESIAN_POINT('',(12.767106294632,-15.9526674747467,5.70710718631744));
#14030=CARTESIAN_POINT('',(12.6834893226624,-15.9526674747467,5.78183174133301));
#14031=CARTESIAN_POINT('',(12.8418302536011,-15.9526674747467,5.62349021434784));
#14032=CARTESIAN_POINT('',(12.767106294632,-15.9526674747467,5.70710718631744));
#14033=CARTESIAN_POINT('',(12.9067230224609,-15.9526674747467,5.53203225135803));
#14034=CARTESIAN_POINT('',(12.8418302536011,-15.9526674747467,5.62349021434784));
#14035=CARTESIAN_POINT('',(12.9609680175781,-15.9526674747467,5.43388366699219));
#14036=CARTESIAN_POINT('',(12.9067230224609,-15.9526674747467,5.53203225135803));
#14037=CARTESIAN_POINT('',(13.0038833618164,-15.9526674747467,5.33027946949005));
#14038=CARTESIAN_POINT('',(12.9609680175781,-15.9526674747467,5.43388366699219));
#14039=CARTESIAN_POINT('',(13.0349278450012,-15.9526674747467,5.22252082824707));
#14040=CARTESIAN_POINT('',(13.0038833618164,-15.9526674747467,5.33027946949005));
#14041=CARTESIAN_POINT('',(13.0537128448486,-15.9526674747467,5.11196434497833));
#14042=CARTESIAN_POINT('',(13.0349278450012,-15.9526674747467,5.22252082824707));
#14043=CARTESIAN_POINT('',(13.0599999427795,-15.9526674747467,5.));
#14044=CARTESIAN_POINT('',(13.0537128448486,-15.9526674747467,5.11196434497833));
#14045=CARTESIAN_POINT('',(13.0599999427795,-15.9526674747467,3.00000011920929));
#14046=CARTESIAN_POINT('',(13.0599999427795,-15.9526674747467,3.00000011920929));
#14047=CARTESIAN_POINT('',(13.0537128448486,-15.9526674747467,2.88803547620773));
#14048=CARTESIAN_POINT('',(13.0537128448486,-15.9526674747467,2.88803547620773));
#14049=CARTESIAN_POINT('',(13.0349278450012,-15.9526674747467,2.777478992939));
#14050=CARTESIAN_POINT('',(13.0349278450012,-15.9526674747467,2.777478992939));
#14051=CARTESIAN_POINT('',(13.0038833618164,-15.9526674747467,2.66972094774246));
#14052=CARTESIAN_POINT('',(13.0038833618164,-15.9526674747467,2.66972094774246));
#14053=CARTESIAN_POINT('',(12.9609680175781,-15.9526674747467,2.5661164522171));
#14054=CARTESIAN_POINT('',(12.9609680175781,-15.9526674747467,2.5661164522171));
#14055=CARTESIAN_POINT('',(12.9067230224609,-15.9526674747467,2.46796801686287));
#14056=CARTESIAN_POINT('',(12.9067230224609,-15.9526674747467,2.46796801686287));
#14057=CARTESIAN_POINT('',(12.8418302536011,-15.9526674747467,2.37651020288467));
#14058=CARTESIAN_POINT('',(12.8418302536011,-15.9526674747467,2.37651020288467));
#14059=CARTESIAN_POINT('',(12.767106294632,-15.9526674747467,2.29289323091507));
#14060=CARTESIAN_POINT('',(12.767106294632,-15.9526674747467,2.29289323091507));
#14061=CARTESIAN_POINT('',(12.6834893226624,-15.9526674747467,2.21816852688789));
#14062=CARTESIAN_POINT('',(12.6834893226624,-15.9526674747467,2.21816852688789));
#14063=CARTESIAN_POINT('',(12.592031955719,-15.9526674747467,2.15327590703964));
#14064=CARTESIAN_POINT('',(12.592031955719,-15.9526674747467,2.15327590703964));
#14065=CARTESIAN_POINT('',(12.4938833713531,-15.9526674747467,2.09903120994568));
#14066=CARTESIAN_POINT('',(12.4938833713531,-15.9526674747467,2.09903120994568));
#14067=CARTESIAN_POINT('',(12.3902785778046,-15.9526674747467,2.05611675977707));
#14068=CARTESIAN_POINT('',(12.3902785778046,-15.9526674747467,2.05611675977707));
#14069=CARTESIAN_POINT('',(12.282520532608,-15.9526674747467,2.02507212758064));
#14070=CARTESIAN_POINT('',(12.282520532608,-15.9526674747467,2.02507212758064));
#14071=CARTESIAN_POINT('',(12.1719646453857,-15.9526674747467,2.00628787279129));
#14072=CARTESIAN_POINT('',(12.1719646453857,-15.9526674747467,2.00628787279129));
#14073=CARTESIAN_POINT('',(12.059999704361,-15.9526674747467,2.00000002980232));
#14074=CARTESIAN_POINT('',(12.059999704361,-15.9526674747467,2.00000002980232));
#14075=CARTESIAN_POINT('',(8.05999994277954,-15.9526674747467,2.00000002980232));
#14076=CARTESIAN_POINT('',(8.05999994277954,-15.9526674747467,2.00000002980232));
#14077=CARTESIAN_POINT('',(7.94803500175476,-15.9526674747467,2.00628787279129));
#14078=CARTESIAN_POINT('',(7.94803500175476,-15.9526674747467,2.00628787279129));
#14079=CARTESIAN_POINT('',(7.83747851848602,-15.9526674747467,2.02507212758064));
#14080=CARTESIAN_POINT('',(7.83747851848602,-15.9526674747467,2.02507212758064));
#14081=CARTESIAN_POINT('',(7.72972047328949,-15.9526674747467,2.05611675977707));
#14082=CARTESIAN_POINT('',(7.72972047328949,-15.9526674747467,2.05611675977707));
#14083=CARTESIAN_POINT('',(7.62611627578735,-15.9526674747467,2.09903120994568));
#14084=CARTESIAN_POINT('',(7.62611627578735,-15.9526674747467,2.09903120994568));
#14085=CARTESIAN_POINT('',(7.52796769142151,-15.9526674747467,2.15327590703964));
#14086=CARTESIAN_POINT('',(7.52796769142151,-15.9526674747467,2.15327590703964));
#14087=CARTESIAN_POINT('',(7.4365097284317,-15.9526674747467,2.21816852688789));
#14088=CARTESIAN_POINT('',(7.4365097284317,-15.9526674747467,2.21816852688789));
#14089=CARTESIAN_POINT('',(7.3528927564621,-15.9526674747467,2.29289323091507));
#14090=CARTESIAN_POINT('',(7.3528927564621,-15.9526674747467,2.29289323091507));
#14091=CARTESIAN_POINT('',(7.27816820144653,-15.9526674747467,2.37651020288467));
#14092=CARTESIAN_POINT('',(7.27816820144653,-15.9526674747467,2.37651020288467));
#14093=CARTESIAN_POINT('',(7.21327543258667,-15.9526674747467,2.46796801686287));
#14094=CARTESIAN_POINT('',(7.21327543258667,-15.9526674747467,2.46796801686287));
#14095=CARTESIAN_POINT('',(7.15903103351593,-15.9526674747467,2.5661164522171));
#14096=CARTESIAN_POINT('',(7.15903103351593,-15.9526674747467,2.5661164522171));
#14097=CARTESIAN_POINT('',(7.1161162853241,-15.9526674747467,2.66972094774246));
#14098=CARTESIAN_POINT('',(7.1161162853241,-15.9526674747467,2.66972094774246));
#14099=CARTESIAN_POINT('',(7.08507180213928,-15.9526674747467,2.777478992939));
#14100=CARTESIAN_POINT('',(7.08507180213928,-15.9526674747467,2.777478992939));
#14101=CARTESIAN_POINT('',(7.06628739833832,-15.9526674747467,2.88803547620773));
#14102=CARTESIAN_POINT('',(7.06628739833832,-15.9526674747467,2.88803547620773));
#14103=CARTESIAN_POINT('',(7.05999970436096,-15.9526674747467,3.00000011920929));
#14104=CARTESIAN_POINT('',(11.8538928031921,-15.9526674747467,4.90450859069824));
#14105=CARTESIAN_POINT('',(11.786994934082,-15.9526674747467,4.94550347328186));
#14106=CARTESIAN_POINT('',(11.3698467529531,-15.9526674747467,5.20113105802907));
#14107=CARTESIAN_POINT('',(11.7145085334778,-15.9526674747467,4.97552812099457));
#14108=CARTESIAN_POINT('',(11.1808511703003,-15.9526674747467,5.19657474760492));
#14109=CARTESIAN_POINT('',(11.6382169723511,-15.9526674747467,4.9938440322876));
#14110=CARTESIAN_POINT('',(11.0049104480612,-15.9526674747467,5.14588687882111));
#14111=CARTESIAN_POINT('',(11.5600001811981,-15.9526674747467,5.));
#14112=CARTESIAN_POINT('',(10.8537268282751,-15.9526674747467,5.05558647820545));
#14113=CARTESIAN_POINT('',(8.45999956130981,-15.9526674747467,5.));
#14114=CARTESIAN_POINT('',(9.25999969244003,-15.9526674747467,5.));
#14115=CARTESIAN_POINT('',(8.38178277015686,-15.9526674747467,4.9938440322876));
#14116=CARTESIAN_POINT('',(9.17685666261246,-15.9526674747467,5.05641946064236));
#14117=CARTESIAN_POINT('',(8.30549120903015,-15.9526674747467,4.97552812099457));
#14118=CARTESIAN_POINT('',(9.02421865216667,-15.9526674747467,5.14807863507424));
#14119=CARTESIAN_POINT('',(8.23300421237946,-15.9526674747467,4.94550347328186));
#14120=CARTESIAN_POINT('',(8.84558559307218,-15.9526674747467,5.19923919141754));
#14121=CARTESIAN_POINT('',(8.1661069393158,-15.9526674747467,4.90450859069824));
#14122=CARTESIAN_POINT('',(8.65304970799302,-15.9526674747467,5.20290882007484));
#14123=CARTESIAN_POINT('',(8.10644626617432,-15.9526674747467,4.85355317592621));
#14124=CARTESIAN_POINT('',(8.46047047457345,-15.9526674747467,5.15592070596631));
#14125=CARTESIAN_POINT('',(8.05549144744873,-15.9526674747467,4.79389250278473));
#14126=CARTESIAN_POINT('',(8.28219354620972,-15.9526674747467,5.05932765009643));
#14127=CARTESIAN_POINT('',(8.01449656486511,-15.9526674747467,4.72699522972107));
#14128=CARTESIAN_POINT('',(8.13177474184341,-15.9526674747467,4.91837497605215));
#14129=CARTESIAN_POINT('',(7.98447132110596,-15.9526674747467,4.65450823307037));
#14130=CARTESIAN_POINT('',(8.02074746586694,-15.9526674747467,4.7420861659885));
#14131=CARTESIAN_POINT('',(7.96615540981293,-15.9526674747467,4.57821726799011));
#14132=CARTESIAN_POINT('',(7.9575831752765,-15.9526674747467,4.54251147998887));
#14133=CARTESIAN_POINT('',(7.95999944210052,-15.9526674747467,4.49999988079071));
#14134=CARTESIAN_POINT('',(7.94690863406764,-15.9526674747467,4.33366879386857));
#14135=CARTESIAN_POINT('',(7.95999944210052,-15.9526674747467,3.50000023841858));
#14136=CARTESIAN_POINT('',(7.95999944210052,-15.9526674747467,3.75000018626451));
#14137=CARTESIAN_POINT('',(7.96615540981293,-15.9526674747467,3.42178285121918));
#14138=CARTESIAN_POINT('',(7.94998661209608,-15.9526674747467,3.62722270578816));
#14139=CARTESIAN_POINT('',(7.98447132110596,-15.9526674747467,3.34549158811569));
#14140=CARTESIAN_POINT('',(7.96674092097193,-15.9526674747467,3.4193440216591));
#14141=CARTESIAN_POINT('',(8.01449656486511,-15.9526674747467,3.27300488948822));
#14142=CARTESIAN_POINT('',(8.03576073903101,-15.9526674747467,3.22166909362626));
#14143=CARTESIAN_POINT('',(8.05549144744873,-15.9526674747467,3.20610731840134));
#14144=CARTESIAN_POINT('',(8.15227066885903,-15.9526674747467,3.048177976103));
#14145=CARTESIAN_POINT('',(8.10644626617432,-15.9526674747467,3.14644664525986));
#14146=CARTESIAN_POINT('',(8.30767084518981,-15.9526674747467,2.91084196376097));
#14147=CARTESIAN_POINT('',(8.1661069393158,-15.9526674747467,3.09549152851105));
#14148=CARTESIAN_POINT('',(8.49030368014016,-15.9526674747467,2.81860087494576));
#14149=CARTESIAN_POINT('',(8.23300421237946,-15.9526674747467,3.05449664592743));
#14150=CARTESIAN_POINT('',(8.6864983113322,-15.9526674747467,2.77659387818321));
#14151=CARTESIAN_POINT('',(8.30549120903015,-15.9526674747467,3.0244717001915));
#14152=CARTESIAN_POINT('',(8.88182562514341,-15.9526674747467,2.78574737211735));
#14153=CARTESIAN_POINT('',(8.38178277015686,-15.9526674747467,3.00615578889847));
#14154=CARTESIAN_POINT('',(9.06236438199281,-15.9526674747467,2.84276324264619));
#14155=CARTESIAN_POINT('',(8.45999956130981,-15.9526674747467,3.00000011920929));
#14156=CARTESIAN_POINT('',(9.21596739633931,-15.9526674747467,2.94050537109331));
#14157=CARTESIAN_POINT('',(11.5600001811981,-15.9526674747467,3.00000011920929));
#14158=CARTESIAN_POINT('',(10.8100000023842,-15.9526674747467,3.00000011920929));
#14159=CARTESIAN_POINT('',(11.6382169723511,-15.9526674747467,3.00615578889847));
#14160=CARTESIAN_POINT('',(10.8928329153203,-15.9526674747467,2.947493985224));
#14161=CARTESIAN_POINT('',(11.7145085334778,-15.9526674747467,3.0244717001915));
#14162=CARTESIAN_POINT('',(11.0430562793618,-15.9526674747467,2.86327091019235));
#14163=CARTESIAN_POINT('',(11.786994934082,-15.9526674747467,3.05449664592743));
#14164=CARTESIAN_POINT('',(11.217097712809,-15.9526674747467,2.8184367367425));
#14165=CARTESIAN_POINT('',(11.8538928031921,-15.9526674747467,3.09549152851105));
#14166=CARTESIAN_POINT('',(11.4032957207006,-15.9526674747467,2.81936652281233));
#14167=CARTESIAN_POINT('',(11.9135534763336,-15.9526674747467,3.14644664525986));
#14168=CARTESIAN_POINT('',(11.5884371908087,-15.9526674747467,2.868770624968));
#14169=CARTESIAN_POINT('',(11.9645082950592,-15.9526674747467,3.20610731840134));
#14170=CARTESIAN_POINT('',(11.7588953244865,-15.9526674747467,2.96536446938734));
#14171=CARTESIAN_POINT('',(12.0055031776428,-15.9526674747467,3.27300488948822));
#14172=CARTESIAN_POINT('',(11.9018767386048,-15.9526674747467,3.10390190308778));
#14173=CARTESIAN_POINT('',(12.035528421402,-15.9526674747467,3.34549158811569));
#14174=CARTESIAN_POINT('',(12.0065740612902,-15.9526674747467,3.2755902080567));
#14175=CARTESIAN_POINT('',(12.0538437366486,-15.9526674747467,3.42178285121918));
#14176=CARTESIAN_POINT('',(12.0651424719173,-15.9526674747467,3.46884700346111));
#14177=CARTESIAN_POINT('',(12.059999704361,-15.9526674747467,3.50000023841858));
#14178=CARTESIAN_POINT('',(12.0733983237541,-15.9526674747467,3.67024235955587));
#14179=CARTESIAN_POINT('',(12.059999704361,-15.9526674747467,4.49999988079071));
#14180=CARTESIAN_POINT('',(12.059999704361,-15.9526674747467,4.25000000745058));
#14181=CARTESIAN_POINT('',(12.0538437366486,-15.9526674747467,4.57821726799011));
#14182=CARTESIAN_POINT('',(12.0703203340702,-15.9526674747467,4.36886652730027));
#14183=CARTESIAN_POINT('',(12.035528421402,-15.9526674747467,4.65450823307037));
#14184=CARTESIAN_POINT('',(12.0559846244904,-15.9526674747467,4.56929957275082));
#14185=CARTESIAN_POINT('',(12.0055031776428,-15.9526674747467,4.72699522972107));
#14186=CARTESIAN_POINT('',(11.991562039302,-15.9526674747467,4.76065195058973));
#14187=CARTESIAN_POINT('',(11.9645082950592,-15.9526674747467,4.79389250278473));
#14188=CARTESIAN_POINT('',(11.8813778714553,-15.9526674747467,4.9295484260914));
#14189=CARTESIAN_POINT('',(11.9135534763336,-15.9526674747467,4.85355317592621));
#14190=CARTESIAN_POINT('',(11.733417804741,-15.9526674747467,5.06446581761154));
#14191=CARTESIAN_POINT('',(11.5586095805941,-15.9526674747467,5.15670619911321));
#14192=CARTESIAN_POINT('Origin',(17.5599998235703,-15.9526674747467,4.00000013411045));
#14193=CARTESIAN_POINT('',(14.559999704361,-15.9526674747467,5.));
#14194=CARTESIAN_POINT('',(14.559999704361,-15.9526674747467,3.00000011920929));
#14195=CARTESIAN_POINT('',(14.559999704361,-15.9526674747467,3.00000011920929));
#14196=CARTESIAN_POINT('',(14.5662879943848,-15.9526674747467,5.11196434497833));
#14197=CARTESIAN_POINT('',(14.559999704361,-15.9526674747467,5.));
#14198=CARTESIAN_POINT('',(14.5850718021393,-15.9526674747467,5.22252082824707));
#14199=CARTESIAN_POINT('',(14.5662879943848,-15.9526674747467,5.11196434497833));
#14200=CARTESIAN_POINT('',(14.6161162853241,-15.9526674747467,5.33027946949005));
#14201=CARTESIAN_POINT('',(14.5850718021393,-15.9526674747467,5.22252082824707));
#14202=CARTESIAN_POINT('',(14.6590304374695,-15.9526674747467,5.43388366699219));
#14203=CARTESIAN_POINT('',(14.6161162853241,-15.9526674747467,5.33027946949005));
#14204=CARTESIAN_POINT('',(14.7132754325867,-15.9526674747467,5.53203225135803));
#14205=CARTESIAN_POINT('',(14.6590304374695,-15.9526674747467,5.43388366699219));
#14206=CARTESIAN_POINT('',(14.7781682014465,-15.9526674747467,5.62349021434784));
#14207=CARTESIAN_POINT('',(14.7132754325867,-15.9526674747467,5.53203225135803));
#14208=CARTESIAN_POINT('',(14.8528933525085,-15.9526674747467,5.70710718631744));
#14209=CARTESIAN_POINT('',(14.7781682014465,-15.9526674747467,5.62349021434784));
#14210=CARTESIAN_POINT('',(14.9365103244781,-15.9526674747467,5.78183174133301));
#14211=CARTESIAN_POINT('',(14.8528933525085,-15.9526674747467,5.70710718631744));
#14212=CARTESIAN_POINT('',(15.0279676914215,-15.9526674747467,5.84672451019287));
#14213=CARTESIAN_POINT('',(14.9365103244781,-15.9526674747467,5.78183174133301));
#14214=CARTESIAN_POINT('',(15.1261162757874,-15.9526674747467,5.90096890926361));
#14215=CARTESIAN_POINT('',(15.0279676914215,-15.9526674747467,5.84672451019287));
#14216=CARTESIAN_POINT('',(15.2297210693359,-15.9526674747467,5.94388365745544));
#14217=CARTESIAN_POINT('',(15.1261162757874,-15.9526674747467,5.90096890926361));
#14218=CARTESIAN_POINT('',(15.3374791145325,-15.9526674747467,5.97492814064026));
#14219=CARTESIAN_POINT('',(15.2297210693359,-15.9526674747467,5.94388365745544));
#14220=CARTESIAN_POINT('',(15.4480350017548,-15.9526674747467,5.99371254444122));
#14221=CARTESIAN_POINT('',(15.3374791145325,-15.9526674747467,5.97492814064026));
#14222=CARTESIAN_POINT('',(15.5599999427795,-15.9526674747467,6.00000023841858));
#14223=CARTESIAN_POINT('',(15.4480350017548,-15.9526674747467,5.99371254444122));
#14224=CARTESIAN_POINT('',(19.559999704361,-15.9526674747467,6.00000023841858));
#14225=CARTESIAN_POINT('',(15.5599999427795,-15.9526674747467,6.00000023841858));
#14226=CARTESIAN_POINT('',(19.6719646453857,-15.9526674747467,5.99371254444122));
#14227=CARTESIAN_POINT('',(19.559999704361,-15.9526674747467,6.00000023841858));
#14228=CARTESIAN_POINT('',(19.782520532608,-15.9526674747467,5.97492814064026));
#14229=CARTESIAN_POINT('',(19.6719646453857,-15.9526674747467,5.99371254444122));
#14230=CARTESIAN_POINT('',(19.8902785778046,-15.9526674747467,5.94388365745544));
#14231=CARTESIAN_POINT('',(19.782520532608,-15.9526674747467,5.97492814064026));
#14232=CARTESIAN_POINT('',(19.9938833713531,-15.9526674747467,5.90096890926361));
#14233=CARTESIAN_POINT('',(19.8902785778046,-15.9526674747467,5.94388365745544));
#14234=CARTESIAN_POINT('',(20.092031955719,-15.9526674747467,5.84672451019287));
#14235=CARTESIAN_POINT('',(19.9938833713531,-15.9526674747467,5.90096890926361));
#14236=CARTESIAN_POINT('',(20.1834893226624,-15.9526674747467,5.78183174133301));
#14237=CARTESIAN_POINT('',(20.092031955719,-15.9526674747467,5.84672451019287));
#14238=CARTESIAN_POINT('',(20.2671051025391,-15.9526674747467,5.70710718631744));
#14239=CARTESIAN_POINT('',(20.1834893226624,-15.9526674747467,5.78183174133301));
#14240=CARTESIAN_POINT('',(20.3418302536011,-15.9526674747467,5.62349021434784));
#14241=CARTESIAN_POINT('',(20.2671051025391,-15.9526674747467,5.70710718631744));
#14242=CARTESIAN_POINT('',(20.4067230224609,-15.9526674747467,5.53203225135803));
#14243=CARTESIAN_POINT('',(20.3418302536011,-15.9526674747467,5.62349021434784));
#14244=CARTESIAN_POINT('',(20.4609680175781,-15.9526674747467,5.43388366699219));
#14245=CARTESIAN_POINT('',(20.4067230224609,-15.9526674747467,5.53203225135803));
#14246=CARTESIAN_POINT('',(20.5038833618164,-15.9526674747467,5.33027946949005));
#14247=CARTESIAN_POINT('',(20.4609680175781,-15.9526674747467,5.43388366699219));
#14248=CARTESIAN_POINT('',(20.5349278450012,-15.9526674747467,5.22252082824707));
#14249=CARTESIAN_POINT('',(20.5038833618164,-15.9526674747467,5.33027946949005));
#14250=CARTESIAN_POINT('',(20.5537128448486,-15.9526674747467,5.11196434497833));
#14251=CARTESIAN_POINT('',(20.5349278450012,-15.9526674747467,5.22252082824707));
#14252=CARTESIAN_POINT('',(20.5599999427795,-15.9526674747467,5.));
#14253=CARTESIAN_POINT('',(20.5537128448486,-15.9526674747467,5.11196434497833));
#14254=CARTESIAN_POINT('',(20.5599999427795,-15.9526674747467,3.00000011920929));
#14255=CARTESIAN_POINT('',(20.5599999427795,-15.9526674747467,3.00000011920929));
#14256=CARTESIAN_POINT('',(20.5537128448486,-15.9526674747467,2.88803547620773));
#14257=CARTESIAN_POINT('',(20.5537128448486,-15.9526674747467,2.88803547620773));
#14258=CARTESIAN_POINT('',(20.5349278450012,-15.9526674747467,2.777478992939));
#14259=CARTESIAN_POINT('',(20.5349278450012,-15.9526674747467,2.777478992939));
#14260=CARTESIAN_POINT('',(20.5038833618164,-15.9526674747467,2.66972094774246));
#14261=CARTESIAN_POINT('',(20.5038833618164,-15.9526674747467,2.66972094774246));
#14262=CARTESIAN_POINT('',(20.4609680175781,-15.9526674747467,2.5661164522171));
#14263=CARTESIAN_POINT('',(20.4609680175781,-15.9526674747467,2.5661164522171));
#14264=CARTESIAN_POINT('',(20.4067230224609,-15.9526674747467,2.46796801686287));
#14265=CARTESIAN_POINT('',(20.4067230224609,-15.9526674747467,2.46796801686287));
#14266=CARTESIAN_POINT('',(20.3418302536011,-15.9526674747467,2.37651020288467));
#14267=CARTESIAN_POINT('',(20.3418302536011,-15.9526674747467,2.37651020288467));
#14268=CARTESIAN_POINT('',(20.2671051025391,-15.9526674747467,2.29289323091507));
#14269=CARTESIAN_POINT('',(20.2671051025391,-15.9526674747467,2.29289323091507));
#14270=CARTESIAN_POINT('',(20.1834893226624,-15.9526674747467,2.21816852688789));
#14271=CARTESIAN_POINT('',(20.1834893226624,-15.9526674747467,2.21816852688789));
#14272=CARTESIAN_POINT('',(20.092031955719,-15.9526674747467,2.15327590703964));
#14273=CARTESIAN_POINT('',(20.092031955719,-15.9526674747467,2.15327590703964));
#14274=CARTESIAN_POINT('',(19.9938833713531,-15.9526674747467,2.09903120994568));
#14275=CARTESIAN_POINT('',(19.9938833713531,-15.9526674747467,2.09903120994568));
#14276=CARTESIAN_POINT('',(19.8902785778046,-15.9526674747467,2.05611675977707));
#14277=CARTESIAN_POINT('',(19.8902785778046,-15.9526674747467,2.05611675977707));
#14278=CARTESIAN_POINT('',(19.782520532608,-15.9526674747467,2.02507212758064));
#14279=CARTESIAN_POINT('',(19.782520532608,-15.9526674747467,2.02507212758064));
#14280=CARTESIAN_POINT('',(19.6719646453857,-15.9526674747467,2.00628787279129));
#14281=CARTESIAN_POINT('',(19.6719646453857,-15.9526674747467,2.00628787279129));
#14282=CARTESIAN_POINT('',(19.559999704361,-15.9526674747467,2.00000002980232));
#14283=CARTESIAN_POINT('',(19.559999704361,-15.9526674747467,2.00000002980232));
#14284=CARTESIAN_POINT('',(15.5599999427795,-15.9526674747467,2.00000002980232));
#14285=CARTESIAN_POINT('',(15.5599999427795,-15.9526674747467,2.00000002980232));
#14286=CARTESIAN_POINT('',(15.4480350017548,-15.9526674747467,2.00628787279129));
#14287=CARTESIAN_POINT('',(15.4480350017548,-15.9526674747467,2.00628787279129));
#14288=CARTESIAN_POINT('',(15.3374791145325,-15.9526674747467,2.02507212758064));
#14289=CARTESIAN_POINT('',(15.3374791145325,-15.9526674747467,2.02507212758064));
#14290=CARTESIAN_POINT('',(15.2297210693359,-15.9526674747467,2.05611675977707));
#14291=CARTESIAN_POINT('',(15.2297210693359,-15.9526674747467,2.05611675977707));
#14292=CARTESIAN_POINT('',(15.1261162757874,-15.9526674747467,2.09903120994568));
#14293=CARTESIAN_POINT('',(15.1261162757874,-15.9526674747467,2.09903120994568));
#14294=CARTESIAN_POINT('',(15.0279676914215,-15.9526674747467,2.15327590703964));
#14295=CARTESIAN_POINT('',(15.0279676914215,-15.9526674747467,2.15327590703964));
#14296=CARTESIAN_POINT('',(14.9365103244781,-15.9526674747467,2.21816852688789));
#14297=CARTESIAN_POINT('',(14.9365103244781,-15.9526674747467,2.21816852688789));
#14298=CARTESIAN_POINT('',(14.8528933525085,-15.9526674747467,2.29289323091507));
#14299=CARTESIAN_POINT('',(14.8528933525085,-15.9526674747467,2.29289323091507));
#14300=CARTESIAN_POINT('',(14.7781682014465,-15.9526674747467,2.37651020288467));
#14301=CARTESIAN_POINT('',(14.7781682014465,-15.9526674747467,2.37651020288467));
#14302=CARTESIAN_POINT('',(14.7132754325867,-15.9526674747467,2.46796801686287));
#14303=CARTESIAN_POINT('',(14.7132754325867,-15.9526674747467,2.46796801686287));
#14304=CARTESIAN_POINT('',(14.6590304374695,-15.9526674747467,2.5661164522171));
#14305=CARTESIAN_POINT('',(14.6590304374695,-15.9526674747467,2.5661164522171));
#14306=CARTESIAN_POINT('',(14.6161162853241,-15.9526674747467,2.66972094774246));
#14307=CARTESIAN_POINT('',(14.6161162853241,-15.9526674747467,2.66972094774246));
#14308=CARTESIAN_POINT('',(14.5850718021393,-15.9526674747467,2.777478992939));
#14309=CARTESIAN_POINT('',(14.5850718021393,-15.9526674747467,2.777478992939));
#14310=CARTESIAN_POINT('',(14.5662879943848,-15.9526674747467,2.88803547620773));
#14311=CARTESIAN_POINT('',(14.5662879943848,-15.9526674747467,2.88803547620773));
#14312=CARTESIAN_POINT('',(14.559999704361,-15.9526674747467,3.00000011920929));
#14313=CARTESIAN_POINT('',(15.8054912090302,-15.9526674747467,4.97552812099457));
#14314=CARTESIAN_POINT('',(15.7330048084259,-15.9526674747467,4.94550347328186));
#14315=CARTESIAN_POINT('',(16.3455830850417,-15.9526674747467,5.19923999211196));
#14316=CARTESIAN_POINT('',(15.6661069393158,-15.9526674747467,4.90450859069824));
#14317=CARTESIAN_POINT('',(16.1530538720697,-15.9526674747467,5.20290871312731));
#14318=CARTESIAN_POINT('',(15.6064462661743,-15.9526674747467,4.85355317592621));
#14319=CARTESIAN_POINT('',(15.9604704745734,-15.9526674747467,5.15592070596631));
#14320=CARTESIAN_POINT('',(15.5554914474487,-15.9526674747467,4.79389250278473));
#14321=CARTESIAN_POINT('',(15.7821935462097,-15.9526674747467,5.05932765009643));
#14322=CARTESIAN_POINT('',(15.5144965648651,-15.9526674747467,4.72699522972107));
#14323=CARTESIAN_POINT('',(15.6317747418434,-15.9526674747467,4.91837497605215));
#14324=CARTESIAN_POINT('',(15.484471321106,-15.9526674747467,4.65450823307037));
#14325=CARTESIAN_POINT('',(15.5207474658669,-15.9526674747467,4.7420861659885));
#14326=CARTESIAN_POINT('',(15.4661560058594,-15.9526674747467,4.57821726799011));
#14327=CARTESIAN_POINT('',(15.4575821470036,-15.9526674747467,4.54250355202282));
#14328=CARTESIAN_POINT('',(15.460000038147,-15.9526674747467,4.49999988079071));
#14329=CARTESIAN_POINT('',(15.4469092282794,-15.9526674747467,4.33366877055755));
#14330=CARTESIAN_POINT('',(15.460000038147,-15.9526674747467,3.50000023841858));
#14331=CARTESIAN_POINT('',(15.460000038147,-15.9526674747467,3.75000018626451));
#14332=CARTESIAN_POINT('',(15.4661560058594,-15.9526674747467,3.42178285121918));
#14333=CARTESIAN_POINT('',(15.4499872063079,-15.9526674747467,3.62722272909918));
#14334=CARTESIAN_POINT('',(15.484471321106,-15.9526674747467,3.34549158811569));
#14335=CARTESIAN_POINT('',(15.466739594696,-15.9526674747467,3.41935194960065));
#14336=CARTESIAN_POINT('',(15.5144965648651,-15.9526674747467,3.27300488948822));
#14337=CARTESIAN_POINT('',(15.535760739031,-15.9526674747467,3.22166909362626));
#14338=CARTESIAN_POINT('',(15.5554914474487,-15.9526674747467,3.20610731840134));
#14339=CARTESIAN_POINT('',(15.652270668859,-15.9526674747467,3.048177976103));
#14340=CARTESIAN_POINT('',(15.6064462661743,-15.9526674747467,3.14644664525986));
#14341=CARTESIAN_POINT('',(15.8076708451898,-15.9526674747467,2.91084196376097));
#14342=CARTESIAN_POINT('',(15.6661069393158,-15.9526674747467,3.09549152851105));
#14343=CARTESIAN_POINT('',(15.9903036801402,-15.9526674747467,2.81860087494576));
#14344=CARTESIAN_POINT('',(15.7330048084259,-15.9526674747467,3.05449664592743));
#14345=CARTESIAN_POINT('',(16.1865027734322,-15.9526674747467,2.77659398513048));
#14346=CARTESIAN_POINT('',(15.8054912090302,-15.9526674747467,3.0244717001915));
#14347=CARTESIAN_POINT('',(16.3818228190639,-15.9526674747467,2.78574657143746));
#14348=CARTESIAN_POINT('',(15.8817827701569,-15.9526674747467,3.00615578889847));
#14349=CARTESIAN_POINT('',(16.5623643819928,-15.9526674747467,2.84276324264619));
#14350=CARTESIAN_POINT('',(15.9599995613098,-15.9526674747467,3.00000011920929));
#14351=CARTESIAN_POINT('',(16.7159673963393,-15.9526674747467,2.94050537109331));
#14352=CARTESIAN_POINT('',(19.0600001811981,-15.9526674747467,3.00000011920929));
#14353=CARTESIAN_POINT('',(18.3100000023842,-15.9526674747467,3.00000011920929));
#14354=CARTESIAN_POINT('',(19.1382169723511,-15.9526674747467,3.00615578889847));
#14355=CARTESIAN_POINT('',(18.3928329153203,-15.9526674747467,2.947493985224));
#14356=CARTESIAN_POINT('',(19.2145085334778,-15.9526674747467,3.0244717001915));
#14357=CARTESIAN_POINT('',(18.5430562793618,-15.9526674747467,2.86327091019235));
#14358=CARTESIAN_POINT('',(19.286994934082,-15.9526674747467,3.05449664592743));
#14359=CARTESIAN_POINT('',(18.717097712809,-15.9526674747467,2.8184367367425));
#14360=CARTESIAN_POINT('',(19.3538928031921,-15.9526674747467,3.09549152851105));
#14361=CARTESIAN_POINT('',(18.9032957207006,-15.9526674747467,2.81936652281233));
#14362=CARTESIAN_POINT('',(19.4135534763336,-15.9526674747467,3.14644664525986));
#14363=CARTESIAN_POINT('',(19.0884371908087,-15.9526674747467,2.868770624968));
#14364=CARTESIAN_POINT('',(19.4645082950592,-15.9526674747467,3.20610731840134));
#14365=CARTESIAN_POINT('',(19.2588953244865,-15.9526674747467,2.96536446938734));
#14366=CARTESIAN_POINT('',(19.5055031776428,-15.9526674747467,3.27300488948822));
#14367=CARTESIAN_POINT('',(19.4018767386048,-15.9526674747467,3.10390190308778));
#14368=CARTESIAN_POINT('',(19.535528421402,-15.9526674747467,3.34549158811569));
#14369=CARTESIAN_POINT('',(19.5065740612902,-15.9526674747467,3.2755902080567));
#14370=CARTESIAN_POINT('',(19.5538437366486,-15.9526674747467,3.42178285121918));
#14371=CARTESIAN_POINT('',(19.5651424719173,-15.9526674747467,3.46884700346111));
#14372=CARTESIAN_POINT('',(19.559999704361,-15.9526674747467,3.50000023841858));
#14373=CARTESIAN_POINT('',(19.5733983237541,-15.9526674747467,3.67024235955587));
#14374=CARTESIAN_POINT('',(19.559999704361,-15.9526674747467,4.49999988079071));
#14375=CARTESIAN_POINT('',(19.559999704361,-15.9526674747467,4.25000000745058));
#14376=CARTESIAN_POINT('',(19.5538437366486,-15.9526674747467,4.57821726799011));
#14377=CARTESIAN_POINT('',(19.5703203340702,-15.9526674747467,4.36886652730027));
#14378=CARTESIAN_POINT('',(19.535528421402,-15.9526674747467,4.65450823307037));
#14379=CARTESIAN_POINT('',(19.5559846244904,-15.9526674747467,4.56929957275082));
#14380=CARTESIAN_POINT('',(19.5055031776428,-15.9526674747467,4.72699522972107));
#14381=CARTESIAN_POINT('',(19.491562039302,-15.9526674747467,4.76065195058973));
#14382=CARTESIAN_POINT('',(19.4645082950592,-15.9526674747467,4.79389250278473));
#14383=CARTESIAN_POINT('',(19.3813778714553,-15.9526674747467,4.9295484260914));
#14384=CARTESIAN_POINT('',(19.4135534763336,-15.9526674747467,4.85355317592621));
#14385=CARTESIAN_POINT('',(19.233417804741,-15.9526674747467,5.06446581761154));
#14386=CARTESIAN_POINT('',(19.3538928031921,-15.9526674747467,4.90450859069824));
#14387=CARTESIAN_POINT('',(19.0586095805941,-15.9526674747467,5.15670619911321));
#14388=CARTESIAN_POINT('',(19.286994934082,-15.9526674747467,4.94550347328186));
#14389=CARTESIAN_POINT('',(18.8698467529531,-15.9526674747467,5.20113105802907));
#14390=CARTESIAN_POINT('',(19.2145085334778,-15.9526674747467,4.97552812099457));
#14391=CARTESIAN_POINT('',(18.6808511703003,-15.9526674747467,5.19657474760492));
#14392=CARTESIAN_POINT('',(19.1382169723511,-15.9526674747467,4.9938440322876));
#14393=CARTESIAN_POINT('',(18.5049104480612,-15.9526674747467,5.14588687882111));
#14394=CARTESIAN_POINT('',(19.0600001811981,-15.9526674747467,5.));
#14395=CARTESIAN_POINT('',(18.3537268282751,-15.9526674747467,5.05558647820545));
#14396=CARTESIAN_POINT('',(15.9599995613098,-15.9526674747467,5.));
#14397=CARTESIAN_POINT('',(16.75999969244,-15.9526674747467,5.));
#14398=CARTESIAN_POINT('',(15.8817827701569,-15.9526674747467,4.9938440322876));
#14399=CARTESIAN_POINT('',(16.6768566626125,-15.9526674747467,5.05641946064236));
#14400=CARTESIAN_POINT('',(16.5242186521667,-15.9526674747467,5.14807863507424));
#14401=CARTESIAN_POINT('Origin',(-3.53999987259507,4.69999989941716,6.4));
#14402=CARTESIAN_POINT('',(-3.53999987259507,4.69999989941716,7.));
#14403=CARTESIAN_POINT('',(-3.53999987259507,4.69999989941716,2.949));
#14404=CARTESIAN_POINT('',(-3.53999987259507,4.69999989941716,6.4));
#14405=CARTESIAN_POINT('',(-3.53999987259507,-4.70000006705523,7.));
#14406=CARTESIAN_POINT('',(-3.53999987259507,2.34999994970858,7.));
#14407=CARTESIAN_POINT('',(-3.53999987259507,-4.70000006705523,2.949));
#14408=CARTESIAN_POINT('',(-3.53999987259507,-4.70000006705523,6.4));
#14409=CARTESIAN_POINT('',(-3.53999987259507,2.34999990779906,2.949));
#14410=CARTESIAN_POINT('',(-3.53999987259507,-4.61635436395032,4.44875290272713));
#14411=CARTESIAN_POINT('Origin',(-3.53999987259507,-3.11635436395032,4.44875290272713));
#14412=CARTESIAN_POINT('',(-3.53999987259507,-4.61635436395032,4.9080930223298));
#14413=CARTESIAN_POINT('',(-3.53999987259507,-4.61635436395032,5.42437645136357));
#14414=CARTESIAN_POINT('',(-3.53999987259507,-3.11635436395032,6.4080930223298));
#14415=CARTESIAN_POINT('Origin',(-3.53999987259507,-3.11635436395032,4.9080930223298));
#14416=CARTESIAN_POINT('',(-3.53999987259507,3.12824174567655,6.4080930223298));
#14417=CARTESIAN_POINT('',(-3.53999987259507,0.791822767733423,6.4080930223298));
#14418=CARTESIAN_POINT('',(-3.53999987259507,4.62824174567655,4.9080930223298));
#14419=CARTESIAN_POINT('Origin',(-3.53999987259507,3.12824174567655,4.9080930223298));
#14420=CARTESIAN_POINT('',(-3.53999987259507,4.62824174567655,4.44875290272713));
#14421=CARTESIAN_POINT('',(-3.53999987259507,4.62824174567655,5.6540465111649));
#14422=CARTESIAN_POINT('Origin',(-3.53999987259507,3.12824174567655,4.44875290272713));
#14423=CARTESIAN_POINT('',(-3.53999987259507,2.34999990779906,2.949));
#14424=CARTESIAN_POINT('Origin',(0.487357042729855,-12.5888514518738,10.));
#14425=CARTESIAN_POINT('',(0.362926460802555,-12.3013079166412,7.));
#14426=CARTESIAN_POINT('',(0.362926460802555,-12.3013079166412,1.9));
#14427=CARTESIAN_POINT('',(0.362926460802555,-12.3013079166412,2.));
#14428=CARTESIAN_POINT('',(0.487357042729855,-12.5888514518738,7.));
#14429=CARTESIAN_POINT('',(-0.615033483076528,-10.0413646195576,7.));
#14430=CARTESIAN_POINT('',(0.487357042729855,-12.5888514518738,1.9));
#14431=CARTESIAN_POINT('',(0.487357042729855,-12.5888514518738,2.));
#14432=CARTESIAN_POINT('',(-0.471508207853796,-10.3730336063416,1.9));
#14433=CARTESIAN_POINT('Origin',(0.629597008228302,-12.8680121898651,10.));
#14434=CARTESIAN_POINT('',(0.629597008228302,-12.8680121898651,7.));
#14435=CARTESIAN_POINT('',(-0.430255755663865,-10.7879408210801,7.));
#14436=CARTESIAN_POINT('',(0.629597008228302,-12.8680121898651,1.9));
#14437=CARTESIAN_POINT('',(0.629597008228302,-12.8680121898651,2.));
#14438=CARTESIAN_POINT('',(-0.241458987493192,-11.1584741303945,1.9));
#14439=CARTESIAN_POINT('Origin',(0.789084956049919,-13.1376922130585,10.));
#14440=CARTESIAN_POINT('',(0.789084956049919,-13.1376922130585,7.));
#14441=CARTESIAN_POINT('',(-0.170155817309019,-11.515700849192,7.));
#14442=CARTESIAN_POINT('',(0.789084956049919,-13.1376922130585,1.9));
#14443=CARTESIAN_POINT('',(0.789084956049919,-13.1376922130585,2.));
#14444=CARTESIAN_POINT('',(0.0684221469576829,-11.9191150997084,1.9));
#14445=CARTESIAN_POINT('Origin',(0.965191498398781,-13.3968245983124,10.));
#14446=CARTESIAN_POINT('',(0.965191498398781,-13.3968245983124,7.));
#14447=CARTESIAN_POINT('',(0.163025168890918,-12.2164750691963,7.));
#14448=CARTESIAN_POINT('',(0.965191498398781,-13.3968245983124,1.9));
#14449=CARTESIAN_POINT('',(0.965191498398781,-13.3968245983124,2.));
#14450=CARTESIAN_POINT('',(0.455116520953689,-12.6462735750469,1.9));
#14451=CARTESIAN_POINT('Origin',(1.15722171962261,-13.6443889141083,10.));
#14452=CARTESIAN_POINT('',(1.15722171962261,-13.6443889141083,7.));
#14453=CARTESIAN_POINT('',(0.566035539421448,-12.88223490899,7.));
#14454=CARTESIAN_POINT('',(1.15722171962261,-13.6443889141083,1.9));
#14455=CARTESIAN_POINT('',(1.15722171962261,-13.6443889141083,2.));
#14456=CARTESIAN_POINT('',(0.914521754328307,-13.3315014401011,1.9));
#14457=CARTESIAN_POINT('Origin',(1.36441752314568,-13.8794052600861,10.));
#14458=CARTESIAN_POINT('',(1.36441752314568,-13.8794052600861,7.));
#14459=CARTESIAN_POINT('',(1.03478809725667,-13.5055159154085,7.));
#14460=CARTESIAN_POINT('',(1.36441752314568,-13.8794052600861,1.9));
#14461=CARTESIAN_POINT('',(1.36441752314568,-13.8794052600861,2.));
#14462=CARTESIAN_POINT('',(1.44166925870064,-13.9670297211121,1.9));
#14463=CARTESIAN_POINT('Origin',(1.58596143126488,-14.1009497642517,10.));
#14464=CARTESIAN_POINT('',(1.58596143126488,-14.1009497642517,7.));
#14465=CARTESIAN_POINT('',(1.56422212629772,-14.0792104007967,7.));
#14466=CARTESIAN_POINT('',(1.58596143126488,-14.1009497642517,1.9));
#14467=CARTESIAN_POINT('',(1.58596143126488,-14.1009497642517,2.));
#14468=CARTESIAN_POINT('',(2.03056603242417,-14.5455555615847,1.9));
#14469=CARTESIAN_POINT('Origin',(1.82097911834717,-14.308146238327,10.));
#14470=CARTESIAN_POINT('',(1.82097911834717,-14.308146238327,7.));
#14471=CARTESIAN_POINT('',(2.14863428011179,-14.5970138340941,7.));
#14472=CARTESIAN_POINT('',(1.82097911834717,-14.308146238327,1.9));
#14473=CARTESIAN_POINT('',(1.82097911834717,-14.308146238327,2.));
#14474=CARTESIAN_POINT('',(2.67458129816139,-15.0606996487373,1.9));
#14475=CARTESIAN_POINT('Origin',(2.06854268908501,-14.5001745223999,10.));
#14476=CARTESIAN_POINT('',(2.06854268908501,-14.5001745223999,7.));
#14477=CARTESIAN_POINT('',(2.78156828868775,-15.0532489589322,7.));
#14478=CARTESIAN_POINT('',(2.06854268908501,-14.5001745223999,1.9));
#14479=CARTESIAN_POINT('',(2.06854268908501,-14.5001745223999,2.));
#14480=CARTESIAN_POINT('',(3.36632012079583,-15.5068249458737,1.9));
#14481=CARTESIAN_POINT('Origin',(2.32767581939697,-14.6762824058533,10.));
#14482=CARTESIAN_POINT('',(2.32767581939697,-14.6762824058533,7.));
#14483=CARTESIAN_POINT('',(3.45577768145764,-15.442944819911,7.));
#14484=CARTESIAN_POINT('',(2.32767581939697,-14.6762824058533,1.9));
#14485=CARTESIAN_POINT('',(2.32767581939697,-14.6762824058533,2.));
#14486=CARTESIAN_POINT('',(4.09759180679643,-15.8791241963104,1.9));
#14487=CARTESIAN_POINT('Origin',(2.59735524654388,-14.8357713222504,10.));
#14488=CARTESIAN_POINT('',(2.59735524654388,-14.8357713222504,7.));
#14489=CARTESIAN_POINT('',(4.1638358060986,-15.7621908479949,7.));
#14490=CARTESIAN_POINT('',(2.59735524654388,-14.8357713222504,1.9));
#14491=CARTESIAN_POINT('',(2.59735524654388,-14.8357713222504,2.));
#14492=CARTESIAN_POINT('',(4.86008897120692,-16.1739562689466,1.9));
#14493=CARTESIAN_POINT('Origin',(2.87651687860489,-14.9780106544495,10.));
#14494=CARTESIAN_POINT('',(2.87651687860489,-14.9780106544495,7.));
#14495=CARTESIAN_POINT('',(4.89770394071319,-16.0078523839208,7.));
#14496=CARTESIAN_POINT('',(2.87651687860489,-14.9780106544495,1.9));
#14497=CARTESIAN_POINT('',(2.87651687860489,-14.9780106544495,2.));
#14498=CARTESIAN_POINT('',(5.64490995500736,-16.3885711943952,1.9));
#14499=CARTESIAN_POINT('Origin',(2.59735524654388,14.9050974845886,10.));
#14500=CARTESIAN_POINT('',(2.87651687860489,15.0473368167877,7.));
#14501=CARTESIAN_POINT('',(2.87651687860489,15.0473368167877,1.9));
#14502=CARTESIAN_POINT('',(2.87651687860489,15.0473368167877,10.));
#14503=CARTESIAN_POINT('',(2.59735524654388,14.9050974845886,7.));
#14504=CARTESIAN_POINT('',(4.74410164995866,15.9989146132827,7.));
#14505=CARTESIAN_POINT('',(2.59735524654388,14.9050974845886,1.9));
#14506=CARTESIAN_POINT('',(2.59735524654388,14.9050974845886,10.));
#14507=CARTESIAN_POINT('',(5.50532913897686,16.3867776906339,1.9));
#14508=CARTESIAN_POINT('Origin',(2.32767581939697,14.7456085681915,10.));
#14509=CARTESIAN_POINT('',(2.32767581939697,14.7456085681915,7.));
#14510=CARTESIAN_POINT('',(4.01380830425506,15.7427904658135,7.));
#14511=CARTESIAN_POINT('',(2.32767581939697,14.7456085681915,1.9));
#14512=CARTESIAN_POINT('',(2.32767581939697,14.7456085681915,10.));
#14513=CARTESIAN_POINT('',(4.72524925763347,16.1635379730863,1.9));
#14514=CARTESIAN_POINT('Origin',(2.06854268908501,14.569503068924,10.));
#14515=CARTESIAN_POINT('',(2.06854268908501,14.569503068924,7.));
#14516=CARTESIAN_POINT('',(3.31015253301856,15.4132945254553,7.));
#14517=CARTESIAN_POINT('',(2.06854268908501,14.569503068924,1.9));
#14518=CARTESIAN_POINT('',(2.06854268908501,14.569503068924,10.));
#14519=CARTESIAN_POINT('',(3.96808667654668,15.8604230755242,1.9));
#14520=CARTESIAN_POINT('Origin',(1.82097911834717,14.3774724006653,10.));
#14521=CARTESIAN_POINT('',(1.82097911834717,14.3774724006653,7.));
#14522=CARTESIAN_POINT('',(2.64094862845196,15.0135081974825,7.));
#14523=CARTESIAN_POINT('',(1.82097911834717,14.3774724006653,1.9));
#14524=CARTESIAN_POINT('',(1.82097911834717,14.3774724006653,10.));
#14525=CARTESIAN_POINT('',(3.2424819549139,15.4801069232808,1.9));
#14526=CARTESIAN_POINT('Origin',(1.58596143126488,14.1702771186829,10.));
#14527=CARTESIAN_POINT('',(1.58596143126488,14.1702771186829,7.));
#14528=CARTESIAN_POINT('',(2.01395263441986,14.5476008815222,7.));
#14529=CARTESIAN_POINT('',(1.58596143126488,14.1702771186829,1.9));
#14530=CARTESIAN_POINT('',(1.58596143126488,14.1702771186829,10.));
#14531=CARTESIAN_POINT('',(2.55709721782665,15.0264456719434,1.9));
#14532=CARTESIAN_POINT('Origin',(1.36441752314568,13.9487338066101,10.));
#14533=CARTESIAN_POINT('',(1.36441752314568,13.9487338066101,7.));
#14534=CARTESIAN_POINT('',(1.43613718545309,14.0204532759614,7.));
#14535=CARTESIAN_POINT('',(1.36441752314568,13.9487338066101,1.9));
#14536=CARTESIAN_POINT('',(1.36441752314568,13.9487338066101,10.));
#14537=CARTESIAN_POINT('',(1.91981518812321,14.5041299773339,1.9));
#14538=CARTESIAN_POINT('Origin',(1.15722171962261,13.7137150764465,10.));
#14539=CARTESIAN_POINT('',(1.15722171962261,13.7137150764465,7.));
#14540=CARTESIAN_POINT('',(0.913963579363404,13.4377914416355,7.));
#14541=CARTESIAN_POINT('',(1.15722171962261,13.7137150764465,1.9));
#14542=CARTESIAN_POINT('',(1.15722171962261,13.7137150764465,10.));
#14543=CARTESIAN_POINT('',(1.33803487357703,13.9188084090174,1.9));
#14544=CARTESIAN_POINT('Origin',(0.965191498398781,13.4661507606506,10.));
#14545=CARTESIAN_POINT('',(0.965191498398781,13.4661507606506,7.));
#14546=CARTESIAN_POINT('',(0.453233397969496,12.8061371646593,7.));
#14547=CARTESIAN_POINT('',(0.965191498398781,13.4661507606506,1.9));
#14548=CARTESIAN_POINT('',(0.965191498398781,13.4661507606506,10.));
#14549=CARTESIAN_POINT('',(0.818506643716393,13.2770454445414,1.9));
#14550=CARTESIAN_POINT('Origin',(0.789084956049919,13.2070195674896,10.));
#14551=CARTESIAN_POINT('',(0.789084956049919,13.2070195674896,7.));
#14552=CARTESIAN_POINT('',(0.0588666764315704,12.1325431082866,7.));
#14553=CARTESIAN_POINT('',(0.789084956049919,13.2070195674896,1.9));
#14554=CARTESIAN_POINT('',(0.789084956049919,13.2070195674896,10.));
#14555=CARTESIAN_POINT('',(0.36707440208827,12.5860540035982,1.9));
#14556=CARTESIAN_POINT('Origin',(0.629597008228302,12.9373395442963,10.));
#14557=CARTESIAN_POINT('',(0.629597008228302,12.9373395442963,7.));
#14558=CARTESIAN_POINT('',(-0.265087780043258,11.4245066453384,7.));
#14559=CARTESIAN_POINT('',(0.629597008228302,12.9373395442963,1.9));
#14560=CARTESIAN_POINT('',(0.629597008228302,12.9373395442963,10.));
#14561=CARTESIAN_POINT('',(-0.011322088112572,11.8536020009454,1.9));
#14562=CARTESIAN_POINT('Origin',(0.362926460802555,-12.3013079166412,10.));
#14563=CARTESIAN_POINT('',(0.25679636746645,-12.0065200328827,7.));
#14564=CARTESIAN_POINT('',(0.25679636746645,-12.0065200328827,1.9));
#14565=CARTESIAN_POINT('',(0.25679636746645,-12.0065200328827,2.));
#14566=CARTESIAN_POINT('',(-0.72318458685698,-9.28451628665208,7.));
#14567=CARTESIAN_POINT('',(-0.619699767042905,-9.57195663533353,1.9));
#14568=CARTESIAN_POINT('Origin',(-3.53999987259507,-4.70000006705523,6.4));
#14569=CARTESIAN_POINT('',(0.0127000256907195,-4.70000006705523,7.));
#14570=CARTESIAN_POINT('',(6.02999590329826,-4.70000006705523,7.));
#14571=CARTESIAN_POINT('',(0.0127000256907195,-4.70000006705523,2.949));
#14572=CARTESIAN_POINT('',(0.0127000256907195,-4.70000006705523,8.2));
#14573=CARTESIAN_POINT('',(-2.65182489802362,-4.70000006705523,2.949));
#14574=CARTESIAN_POINT('Origin',(-1.76364992345218,-8.38190328256161E-8,
2.949));
#14575=CARTESIAN_POINT('',(0.0127000256907195,4.69999989941716,2.949));
#14576=CARTESIAN_POINT('',(0.0127000256907195,-5.23267869371921,2.949));
#14577=CARTESIAN_POINT('',(-0.871824917022605,4.69999989941716,2.949));
#14578=CARTESIAN_POINT('Origin',(0.0200000894069663,4.69999989941716,6.4));
#14579=CARTESIAN_POINT('',(0.0127000256907195,4.69999989941716,7.));
#14580=CARTESIAN_POINT('',(0.0127000256907195,4.69999989941716,6.4755));
#14581=CARTESIAN_POINT('',(7.80999588429928,4.69999989941716,7.));
#14582=CARTESIAN_POINT('Origin',(0.487357042729855,12.658177614212,10.));
#14583=CARTESIAN_POINT('',(0.487357042729855,12.658177614212,7.));
#14584=CARTESIAN_POINT('',(-0.515401409890133,10.6901513702467,7.));
#14585=CARTESIAN_POINT('',(0.487357042729855,12.658177614212,1.9));
#14586=CARTESIAN_POINT('',(0.487357042729855,12.658177614212,10.));
#14587=CARTESIAN_POINT('',(-0.31258444912398,11.088202466666,1.9));
#14588=CARTESIAN_POINT('Origin',(0.,3.12824174567655,4.9080930223298));
#14589=CARTESIAN_POINT('',(-5.52988994500384,3.12824174567655,6.4080930223298));
#14590=CARTESIAN_POINT('',(0.,3.12824174567655,6.4080930223298));
#14591=CARTESIAN_POINT('',(-5.48635650028902,4.62824174567655,4.9080930223298));
#14592=CARTESIAN_POINT('Origin',(-5.52988994500384,3.12824174567655,4.9080930223298));
#14593=CARTESIAN_POINT('',(0.,4.62824174567655,4.9080930223298));
#14594=CARTESIAN_POINT('Origin',(0.,4.62824174567655,4.9080930223298));
#14595=CARTESIAN_POINT('',(-5.48635650028902,4.62824174567655,4.44875290272713));
#14596=CARTESIAN_POINT('',(-5.48635650028902,4.62824174567655,2.4540465111649));
#14597=CARTESIAN_POINT('',(0.,4.62824174567655,4.44875290272713));
#14598=CARTESIAN_POINT('Origin',(0.,3.12824174567655,4.44875290272713));
#14599=CARTESIAN_POINT('',(-5.52988994500384,3.12824174567655,2.94875290272713));
#14600=CARTESIAN_POINT('Origin',(-5.52988994500384,3.12824174567655,4.44875290272713));
#14601=CARTESIAN_POINT('',(0.,3.12824174567655,2.94875290272713));
#14602=CARTESIAN_POINT('Origin',(11.7145085334778,-16.918671131134,4.97552812099457));
#14603=CARTESIAN_POINT('',(11.786994934082,-16.918671131134,4.94550347328186));
#14604=CARTESIAN_POINT('',(11.786994934082,-16.918671131134,4.94550347328186));
#14605=CARTESIAN_POINT('',(11.7145085334778,-16.918671131134,4.97552812099457));
#14606=CARTESIAN_POINT('',(8.1411567972428,-16.918671131134,6.45564889040355));
#14607=CARTESIAN_POINT('',(11.7145085334778,-16.918671131134,4.97552812099457));
#14608=CARTESIAN_POINT('Origin',(11.6382169723511,-16.918671131134,4.9938440322876));
#14609=CARTESIAN_POINT('',(11.6382169723511,-16.918671131134,4.9938440322876));
#14610=CARTESIAN_POINT('',(7.3084805384819,-16.918671131134,6.03331769456115));
#14611=CARTESIAN_POINT('',(11.6382169723511,-16.918671131134,4.9938440322876));
#14612=CARTESIAN_POINT('Origin',(11.5600001811981,-16.918671131134,5.));
#14613=CARTESIAN_POINT('',(11.5600001811981,-16.918671131134,5.));
#14614=CARTESIAN_POINT('',(6.64755099905404,-16.918671131134,5.3866289847529));
#14615=CARTESIAN_POINT('',(11.5600001811981,-16.918671131134,5.));
#14616=CARTESIAN_POINT('Origin',(8.45999956130981,-16.918671131134,5.));
#14617=CARTESIAN_POINT('',(8.45999956130981,-16.918671131134,5.));
#14618=CARTESIAN_POINT('',(4.87036168575287,-16.918671131134,5.));
#14619=CARTESIAN_POINT('',(8.45999956130981,-16.918671131134,5.));
#14620=CARTESIAN_POINT('Origin',(8.38178277015686,-16.918671131134,4.9938440322876));
#14621=CARTESIAN_POINT('',(8.38178277015686,-16.918671131134,4.9938440322876));
#14622=CARTESIAN_POINT('',(4.65780322106995,-16.918671131134,4.70075226096965));
#14623=CARTESIAN_POINT('',(8.38178277015686,-16.918671131134,4.9938440322876));
#14624=CARTESIAN_POINT('Origin',(8.30549120903015,-16.918671131134,4.97552812099457));
#14625=CARTESIAN_POINT('',(8.30549120903015,-16.918671131134,4.97552812099457));
#14626=CARTESIAN_POINT('',(4.41981089425773,-16.918671131134,4.04266248150082));
#14627=CARTESIAN_POINT('',(8.30549120903015,-16.918671131134,4.97552812099457));
#14628=CARTESIAN_POINT('Origin',(8.23300421237946,-16.918671131134,4.94550347328186));
#14629=CARTESIAN_POINT('',(8.23300421237946,-16.918671131134,4.94550347328186));
#14630=CARTESIAN_POINT('',(4.39167944257179,-16.918671131134,3.35439847110675));
#14631=CARTESIAN_POINT('',(8.23300421237946,-16.918671131134,4.94550347328186));
#14632=CARTESIAN_POINT('Origin',(8.1661069393158,-16.918671131134,4.90450859069824));
#14633=CARTESIAN_POINT('',(8.1661069393158,-16.918671131134,4.90450859069824));
#14634=CARTESIAN_POINT('',(4.57080307929592,-16.918671131134,2.70129382806228));
#14635=CARTESIAN_POINT('',(8.1661069393158,-16.918671131134,4.90450859069824));
#14636=CARTESIAN_POINT('Origin',(8.10644626617432,-16.918671131134,4.85355317592621));
#14637=CARTESIAN_POINT('',(8.10644626617432,-16.918671131134,4.85355317592621));
#14638=CARTESIAN_POINT('',(4.93463281620594,-16.918671131134,2.14454804051003));
#14639=CARTESIAN_POINT('',(8.10644626617432,-16.918671131134,4.85355317592621));
#14640=CARTESIAN_POINT('Origin',(8.05549144744873,-16.918671131134,4.79389250278473));
#14641=CARTESIAN_POINT('',(8.05549144744873,-16.918671131134,4.79389250278473));
#14642=CARTESIAN_POINT('',(5.44304096158466,-16.918671131134,1.73509338557437));
#14643=CARTESIAN_POINT('',(8.05549144744873,-16.918671131134,4.79389250278473));
#14644=CARTESIAN_POINT('Origin',(8.01449656486511,-16.918671131134,4.72699522972107));
#14645=CARTESIAN_POINT('',(8.01449656486511,-16.918671131134,4.72699522972107));
#14646=CARTESIAN_POINT('',(6.04236668523668,-16.918671131134,1.50878596163975));
#14647=CARTESIAN_POINT('',(8.01449656486511,-16.918671131134,4.72699522972107));
#14648=CARTESIAN_POINT('Origin',(7.98447132110596,-16.918671131134,4.65450823307037));
#14649=CARTESIAN_POINT('',(7.98447132110596,-16.918671131134,4.65450823307037));
#14650=CARTESIAN_POINT('',(6.67078525618836,-16.918671131134,1.48300500893047));
#14651=CARTESIAN_POINT('',(7.98447132110596,-16.918671131134,4.65450823307037));
#14652=CARTESIAN_POINT('Origin',(7.96615540981293,-16.918671131134,4.57821726799011));
#14653=CARTESIAN_POINT('',(7.96615540981293,-16.918671131134,4.57821726799011));
#14654=CARTESIAN_POINT('',(7.2643683835828,-16.918671131134,1.65507527110362));
#14655=CARTESIAN_POINT('',(7.96615540981293,-16.918671131134,4.57821726799011));
#14656=CARTESIAN_POINT('Origin',(7.95999944210052,-16.918671131134,4.49999988079071));
#14657=CARTESIAN_POINT('',(7.95999944210052,-16.918671131134,4.49999988079071));
#14658=CARTESIAN_POINT('',(7.76344804336736,-16.918671131134,2.00262861805286));
#14659=CARTESIAN_POINT('',(7.95999944210052,-16.918671131134,4.49999988079071));
#14660=CARTESIAN_POINT('Origin',(7.95999944210052,-16.918671131134,3.50000023841858));
#14661=CARTESIAN_POINT('',(7.95999944210052,-16.918671131134,3.50000023841858));
#14662=CARTESIAN_POINT('',(7.95999944210052,-16.918671131134,1.75000011920929));
#14663=CARTESIAN_POINT('',(7.95999944210052,-16.918671131134,3.50000023841858));
#14664=CARTESIAN_POINT('Origin',(7.96615540981293,-16.918671131134,3.42178285121918));
#14665=CARTESIAN_POINT('',(7.96615540981293,-16.918671131134,3.42178285121918));
#14666=CARTESIAN_POINT('',(8.07940127882537,-16.918671131134,1.9828870676313));
#14667=CARTESIAN_POINT('',(7.96615540981293,-16.918671131134,3.42178285121918));
#14668=CARTESIAN_POINT('Origin',(7.98447132110596,-16.918671131134,3.34549158811569));
#14669=CARTESIAN_POINT('',(7.98447132110596,-16.918671131134,3.34549158811569));
#14670=CARTESIAN_POINT('',(8.18151048523905,-16.918671131134,2.52476438147711));
#14671=CARTESIAN_POINT('',(7.98447132110596,-16.918671131134,3.34549158811569));
#14672=CARTESIAN_POINT('Origin',(8.01449656486511,-16.918671131134,3.27300488948822));
#14673=CARTESIAN_POINT('',(8.01449656486511,-16.918671131134,3.27300488948822));
#14674=CARTESIAN_POINT('',(8.10001456716084,-16.918671131134,3.06654802574522));
#14675=CARTESIAN_POINT('',(8.01449656486511,-16.918671131134,3.27300488948822));
#14676=CARTESIAN_POINT('Origin',(8.05549144744873,-16.918671131134,3.20610731840134));
#14677=CARTESIAN_POINT('',(8.05549144744873,-16.918671131134,3.20610731840134));
#14678=CARTESIAN_POINT('',(7.84488525132575,-16.918671131134,3.549785409142));
#14679=CARTESIAN_POINT('',(8.05549144744873,-16.918671131134,3.20610731840134));
#14680=CARTESIAN_POINT('Origin',(8.10644626617432,-16.918671131134,3.14644664525986));
#14681=CARTESIAN_POINT('',(8.10644626617432,-16.918671131134,3.14644664525986));
#14682=CARTESIAN_POINT('',(7.44389373510969,-16.918671131134,3.92219918414698));
#14683=CARTESIAN_POINT('',(8.10644626617432,-16.918671131134,3.14644664525986));
#14684=CARTESIAN_POINT('Origin',(8.1661069393158,-16.918671131134,3.09549152851105));
#14685=CARTESIAN_POINT('',(8.1661069393158,-16.918671131134,3.09549152851105));
#14686=CARTESIAN_POINT('',(6.93983168458278,-16.918671131134,4.14283135022107));
#14687=CARTESIAN_POINT('',(8.1661069393158,-16.918671131134,3.09549152851105));
#14688=CARTESIAN_POINT('Origin',(8.23300421237946,-16.918671131134,3.05449664592743));
#14689=CARTESIAN_POINT('',(8.23300421237946,-16.918671131134,3.05449664592743));
#14690=CARTESIAN_POINT('',(6.38626836125177,-16.918671131134,4.18618282554039));
#14691=CARTESIAN_POINT('',(8.23300421237946,-16.918671131134,3.05449664592743));
#14692=CARTESIAN_POINT('Origin',(8.30549120903015,-16.918671131134,3.0244717001915));
#14693=CARTESIAN_POINT('',(8.30549120903015,-16.918671131134,3.0244717001915));
#14694=CARTESIAN_POINT('',(5.84213397256127,-16.918671131134,4.04482253234978));
#14695=CARTESIAN_POINT('',(8.30549120903015,-16.918671131134,3.0244717001915));
#14696=CARTESIAN_POINT('Origin',(8.38178277015686,-16.918671131134,3.00615578889847));
#14697=CARTESIAN_POINT('',(8.38178277015686,-16.918671131134,3.00615578889847));
#14698=CARTESIAN_POINT('',(5.36593447241349,-16.918671131134,3.73019405838623));
#14699=CARTESIAN_POINT('',(8.38178277015686,-16.918671131134,3.00615578889847));
#14700=CARTESIAN_POINT('Origin',(8.45999956130981,-16.918671131134,3.00000011920929));
#14701=CARTESIAN_POINT('',(8.45999956130981,-16.918671131134,3.00000011920929));
#14702=CARTESIAN_POINT('',(5.00978148648457,-16.918671131134,3.27153264453017));
#14703=CARTESIAN_POINT('',(8.45999956130981,-16.918671131134,3.00000011920929));
#14704=CARTESIAN_POINT('Origin',(11.5600001811981,-16.918671131134,3.00000011920929));
#14705=CARTESIAN_POINT('',(11.5600001811981,-16.918671131134,3.00000011920929));
#14706=CARTESIAN_POINT('',(6.42036199569702,-16.918671131134,3.00000011920929));
#14707=CARTESIAN_POINT('',(11.5600001811981,-16.918671131134,3.00000011920929));
#14708=CARTESIAN_POINT('Origin',(11.6382169723511,-16.918671131134,3.00615578889847));
#14709=CARTESIAN_POINT('',(11.6382169723511,-16.918671131134,3.00615578889847));
#14710=CARTESIAN_POINT('',(6.37378435371888,-16.918671131134,2.59184438819339));
#14711=CARTESIAN_POINT('',(11.6382169723511,-16.918671131134,3.00615578889847));
#14712=CARTESIAN_POINT('Origin',(11.7145085334778,-16.918671131134,3.0244717001915));
#14713=CARTESIAN_POINT('',(11.7145085334778,-16.918671131134,3.0244717001915));
#14714=CARTESIAN_POINT('',(6.43864852145285,-16.918671131134,1.75785475661893));
#14715=CARTESIAN_POINT('',(11.7145085334778,-16.918671131134,3.0244717001915));
#14716=CARTESIAN_POINT('Origin',(11.786994934082,-16.918671131134,3.05449664592743));
#14717=CARTESIAN_POINT('',(11.786994934082,-16.918671131134,3.05449664592743));
#14718=CARTESIAN_POINT('',(6.76320240437326,-16.918671131134,0.973567025534007));
#14719=CARTESIAN_POINT('',(11.786994934082,-16.918671131134,3.05449664592743));
#14720=CARTESIAN_POINT('Origin',(11.8538928031921,-16.918671131134,3.09549152851105));
#14721=CARTESIAN_POINT('',(11.8538928031921,-16.918671131134,3.09549152851105));
#14722=CARTESIAN_POINT('',(7.32103717115831,-16.918671131134,0.31776651461156));
#14723=CARTESIAN_POINT('',(11.8538928031921,-16.918671131134,3.09549152851105));
#14724=CARTESIAN_POINT('Origin',(11.9135534763336,-16.918671131134,3.14644664525986));
#14725=CARTESIAN_POINT('',(11.9135534763336,-16.918671131134,3.14644664525986));
#14726=CARTESIAN_POINT('',(8.06258791332793,-16.918671131134,-0.14259435153328));
#14727=CARTESIAN_POINT('',(11.9135534763336,-16.918671131134,3.14644664525986));
#14728=CARTESIAN_POINT('Origin',(11.9645082950592,-16.918671131134,3.20610731840134));
#14729=CARTESIAN_POINT('',(11.9645082950592,-16.918671131134,3.20610731840134));
#14730=CARTESIAN_POINT('',(8.91974273986139,-16.918671131134,-0.358869795134713));
#14731=CARTESIAN_POINT('',(11.9645082950592,-16.918671131134,3.20610731840134));
#14732=CARTESIAN_POINT('Origin',(12.0055031776428,-16.918671131134,3.27300488948822));
#14733=CARTESIAN_POINT('',(12.0055031776428,-16.918671131134,3.27300488948822));
#14734=CARTESIAN_POINT('',(9.81247824655757,-16.918671131134,-0.305686692890147));
#14735=CARTESIAN_POINT('',(12.0055031776428,-16.918671131134,3.27300488948822));
#14736=CARTESIAN_POINT('Origin',(12.035528421402,-16.918671131134,3.34549158811569));
#14737=CARTESIAN_POINT('',(12.035528421402,-16.918671131134,3.34549158811569));
#14738=CARTESIAN_POINT('',(10.6566052839603,-16.918671131134,0.0165065948229148));
#14739=CARTESIAN_POINT('',(12.035528421402,-16.918671131134,3.34549158811569));
#14740=CARTESIAN_POINT('Origin',(12.0538437366486,-16.918671131134,3.42178285121918));
#14741=CARTESIAN_POINT('',(12.0538437366486,-16.918671131134,3.42178285121918));
#14742=CARTESIAN_POINT('',(11.3719589123745,-16.918671131134,0.581435642635));
#14743=CARTESIAN_POINT('',(12.0538437366486,-16.918671131134,3.42178285121918));
#14744=CARTESIAN_POINT('Origin',(12.059999704361,-16.918671131134,3.50000023841858));
#14745=CARTESIAN_POINT('',(12.059999704361,-16.918671131134,3.50000023841858));
#14746=CARTESIAN_POINT('',(11.8899377330538,-16.918671131134,1.33920218374015));
#14747=CARTESIAN_POINT('',(12.059999704361,-16.918671131134,3.50000023841858));
#14748=CARTESIAN_POINT('Origin',(12.059999704361,-16.918671131134,4.49999988079071));
#14749=CARTESIAN_POINT('',(12.059999704361,-16.918671131134,4.49999988079071));
#14750=CARTESIAN_POINT('',(12.059999704361,-16.918671131134,2.24999994039536));
#14751=CARTESIAN_POINT('',(12.059999704361,-16.918671131134,4.49999988079071));
#14752=CARTESIAN_POINT('Origin',(12.0538437366486,-16.918671131134,4.57821726799011));
#14753=CARTESIAN_POINT('',(12.0538437366486,-16.918671131134,4.57821726799011));
#14754=CARTESIAN_POINT('',(12.1997350007994,-16.918671131134,2.7245308891434));
#14755=CARTESIAN_POINT('',(12.0538437366486,-16.918671131134,4.57821726799011));
#14756=CARTESIAN_POINT('Origin',(12.035528421402,-16.918671131134,4.65450823307037));
#14757=CARTESIAN_POINT('',(12.035528421402,-16.918671131134,4.65450823307037));
#14758=CARTESIAN_POINT('',(12.2707555590839,-16.918671131134,3.67468860642355));
#14759=CARTESIAN_POINT('',(12.035528421402,-16.918671131134,4.65450823307037));
#14760=CARTESIAN_POINT('Origin',(12.0055031776428,-16.918671131134,4.72699522972107));
#14761=CARTESIAN_POINT('',(12.0055031776428,-16.918671131134,4.72699522972107));
#14762=CARTESIAN_POINT('',(12.0558183236721,-16.918671131134,4.60552431508143));
#14763=CARTESIAN_POINT('',(12.0055031776428,-16.918671131134,4.72699522972107));
#14764=CARTESIAN_POINT('Origin',(11.9645082950592,-16.918671131134,4.79389250278473));
#14765=CARTESIAN_POINT('',(11.9645082950592,-16.918671131134,4.79389250278473));
#14766=CARTESIAN_POINT('',(11.5739864934652,-16.918671131134,5.43116335104873));
#14767=CARTESIAN_POINT('',(11.9645082950592,-16.918671131134,4.79389250278473));
#14768=CARTESIAN_POINT('Origin',(11.9135534763336,-16.918671131134,4.85355317592621));
#14769=CARTESIAN_POINT('',(11.9135534763336,-16.918671131134,4.85355317592621));
#14770=CARTESIAN_POINT('',(10.8696406946608,-16.918671131134,6.07582303799755));
#14771=CARTESIAN_POINT('',(11.9135534763336,-16.918671131134,4.85355317592621));
#14772=CARTESIAN_POINT('Origin',(11.8538928031921,-16.918671131134,4.90450859069824));
#14773=CARTESIAN_POINT('',(11.8538928031921,-16.918671131134,4.90450859069824));
#14774=CARTESIAN_POINT('',(10.0081510114536,-16.918671131134,6.48093295213781));
#14775=CARTESIAN_POINT('',(11.8538928031921,-16.918671131134,4.90450859069824));
#14776=CARTESIAN_POINT('Origin',(11.786994934082,-16.918671131134,4.94550347328186));
#14777=CARTESIAN_POINT('',(9.0695976738173,-16.918671131134,6.61071916848204));
#14778=CARTESIAN_POINT('Origin',(15.6661069393158,-16.918671131134,4.90450859069824));
#14779=CARTESIAN_POINT('',(15.7330048084259,-16.918671131134,4.94550347328186));
#14780=CARTESIAN_POINT('',(15.7330048084259,-16.918671131134,4.94550347328186));
#14781=CARTESIAN_POINT('',(15.6661069393158,-16.918671131134,4.90450859069824));
#14782=CARTESIAN_POINT('',(9.34455644234168,-16.918671131134,1.03067488243275));
#14783=CARTESIAN_POINT('',(15.6661069393158,-16.918671131134,4.90450859069824));
#14784=CARTESIAN_POINT('Origin',(15.6064462661743,-16.918671131134,4.85355317592621));
#14785=CARTESIAN_POINT('',(15.6064462661743,-16.918671131134,4.85355317592621));
#14786=CARTESIAN_POINT('',(10.26633205608,-16.918671131134,0.292630206450009));
#14787=CARTESIAN_POINT('',(15.6064462661743,-16.918671131134,4.85355317592621));
#14788=CARTESIAN_POINT('Origin',(15.5554914474487,-16.918671131134,4.79389250278473));
#14789=CARTESIAN_POINT('',(15.5554914474487,-16.918671131134,4.79389250278473));
#14790=CARTESIAN_POINT('',(11.3613631177635,-16.918671131134,-0.116821059721244));
#14791=CARTESIAN_POINT('',(15.5554914474487,-16.918671131134,4.79389250278473));
#14792=CARTESIAN_POINT('Origin',(15.5144965648651,-16.918671131134,4.72699522972107));
#14793=CARTESIAN_POINT('',(15.5144965648651,-16.918671131134,4.72699522972107));
#14794=CARTESIAN_POINT('',(12.518592302697,-16.918671131134,-0.161854618550777));
#14795=CARTESIAN_POINT('',(15.5144965648651,-16.918671131134,4.72699522972107));
#14796=CARTESIAN_POINT('Origin',(15.484471321106,-16.918671131134,4.65450823307037));
#14797=CARTESIAN_POINT('',(15.484471321106,-16.918671131134,4.65450823307037));
#14798=CARTESIAN_POINT('',(13.6216058919034,-16.918671131134,0.157175215211789));
#14799=CARTESIAN_POINT('',(15.484471321106,-16.918671131134,4.65450823307037));
#14800=CARTESIAN_POINT('Origin',(15.4661560058594,-16.918671131134,4.57821726799011));
#14801=CARTESIAN_POINT('',(15.4661560058594,-16.918671131134,4.57821726799011));
#14802=CARTESIAN_POINT('',(14.5600435497038,-16.918671131134,0.803879080485743));
#14803=CARTESIAN_POINT('',(15.4661560058594,-16.918671131134,4.57821726799011));
#14804=CARTESIAN_POINT('Origin',(15.460000038147,-16.918671131134,4.49999988079071));
#14805=CARTESIAN_POINT('',(15.460000038147,-16.918671131134,4.49999988079071));
#14806=CARTESIAN_POINT('',(15.2403633382239,-16.918671131134,1.70930805073596));
#14807=CARTESIAN_POINT('',(15.460000038147,-16.918671131134,4.49999988079071));
#14808=CARTESIAN_POINT('Origin',(15.460000038147,-16.918671131134,3.50000023841858));
#14809=CARTESIAN_POINT('',(15.460000038147,-16.918671131134,3.50000023841858));
#14810=CARTESIAN_POINT('',(15.460000038147,-16.918671131134,1.75000011920929));
#14811=CARTESIAN_POINT('',(15.460000038147,-16.918671131134,3.50000023841858));
#14812=CARTESIAN_POINT('Origin',(15.4661560058594,-16.918671131134,3.42178285121918));
#14813=CARTESIAN_POINT('',(15.4661560058594,-16.918671131134,3.42178285121918));
#14814=CARTESIAN_POINT('',(15.5563165736819,-16.918671131134,2.27620763494819));
#14815=CARTESIAN_POINT('',(15.4661560058594,-16.918671131134,3.42178285121918));
#14816=CARTESIAN_POINT('Origin',(15.484471321106,-16.918671131134,3.34549158811569));
#14817=CARTESIAN_POINT('',(15.484471321106,-16.918671131134,3.34549158811569));
#14818=CARTESIAN_POINT('',(15.477160535148,-16.918671131134,3.37594419499152));
#14819=CARTESIAN_POINT('',(15.484471321106,-16.918671131134,3.34549158811569));
#14820=CARTESIAN_POINT('Origin',(15.5144965648651,-16.918671131134,3.27300488948822));
#14821=CARTESIAN_POINT('',(15.5144965648651,-16.918671131134,3.27300488948822));
#14822=CARTESIAN_POINT('',(15.0508313483902,-16.918671131134,4.39238167391174));
#14823=CARTESIAN_POINT('',(15.5144965648651,-16.918671131134,3.27300488948822));
#14824=CARTESIAN_POINT('Origin',(15.5554914474487,-16.918671131134,3.20610731840134));
#14825=CARTESIAN_POINT('',(15.5554914474487,-16.918671131134,3.20610731840134));
#14826=CARTESIAN_POINT('',(14.3211175001769,-16.918671131134,5.22042261048637));
#14827=CARTESIAN_POINT('',(15.5554914474487,-16.918671131134,3.20610731840134));
#14828=CARTESIAN_POINT('Origin',(15.6064462661743,-16.918671131134,3.14644664525986));
#14829=CARTESIAN_POINT('',(15.6064462661743,-16.918671131134,3.14644664525986));
#14830=CARTESIAN_POINT('',(13.3622158912886,-16.918671131134,5.7741136294426));
#14831=CARTESIAN_POINT('',(15.6064462661743,-16.918671131134,3.14644664525986));
#14832=CARTESIAN_POINT('Origin',(15.6661069393158,-16.918671131134,3.09549152851105));
#14833=CARTESIAN_POINT('',(15.6661069393158,-16.918671131134,3.09549152851105));
#14834=CARTESIAN_POINT('',(12.2715202264519,-16.918671131134,5.99474748993397));
#14835=CARTESIAN_POINT('',(15.6661069393158,-16.918671131134,3.09549152851105));
#14836=CARTESIAN_POINT('Origin',(15.7330048084259,-16.918671131134,3.05449664592743));
#14837=CARTESIAN_POINT('',(15.7330048084259,-16.918671131134,3.05449664592743));
#14838=CARTESIAN_POINT('',(11.1600148141108,-16.918671131134,5.85681591807724));
#14839=CARTESIAN_POINT('',(15.7330048084259,-16.918671131134,3.05449664592743));
#14840=CARTESIAN_POINT('Origin',(15.8054912090302,-16.918671131134,3.0244717001915));
#14841=CARTESIAN_POINT('',(15.8054912090302,-16.918671131134,3.0244717001915));
#14842=CARTESIAN_POINT('',(10.1413220694566,-16.918671131134,5.37065484126563));
#14843=CARTESIAN_POINT('',(15.8054912090302,-16.918671131134,3.0244717001915));
#14844=CARTESIAN_POINT('Origin',(15.8817827701569,-16.918671131134,3.00615578889847));
#14845=CARTESIAN_POINT('',(15.8817827701569,-16.918671131134,3.00615578889847));
#14846=CARTESIAN_POINT('',(9.32029571978054,-16.918671131134,4.58142326265557));
#14847=CARTESIAN_POINT('',(15.8817827701569,-16.918671131134,3.00615578889847));
#14848=CARTESIAN_POINT('Origin',(15.9599995613098,-16.918671131134,3.00000011920929));
#14849=CARTESIAN_POINT('',(15.9599995613098,-16.918671131134,3.00000011920929));
#14850=CARTESIAN_POINT('',(8.78286491407978,-16.918671131134,3.56484137070875));
#14851=CARTESIAN_POINT('',(15.9599995613098,-16.918671131134,3.00000011920929));
#14852=CARTESIAN_POINT('Origin',(19.0600001811981,-16.918671131134,3.00000011920929));
#14853=CARTESIAN_POINT('',(19.0600001811981,-16.918671131134,3.00000011920929));
#14854=CARTESIAN_POINT('',(10.170361995697,-16.918671131134,3.00000011920929));
#14855=CARTESIAN_POINT('',(19.0600001811981,-16.918671131134,3.00000011920929));
#14856=CARTESIAN_POINT('Origin',(19.1382169723511,-16.918671131134,3.00615578889847));
#14857=CARTESIAN_POINT('',(19.1382169723511,-16.918671131134,3.00615578889847));
#14858=CARTESIAN_POINT('',(10.1468677813141,-16.918671131134,2.29853566201481));
#14859=CARTESIAN_POINT('',(19.1382169723511,-16.918671131134,3.00615578889847));
#14860=CARTESIAN_POINT('Origin',(19.2145085334778,-16.918671131134,3.0244717001915));
#14861=CARTESIAN_POINT('',(19.2145085334778,-16.918671131134,3.0244717001915));
#14862=CARTESIAN_POINT('',(10.3930097688199,-16.918671131134,0.906625552349595));
#14863=CARTESIAN_POINT('',(19.2145085334778,-16.918671131134,3.0244717001915));
#14864=CARTESIAN_POINT('Origin',(19.286994934082,-16.918671131134,3.05449664592743));
#14865=CARTESIAN_POINT('',(19.286994934082,-16.918671131134,3.05449664592743));
#14866=CARTESIAN_POINT('',(11.0623801721188,-16.918671131134,-0.352261171654356));
#14867=CARTESIAN_POINT('',(19.286994934082,-16.918671131134,3.05449664592743));
#14868=CARTESIAN_POINT('Origin',(19.3538928031921,-16.918671131134,3.09549152851105));
#14869=CARTESIAN_POINT('',(19.3538928031921,-16.918671131134,3.09549152851105));
#14870=CARTESIAN_POINT('',(12.0947982909726,-16.918671131134,-1.35286730788222));
#14871=CARTESIAN_POINT('',(19.3538928031921,-16.918671131134,3.09549152851105));
#14872=CARTESIAN_POINT('Origin',(19.4135534763336,-16.918671131134,3.14644664525986));
#14873=CARTESIAN_POINT('',(19.4135534763336,-16.918671131134,3.14644664525986));
#14874=CARTESIAN_POINT('',(13.394276455197,-16.918671131134,-1.99451049124618));
#14875=CARTESIAN_POINT('',(19.4135534763336,-16.918671131134,3.14644664525986));
#14876=CARTESIAN_POINT('Origin',(19.4645082950592,-16.918671131134,3.20610731840134));
#14877=CARTESIAN_POINT('',(19.4645082950592,-16.918671131134,3.20610731840134));
#14878=CARTESIAN_POINT('',(14.8380648960403,-16.918671131134,-2.21078424043033));
#14879=CARTESIAN_POINT('',(19.4645082950592,-16.918671131134,3.20610731840134));
#14880=CARTESIAN_POINT('Origin',(19.5055031776428,-16.918671131134,3.27300488948822));
#14881=CARTESIAN_POINT('',(19.5055031776428,-16.918671131134,3.27300488948822));
#14882=CARTESIAN_POINT('',(16.2887104954087,-16.918671131134,-1.97632389423452));
#14883=CARTESIAN_POINT('',(19.5055031776428,-16.918671131134,3.27300488948822));
#14884=CARTESIAN_POINT('Origin',(19.535528421402,-16.918671131134,3.34549158811569));
#14885=CARTESIAN_POINT('',(19.535528421402,-16.918671131134,3.34549158811569));
#14886=CARTESIAN_POINT('',(17.6074220651897,-16.918671131134,-1.3093270533436));
#14887=CARTESIAN_POINT('',(19.535528421402,-16.918671131134,3.34549158811569));
#14888=CARTESIAN_POINT('Origin',(19.5538437366486,-16.918671131134,3.42178285121918));
#14889=CARTESIAN_POINT('',(19.5538437366486,-16.918671131134,3.42178285121918));
#14890=CARTESIAN_POINT('',(18.6676087313379,-16.918671131134,-0.269771842293046));
#14891=CARTESIAN_POINT('',(19.5538437366486,-16.918671131134,3.42178285121918));
#14892=CARTESIAN_POINT('Origin',(19.559999704361,-16.918671131134,3.50000023841858));
#14893=CARTESIAN_POINT('',(19.559999704361,-16.918671131134,3.50000023841858));
#14894=CARTESIAN_POINT('',(19.3668524336986,-16.918671131134,1.04588163973428));
#14895=CARTESIAN_POINT('',(19.559999704361,-16.918671131134,3.50000023841858));
#14896=CARTESIAN_POINT('Origin',(19.559999704361,-16.918671131134,4.49999988079071));
#14897=CARTESIAN_POINT('',(19.559999704361,-16.918671131134,4.49999988079071));
#14898=CARTESIAN_POINT('',(19.559999704361,-16.918671131134,2.24999994039536));
#14899=CARTESIAN_POINT('',(19.559999704361,-16.918671131134,4.49999988079071));
#14900=CARTESIAN_POINT('Origin',(19.5538437366486,-16.918671131134,4.57821726799011));
#14901=CARTESIAN_POINT('',(19.5538437366486,-16.918671131134,4.57821726799011));
#14902=CARTESIAN_POINT('',(19.6766497014442,-16.918671131134,3.01785143314927));
#14903=CARTESIAN_POINT('',(19.5538437366486,-16.918671131134,4.57821726799011));
#14904=CARTESIAN_POINT('Origin',(19.535528421402,-16.918671131134,4.65450823307037));
#14905=CARTESIAN_POINT('',(19.535528421402,-16.918671131134,4.65450823307037));
#14906=CARTESIAN_POINT('',(19.5664038684982,-16.918671131134,4.52589905411043));
#14907=CARTESIAN_POINT('',(19.535528421402,-16.918671131134,4.65450823307037));
#14908=CARTESIAN_POINT('Origin',(19.5055031776428,-16.918671131134,4.72699522972107));
#14909=CARTESIAN_POINT('',(19.5055031776428,-16.918671131134,4.72699522972107));
#14910=CARTESIAN_POINT('',(19.0066389593871,-16.918671131134,5.93135410880011));
#14911=CARTESIAN_POINT('',(19.5055031776428,-16.918671131134,4.72699522972107));
#14912=CARTESIAN_POINT('Origin',(19.4645082950592,-16.918671131134,4.79389250278473));
#14913=CARTESIAN_POINT('',(19.4645082950592,-16.918671131134,4.79389250278473));
#14914=CARTESIAN_POINT('',(18.0502121109255,-16.918671131134,7.10180393123926));
#14915=CARTESIAN_POINT('',(19.4645082950592,-16.918671131134,4.79389250278473));
#14916=CARTESIAN_POINT('Origin',(19.4135534763336,-16.918671131134,4.85355317592621));
#14917=CARTESIAN_POINT('',(19.4135534763336,-16.918671131134,4.85355317592621));
#14918=CARTESIAN_POINT('',(16.7879628508397,-16.918671131134,7.92773748329317));
#14919=CARTESIAN_POINT('',(19.4135534763336,-16.918671131134,4.85355317592621));
#14920=CARTESIAN_POINT('Origin',(19.3538928031921,-16.918671131134,4.90450859069824));
#14921=CARTESIAN_POINT('',(19.3538928031921,-16.918671131134,4.90450859069824));
#14922=CARTESIAN_POINT('',(15.3398502513277,-16.918671131134,8.33285078619783));
#14923=CARTESIAN_POINT('',(19.3538928031921,-16.918671131134,4.90450859069824));
#14924=CARTESIAN_POINT('Origin',(19.286994934082,-16.918671131134,4.94550347328186));
#14925=CARTESIAN_POINT('',(19.286994934082,-16.918671131134,4.94550347328186));
#14926=CARTESIAN_POINT('',(13.8433587936316,-16.918671131134,8.28135299097583));
#14927=CARTESIAN_POINT('',(19.286994934082,-16.918671131134,4.94550347328186));
#14928=CARTESIAN_POINT('Origin',(19.2145085334778,-16.918671131134,4.97552812099457));
#14929=CARTESIAN_POINT('',(19.2145085334778,-16.918671131134,4.97552812099457));
#14930=CARTESIAN_POINT('',(12.4403252594776,-16.918671131134,7.78146778205772));
#14931=CARTESIAN_POINT('',(19.2145085334778,-16.918671131134,4.97552812099457));
#14932=CARTESIAN_POINT('Origin',(19.1382169723511,-16.918671131134,4.9938440322876));
#14933=CARTESIAN_POINT('',(19.1382169723511,-16.918671131134,4.9938440322876));
#14934=CARTESIAN_POINT('',(11.2628417858489,-16.918671131134,6.88454689883049));
#14935=CARTESIAN_POINT('',(19.1382169723511,-16.918671131134,4.9938440322876));
#14936=CARTESIAN_POINT('Origin',(19.0600001811981,-16.918671131134,5.));
#14937=CARTESIAN_POINT('',(19.0600001811981,-16.918671131134,5.));
#14938=CARTESIAN_POINT('',(10.420636648085,-16.918671131134,5.67995173646985));
#14939=CARTESIAN_POINT('',(19.0600001811981,-16.918671131134,5.));
#14940=CARTESIAN_POINT('Origin',(15.9599995613098,-16.918671131134,5.));
#14941=CARTESIAN_POINT('',(15.9599995613098,-16.918671131134,5.));
#14942=CARTESIAN_POINT('',(8.62036168575287,-16.918671131134,5.));
#14943=CARTESIAN_POINT('',(15.9599995613098,-16.918671131134,5.));
#14944=CARTESIAN_POINT('Origin',(15.8817827701569,-16.918671131134,4.9938440322876));
#14945=CARTESIAN_POINT('',(15.8817827701569,-16.918671131134,4.9938440322876));
#14946=CARTESIAN_POINT('',(8.43088887010088,-16.918671131134,4.4074295092527));
#14947=CARTESIAN_POINT('',(15.8817827701569,-16.918671131134,4.9938440322876));
#14948=CARTESIAN_POINT('Origin',(15.8054912090302,-16.918671131134,4.97552812099457));
#14949=CARTESIAN_POINT('',(15.8054912090302,-16.918671131134,4.97552812099457));
#14950=CARTESIAN_POINT('',(8.37417214162478,-16.918671131134,3.19143327723148));
#14951=CARTESIAN_POINT('',(15.8054912090302,-16.918671131134,4.97552812099457));
#14952=CARTESIAN_POINT('Origin',(15.7330048084259,-16.918671131134,4.94550347328186));
#14953=CARTESIAN_POINT('',(8.6908503090395,-16.918671131134,2.02856724496894));
#14954=CARTESIAN_POINT('Origin',(26.6382169723511,-16.918671131134,4.9938440322876));
#14955=CARTESIAN_POINT('',(26.7145085334778,-16.918671131134,4.97552812099457));
#14956=CARTESIAN_POINT('',(26.7145085334778,-16.918671131134,4.97552812099457));
#14957=CARTESIAN_POINT('',(26.6382169723511,-16.918671131134,4.9938440322876));
#14958=CARTESIAN_POINT('',(15.217203033216,-16.918671131134,7.73577610309983));
#14959=CARTESIAN_POINT('',(26.6382169723511,-16.918671131134,4.9938440322876));
#14960=CARTESIAN_POINT('Origin',(26.560001373291,-16.918671131134,5.));
#14961=CARTESIAN_POINT('',(26.560001373291,-16.918671131134,5.));
#14962=CARTESIAN_POINT('',(14.1937281978056,-16.918671131134,5.973288951384));
#14963=CARTESIAN_POINT('',(26.560001373291,-16.918671131134,5.));
#14964=CARTESIAN_POINT('Origin',(23.4600019454956,-16.918671131134,5.));
#14965=CARTESIAN_POINT('',(23.4600019454956,-16.918671131134,5.));
#14966=CARTESIAN_POINT('',(12.3703628778458,-16.918671131134,5.));
#14967=CARTESIAN_POINT('',(23.4600019454956,-16.918671131134,5.));
#14968=CARTESIAN_POINT('Origin',(23.3817839622498,-16.918671131134,4.9938440322876));
#14969=CARTESIAN_POINT('',(23.3817839622498,-16.918671131134,4.9938440322876));
#14970=CARTESIAN_POINT('',(12.2039759979855,-16.918671131134,4.11412018787237));
#14971=CARTESIAN_POINT('',(23.3817839622498,-16.918671131134,4.9938440322876));
#14972=CARTESIAN_POINT('Origin',(23.305492401123,-16.918671131134,4.97552812099457));
#14973=CARTESIAN_POINT('',(23.305492401123,-16.918671131134,4.97552812099457));
#14974=CARTESIAN_POINT('',(12.3285340175206,-16.918671131134,2.34020393766291));
#14975=CARTESIAN_POINT('',(23.305492401123,-16.918671131134,4.97552812099457));
#14976=CARTESIAN_POINT('Origin',(23.2330060005188,-16.918671131134,4.94550347328186));
#14977=CARTESIAN_POINT('',(23.2330060005188,-16.918671131134,4.94550347328186));
#14978=CARTESIAN_POINT('',(12.9900194546087,-16.918671131134,0.702748142581525));
#14979=CARTESIAN_POINT('',(23.2330060005188,-16.918671131134,4.94550347328186));
#14980=CARTESIAN_POINT('Origin',(23.1661081314087,-16.918671131134,4.90450859069824));
#14981=CARTESIAN_POINT('',(23.1661081314087,-16.918671131134,4.90450859069824));
#14982=CARTESIAN_POINT('',(14.1183183209249,-16.918671131134,-0.639959205601128));
#14983=CARTESIAN_POINT('',(23.1661081314087,-16.918671131134,4.90450859069824));
#14984=CARTESIAN_POINT('Origin',(23.1064462661743,-16.918671131134,4.85355317592621));
#14985=CARTESIAN_POINT('',(23.1064462661743,-16.918671131134,4.85355317592621));
#14986=CARTESIAN_POINT('',(15.5979286851007,-16.918671131134,-1.55924713066346));
#14987=CARTESIAN_POINT('',(23.1064462661743,-16.918671131134,4.85355317592621));
#14988=CARTESIAN_POINT('Origin',(23.0554914474487,-16.918671131134,4.79389250278473));
#14989=CARTESIAN_POINT('',(23.0554914474487,-16.918671131134,4.79389250278473));
#14990=CARTESIAN_POINT('',(17.2796852739424,-16.918671131134,-1.96873550501686));
#14991=CARTESIAN_POINT('',(23.0554914474487,-16.918671131134,4.79389250278473));
#14992=CARTESIAN_POINT('Origin',(23.014497756958,-16.918671131134,4.72699522972107));
#14993=CARTESIAN_POINT('',(23.014497756958,-16.918671131134,4.72699522972107));
#14994=CARTESIAN_POINT('',(18.9949582857793,-16.918671131134,-1.83245883198283));
#14995=CARTESIAN_POINT('',(23.014497756958,-16.918671131134,4.72699522972107));
#14996=CARTESIAN_POINT('Origin',(22.9844737052917,-16.918671131134,4.65450823307037));
#14997=CARTESIAN_POINT('',(22.9844737052917,-16.918671131134,4.65450823307037));
#14998=CARTESIAN_POINT('',(20.5725595503525,-16.918671131134,-1.16857038450734));
#14999=CARTESIAN_POINT('',(22.9844737052917,-16.918671131134,4.65450823307037));
#15000=CARTESIAN_POINT('Origin',(22.9661560058594,-16.918671131134,4.57821726799011));
#15001=CARTESIAN_POINT('',(22.9661560058594,-16.918671131134,4.57821726799011));
#15002=CARTESIAN_POINT('',(21.8554861386539,-16.918671131134,-0.0475861178281073));
#15003=CARTESIAN_POINT('',(22.9661560058594,-16.918671131134,4.57821726799011));
#15004=CARTESIAN_POINT('Origin',(22.960000038147,-16.918671131134,4.49999988079071));
#15005=CARTESIAN_POINT('',(22.960000038147,-16.918671131134,4.49999988079071));
#15006=CARTESIAN_POINT('',(22.7172780388686,-16.918671131134,1.41598750673008));
#15007=CARTESIAN_POINT('',(22.960000038147,-16.918671131134,4.49999988079071));
#15008=CARTESIAN_POINT('Origin',(22.960000038147,-16.918671131134,3.50000023841858));
#15009=CARTESIAN_POINT('',(22.960000038147,-16.918671131134,3.50000023841858));
#15010=CARTESIAN_POINT('',(22.960000038147,-16.918671131134,1.75000011920929));
#15011=CARTESIAN_POINT('',(22.960000038147,-16.918671131134,3.50000023841858));
#15012=CARTESIAN_POINT('Origin',(22.9661560058594,-16.918671131134,3.42178285121918));
#15013=CARTESIAN_POINT('',(22.9661560058594,-16.918671131134,3.42178285121918));
#15014=CARTESIAN_POINT('',(23.0332312743266,-16.918671131134,2.56952817895407));
#15015=CARTESIAN_POINT('',(22.9661560058594,-16.918671131134,3.42178285121918));
#15016=CARTESIAN_POINT('Origin',(22.9844737052917,-16.918671131134,3.34549158811569));
#15017=CARTESIAN_POINT('',(22.9844737052917,-16.918671131134,3.34549158811569));
#15018=CARTESIAN_POINT('',(22.7727111356434,-16.918671131134,4.22746008946362));
#15019=CARTESIAN_POINT('',(22.9844737052917,-16.918671131134,3.34549158811569));
#15020=CARTESIAN_POINT('Origin',(23.014497756958,-16.918671131134,3.27300488948822));
#15021=CARTESIAN_POINT('',(23.014497756958,-16.918671131134,3.27300488948822));
#15022=CARTESIAN_POINT('',(22.0017408531236,-16.918671131134,5.71809142501509));
#15023=CARTESIAN_POINT('',(23.014497756958,-16.918671131134,3.27300488948822));
#15024=CARTESIAN_POINT('Origin',(23.0554914474487,-16.918671131134,3.20610731840134));
#15025=CARTESIAN_POINT('',(23.0554914474487,-16.918671131134,3.20610731840134));
#15026=CARTESIAN_POINT('',(20.7974659919324,-16.918671131134,6.89097727321993));
#15027=CARTESIAN_POINT('',(23.0554914474487,-16.918671131134,3.20610731840134));
#15028=CARTESIAN_POINT('Origin',(23.1064462661743,-16.918671131134,3.14644664525986));
#15029=CARTESIAN_POINT('',(23.1064462661743,-16.918671131134,3.14644664525986));
#15030=CARTESIAN_POINT('',(19.2805380474674,-16.918671131134,7.62602807473822));
#15031=CARTESIAN_POINT('',(23.1064462661743,-16.918671131134,3.14644664525986));
#15032=CARTESIAN_POINT('Origin',(23.1661081314087,-16.918671131134,3.09549152851105));
#15033=CARTESIAN_POINT('',(23.1661081314087,-16.918671131134,3.09549152851105));
#15034=CARTESIAN_POINT('',(17.6031005790578,-16.918671131134,7.84666211613842));
#15035=CARTESIAN_POINT('',(23.1661081314087,-16.918671131134,3.09549152851105));
#15036=CARTESIAN_POINT('Origin',(23.2330060005188,-16.918671131134,3.05449664592743));
#15037=CARTESIAN_POINT('',(23.2330060005188,-16.918671131134,3.05449664592743));
#15038=CARTESIAN_POINT('',(15.933776692694,-16.918671131134,7.52745000611112));
#15039=CARTESIAN_POINT('',(23.2330060005188,-16.918671131134,3.05449664592743));
#15040=CARTESIAN_POINT('Origin',(23.305492401123,-16.918671131134,3.0244717001915));
#15041=CARTESIAN_POINT('',(23.305492401123,-16.918671131134,3.0244717001915));
#15042=CARTESIAN_POINT('',(14.440500520538,-16.918671131134,6.69648324918871));
#15043=CARTESIAN_POINT('',(23.305492401123,-16.918671131134,3.0244717001915));
#15044=CARTESIAN_POINT('Origin',(23.3817839622498,-16.918671131134,3.00615578889847));
#15045=CARTESIAN_POINT('',(23.3817839622498,-16.918671131134,3.00615578889847));
#15046=CARTESIAN_POINT('',(13.2746575956764,-16.918671131134,5.43265260222415));
#15047=CARTESIAN_POINT('',(23.3817839622498,-16.918671131134,3.00615578889847));
#15048=CARTESIAN_POINT('Origin',(23.4600019454956,-16.918671131134,3.00000011920929));
#15049=CARTESIAN_POINT('',(23.4600019454956,-16.918671131134,3.00000011920929));
#15050=CARTESIAN_POINT('',(12.555945707106,-16.918671131134,3.8581374130945));
#15051=CARTESIAN_POINT('',(23.4600019454956,-16.918671131134,3.00000011920929));
#15052=CARTESIAN_POINT('Origin',(26.560001373291,-16.918671131134,3.00000011920929));
#15053=CARTESIAN_POINT('',(26.560001373291,-16.918671131134,3.00000011920929));
#15054=CARTESIAN_POINT('',(13.9203625917435,-16.918671131134,3.00000011920929));
#15055=CARTESIAN_POINT('',(26.560001373291,-16.918671131134,3.00000011920929));
#15056=CARTESIAN_POINT('Origin',(26.6382169723511,-16.918671131134,3.00615578889847));
#15057=CARTESIAN_POINT('',(26.6382169723511,-16.918671131134,3.00615578889847));
#15058=CARTESIAN_POINT('',(13.9199518035197,-16.918671131134,2.00521172736166));
#15059=CARTESIAN_POINT('',(26.6382169723511,-16.918671131134,3.00615578889847));
#15060=CARTESIAN_POINT('Origin',(26.7145085334778,-16.918671131134,3.0244717001915));
#15061=CARTESIAN_POINT('',(26.7145085334778,-16.918671131134,3.0244717001915));
#15062=CARTESIAN_POINT('',(14.3473710161869,-16.918671131134,0.055396348080258));
#15063=CARTESIAN_POINT('',(26.7145085334778,-16.918671131134,3.0244717001915));
#15064=CARTESIAN_POINT('Origin',(26.786994934082,-16.918671131134,3.05449664592743));
#15065=CARTESIAN_POINT('',(26.786994934082,-16.918671131134,3.05449664592743));
#15066=CARTESIAN_POINT('',(15.3615579398643,-16.918671131134,-1.67808936884272));
#15067=CARTESIAN_POINT('',(26.786994934082,-16.918671131134,3.05449664592743));
#15068=CARTESIAN_POINT('Origin',(26.8538928031921,-16.918671131134,3.09549152851105));
#15069=CARTESIAN_POINT('',(26.8538928031921,-16.918671131134,3.09549152851105));
#15070=CARTESIAN_POINT('',(16.8685594107869,-16.918671131134,-3.02350113037601));
#15071=CARTESIAN_POINT('',(26.8538928031921,-16.918671131134,3.09549152851105));
#15072=CARTESIAN_POINT('Origin',(26.9135546684265,-16.918671131134,3.14644664525986));
#15073=CARTESIAN_POINT('',(26.9135546684265,-16.918671131134,3.14644664525986));
#15074=CARTESIAN_POINT('',(18.7258433643261,-16.918671131134,-3.84639180803084));
#15075=CARTESIAN_POINT('',(26.9135546684265,-16.918671131134,3.14644664525986));
#15076=CARTESIAN_POINT('Origin',(26.9645094871521,-16.918671131134,3.20610731840134));
#15077=CARTESIAN_POINT('',(26.9645094871521,-16.918671131134,3.20610731840134));
#15078=CARTESIAN_POINT('',(20.7563879929111,-16.918671131134,-4.06269898007982));
#15079=CARTESIAN_POINT('',(26.9645094871521,-16.918671131134,3.20610731840134));
#15080=CARTESIAN_POINT('Origin',(27.0055031776428,-16.918671131134,3.27300488948822));
#15081=CARTESIAN_POINT('',(27.0055031776428,-16.918671131134,3.27300488948822));
#15082=CARTESIAN_POINT('',(22.7651008379943,-16.918671131134,-3.64690433453785));
#15083=CARTESIAN_POINT('',(27.0055031776428,-16.918671131134,3.27300488948822));
#15084=CARTESIAN_POINT('Origin',(27.0355296134949,-16.918671131134,3.34549158811569));
#15085=CARTESIAN_POINT('',(27.0355296134949,-16.918671131134,3.34549158811569));
#15086=CARTESIAN_POINT('',(24.5580955276579,-16.918671131134,-2.63527212404574));
#15087=CARTESIAN_POINT('',(27.0355296134949,-16.918671131134,3.34549158811569));
#15088=CARTESIAN_POINT('Origin',(27.0538449287415,-16.918671131134,3.42178285121918));
#15089=CARTESIAN_POINT('',(27.0538449287415,-16.918671131134,3.42178285121918));
#15090=CARTESIAN_POINT('',(25.9632597099136,-16.918671131134,-1.12097946251688));
#15091=CARTESIAN_POINT('',(27.0538449287415,-16.918671131134,3.42178285121918));
#15092=CARTESIAN_POINT('Origin',(27.0600008964539,-16.918671131134,3.50000023841858));
#15093=CARTESIAN_POINT('',(27.0600008964539,-16.918671131134,3.50000023841858));
#15094=CARTESIAN_POINT('',(26.8437683227669,-16.918671131134,0.752561049106359));
#15095=CARTESIAN_POINT('',(27.0600008964539,-16.918671131134,3.50000023841858));
#15096=CARTESIAN_POINT('Origin',(27.0600008964539,-16.918671131134,4.49999988079071));
#15097=CARTESIAN_POINT('',(27.0600008964539,-16.918671131134,4.49999988079071));
#15098=CARTESIAN_POINT('',(27.0600008964539,-16.918671131134,2.24999994039536));
#15099=CARTESIAN_POINT('',(27.0600008964539,-16.918671131134,4.49999988079071));
#15100=CARTESIAN_POINT('Origin',(27.0538449287415,-16.918671131134,4.57821726799011));
#15101=CARTESIAN_POINT('',(27.0538449287415,-16.918671131134,4.57821726799011));
#15102=CARTESIAN_POINT('',(27.1535655905125,-16.918671131134,3.31117202377719));
#15103=CARTESIAN_POINT('',(27.0538449287415,-16.918671131134,4.57821726799011));
#15104=CARTESIAN_POINT('Origin',(27.0355296134949,-16.918671131134,4.65450823307037));
#15105=CARTESIAN_POINT('',(27.0355296134949,-16.918671131134,4.65450823307037));
#15106=CARTESIAN_POINT('',(26.8620533375245,-16.918671131134,5.37710963709356));
#15107=CARTESIAN_POINT('',(27.0355296134949,-16.918671131134,4.65450823307037));
#15108=CARTESIAN_POINT('Origin',(27.0055031776428,-16.918671131134,4.72699522972107));
#15109=CARTESIAN_POINT('',(27.0055031776428,-16.918671131134,4.72699522972107));
#15110=CARTESIAN_POINT('',(25.9573553832708,-16.918671131134,7.25733502877159));
#15111=CARTESIAN_POINT('',(27.0055031776428,-16.918671131134,4.72699522972107));
#15112=CARTESIAN_POINT('Origin',(26.9645094871521,-16.918671131134,4.79389250278473));
#15113=CARTESIAN_POINT('',(26.9645094871521,-16.918671131134,4.79389250278473));
#15114=CARTESIAN_POINT('',(24.5265728926023,-16.918671131134,8.77234157934188));
#15115=CARTESIAN_POINT('',(26.9645094871521,-16.918671131134,4.79389250278473));
#15116=CARTESIAN_POINT('Origin',(26.9135546684265,-16.918671131134,4.85355317592621));
#15117=CARTESIAN_POINT('',(26.9135546684265,-16.918671131134,4.85355317592621));
#15118=CARTESIAN_POINT('',(22.7062859477106,-16.918671131134,9.77965222294266));
#15119=CARTESIAN_POINT('',(26.9135546684265,-16.918671131134,4.85355317592621));
#15120=CARTESIAN_POINT('Origin',(26.8538928031921,-16.918671131134,4.90450859069824));
#15121=CARTESIAN_POINT('',(26.8538928031921,-16.918671131134,4.90450859069824));
#15122=CARTESIAN_POINT('',(20.6714210875376,-16.918671131134,10.1847727820704));
#15123=CARTESIAN_POINT('',(26.8538928031921,-16.918671131134,4.90450859069824));
#15124=CARTESIAN_POINT('Origin',(26.786994934082,-16.918671131134,4.94550347328186));
#15125=CARTESIAN_POINT('',(26.786994934082,-16.918671131134,4.94550347328186));
#15126=CARTESIAN_POINT('',(18.6171199134459,-16.918671131134,9.95198681346961));
#15127=CARTESIAN_POINT('',(26.786994934082,-16.918671131134,4.94550347328186));
#15128=CARTESIAN_POINT('Origin',(26.7145085334778,-16.918671131134,4.97552812099457));
#15129=CARTESIAN_POINT('',(16.7394937217124,-16.918671131134,9.1072866737119));
#15130=CARTESIAN_POINT('Origin',(0.,3.12824174567655,2.94875290272713));
#15131=CARTESIAN_POINT('',(-5.62067866325378,1.4176475815475E-6,2.94875290272713));
#15132=CARTESIAN_POINT('',(-5.41770395804156,6.99375208022025,2.94875290272713));
#15133=CARTESIAN_POINT('',(-5.53023488580217,-3.11635436395032,2.94875290272713));
#15134=CARTESIAN_POINT('',(-5.66366966947574,1.48131140459685,2.94875290272713));
#15135=CARTESIAN_POINT('',(0.,-3.11635436395032,2.94875290272713));
#15136=CARTESIAN_POINT('Origin',(0.,-3.11635436395032,4.44875290272713));
#15137=CARTESIAN_POINT('',(-5.48670145262406,-4.61635436395032,4.44875290272713));
#15138=CARTESIAN_POINT('Origin',(-5.53023488580217,-3.11635436395032,4.44875290272713));
#15139=CARTESIAN_POINT('',(0.,-4.61635436395032,4.44875290272713));
#15140=CARTESIAN_POINT('Origin',(0.,-4.61635436395032,4.44875290272713));
#15141=CARTESIAN_POINT('',(-5.48670145262406,-4.61635436395032,4.9080930223298));
#15142=CARTESIAN_POINT('',(-5.48670145262406,-4.61635436395032,2.22437645136357));
#15143=CARTESIAN_POINT('',(0.,-4.61635436395032,4.9080930223298));
#15144=CARTESIAN_POINT('Origin',(0.,-3.11635436395032,4.9080930223298));
#15145=CARTESIAN_POINT('',(-5.53023488580217,-3.11635436395032,6.4080930223298));
#15146=CARTESIAN_POINT('Origin',(-5.53023488580217,-3.11635436395032,4.9080930223298));
#15147=CARTESIAN_POINT('',(0.,-3.11635436395032,6.4080930223298));
#15148=CARTESIAN_POINT('Origin',(0.,-3.11635436395032,6.4080930223298));
#15149=CARTESIAN_POINT('',(-5.62067866325378,1.4176475815475E-6,6.4080930223298));
#15150=CARTESIAN_POINT('',(-5.57312969486396,-1.63835897292678,6.4080930223298));
#15151=CARTESIAN_POINT('',(-5.50824395660676,3.87408170408816,6.4080930223298));
#15152=CARTESIAN_POINT('Origin',(3.16405892372131,-15.1024401187897,10.));
#15153=CARTESIAN_POINT('',(3.16405892372131,-15.1024401187897,7.));
#15154=CARTESIAN_POINT('',(5.64901726834137,-16.1777682003007,7.));
#15155=CARTESIAN_POINT('',(3.16405892372131,-15.1024401187897,1.9));
#15156=CARTESIAN_POINT('',(3.16405892372131,-15.1024401187897,2.));
#15157=CARTESIAN_POINT('',(6.44288077091511,-16.5213006056034,1.9));
#15158=CARTESIAN_POINT('Origin',(17.5000354967779,0.0346630811691284,1.9));
#15159=CARTESIAN_POINT('',(3.75971645116806,-15.2959823608398,1.9));
#15160=CARTESIAN_POINT('',(3.75679636746645,-12.0065200328827,1.9));
#15161=CARTESIAN_POINT('',(3.75291729818227,-7.63676437457427,1.9));
#15162=CARTESIAN_POINT('',(10.6284159321222,-12.0065200328827,1.9));
#15163=CARTESIAN_POINT('',(3.45884650945663,-15.2085709571838,1.9));
#15164=CARTESIAN_POINT('',(7.24474935972736,-16.5715898325406,1.9));
#15165=CARTESIAN_POINT('',(8.04146849462417,-16.5399549361543,1.9));
#15166=CARTESIAN_POINT('Origin',(22.0850729942322,-15.4526674747467,5.22252082824707));
#15167=CARTESIAN_POINT('',(22.0850729942322,-15.4526674747467,5.22252082824707));
#15168=CARTESIAN_POINT('',(22.0662879943848,-15.4526674747467,5.11196434497833));
#15169=CARTESIAN_POINT('',(22.5906108855326,-15.4526674747467,8.1977932197966));
#15170=CARTESIAN_POINT('',(22.0850729942322,-15.4526674747467,5.22252082824707));
#15171=CARTESIAN_POINT('',(22.0662879943848,-15.4526674747467,5.11196434497833));
#15172=CARTESIAN_POINT('Origin',(22.116117477417,-15.4526674747467,5.33027946949005));
#15173=CARTESIAN_POINT('',(22.116117477417,-15.4526674747467,5.33027946949005));
#15174=CARTESIAN_POINT('',(23.0393236246779,-15.4526674747467,8.53482436153259));
#15175=CARTESIAN_POINT('',(22.116117477417,-15.4526674747467,5.33027946949005));
#15176=CARTESIAN_POINT('Origin',(22.1590328216553,-15.4526674747467,5.43388366699219));
#15177=CARTESIAN_POINT('',(22.1590328216553,-15.4526674747467,5.43388366699219));
#15178=CARTESIAN_POINT('',(23.5404008942557,-15.4526674747467,8.76871723659403));
#15179=CARTESIAN_POINT('',(22.1590328216553,-15.4526674747467,5.43388366699219));
#15180=CARTESIAN_POINT('Origin',(22.2132778167725,-15.4526674747467,5.53203225135803));
#15181=CARTESIAN_POINT('',(22.2132778167725,-15.4526674747467,5.53203225135803));
#15182=CARTESIAN_POINT('',(24.070059874417,-15.4526674747467,8.89161464306096));
#15183=CARTESIAN_POINT('',(22.2132778167725,-15.4526674747467,5.53203225135803));
#15184=CARTESIAN_POINT('Origin',(22.2781705856323,-15.4526674747467,5.62349021434784));
#15185=CARTESIAN_POINT('',(22.2781705856323,-15.4526674747467,5.62349021434784));
#15186=CARTESIAN_POINT('',(24.6037736314168,-15.4526674747467,8.90112686057656));
#15187=CARTESIAN_POINT('',(22.2781705856323,-15.4526674747467,5.62349021434784));
#15188=CARTESIAN_POINT('Origin',(22.3528933525085,-15.4526674747467,5.70710718631744));
#15189=CARTESIAN_POINT('',(22.3528933525085,-15.4526674747467,5.70710718631744));
#15190=CARTESIAN_POINT('',(25.1170559195848,-15.4526674747467,8.80028632773655));
#15191=CARTESIAN_POINT('',(22.3528933525085,-15.4526674747467,5.70710718631744));
#15192=CARTESIAN_POINT('Origin',(22.436511516571,-15.4526674747467,5.78183174133301));
#15193=CARTESIAN_POINT('',(22.436511516571,-15.4526674747467,5.78183174133301));
#15194=CARTESIAN_POINT('',(25.5870509194401,-15.4526674747467,8.59728048477136));
#15195=CARTESIAN_POINT('',(22.436511516571,-15.4526674747467,5.78183174133301));
#15196=CARTESIAN_POINT('Origin',(22.5279688835144,-15.4526674747467,5.84672451019287));
#15197=CARTESIAN_POINT('',(22.5279688835144,-15.4526674747467,5.84672451019287));
#15198=CARTESIAN_POINT('',(25.9930066808782,-15.4526674747467,8.3053115479574));
#15199=CARTESIAN_POINT('',(22.5279688835144,-15.4526674747467,5.84672451019287));
#15200=CARTESIAN_POINT('Origin',(22.6261162757874,-15.4526674747467,5.90096890926361));
#15201=CARTESIAN_POINT('',(22.6261162757874,-15.4526674747467,5.90096890926361));
#15202=CARTESIAN_POINT('',(26.3180798136697,-15.4526674747467,7.94145453873976));
#15203=CARTESIAN_POINT('',(22.6261162757874,-15.4526674747467,5.90096890926361));
#15204=CARTESIAN_POINT('Origin',(22.7297210693359,-15.4526674747467,5.94388365745544));
#15205=CARTESIAN_POINT('',(22.7297210693359,-15.4526674747467,5.94388365745544));
#15206=CARTESIAN_POINT('',(26.5495577591319,-15.4526674747467,7.52612057972343));
#15207=CARTESIAN_POINT('',(22.7297210693359,-15.4526674747467,5.94388365745544));
#15208=CARTESIAN_POINT('Origin',(22.8374791145325,-15.4526674747467,5.97492814064026));
#15209=CARTESIAN_POINT('',(22.8374791145325,-15.4526674747467,5.97492814064026));
#15210=CARTESIAN_POINT('',(26.6796748592122,-15.4526674747467,7.08184299763244));
#15211=CARTESIAN_POINT('',(22.8374791145325,-15.4526674747467,5.97492814064026));
#15212=CARTESIAN_POINT('Origin',(22.9480361938477,-15.4526674747467,5.99371254444122));
#15213=CARTESIAN_POINT('',(22.9480361938477,-15.4526674747467,5.99371254444122));
#15214=CARTESIAN_POINT('',(26.7059132596616,-15.4526674747467,6.63220155551024));
#15215=CARTESIAN_POINT('',(22.9480361938477,-15.4526674747467,5.99371254444122));
#15216=CARTESIAN_POINT('Origin',(23.0599999427795,-15.4526674747467,6.00000023841858));
#15217=CARTESIAN_POINT('',(23.0599999427795,-15.4526674747467,6.00000023841858));
#15218=CARTESIAN_POINT('',(26.6310852347429,-15.4526674747467,6.20054632317466));
#15219=CARTESIAN_POINT('',(23.0599999427795,-15.4526674747467,6.00000023841858));
#15220=CARTESIAN_POINT('Origin',(27.0600008964539,-15.4526674747467,6.00000023841858));
#15221=CARTESIAN_POINT('',(27.0600008964539,-15.4526674747467,6.00000023841858));
#15222=CARTESIAN_POINT('',(28.5300314426422,-15.4526674747467,6.00000023841858));
#15223=CARTESIAN_POINT('',(27.0600008964539,-15.4526674747467,6.00000023841858));
#15224=CARTESIAN_POINT('Origin',(27.1719646453857,-15.4526674747467,5.99371254444122));
#15225=CARTESIAN_POINT('',(27.1719646453857,-15.4526674747467,5.99371254444122));
#15226=CARTESIAN_POINT('',(28.4694282853288,-15.4526674747467,5.92084919007399));
#15227=CARTESIAN_POINT('',(27.1719646453857,-15.4526674747467,5.99371254444122));
#15228=CARTESIAN_POINT('Origin',(27.2825217247009,-15.4526674747467,5.97492814064026));
#15229=CARTESIAN_POINT('',(27.2825217247009,-15.4526674747467,5.97492814064026));
#15230=CARTESIAN_POINT('',(28.2708177796195,-15.4526674747467,5.8070098826193));
#15231=CARTESIAN_POINT('',(27.2825217247009,-15.4526674747467,5.97492814064026));
#15232=CARTESIAN_POINT('Origin',(27.3902797698975,-15.4526674747467,5.94388365745544));
#15233=CARTESIAN_POINT('',(27.3902797698975,-15.4526674747467,5.94388365745544));
#15234=CARTESIAN_POINT('',(28.0556723107391,-15.4526674747467,5.75218783086741));
#15235=CARTESIAN_POINT('',(27.3902797698975,-15.4526674747467,5.94388365745544));
#15236=CARTESIAN_POINT('Origin',(27.493884563446,-15.4526674747467,5.90096890926361));
#15237=CARTESIAN_POINT('',(27.493884563446,-15.4526674747467,5.90096890926361));
#15238=CARTESIAN_POINT('',(27.8388449418952,-15.4526674747467,5.75808085099664));
#15239=CARTESIAN_POINT('',(27.493884563446,-15.4526674747467,5.90096890926361));
#15240=CARTESIAN_POINT('Origin',(27.5920343399048,-15.4526674747467,5.84672451019287));
#15241=CARTESIAN_POINT('',(27.5920343399048,-15.4526674747467,5.84672451019287));
#15242=CARTESIAN_POINT('',(27.635176180069,-15.4526674747467,5.82288132604158));
#15243=CARTESIAN_POINT('',(27.5920343399048,-15.4526674747467,5.84672451019287));
#15244=CARTESIAN_POINT('Origin',(27.6834917068481,-15.4526674747467,5.78183174133301));
#15245=CARTESIAN_POINT('',(27.6834917068481,-15.4526674747467,5.78183174133301));
#15246=CARTESIAN_POINT('',(27.458544277901,-15.4526674747467,5.94144120747177));
#15247=CARTESIAN_POINT('',(27.6834917068481,-15.4526674747467,5.78183174133301));
#15248=CARTESIAN_POINT('Origin',(27.7671074867249,-15.4526674747467,5.70710718631744));
#15249=CARTESIAN_POINT('',(27.7671074867249,-15.4526674747467,5.70710718631744));
#15250=CARTESIAN_POINT('',(27.3213656988791,-15.4526674747467,6.10545133616245));
#15251=CARTESIAN_POINT('',(27.7671074867249,-15.4526674747467,5.70710718631744));
#15252=CARTESIAN_POINT('Origin',(27.8418326377869,-15.4526674747467,5.62349021434784));
#15253=CARTESIAN_POINT('',(27.8418326377869,-15.4526674747467,5.62349021434784));
#15254=CARTESIAN_POINT('',(27.2337334286461,-15.4526674747467,6.30394938776942));
#15255=CARTESIAN_POINT('',(27.8418326377869,-15.4526674747467,5.62349021434784));
#15256=CARTESIAN_POINT('Origin',(27.9067254066467,-15.4526674747467,5.53203225135803));
#15257=CARTESIAN_POINT('',(27.9067254066467,-15.4526674747467,5.53203225135803));
#15258=CARTESIAN_POINT('',(27.2029029600087,-15.4526674747467,6.52397894136628));
#15259=CARTESIAN_POINT('',(27.9067254066467,-15.4526674747467,5.53203225135803));
#15260=CARTESIAN_POINT('Origin',(27.9609704017639,-15.4526674747467,5.43388366699219));
#15261=CARTESIAN_POINT('',(27.9609704017639,-15.4526674747467,5.43388366699219));
#15262=CARTESIAN_POINT('',(27.2329669458819,-15.4526674747467,6.75110212104308));
#15263=CARTESIAN_POINT('',(27.9609704017639,-15.4526674747467,5.43388366699219));
#15264=CARTESIAN_POINT('Origin',(28.0038833618164,-15.4526674747467,5.33027946949005));
#15265=CARTESIAN_POINT('',(28.0038833618164,-15.4526674747467,5.33027946949005));
#15266=CARTESIAN_POINT('',(27.3245625469189,-15.4526674747467,6.97035481707425));
#15267=CARTESIAN_POINT('',(28.0038833618164,-15.4526674747467,5.33027946949005));
#15268=CARTESIAN_POINT('Origin',(28.034930229187,-15.4526674747467,5.22252082824707));
#15269=CARTESIAN_POINT('',(28.034930229187,-15.4526674747467,5.22252082824707));
#15270=CARTESIAN_POINT('',(27.4747615023615,-15.4526674747467,7.16677562693492));
#15271=CARTESIAN_POINT('',(28.034930229187,-15.4526674747467,5.22252082824707));
#15272=CARTESIAN_POINT('Origin',(28.0537128448486,-15.4526674747467,5.11196434497833));
#15273=CARTESIAN_POINT('',(28.0537128448486,-15.4526674747467,5.11196434497833));
#15274=CARTESIAN_POINT('',(27.6774439807704,-15.4526674747467,7.32672309452832));
#15275=CARTESIAN_POINT('',(28.0537128448486,-15.4526674747467,5.11196434497833));
#15276=CARTESIAN_POINT('Origin',(28.0600023269653,-15.4526674747467,5.));
#15277=CARTESIAN_POINT('',(28.0600023269653,-15.4526674747467,5.));
#15278=CARTESIAN_POINT('',(27.9230604600023,-15.4526674747467,7.43781700148423));
#15279=CARTESIAN_POINT('',(28.0600023269653,-15.4526674747467,5.));
#15280=CARTESIAN_POINT('Origin',(28.0600023269653,-15.4526674747467,3.00000011920929));
#15281=CARTESIAN_POINT('',(28.0600023269653,-15.4526674747467,3.00000011920929));
#15282=CARTESIAN_POINT('',(28.0600023269653,-15.4526674747467,6.50000005960464));
#15283=CARTESIAN_POINT('',(28.0600023269653,-15.4526674747467,3.00000011920929));
#15284=CARTESIAN_POINT('Origin',(28.0537128448486,-15.4526674747467,2.88803547620773));
#15285=CARTESIAN_POINT('',(28.0537128448486,-15.4526674747467,2.88803547620773));
#15286=CARTESIAN_POINT('',(28.2558988188525,-15.4526674747467,6.48732711568257));
#15287=CARTESIAN_POINT('',(28.0537128448486,-15.4526674747467,2.88803547620773));
#15288=CARTESIAN_POINT('Origin',(28.034930229187,-15.4526674747467,2.777478992939));
#15289=CARTESIAN_POINT('',(28.034930229187,-15.4526674747467,2.777478992939));
#15290=CARTESIAN_POINT('',(28.6588059118581,-15.4526674747467,6.44967794092324));
#15291=CARTESIAN_POINT('',(28.034930229187,-15.4526674747467,2.777478992939));
#15292=CARTESIAN_POINT('Origin',(28.0038833618164,-15.4526674747467,2.66972094774246));
#15293=CARTESIAN_POINT('',(28.0038833618164,-15.4526674747467,2.66972094774246));
#15294=CARTESIAN_POINT('',(29.0554326455835,-15.4526674747467,6.31945777606549));
#15295=CARTESIAN_POINT('',(28.0038833618164,-15.4526674747467,2.66972094774246));
#15296=CARTESIAN_POINT('Origin',(27.9609704017639,-15.4526674747467,2.5661164522171));
#15297=CARTESIAN_POINT('',(27.9609704017639,-15.4526674747467,2.5661164522171));
#15298=CARTESIAN_POINT('',(29.4243774147577,-15.4526674747467,6.09921100323495));
#15299=CARTESIAN_POINT('',(27.9609704017639,-15.4526674747467,2.5661164522171));
#15300=CARTESIAN_POINT('Origin',(27.9067254066467,-15.4526674747467,2.46796801686287));
#15301=CARTESIAN_POINT('',(27.9067254066467,-15.4526674747467,2.46796801686287));
#15302=CARTESIAN_POINT('',(29.7460235790855,-15.4526674747467,5.79591075858068));
#15303=CARTESIAN_POINT('',(27.9067254066467,-15.4526674747467,2.46796801686287));
#15304=CARTESIAN_POINT('Origin',(27.8418326377869,-15.4526674747467,2.37651020288467));
#15305=CARTESIAN_POINT('',(27.8418326377869,-15.4526674747467,2.37651020288467));
#15306=CARTESIAN_POINT('',(30.0021065400078,-15.4526674747467,5.42113184813977));
#15307=CARTESIAN_POINT('',(27.8418326377869,-15.4526674747467,2.37651020288467));
#15308=CARTESIAN_POINT('Origin',(27.7671074867249,-15.4526674747467,2.29289323091507));
#15309=CARTESIAN_POINT('',(27.7671074867249,-15.4526674747467,2.29289323091507));
#15310=CARTESIAN_POINT('',(30.177509417541,-15.4526674747467,4.99011776402142));
#15311=CARTESIAN_POINT('',(27.7671074867249,-15.4526674747467,2.29289323091507));
#15312=CARTESIAN_POINT('Origin',(27.6834917068481,-15.4526674747467,2.21816852688789));
#15313=CARTESIAN_POINT('',(27.6834917068481,-15.4526674747467,2.21816852688789));
#15314=CARTESIAN_POINT('',(30.2606977975796,-15.4526674747467,4.52133382213363));
#15315=CARTESIAN_POINT('',(27.6834917068481,-15.4526674747467,2.21816852688789));
#15316=CARTESIAN_POINT('Origin',(27.5920343399048,-15.4526674747467,2.15327590703964));
#15317=CARTESIAN_POINT('',(27.5920343399048,-15.4526674747467,2.15327590703964));
#15318=CARTESIAN_POINT('',(30.2444697300134,-15.4526674747467,4.03528374517216));
#15319=CARTESIAN_POINT('',(27.5920343399048,-15.4526674747467,2.15327590703964));
#15320=CARTESIAN_POINT('Origin',(27.493884563446,-15.4526674747467,2.09903120994568));
#15321=CARTESIAN_POINT('',(27.493884563446,-15.4526674747467,2.09903120994568));
#15322=CARTESIAN_POINT('',(30.1262497530607,-15.4526674747467,3.55386745617356));
#15323=CARTESIAN_POINT('',(27.493884563446,-15.4526674747467,2.09903120994568));
#15324=CARTESIAN_POINT('Origin',(27.3902797698975,-15.4526674747467,2.05611675977707));
#15325=CARTESIAN_POINT('',(27.3902797698975,-15.4526674747467,2.05611675977707));
#15326=CARTESIAN_POINT('',(29.9083664886149,-15.4526674747467,3.09914096077569));
#15327=CARTESIAN_POINT('',(27.3902797698975,-15.4526674747467,2.05611675977707));
#15328=CARTESIAN_POINT('Origin',(27.2825217247009,-15.4526674747467,2.02507212758064));
#15329=CARTESIAN_POINT('',(27.2825217247009,-15.4526674747467,2.02507212758064));
#15330=CARTESIAN_POINT('',(29.5978896122759,-15.4526674747467,2.69211971867312));
#15331=CARTESIAN_POINT('',(27.2825217247009,-15.4526674747467,2.02507212758064));
#15332=CARTESIAN_POINT('Origin',(27.1719646453857,-15.4526674747467,2.00628787279129));
#15333=CARTESIAN_POINT('',(27.1719646453857,-15.4526674747467,2.00628787279129));
#15334=CARTESIAN_POINT('',(29.2063720859334,-15.4526674747467,2.35194486685547));
#15335=CARTESIAN_POINT('',(27.1719646453857,-15.4526674747467,2.00628787279129));
#15336=CARTESIAN_POINT('Origin',(27.0600008964539,-15.4526674747467,2.00000002980232));
#15337=CARTESIAN_POINT('',(27.0600008964539,-15.4526674747467,2.00000002980232));
#15338=CARTESIAN_POINT('',(28.7493419516006,-15.4526674747467,2.09487280256061));
#15339=CARTESIAN_POINT('',(27.0600008964539,-15.4526674747467,2.00000002980232));
#15340=CARTESIAN_POINT('Origin',(23.0599999427795,-15.4526674747467,2.00000002980232));
#15341=CARTESIAN_POINT('',(23.0599999427795,-15.4526674747467,2.00000002980232));
#15342=CARTESIAN_POINT('',(26.5300309658051,-15.4526674747467,2.00000002980232));
#15343=CARTESIAN_POINT('',(23.0599999427795,-15.4526674747467,2.00000002980232));
#15344=CARTESIAN_POINT('Origin',(22.9480361938477,-15.4526674747467,2.00628787279129));
#15345=CARTESIAN_POINT('',(22.9480361938477,-15.4526674747467,2.00628787279129));
#15346=CARTESIAN_POINT('',(26.23920708572,-15.4526674747467,1.82145692513747));
#15347=CARTESIAN_POINT('',(22.9480361938477,-15.4526674747467,2.00628787279129));
#15348=CARTESIAN_POINT('Origin',(22.8374791145325,-15.4526674747467,2.02507212758064));
#15349=CARTESIAN_POINT('',(22.8374791145325,-15.4526674747467,2.02507212758064));
#15350=CARTESIAN_POINT('',(25.6598040114317,-15.4526674747467,1.54554363162113));
#15351=CARTESIAN_POINT('',(22.8374791145325,-15.4526674747467,2.02507212758064));
#15352=CARTESIAN_POINT('Origin',(22.7297210693359,-15.4526674747467,2.05611675977707));
#15353=CARTESIAN_POINT('',(22.7297210693359,-15.4526674747467,2.05611675977707));
#15354=CARTESIAN_POINT('',(25.029696156551,-15.4526674747467,1.39350376866991));
#15355=CARTESIAN_POINT('',(22.7297210693359,-15.4526674747467,2.05611675977707));
#15356=CARTESIAN_POINT('Origin',(22.6261162757874,-15.4526674747467,2.09903120994568));
#15357=CARTESIAN_POINT('',(22.6261162757874,-15.4526674747467,2.09903120994568));
#15358=CARTESIAN_POINT('',(24.3764399955334,-15.4526674747467,1.3740244078738));
#15359=CARTESIAN_POINT('',(22.6261162757874,-15.4526674747467,2.09903120994568));
#15360=CARTESIAN_POINT('Origin',(22.5279688835144,-15.4526674747467,2.15327590703964));
#15361=CARTESIAN_POINT('',(22.5279688835144,-15.4526674747467,2.15327590703964));
#15362=CARTESIAN_POINT('',(23.7288150979665,-15.4526674747467,1.48958492502931));
#15363=CARTESIAN_POINT('',(22.5279688835144,-15.4526674747467,2.15327590703964));
#15364=CARTESIAN_POINT('Origin',(22.436511516571,-15.4526674747467,2.21816852688789));
#15365=CARTESIAN_POINT('',(22.436511516571,-15.4526674747467,2.21816852688789));
#15366=CARTESIAN_POINT('',(23.1156289149962,-15.4526674747467,1.7363078672034));
#15367=CARTESIAN_POINT('',(22.436511516571,-15.4526674747467,2.21816852688789));
#15368=CARTESIAN_POINT('Origin',(22.3528933525085,-15.4526674747467,2.29289323091507));
#15369=CARTESIAN_POINT('',(22.3528933525085,-15.4526674747467,2.29289323091507));
#15370=CARTESIAN_POINT('',(22.5641065021495,-15.4526674747467,2.1041442877815));
#15371=CARTESIAN_POINT('',(22.3528933525085,-15.4526674747467,2.29289323091507));
#15372=CARTESIAN_POINT('Origin',(22.2781705856323,-15.4526674747467,2.37651020288467));
#15373=CARTESIAN_POINT('',(22.2781705856323,-15.4526674747467,2.37651020288467));
#15374=CARTESIAN_POINT('',(22.0985666224557,-15.4526674747467,2.57749231559806));
#15375=CARTESIAN_POINT('',(22.2781705856323,-15.4526674747467,2.37651020288467));
#15376=CARTESIAN_POINT('Origin',(22.2132778167725,-15.4526674747467,2.46796801686287));
#15377=CARTESIAN_POINT('',(22.2132778167725,-15.4526674747467,2.46796801686287));
#15378=CARTESIAN_POINT('',(21.7396808679573,-15.4526674747467,3.13544056282422));
#15379=CARTESIAN_POINT('',(22.2132778167725,-15.4526674747467,2.46796801686287));
#15380=CARTESIAN_POINT('Origin',(22.1590328216553,-15.4526674747467,2.5661164522171));
#15381=CARTESIAN_POINT('',(22.1590328216553,-15.4526674747467,2.5661164522171));
#15382=CARTESIAN_POINT('',(21.5027609346863,-15.4526674747467,3.75354505708331));
#15383=CARTESIAN_POINT('',(22.1590328216553,-15.4526674747467,2.5661164522171));
#15384=CARTESIAN_POINT('Origin',(22.116117477417,-15.4526674747467,2.66972094774246));
#15385=CARTESIAN_POINT('',(22.116117477417,-15.4526674747467,2.66972094774246));
#15386=CARTESIAN_POINT('',(21.3975849859781,-15.4526674747467,4.40437314768233));
#15387=CARTESIAN_POINT('',(22.116117477417,-15.4526674747467,2.66972094774246));
#15388=CARTESIAN_POINT('Origin',(22.0850729942322,-15.4526674747467,2.777478992939));
#15389=CARTESIAN_POINT('',(22.0850729942322,-15.4526674747467,2.777478992939));
#15390=CARTESIAN_POINT('',(21.4277144616355,-15.4526674747467,5.05922644688049));
#15391=CARTESIAN_POINT('',(22.0850729942322,-15.4526674747467,2.777478992939));
#15392=CARTESIAN_POINT('Origin',(22.0662879943848,-15.4526674747467,2.88803547620773));
#15393=CARTESIAN_POINT('',(22.0662879943848,-15.4526674747467,2.88803547620773));
#15394=CARTESIAN_POINT('',(21.5903464420725,-15.4526674747467,5.68912276353934));
#15395=CARTESIAN_POINT('',(22.0662879943848,-15.4526674747467,2.88803547620773));
#15396=CARTESIAN_POINT('Origin',(22.0600008964539,-15.4526674747467,3.00000011920929));
#15397=CARTESIAN_POINT('',(22.0600008964539,-15.4526674747467,3.00000011920929));
#15398=CARTESIAN_POINT('',(21.8765633736843,-15.4526674747467,6.26677232089721));
#15399=CARTESIAN_POINT('',(22.0600008964539,-15.4526674747467,3.00000011920929));
#15400=CARTESIAN_POINT('Origin',(22.0600008964539,-15.4526674747467,5.));
#15401=CARTESIAN_POINT('',(22.0600008964539,-15.4526674747467,5.));
#15402=CARTESIAN_POINT('',(22.0600008964539,-15.4526674747467,7.5));
#15403=CARTESIAN_POINT('',(22.0600008964539,-15.4526674747467,5.));
#15404=CARTESIAN_POINT('Origin',(22.0662879943848,-15.4526674747467,5.11196434497833));
#15405=CARTESIAN_POINT('',(22.2155635429597,-15.4526674747467,7.770351282981));
#15406=CARTESIAN_POINT('Origin',(7.08507180213928,-15.4526674747467,5.22252082824707));
#15407=CARTESIAN_POINT('',(7.08507180213928,-15.4526674747467,5.22252082824707));
#15408=CARTESIAN_POINT('',(7.06628739833832,-15.4526674747467,5.11196434497833));
#15409=CARTESIAN_POINT('',(7.80103077382401,-15.4526674747467,9.4363306948185));
#15410=CARTESIAN_POINT('',(7.08507180213928,-15.4526674747467,5.22252082824707));
#15411=CARTESIAN_POINT('',(7.06628739833832,-15.4526674747467,5.11196434497833));
#15412=CARTESIAN_POINT('Origin',(7.1161162853241,-15.4526674747467,5.33027946949005));
#15413=CARTESIAN_POINT('',(7.1161162853241,-15.4526674747467,5.33027946949005));
#15414=CARTESIAN_POINT('',(8.614098301191,-15.4526674747467,10.5299313907435));
#15415=CARTESIAN_POINT('',(7.1161162853241,-15.4526674747467,5.33027946949005));
#15416=CARTESIAN_POINT('Origin',(7.15903103351593,-15.4526674747467,5.43388366699219));
#15417=CARTESIAN_POINT('',(7.15903103351593,-15.4526674747467,5.43388366699219));
#15418=CARTESIAN_POINT('',(9.63874843421685,-15.4526674747467,11.4203834638287));
#15419=CARTESIAN_POINT('',(7.15903103351593,-15.4526674747467,5.43388366699219));
#15420=CARTESIAN_POINT('Origin',(7.21327543258667,-15.4526674747467,5.53203225135803));
#15421=CARTESIAN_POINT('',(7.21327543258667,-15.4526674747467,5.53203225135803));
#15422=CARTESIAN_POINT('',(10.8248964900297,-15.4526674747467,12.0668174112348));
#15423=CARTESIAN_POINT('',(7.21327543258667,-15.4526674747467,5.53203225135803));
#15424=CARTESIAN_POINT('Origin',(7.27816820144653,-15.4526674747467,5.62349021434784));
#15425=CARTESIAN_POINT('',(7.27816820144653,-15.4526674747467,5.62349021434784));
#15426=CARTESIAN_POINT('',(12.1152191652109,-15.4526674747467,12.4406878127291));
#15427=CARTESIAN_POINT('',(7.27816820144653,-15.4526674747467,5.62349021434784));
#15428=CARTESIAN_POINT('Origin',(7.3528927564621,-15.4526674747467,5.70710718631744));
#15429=CARTESIAN_POINT('',(7.3528927564621,-15.4526674747467,5.70710718631744));
#15430=CARTESIAN_POINT('',(13.4472297814615,-15.4526674747467,12.5266862134064));
#15431=CARTESIAN_POINT('',(7.3528927564621,-15.4526674747467,5.70710718631744));
#15432=CARTESIAN_POINT('Origin',(7.4365097284317,-15.4526674747467,5.78183174133301));
#15433=CARTESIAN_POINT('',(7.4365097284317,-15.4526674747467,5.78183174133301));
#15434=CARTESIAN_POINT('',(14.7568983895477,-15.4526674747467,12.3237187812238));
#15435=CARTESIAN_POINT('',(7.4365097284317,-15.4526674747467,5.78183174133301));
#15436=CARTESIAN_POINT('Origin',(7.52796769142151,-15.4526674747467,5.84672451019287));
#15437=CARTESIAN_POINT('',(7.52796769142151,-15.4526674747467,5.84672451019287));
#15438=CARTESIAN_POINT('',(15.9815671031427,-15.4526674747467,11.8448623948059));
#15439=CARTESIAN_POINT('',(7.52796769142151,-15.4526674747467,5.84672451019287));
#15440=CARTESIAN_POINT('Origin',(7.62611627578735,-15.4526674747467,5.90096890926361));
#15441=CARTESIAN_POINT('',(7.62611627578735,-15.4526674747467,5.90096890926361));
#15442=CARTESIAN_POINT('',(17.0632306738458,-15.4526674747467,11.1166386287206));
#15443=CARTESIAN_POINT('',(7.62611627578735,-15.4526674747467,5.90096890926361));
#15444=CARTESIAN_POINT('Origin',(7.72972047328949,-15.4526674747467,5.94388365745544));
#15445=CARTESIAN_POINT('',(7.72972047328949,-15.4526674747467,5.94388365745544));
#15446=CARTESIAN_POINT('',(17.9511843680857,-15.4526674747467,10.1778004269768));
#15447=CARTESIAN_POINT('',(7.72972047328949,-15.4526674747467,5.94388365745544));
#15448=CARTESIAN_POINT('Origin',(7.83747851848602,-15.4526674747467,5.97492814064026));
#15449=CARTESIAN_POINT('',(7.83747851848602,-15.4526674747467,5.97492814064026));
#15450=CARTESIAN_POINT('',(18.604892844149,-15.4526674747467,9.07695929170024));
#15451=CARTESIAN_POINT('',(7.83747851848602,-15.4526674747467,5.97492814064026));
#15452=CARTESIAN_POINT('Origin',(7.94803500175476,-15.4526674747467,5.99371254444122));
#15453=CARTESIAN_POINT('',(7.94803500175476,-15.4526674747467,5.99371254444122));
#15454=CARTESIAN_POINT('',(18.9954735657863,-15.4526674747467,7.87075802216939));
#15455=CARTESIAN_POINT('',(7.94803500175476,-15.4526674747467,5.99371254444122));
#15456=CARTESIAN_POINT('Origin',(8.05999994277954,-15.4526674747467,6.00000023841858));
#15457=CARTESIAN_POINT('',(8.05999994277954,-15.4526674747467,6.00000023841858));
#15458=CARTESIAN_POINT('',(19.1075059827267,-15.4526674747467,6.62040280869105));
#15459=CARTESIAN_POINT('',(8.05999994277954,-15.4526674747467,6.00000023841858));
#15460=CARTESIAN_POINT('Origin',(12.059999704361,-15.4526674747467,6.00000023841858));
#15461=CARTESIAN_POINT('',(12.059999704361,-15.4526674747467,6.00000023841858));
#15462=CARTESIAN_POINT('',(21.0300308465958,-15.4526674747467,6.00000023841858));
#15463=CARTESIAN_POINT('',(12.059999704361,-15.4526674747467,6.00000023841858));
#15464=CARTESIAN_POINT('Origin',(12.1719646453857,-15.4526674747467,5.99371254444122));
#15465=CARTESIAN_POINT('',(12.1719646453857,-15.4526674747467,5.99371254444122));
#15466=CARTESIAN_POINT('',(20.9458512671345,-15.4526674747467,5.50099121967078));
#15467=CARTESIAN_POINT('',(12.1719646453857,-15.4526674747467,5.99371254444122));
#15468=CARTESIAN_POINT('Origin',(12.282520532608,-15.4526674747467,5.97492814064026));
#15469=CARTESIAN_POINT('',(12.282520532608,-15.4526674747467,5.97492814064026));
#15470=CARTESIAN_POINT('',(20.56037105214,-15.4526674747467,4.56844956523645));
#15471=CARTESIAN_POINT('',(12.282520532608,-15.4526674747467,5.97492814064026));
#15472=CARTESIAN_POINT('Origin',(12.3902785778046,-15.4526674747467,5.94388365745544));
#15473=CARTESIAN_POINT('',(12.3902785778046,-15.4526674747467,5.94388365745544));
#15474=CARTESIAN_POINT('',(19.9808899748129,-15.4526674747467,3.75707145752081));
#15475=CARTESIAN_POINT('',(12.3902785778046,-15.4526674747467,5.94388365745544));
#15476=CARTESIAN_POINT('Origin',(12.4938833713531,-15.4526674747467,5.90096890926361));
#15477=CARTESIAN_POINT('',(12.4938833713531,-15.4526674747467,5.90096890926361));
#15478=CARTESIAN_POINT('',(19.2404843078911,-15.4526674747467,3.10641983073525));
#15479=CARTESIAN_POINT('',(12.4938833713531,-15.4526674747467,5.90096890926361));
#15480=CARTESIAN_POINT('Origin',(12.592031955719,-15.4526674747467,5.84672451019287));
#15481=CARTESIAN_POINT('',(12.592031955719,-15.4526674747467,5.84672451019287));
#15482=CARTESIAN_POINT('',(18.3803042001283,-15.4526674747467,2.64768346864843));
#15483=CARTESIAN_POINT('',(12.592031955719,-15.4526674747467,5.84672451019287));
#15484=CARTESIAN_POINT('Origin',(12.6834893226624,-15.4526674747467,5.78183174133301));
#15485=CARTESIAN_POINT('',(12.6834893226624,-15.4526674747467,5.78183174133301));
#15486=CARTESIAN_POINT('',(17.4470733943213,-15.4526674747467,2.40187263647341));
#15487=CARTESIAN_POINT('',(12.6834893226624,-15.4526674747467,5.78183174133301));
#15488=CARTESIAN_POINT('Origin',(12.767106294632,-15.4526674747467,5.70710718631744));
#15489=CARTESIAN_POINT('',(12.767106294632,-15.4526674747467,5.70710718631744));
#15490=CARTESIAN_POINT('',(16.4912481070842,-15.4526674747467,2.3790168095036));
#15491=CARTESIAN_POINT('',(12.767106294632,-15.4526674747467,5.70710718631744));
#15492=CARTESIAN_POINT('Origin',(12.8418302536011,-15.4526674747467,5.62349021434784));
#15493=CARTESIAN_POINT('',(12.8418302536011,-15.4526674747467,5.62349021434784));
#15494=CARTESIAN_POINT('',(15.5638217710569,-15.4526674747467,2.57755031024461));
#15495=CARTESIAN_POINT('',(12.8418302536011,-15.4526674747467,5.62349021434784));
#15496=CARTESIAN_POINT('Origin',(12.9067230224609,-15.4526674747467,5.53203225135803));
#15497=CARTESIAN_POINT('',(12.9067230224609,-15.4526674747467,5.53203225135803));
#15498=CARTESIAN_POINT('',(14.7143484938028,-15.4526674747467,2.98441798921377));
#15499=CARTESIAN_POINT('',(12.9067230224609,-15.4526674747467,5.53203225135803));
#15500=CARTESIAN_POINT('Origin',(12.9609680175781,-15.4526674747467,5.43388366699219));
#15501=CARTESIAN_POINT('',(12.9609680175781,-15.4526674747467,5.43388366699219));
#15502=CARTESIAN_POINT('',(13.9878539681092,-15.4526674747467,3.57587995380057));
#15503=CARTESIAN_POINT('',(12.9609680175781,-15.4526674747467,5.43388366699219));
#15504=CARTESIAN_POINT('Origin',(13.0038833618164,-15.4526674747467,5.33027946949005));
#15505=CARTESIAN_POINT('',(13.0038833618164,-15.4526674747467,5.33027946949005));
#15506=CARTESIAN_POINT('',(13.4229407604563,-15.4526674747467,4.31861088651531));
#15507=CARTESIAN_POINT('',(13.0038833618164,-15.4526674747467,5.33027946949005));
#15508=CARTESIAN_POINT('Origin',(13.0349278450012,-15.4526674747467,5.22252082824707));
#15509=CARTESIAN_POINT('',(13.0349278450012,-15.4526674747467,5.22252082824707));
#15510=CARTESIAN_POINT('',(13.0495656729089,-15.4526674747467,5.1717113998314));
#15511=CARTESIAN_POINT('',(13.0349278450012,-15.4526674747467,5.22252082824707));
#15512=CARTESIAN_POINT('Origin',(13.0537128448486,-15.4526674747467,5.11196434497833));
#15513=CARTESIAN_POINT('',(13.0537128448486,-15.4526674747467,5.11196434497833));
#15514=CARTESIAN_POINT('',(12.8878550729123,-15.4526674747467,6.08809701130882));
#15515=CARTESIAN_POINT('',(13.0537128448486,-15.4526674747467,5.11196434497833));
#15516=CARTESIAN_POINT('Origin',(13.0599999427795,-15.4526674747467,5.));
#15517=CARTESIAN_POINT('',(13.0599999427795,-15.4526674747467,5.));
#15518=CARTESIAN_POINT('',(12.9466826013964,-15.4526674747467,7.01802199394297));
#15519=CARTESIAN_POINT('',(13.0599999427795,-15.4526674747467,5.));
#15520=CARTESIAN_POINT('Origin',(13.0599999427795,-15.4526674747467,3.00000011920929));
#15521=CARTESIAN_POINT('',(13.0599999427795,-15.4526674747467,3.00000011920929));
#15522=CARTESIAN_POINT('',(13.0599999427795,-15.4526674747467,6.50000005960464));
#15523=CARTESIAN_POINT('',(13.0599999427795,-15.4526674747467,3.00000011920929));
#15524=CARTESIAN_POINT('Origin',(13.0537128448486,-15.4526674747467,2.88803547620773));
#15525=CARTESIAN_POINT('',(13.0537128448486,-15.4526674747467,2.88803547620773));
#15526=CARTESIAN_POINT('',(13.2793954652363,-15.4526674747467,6.90713527408696));
#15527=CARTESIAN_POINT('',(13.0537128448486,-15.4526674747467,2.88803547620773));
#15528=CARTESIAN_POINT('Origin',(13.0349278450012,-15.4526674747467,2.777478992939));
#15529=CARTESIAN_POINT('',(13.0349278450012,-15.4526674747467,2.777478992939));
#15530=CARTESIAN_POINT('',(13.869334516525,-15.4526674747467,7.68826248875838));
#15531=CARTESIAN_POINT('',(13.0349278450012,-15.4526674747467,2.777478992939));
#15532=CARTESIAN_POINT('Origin',(13.0038833618164,-15.4526674747467,2.66972094774246));
#15533=CARTESIAN_POINT('',(13.0038833618164,-15.4526674747467,2.66972094774246));
#15534=CARTESIAN_POINT('',(14.6301400912999,-15.4526674747467,8.31459656424385));
#15535=CARTESIAN_POINT('',(13.0038833618164,-15.4526674747467,2.66972094774246));
#15536=CARTESIAN_POINT('Origin',(12.9609680175781,-15.4526674747467,2.5661164522171));
#15537=CARTESIAN_POINT('',(12.9609680175781,-15.4526674747467,2.5661164522171));
#15538=CARTESIAN_POINT('',(15.5228323780763,-15.4526674747467,8.75086620512829));
#15539=CARTESIAN_POINT('',(12.9609680175781,-15.4526674747467,2.5661164522171));
#15540=CARTESIAN_POINT('Origin',(12.9067230224609,-15.4526674747467,2.46796801686287));
#15541=CARTESIAN_POINT('',(12.9067230224609,-15.4526674747467,2.46796801686287));
#15542=CARTESIAN_POINT('',(16.5009146831308,-15.4526674747467,8.97113549057898));
#15543=CARTESIAN_POINT('',(12.9067230224609,-15.4526674747467,2.46796801686287));
#15544=CARTESIAN_POINT('Origin',(12.8418302536011,-15.4526674747467,2.37651020288467));
#15545=CARTESIAN_POINT('',(12.8418302536011,-15.4526674747467,2.37651020288467));
#15546=CARTESIAN_POINT('',(17.5135575171565,-15.4526674747467,8.9606947050101));
#15547=CARTESIAN_POINT('',(12.8418302536011,-15.4526674747467,2.37651020288467));
#15548=CARTESIAN_POINT('Origin',(12.767106294632,-15.4526674747467,2.29289323091507));
#15549=CARTESIAN_POINT('',(12.767106294632,-15.4526674747467,2.29289323091507));
#15550=CARTESIAN_POINT('',(18.5075930310431,-15.4526674747467,8.71656410104076));
#15551=CARTESIAN_POINT('',(12.767106294632,-15.4526674747467,2.29289323091507));
#15552=CARTESIAN_POINT('Origin',(12.6834893226624,-15.4526674747467,2.21816852688789));
#15553=CARTESIAN_POINT('',(12.6834893226624,-15.4526674747467,2.21816852688789));
#15554=CARTESIAN_POINT('',(19.4305674671033,-15.4526674747467,8.24772694685609));
#15555=CARTESIAN_POINT('',(12.6834893226624,-15.4526674747467,2.21816852688789));
#15556=CARTESIAN_POINT('Origin',(12.592031955719,-15.4526674747467,2.15327590703964));
#15557=CARTESIAN_POINT('',(12.592031955719,-15.4526674747467,2.15327590703964));
#15558=CARTESIAN_POINT('',(20.2330065181635,-15.4526674747467,7.57484963174519));
#15559=CARTESIAN_POINT('',(12.592031955719,-15.4526674747467,2.15327590703964));
#15560=CARTESIAN_POINT('Origin',(12.4938833713531,-15.4526674747467,2.09903120994568));
#15561=CARTESIAN_POINT('',(12.4938833713531,-15.4526674747467,2.09903120994568));
#15562=CARTESIAN_POINT('',(20.871380012743,-15.4526674747467,6.72910071786648));
#15563=CARTESIAN_POINT('',(12.4938833713531,-15.4526674747467,2.09903120994568));
#15564=CARTESIAN_POINT('Origin',(12.3902785778046,-15.4526674747467,2.05611675977707));
#15565=CARTESIAN_POINT('',(12.3902785778046,-15.4526674747467,2.05611675977707));
#15566=CARTESIAN_POINT('',(21.3100188757093,-15.4526674747467,5.75078895997665));
#15567=CARTESIAN_POINT('',(12.3902785778046,-15.4526674747467,2.05611675977707));
#15568=CARTESIAN_POINT('Origin',(12.282520532608,-15.4526674747467,2.02507212758064));
#15569=CARTESIAN_POINT('',(12.282520532608,-15.4526674747467,2.02507212758064));
#15570=CARTESIAN_POINT('',(21.5231021813805,-15.4526674747467,4.68724420061688));
#15571=CARTESIAN_POINT('',(12.282520532608,-15.4526674747467,2.02507212758064));
#15572=CARTESIAN_POINT('Origin',(12.1719646453857,-15.4526674747467,2.00628787279129));
#15573=CARTESIAN_POINT('',(12.1719646453857,-15.4526674747467,2.00628787279129));
#15574=CARTESIAN_POINT('',(21.4959392838956,-15.4526674747467,3.59049943908333));
#15575=CARTESIAN_POINT('',(12.1719646453857,-15.4526674747467,2.00628787279129));
#15576=CARTESIAN_POINT('Origin',(12.059999704361,-15.4526674747467,2.00000002980232));
#15577=CARTESIAN_POINT('',(12.059999704361,-15.4526674747467,2.00000002980232));
#15578=CARTESIAN_POINT('',(21.2257596695022,-15.4526674747467,2.51474026016265));
#15579=CARTESIAN_POINT('',(12.059999704361,-15.4526674747467,2.00000002980232));
#15580=CARTESIAN_POINT('Origin',(8.05999994277954,-15.4526674747467,2.00000002980232));
#15581=CARTESIAN_POINT('',(8.05999994277954,-15.4526674747467,2.00000002980232));
#15582=CARTESIAN_POINT('',(19.0300309658051,-15.4526674747467,2.00000002980232));
#15583=CARTESIAN_POINT('',(8.05999994277954,-15.4526674747467,2.00000002980232));
#15584=CARTESIAN_POINT('Origin',(7.94803500175476,-15.4526674747467,2.00628787279129));
#15585=CARTESIAN_POINT('',(7.94803500175476,-15.4526674747467,2.00628787279129));
#15586=CARTESIAN_POINT('',(18.7156296774094,-15.4526674747467,1.40159015161464));
#15587=CARTESIAN_POINT('',(7.94803500175476,-15.4526674747467,2.00628787279129));
#15588=CARTESIAN_POINT('Origin',(7.83747851848602,-15.4526674747467,2.02507212758064));
#15589=CARTESIAN_POINT('',(7.83747851848602,-15.4526674747467,2.02507212758064));
#15590=CARTESIAN_POINT('',(17.9493628184931,-15.4526674747467,0.30699820305038));
#15591=CARTESIAN_POINT('',(7.83747851848602,-15.4526674747467,2.02507212758064));
#15592=CARTESIAN_POINT('Origin',(7.72972047328949,-15.4526674747467,2.05611675977707));
#15593=CARTESIAN_POINT('',(7.72972047328949,-15.4526674747467,2.05611675977707));
#15594=CARTESIAN_POINT('',(16.9549090465187,-15.4526674747467,-0.601620633994729));
#15595=CARTESIAN_POINT('',(7.72972047328949,-15.4526674747467,2.05611675977707));
#15596=CARTESIAN_POINT('Origin',(7.62611627578735,-15.4526674747467,2.09903120994568));
#15597=CARTESIAN_POINT('',(7.62611627578735,-15.4526674747467,2.09903120994568));
#15598=CARTESIAN_POINT('',(15.7780712941242,-15.4526674747467,-1.27763378863172));
#15599=CARTESIAN_POINT('',(7.62611627578735,-15.4526674747467,2.09903120994568));
#15600=CARTESIAN_POINT('Origin',(7.52796769142151,-15.4526674747467,2.15327590703964));
#15601=CARTESIAN_POINT('',(7.52796769142151,-15.4526674747467,2.15327590703964));
#15602=CARTESIAN_POINT('',(14.4739670058364,-15.4526674747467,-1.68563456996601));
#15603=CARTESIAN_POINT('',(7.52796769142151,-15.4526674747467,2.15327590703964));
#15604=CARTESIAN_POINT('Origin',(7.4365097284317,-15.4526674747467,2.21816852688789));
#15605=CARTESIAN_POINT('',(7.4365097284317,-15.4526674747467,2.21816852688789));
#15606=CARTESIAN_POINT('',(13.1042028060144,-15.4526674747467,-1.80325771394288));
#15607=CARTESIAN_POINT('',(7.4365097284317,-15.4526674747467,2.21816852688789));
#15608=CARTESIAN_POINT('Origin',(7.3528927564621,-15.4526674747467,2.29289323091507));
#15609=CARTESIAN_POINT('',(7.3528927564621,-15.4526674747467,2.29289323091507));
#15610=CARTESIAN_POINT('',(11.7339424251304,-15.4526674747467,-1.62225260740347));
#15611=CARTESIAN_POINT('',(7.3528927564621,-15.4526674747467,2.29289323091507));
#15612=CARTESIAN_POINT('Origin',(7.27816820144653,-15.4526674747467,2.37651020288467));
#15613=CARTESIAN_POINT('',(7.27816820144653,-15.4526674747467,2.37651020288467));
#15614=CARTESIAN_POINT('',(10.4287316019023,-15.4526674747467,-1.14897845997186));
#15615=CARTESIAN_POINT('',(7.27816820144653,-15.4526674747467,2.37651020288467));
#15616=CARTESIAN_POINT('Origin',(7.21327543258667,-15.4526674747467,2.46796801686287));
#15617=CARTESIAN_POINT('',(7.21327543258667,-15.4526674747467,2.46796801686287));
#15618=CARTESIAN_POINT('',(9.25113184510605,-15.4526674747467,-0.404122294046119));
#15619=CARTESIAN_POINT('',(7.21327543258667,-15.4526674747467,2.46796801686287));
#15620=CARTESIAN_POINT('Origin',(7.15903103351593,-15.4526674747467,2.5661164522171));
#15621=CARTESIAN_POINT('',(7.15903103351593,-15.4526674747467,2.5661164522171));
#15622=CARTESIAN_POINT('',(8.25761677999133,-15.4526674747467,0.578363357590519));
#15623=CARTESIAN_POINT('',(7.15903103351593,-15.4526674747467,2.5661164522171));
#15624=CARTESIAN_POINT('Origin',(7.1161162853241,-15.4526674747467,2.66972094774246));
#15625=CARTESIAN_POINT('',(7.1161162853241,-15.4526674747467,2.66972094774246));
#15626=CARTESIAN_POINT('',(7.49594826388603,-15.4526674747467,1.75273314794462));
#15627=CARTESIAN_POINT('',(7.1161162853241,-15.4526674747467,2.66972094774246));
#15628=CARTESIAN_POINT('Origin',(7.08507180213928,-15.4526674747467,2.777478992939));
#15629=CARTESIAN_POINT('',(7.08507180213928,-15.4526674747467,2.777478992939));
#15630=CARTESIAN_POINT('',(7.00249500942237,-15.4526674747467,3.06411007353389));
#15631=CARTESIAN_POINT('',(7.08507180213928,-15.4526674747467,2.777478992939));
#15632=CARTESIAN_POINT('Origin',(7.06628739833832,-15.4526674747467,2.88803547620773));
#15633=CARTESIAN_POINT('',(7.06628739833832,-15.4526674747467,2.88803547620773));
#15634=CARTESIAN_POINT('',(6.80079630429909,-15.4526674747467,4.45059567280231));
#15635=CARTESIAN_POINT('',(7.06628739833832,-15.4526674747467,2.88803547620773));
#15636=CARTESIAN_POINT('Origin',(7.05999970436096,-15.4526674747467,3.00000011920929));
#15637=CARTESIAN_POINT('',(7.05999970436096,-15.4526674747467,3.00000011920929));
#15638=CARTESIAN_POINT('',(6.90012450933499,-15.4526674747467,5.84688948760923));
#15639=CARTESIAN_POINT('',(7.05999970436096,-15.4526674747467,3.00000011920929));
#15640=CARTESIAN_POINT('Origin',(7.05999970436096,-15.4526674747467,5.));
#15641=CARTESIAN_POINT('',(7.05999970436096,-15.4526674747467,5.));
#15642=CARTESIAN_POINT('',(7.05999970436096,-15.4526674747467,7.5));
#15643=CARTESIAN_POINT('',(7.05999970436096,-15.4526674747467,5.));
#15644=CARTESIAN_POINT('Origin',(7.06628739833832,-15.4526674747467,5.11196434497833));
#15645=CARTESIAN_POINT('',(7.23915674236046,-15.4526674747467,8.19023166205483));
#15646=CARTESIAN_POINT('Origin',(14.5850718021393,-15.4526674747467,5.22252082824707));
#15647=CARTESIAN_POINT('',(14.5850718021393,-15.4526674747467,5.22252082824707));
#15648=CARTESIAN_POINT('',(14.5662879943848,-15.4526674747467,5.11196434497833));
#15649=CARTESIAN_POINT('',(15.1957857561828,-15.4526674747467,8.81702029952525));
#15650=CARTESIAN_POINT('',(14.5850718021393,-15.4526674747467,5.22252082824707));
#15651=CARTESIAN_POINT('',(14.5662879943848,-15.4526674747467,5.11196434497833));
#15652=CARTESIAN_POINT('Origin',(14.6161162853241,-15.4526674747467,5.33027946949005));
#15653=CARTESIAN_POINT('',(14.6161162853241,-15.4526674747467,5.33027946949005));
#15654=CARTESIAN_POINT('',(15.8267103897275,-15.4526674747467,9.53237795541646));
#15655=CARTESIAN_POINT('',(14.6161162853241,-15.4526674747467,5.33027946949005));
#15656=CARTESIAN_POINT('Origin',(14.6590304374695,-15.4526674747467,5.43388366699219));
#15657=CARTESIAN_POINT('',(14.6590304374695,-15.4526674747467,5.43388366699219));
#15658=CARTESIAN_POINT('',(16.5895279509873,-15.4526674747467,10.0945290641164));
#15659=CARTESIAN_POINT('',(14.6590304374695,-15.4526674747467,5.43388366699219));
#15660=CARTESIAN_POINT('Origin',(14.7132754325867,-15.4526674747467,5.53203225135803));
#15661=CARTESIAN_POINT('',(14.7132754325867,-15.4526674747467,5.53203225135803));
#15662=CARTESIAN_POINT('',(17.4475023329038,-15.4526674747467,10.4792259790262));
#15663=CARTESIAN_POINT('',(14.7132754325867,-15.4526674747467,5.53203225135803));
#15664=CARTESIAN_POINT('Origin',(14.7781682014465,-15.4526674747467,5.62349021434784));
#15665=CARTESIAN_POINT('',(14.7781682014465,-15.4526674747467,5.62349021434784));
#15666=CARTESIAN_POINT('',(18.3594954058128,-15.4526674747467,10.6709076179518));
#15667=CARTESIAN_POINT('',(14.7781682014465,-15.4526674747467,5.62349021434784));
#15668=CARTESIAN_POINT('Origin',(14.8528933525085,-15.4526674747467,5.70710718631744));
#15669=CARTESIAN_POINT('',(14.8528933525085,-15.4526674747467,5.70710718631744));
#15670=CARTESIAN_POINT('',(19.2821978783883,-15.4526674747467,10.6634709690816));
#15671=CARTESIAN_POINT('',(14.8528933525085,-15.4526674747467,5.70710718631744));
#15672=CARTESIAN_POINT('Origin',(14.9365103244781,-15.4526674747467,5.78183174133301));
#15673=CARTESIAN_POINT('',(14.9365103244781,-15.4526674747467,5.78183174133301));
#15674=CARTESIAN_POINT('',(20.1719619660205,-15.4526674747467,10.4605086295844));
#15675=CARTESIAN_POINT('',(14.9365103244781,-15.4526674747467,5.78183174133301));
#15676=CARTESIAN_POINT('Origin',(15.0279676914215,-15.4526674747467,5.84672451019287));
#15677=CARTESIAN_POINT('',(15.0279676914215,-15.4526674747467,5.84672451019287));
#15678=CARTESIAN_POINT('',(20.9872712390883,-15.4526674747467,10.0750958334566));
#15679=CARTESIAN_POINT('',(15.0279676914215,-15.4526674747467,5.84672451019287));
#15680=CARTESIAN_POINT('Origin',(15.1261162757874,-15.4526674747467,5.90096890926361));
#15681=CARTESIAN_POINT('',(15.1261162757874,-15.4526674747467,5.90096890926361));
#15682=CARTESIAN_POINT('',(21.690660466681,-15.4526674747467,9.52903707865292));
#15683=CARTESIAN_POINT('',(15.1261162757874,-15.4526674747467,5.90096890926361));
#15684=CARTESIAN_POINT('Origin',(15.2297210693359,-15.4526674747467,5.94388365745544));
#15685=CARTESIAN_POINT('',(15.2297210693359,-15.4526674747467,5.94388365745544));
#15686=CARTESIAN_POINT('',(22.250377783798,-15.4526674747467,8.85195098448659));
#15687=CARTESIAN_POINT('',(15.2297210693359,-15.4526674747467,5.94388365745544));
#15688=CARTESIAN_POINT('Origin',(15.3374791145325,-15.4526674747467,5.97492814064026));
#15689=CARTESIAN_POINT('',(15.3374791145325,-15.4526674747467,5.97492814064026));
#15690=CARTESIAN_POINT('',(22.6422840121121,-15.4526674747467,8.07940110502694));
#15691=CARTESIAN_POINT('',(15.3374791145325,-15.4526674747467,5.97492814064026));
#15692=CARTESIAN_POINT('Origin',(15.4480350017548,-15.4526674747467,5.99371254444122));
#15693=CARTESIAN_POINT('',(15.4480350017548,-15.4526674747467,5.99371254444122));
#15694=CARTESIAN_POINT('',(22.850692973391,-15.4526674747467,7.25148831770286));
#15695=CARTESIAN_POINT('',(15.4480350017548,-15.4526674747467,5.99371254444122));
#15696=CARTESIAN_POINT('Origin',(15.5599999427795,-15.4526674747467,6.00000023841858));
#15697=CARTESIAN_POINT('',(15.5599999427795,-15.4526674747467,6.00000023841858));
#15698=CARTESIAN_POINT('',(22.8692951322287,-15.4526674747467,6.41047347156434));
#15699=CARTESIAN_POINT('',(15.5599999427795,-15.4526674747467,6.00000023841858));
#15700=CARTESIAN_POINT('Origin',(19.559999704361,-15.4526674747467,6.00000023841858));
#15701=CARTESIAN_POINT('',(19.559999704361,-15.4526674747467,6.00000023841858));
#15702=CARTESIAN_POINT('',(24.7800308465958,-15.4526674747467,6.00000023841858));
#15703=CARTESIAN_POINT('',(19.559999704361,-15.4526674747467,6.00000023841858));
#15704=CARTESIAN_POINT('Origin',(19.6719646453857,-15.4526674747467,5.99371254444122));
#15705=CARTESIAN_POINT('',(19.6719646453857,-15.4526674747467,5.99371254444122));
#15706=CARTESIAN_POINT('',(24.7076404166365,-15.4526674747467,5.71092055679749));
#15707=CARTESIAN_POINT('',(19.6719646453857,-15.4526674747467,5.99371254444122));
#15708=CARTESIAN_POINT('Origin',(19.782520532608,-15.4526674747467,5.97492814064026));
#15709=CARTESIAN_POINT('',(19.782520532608,-15.4526674747467,5.97492814064026));
#15710=CARTESIAN_POINT('',(24.4155920186758,-15.4526674747467,5.18772912465258));
#15711=CARTESIAN_POINT('',(19.782520532608,-15.4526674747467,5.97492814064026));
#15712=CARTESIAN_POINT('Origin',(19.8902785778046,-15.4526674747467,5.94388365745544));
#15713=CARTESIAN_POINT('',(19.8902785778046,-15.4526674747467,5.94388365745544));
#15714=CARTESIAN_POINT('',(24.018280821913,-15.4526674747467,4.75462956491532));
#15715=CARTESIAN_POINT('',(19.8902785778046,-15.4526674747467,5.94388365745544));
#15716=CARTESIAN_POINT('Origin',(19.9938833713531,-15.4526674747467,5.90096890926361));
#15717=CARTESIAN_POINT('',(19.9938833713531,-15.4526674747467,5.90096890926361));
#15718=CARTESIAN_POINT('',(23.5396642832251,-15.4526674747467,4.43225023549841));
#15719=CARTESIAN_POINT('',(19.9938833713531,-15.4526674747467,5.90096890926361));
#15720=CARTESIAN_POINT('Origin',(20.092031955719,-15.4526674747467,5.84672451019287));
#15721=CARTESIAN_POINT('',(20.092031955719,-15.4526674747467,5.84672451019287));
#15722=CARTESIAN_POINT('',(23.0077339929635,-15.4526674747467,4.2352850187161));
#15723=CARTESIAN_POINT('',(20.092031955719,-15.4526674747467,5.84672451019287));
#15724=CARTESIAN_POINT('Origin',(20.1834893226624,-15.4526674747467,5.78183174133301));
#15725=CARTESIAN_POINT('',(20.1834893226624,-15.4526674747467,5.78183174133301));
#15726=CARTESIAN_POINT('',(22.4528080404711,-15.4526674747467,4.171656640673));
#15727=CARTESIAN_POINT('',(20.1834893226624,-15.4526674747467,5.78183174133301));
#15728=CARTESIAN_POINT('Origin',(20.2671051025391,-15.4526674747467,5.70710718631744));
#15729=CARTESIAN_POINT('',(20.2671051025391,-15.4526674747467,5.70710718631744));
#15730=CARTESIAN_POINT('',(21.9062744351229,-15.4526674747467,4.24223776629781));
#15731=CARTESIAN_POINT('',(20.2671051025391,-15.4526674747467,5.70710718631744));
#15732=CARTESIAN_POINT('Origin',(20.3418302536011,-15.4526674747467,5.62349021434784));
#15733=CARTESIAN_POINT('',(20.3418302536011,-15.4526674747467,5.62349021434784));
#15734=CARTESIAN_POINT('',(21.3988094884435,-15.4526674747467,4.44073712792149));
#15735=CARTESIAN_POINT('',(20.3418302536011,-15.4526674747467,5.62349021434784));
#15736=CARTESIAN_POINT('Origin',(20.4067230224609,-15.4526674747467,5.53203225135803));
#15737=CARTESIAN_POINT('',(20.4067230224609,-15.4526674747467,5.53203225135803));
#15738=CARTESIAN_POINT('',(20.9586247344048,-15.4526674747467,4.75419818399104));
#15739=CARTESIAN_POINT('',(20.4067230224609,-15.4526674747467,5.53203225135803));
#15740=CARTESIAN_POINT('Origin',(20.4609680175781,-15.4526674747467,5.43388366699219));
#15741=CARTESIAN_POINT('',(20.4609680175781,-15.4526674747467,5.43388366699219));
#15742=CARTESIAN_POINT('',(20.6104094043687,-15.4526674747467,5.16349078507788));
#15743=CARTESIAN_POINT('',(20.4609680175781,-15.4526674747467,5.43388366699219));
#15744=CARTESIAN_POINT('Origin',(20.5038833618164,-15.4526674747467,5.33027946949005));
#15745=CARTESIAN_POINT('',(20.5038833618164,-15.4526674747467,5.33027946949005));
#15746=CARTESIAN_POINT('',(20.3737423702726,-15.4526674747467,5.64445970572827));
#15747=CARTESIAN_POINT('',(20.5038833618164,-15.4526674747467,5.33027946949005));
#15748=CARTESIAN_POINT('Origin',(20.5349278450012,-15.4526674747467,5.22252082824707));
#15749=CARTESIAN_POINT('',(20.5349278450012,-15.4526674747467,5.22252082824707));
#15750=CARTESIAN_POINT('',(20.2621777614454,-15.4526674747467,6.16926483515842));
#15751=CARTESIAN_POINT('',(20.5349278450012,-15.4526674747467,5.22252082824707));
#15752=CARTESIAN_POINT('Origin',(20.5537128448486,-15.4526674747467,5.11196434497833));
#15753=CARTESIAN_POINT('',(20.5537128448486,-15.4526674747467,5.11196434497833));
#15754=CARTESIAN_POINT('',(20.2826287189231,-15.4526674747467,6.70739196679087));
#15755=CARTESIAN_POINT('',(20.5537128448486,-15.4526674747467,5.11196434497833));
#15756=CARTESIAN_POINT('Origin',(20.5599999427795,-15.4526674747467,5.));
#15757=CARTESIAN_POINT('',(20.5599999427795,-15.4526674747467,5.));
#15758=CARTESIAN_POINT('',(20.434895554783,-15.4526674747467,7.22793266621172));
#15759=CARTESIAN_POINT('',(20.5599999427795,-15.4526674747467,5.));
#15760=CARTESIAN_POINT('Origin',(20.5599999427795,-15.4526674747467,3.00000011920929));
#15761=CARTESIAN_POINT('',(20.5599999427795,-15.4526674747467,3.00000011920929));
#15762=CARTESIAN_POINT('',(20.5599999427795,-15.4526674747467,6.50000005960464));
#15763=CARTESIAN_POINT('',(20.5599999427795,-15.4526674747467,3.00000011920929));
#15764=CARTESIAN_POINT('Origin',(20.5537128448486,-15.4526674747467,2.88803547620773));
#15765=CARTESIAN_POINT('',(20.5537128448486,-15.4526674747467,2.88803547620773));
#15766=CARTESIAN_POINT('',(20.7676084811742,-15.4526674747467,6.69722515703804));
#15767=CARTESIAN_POINT('',(20.5537128448486,-15.4526674747467,2.88803547620773));
#15768=CARTESIAN_POINT('Origin',(20.5349278450012,-15.4526674747467,2.777478992939));
#15769=CARTESIAN_POINT('',(20.5349278450012,-15.4526674747467,2.777478992939));
#15770=CARTESIAN_POINT('',(21.2641081625358,-15.4526674747467,7.06896753327633));
#15771=CARTESIAN_POINT('',(20.5349278450012,-15.4526674747467,2.777478992939));
#15772=CARTESIAN_POINT('Origin',(20.5038833618164,-15.4526674747467,2.66972094774246));
#15773=CARTESIAN_POINT('',(20.5038833618164,-15.4526674747467,2.66972094774246));
#15774=CARTESIAN_POINT('',(21.8427492441998,-15.4526674747467,7.31703845684935));
#15775=CARTESIAN_POINT('',(20.5038833618164,-15.4526674747467,2.66972094774246));
#15776=CARTESIAN_POINT('Origin',(20.4609680175781,-15.4526674747467,2.5661164522171));
#15777=CARTESIAN_POINT('',(20.4609680175781,-15.4526674747467,2.5661164522171));
#15778=CARTESIAN_POINT('',(22.47363668475,-15.4526674747467,7.42502008268224));
#15779=CARTESIAN_POINT('',(20.4609680175781,-15.4526674747467,2.5661164522171));
#15780=CARTESIAN_POINT('Origin',(20.4067230224609,-15.4526674747467,2.46796801686287));
#15781=CARTESIAN_POINT('',(20.4067230224609,-15.4526674747467,2.46796801686287));
#15782=CARTESIAN_POINT('',(23.1234680784816,-15.4526674747467,7.38352337692398));
#15783=CARTESIAN_POINT('',(20.4067230224609,-15.4526674747467,2.46796801686287));
#15784=CARTESIAN_POINT('Origin',(20.3418302536011,-15.4526674747467,2.37651020288467));
#15785=CARTESIAN_POINT('',(20.3418302536011,-15.4526674747467,2.37651020288467));
#15786=CARTESIAN_POINT('',(23.7578310360816,-15.4526674747467,7.19091355787407));
#15787=CARTESIAN_POINT('',(20.3418302536011,-15.4526674747467,2.37651020288467));
#15788=CARTESIAN_POINT('Origin',(20.2671051025391,-15.4526674747467,2.29289323091507));
#15789=CARTESIAN_POINT('',(20.2671051025391,-15.4526674747467,2.29289323091507));
#15790=CARTESIAN_POINT('',(24.3425854773383,-15.4526674747467,6.85333002386935));
#15791=CARTESIAN_POINT('',(20.2671051025391,-15.4526674747467,2.29289323091507));
#15792=CARTESIAN_POINT('Origin',(20.1834893226624,-15.4526674747467,2.21816852688789));
#15793=CARTESIAN_POINT('',(20.1834893226624,-15.4526674747467,2.21816852688789));
#15794=CARTESIAN_POINT('',(24.8456028416651,-15.4526674747467,6.38454780795487));
#15795=CARTESIAN_POINT('',(20.1834893226624,-15.4526674747467,2.21816852688789));
#15796=CARTESIAN_POINT('Origin',(20.092031955719,-15.4526674747467,2.15327590703964));
#15797=CARTESIAN_POINT('',(20.092031955719,-15.4526674747467,2.15327590703964));
#15798=CARTESIAN_POINT('',(25.238737328449,-15.4526674747467,5.80506696975805));
#15799=CARTESIAN_POINT('',(20.092031955719,-15.4526674747467,2.15327590703964));
#15800=CARTESIAN_POINT('Origin',(19.9938833713531,-15.4526674747467,2.09903120994568));
#15801=CARTESIAN_POINT('',(19.9938833713531,-15.4526674747467,2.09903120994568));
#15802=CARTESIAN_POINT('',(25.4988171910295,-15.4526674747467,5.14149452717085));
#15803=CARTESIAN_POINT('',(19.9938833713531,-15.4526674747467,2.09903120994568));
#15804=CARTESIAN_POINT('Origin',(19.8902785778046,-15.4526674747467,2.05611675977707));
#15805=CARTESIAN_POINT('',(19.8902785778046,-15.4526674747467,2.05611675977707));
#15806=CARTESIAN_POINT('',(25.6091923404945,-15.4526674747467,4.42496506574319));
#15807=CARTESIAN_POINT('',(19.8902785778046,-15.4526674747467,2.05611675977707));
#15808=CARTESIAN_POINT('Origin',(19.782520532608,-15.4526674747467,2.02507212758064));
#15809=CARTESIAN_POINT('',(19.782520532608,-15.4526674747467,2.02507212758064));
#15810=CARTESIAN_POINT('',(25.560495575965,-15.4526674747467,3.68968203892412));
#15811=CARTESIAN_POINT('',(19.782520532608,-15.4526674747467,2.02507212758064));
#15812=CARTESIAN_POINT('Origin',(19.6719646453857,-15.4526674747467,2.00628787279129));
#15813=CARTESIAN_POINT('',(19.6719646453857,-15.4526674747467,2.00628787279129));
#15814=CARTESIAN_POINT('',(25.351158627899,-15.4526674747467,2.97122451656487));
#15815=CARTESIAN_POINT('',(19.6719646453857,-15.4526674747467,2.00628787279129));
#15816=CARTESIAN_POINT('Origin',(19.559999704361,-15.4526674747467,2.00000002980232));
#15817=CARTESIAN_POINT('',(19.559999704361,-15.4526674747467,2.00000002980232));
#15818=CARTESIAN_POINT('',(24.9875493760344,-15.4526674747467,2.30480597921781));
#15819=CARTESIAN_POINT('',(19.559999704361,-15.4526674747467,2.00000002980232));
#15820=CARTESIAN_POINT('Origin',(15.5599999427795,-15.4526674747467,2.00000002980232));
#15821=CARTESIAN_POINT('',(15.5599999427795,-15.4526674747467,2.00000002980232));
#15822=CARTESIAN_POINT('',(22.7800309658051,-15.4526674747467,2.00000002980232));
#15823=CARTESIAN_POINT('',(15.5599999427795,-15.4526674747467,2.00000002980232));
#15824=CARTESIAN_POINT('Origin',(15.4480350017548,-15.4526674747467,2.00628787279129));
#15825=CARTESIAN_POINT('',(15.4480350017548,-15.4526674747467,2.00628787279129));
#15826=CARTESIAN_POINT('',(22.4774193839416,-15.4526674747467,1.61152443255948));
#15827=CARTESIAN_POINT('',(15.4480350017548,-15.4526674747467,2.00628787279129));
#15828=CARTESIAN_POINT('Origin',(15.3374791145325,-15.4526674747467,2.02507212758064));
#15829=CARTESIAN_POINT('',(15.3374791145325,-15.4526674747467,2.02507212758064));
#15830=CARTESIAN_POINT('',(21.8045758594533,-15.4526674747467,0.926265035021836));
#15831=CARTESIAN_POINT('',(15.3374791145325,-15.4526674747467,2.02507212758064));
#15832=CARTESIAN_POINT('Origin',(15.2297210693359,-15.4526674747467,2.05611675977707));
#15833=CARTESIAN_POINT('',(15.2297210693359,-15.4526674747467,2.05611675977707));
#15834=CARTESIAN_POINT('',(20.9923027619665,-15.4526674747467,0.39594160697715));
#15835=CARTESIAN_POINT('',(15.2297210693359,-15.4526674747467,2.05611675977707));
#15836=CARTESIAN_POINT('Origin',(15.1261162757874,-15.4526674747467,2.09903120994568));
#15837=CARTESIAN_POINT('',(15.1261162757874,-15.4526674747467,2.09903120994568));
#15838=CARTESIAN_POINT('',(20.0772665307481,-15.4526674747467,0.0482005136403396));
#15839=CARTESIAN_POINT('',(15.1261162757874,-15.4526674747467,2.09903120994568));
#15840=CARTESIAN_POINT('Origin',(15.0279676914215,-15.4526674747467,2.15327590703964));
#15841=CARTESIAN_POINT('',(15.0279676914215,-15.4526674747467,2.15327590703964));
#15842=CARTESIAN_POINT('',(19.1014041841229,-15.4526674747467,-0.0980283792703818));
#15843=CARTESIAN_POINT('',(15.0279676914215,-15.4526674747467,2.15327590703964));
#15844=CARTESIAN_POINT('Origin',(14.9365103244781,-15.4526674747467,2.21816852688789));
#15845=CARTESIAN_POINT('',(14.9365103244781,-15.4526674747467,2.21816852688789));
#15846=CARTESIAN_POINT('',(18.1098973090712,-15.4526674747467,-0.0334750760831148));
#15847=CARTESIAN_POINT('',(14.9365103244781,-15.4526674747467,2.21816852688789));
#15848=CARTESIAN_POINT('Origin',(14.8528933525085,-15.4526674747467,2.29289323091507));
#15849=CARTESIAN_POINT('',(14.8528933525085,-15.4526674747467,2.29289323091507));
#15850=CARTESIAN_POINT('',(17.1490096937488,-15.4526674747467,0.240957960244085));
#15851=CARTESIAN_POINT('',(14.8528933525085,-15.4526674747467,2.29289323091507));
#15852=CARTESIAN_POINT('Origin',(14.7781682014465,-15.4526674747467,2.37651020288467));
#15853=CARTESIAN_POINT('',(14.7781682014465,-15.4526674747467,2.37651020288467));
#15854=CARTESIAN_POINT('',(16.2636967384314,-15.4526674747467,0.714213154678882));
#15855=CARTESIAN_POINT('',(14.7781682014465,-15.4526674747467,2.37651020288467));
#15856=CARTESIAN_POINT('Origin',(14.7132754325867,-15.4526674747467,2.46796801686287));
#15857=CARTESIAN_POINT('',(14.7132754325867,-15.4526674747467,2.46796801686287));
#15858=CARTESIAN_POINT('',(15.4954053640311,-15.4526674747467,1.36565885308991));
#15859=CARTESIAN_POINT('',(14.7132754325867,-15.4526674747467,2.46796801686287));
#15860=CARTESIAN_POINT('Origin',(14.6590304374695,-15.4526674747467,2.5661164522171));
#15861=CARTESIAN_POINT('',(14.6590304374695,-15.4526674747467,2.5661164522171));
#15862=CARTESIAN_POINT('',(14.8802054340825,-15.4526674747467,2.16593243874001));
#15863=CARTESIAN_POINT('',(14.6590304374695,-15.4526674747467,2.5661164522171));
#15864=CARTESIAN_POINT('Origin',(14.6161162853241,-15.4526674747467,2.66972094774246));
#15865=CARTESIAN_POINT('',(14.6161162853241,-15.4526674747467,2.66972094774246));
#15866=CARTESIAN_POINT('',(14.4467516093595,-15.4526674747467,3.07860568473289));
#15867=CARTESIAN_POINT('',(14.6161162853241,-15.4526674747467,2.66972094774246));
#15868=CARTESIAN_POINT('Origin',(14.5850718021393,-15.4526674747467,2.777478992939));
#15869=CARTESIAN_POINT('',(14.5850718021393,-15.4526674747467,2.777478992939));
#15870=CARTESIAN_POINT('',(14.2151041623223,-15.4526674747467,4.0616681809284));
#15871=CARTESIAN_POINT('',(14.5850718021393,-15.4526674747467,2.777478992939));
#15872=CARTESIAN_POINT('Origin',(14.5662879943848,-15.4526674747467,2.88803547620773));
#15873=CARTESIAN_POINT('',(14.5662879943848,-15.4526674747467,2.88803547620773));
#15874=CARTESIAN_POINT('',(14.1955812607548,-15.4526674747467,5.06991645208791));
#15875=CARTESIAN_POINT('',(14.5662879943848,-15.4526674747467,2.88803547620773));
#15876=CARTESIAN_POINT('Origin',(14.559999704361,-15.4526674747467,3.00000011920929));
#15877=CARTESIAN_POINT('',(14.559999704361,-15.4526674747467,3.00000011920929));
#15878=CARTESIAN_POINT('',(14.3883214274762,-15.4526674747467,6.05677658940328));
#15879=CARTESIAN_POINT('',(14.559999704361,-15.4526674747467,3.00000011920929));
#15880=CARTESIAN_POINT('Origin',(14.559999704361,-15.4526674747467,5.));
#15881=CARTESIAN_POINT('',(14.559999704361,-15.4526674747467,5.));
#15882=CARTESIAN_POINT('',(14.559999704361,-15.4526674747467,7.5));
#15883=CARTESIAN_POINT('',(14.559999704361,-15.4526674747467,5.));
#15884=CARTESIAN_POINT('Origin',(14.5662879943848,-15.4526674747467,5.11196434497833));
#15885=CARTESIAN_POINT('',(14.7273855365177,-15.4526674747467,7.9803404399501));
#15886=CARTESIAN_POINT('Origin',(17.5000354967779,0.0346630811691284,1.9));
#15887=CARTESIAN_POINT('',(34.7452156502029,-11.999842346305,1.9));
#15888=CARTESIAN_POINT('',(31.2452156502029,-11.999842346305,1.9));
#15889=CARTESIAN_POINT('',(26.1226255734904,-11.999842346305,1.9));
#15890=CARTESIAN_POINT('',(31.2403559684753,-15.2959823608398,1.9));
#15891=CARTESIAN_POINT('',(31.2540722606843,-5.99273533043806,1.9));
#15892=CARTESIAN_POINT('',(31.541223526001,-15.2085709571838,1.9));
#15893=CARTESIAN_POINT('',(27.1090586022035,-16.4962530203822,1.9));
#15894=CARTESIAN_POINT('',(31.8360114097595,-15.1024401187897,1.9));
#15895=CARTESIAN_POINT('',(27.9027117075542,-16.5185240830563,1.9));
#15896=CARTESIAN_POINT('',(32.1235537528992,-14.9780106544495,1.9));
#15897=CARTESIAN_POINT('',(28.7009570809664,-16.4590859837075,1.9));
#15898=CARTESIAN_POINT('',(32.4027180671692,-14.8357713222504,1.9));
#15899=CARTESIAN_POINT('',(29.494702839523,-16.3174583533697,1.9));
#15900=CARTESIAN_POINT('',(32.6723980903625,-14.6762824058533,1.9));
#15901=CARTESIAN_POINT('',(30.2748137024715,-16.0942151524741,1.9));
#15902=CARTESIAN_POINT('',(32.9315304756165,-14.5001745223999,1.9));
#15903=CARTESIAN_POINT('',(31.0320603454051,-15.7910655238726,1.9));
#15904=CARTESIAN_POINT('',(33.1790924072266,-14.308146238327,1.9));
#15905=CARTESIAN_POINT('',(31.7575630906886,-15.410794911484,1.9));
#15906=CARTESIAN_POINT('',(33.4141135215759,-14.1009497642517,1.9));
#15907=CARTESIAN_POINT('',(32.4429378690881,-14.9571459041617,1.9));
#15908=CARTESIAN_POINT('',(33.6356544494629,-13.8794052600861,1.9));
#15909=CARTESIAN_POINT('',(33.0803319139218,-14.4347367600572,1.9));
#15910=CARTESIAN_POINT('',(33.8428497314453,-13.6443889141083,1.9));
#15911=CARTESIAN_POINT('',(33.6620090465071,-13.8495119100165,1.9));
#15912=CARTESIAN_POINT('',(34.0348815917969,-13.3968245983124,1.9));
#15913=CARTESIAN_POINT('',(34.1815398544833,-13.2077551783145,1.9));
#15914=CARTESIAN_POINT('',(34.2109847068787,-13.1376922130585,1.9));
#15915=CARTESIAN_POINT('',(34.633054973801,-12.5166238409201,1.9));
#15916=CARTESIAN_POINT('',(34.3704724311829,-12.8680121898651,1.9));
#15917=CARTESIAN_POINT('',(35.011394098257,-11.7842687807988,1.9));
#15918=CARTESIAN_POINT('',(34.5127153396606,-12.5888514518738,1.9));
#15919=CARTESIAN_POINT('',(35.3126246625111,-11.0189786245901,1.9));
#15920=CARTESIAN_POINT('',(34.6371459960938,-12.3013079166412,1.9));
#15921=CARTESIAN_POINT('',(35.5337953986098,-10.2292643668089,1.9));
#15922=CARTESIAN_POINT('',(34.743275642395,-12.0065200328827,1.9));
#15923=CARTESIAN_POINT('',(35.6728379153009,-9.42454878543463,1.9));
#15924=CARTESIAN_POINT('',(35.7289020214932,-8.61390273748359,1.9));
#15925=CARTESIAN_POINT('Origin',(17.5000354967779,0.0346630811691284,1.9));
#15926=CARTESIAN_POINT('',(31.081012501257,12.5003521519172,1.9));
#15927=CARTESIAN_POINT('',(34.581012501257,12.5003521519172,1.9));
#15928=CARTESIAN_POINT('',(24.2905239990174,12.5003521519172,1.9));
#15929=CARTESIAN_POINT('',(34.5127153396606,12.658177614212,1.9));
#15930=CARTESIAN_POINT('',(35.4715772293602,10.4423780482929,1.9));
#15931=CARTESIAN_POINT('',(34.3704724311829,12.9373395442963,1.9));
#15932=CARTESIAN_POINT('',(35.2415086875135,11.2278682947781,1.9));
#15933=CARTESIAN_POINT('',(34.2109847068787,13.2070195674896,1.9));
#15934=CARTESIAN_POINT('',(34.9316504972641,11.9884357052287,1.9));
#15935=CARTESIAN_POINT('',(34.0348815917969,13.4661507606506,1.9));
#15936=CARTESIAN_POINT('',(34.5449922643884,12.7155360587392,1.9));
#15937=CARTESIAN_POINT('',(33.8428497314453,13.7137150764465,1.9));
#15938=CARTESIAN_POINT('',(34.0855239243075,13.4008634985507,1.9));
#15939=CARTESIAN_POINT('',(33.6356544494629,13.9487338066101,1.9));
#15940=CARTESIAN_POINT('',(33.5584478887695,14.0363081359136,1.9));
#15941=CARTESIAN_POINT('',(33.4141135215759,14.1702771186829,1.9));
#15942=CARTESIAN_POINT('',(32.9695403404702,14.6148550842096,1.9));
#15943=CARTESIAN_POINT('',(33.1790924072266,14.3774724006653,1.9));
#15944=CARTESIAN_POINT('',(32.3254025484983,15.1300878050063,1.9));
#15945=CARTESIAN_POINT('',(32.9315304756165,14.569503068924,1.9));
#15946=CARTESIAN_POINT('',(31.6338385052983,15.5761063646462,1.9));
#15947=CARTESIAN_POINT('',(32.6723980903625,14.7456085681915,1.9));
#15948=CARTESIAN_POINT('',(30.9024327178664,15.9484710946347,1.9));
#15949=CARTESIAN_POINT('',(32.4027180671692,14.9050974845886,1.9));
#15950=CARTESIAN_POINT('',(30.1399736908748,16.2432857730109,1.9));
#15951=CARTESIAN_POINT('',(32.1235537528992,15.0473368167877,1.9));
#15952=CARTESIAN_POINT('',(29.355120682388,16.4579041818075,1.9));
#15953=CARTESIAN_POINT('',(31.8360114097595,15.1717686653137,1.9));
#15954=CARTESIAN_POINT('',(28.5572590191445,16.5906248113984,1.9));
#15955=CARTESIAN_POINT('',(31.541223526001,15.277898311615,1.9));
#15956=CARTESIAN_POINT('',(27.7552809121933,16.6409148148625,1.9));
#15957=CARTESIAN_POINT('',(31.2403559684753,15.3653085231781,1.9));
#15958=CARTESIAN_POINT('',(26.958587725633,16.6092786974604,1.9));
#15959=CARTESIAN_POINT('',(31.0874724388123,15.3994816541672,1.9));
#15960=CARTESIAN_POINT('',(26.1760829871573,16.4972948420209,1.9));
#15961=CARTESIAN_POINT('',(31.0703205910537,7.70197259472207,1.9));
#15962=CARTESIAN_POINT('Origin',(15.813234850087,16.771993637085,5.56486419862527));
#15963=CARTESIAN_POINT('',(15.813234850087,15.521993637085,6.06486419862527));
#15964=CARTESIAN_POINT('Origin',(15.813234850087,15.521993637085,5.56486419862527));
#15965=CARTESIAN_POINT('',(15.813234850087,16.918671131134,6.06486419862527));
#15966=CARTESIAN_POINT('',(15.813234850087,16.771993637085,6.06486419862527));
#15967=CARTESIAN_POINT('Origin',(15.813234850087,16.918671131134,5.56486419862527));
#15968=CARTESIAN_POINT('Origin',(17.0278147657638,21.021993637085,7.09504232021491));
#15969=CARTESIAN_POINT('',(17.0278147657638,15.521993637085,7.59504232021491));
#15970=CARTESIAN_POINT('Origin',(17.0278147657638,15.521993637085,7.09504232021491));
#15971=CARTESIAN_POINT('',(17.0278147657638,16.918671131134,7.59504232021491));
#15972=CARTESIAN_POINT('',(17.0278147657638,21.021993637085,7.59504232021491));
#15973=CARTESIAN_POINT('Origin',(17.0278147657638,16.918671131134,7.09504232021491));
#15974=CARTESIAN_POINT('Origin',(18.3078538791767,16.5219936370867,5.56521701055791));
#15975=CARTESIAN_POINT('',(18.3078538791767,15.521993637085,6.06521701055791));
#15976=CARTESIAN_POINT('Origin',(18.3078538791767,15.521993637085,5.56521701055791));
#15977=CARTESIAN_POINT('',(18.3078538791767,16.918671131134,6.06521701055791));
#15978=CARTESIAN_POINT('',(18.3078538791767,16.5219936370867,6.06521701055791));
#15979=CARTESIAN_POINT('Origin',(18.3078538791767,16.918671131134,5.56521701055791));
#15980=CARTESIAN_POINT('Origin',(19.5802383219696,16.521993637085,7.11655289590805));
#15981=CARTESIAN_POINT('',(19.5802383219696,15.521993637085,7.61655289590805));
#15982=CARTESIAN_POINT('Origin',(19.5802383219696,15.521993637085,7.11655289590805));
#15983=CARTESIAN_POINT('',(19.5802383219696,16.918671131134,7.61655289590805));
#15984=CARTESIAN_POINT('',(19.5802383219696,16.521993637085,7.61655289590805));
#15985=CARTESIAN_POINT('Origin',(19.5802383219696,16.918671131134,7.11655289590805));
#15986=CARTESIAN_POINT('Origin',(20.958178363021,16.521993637085,5.59456238342916));
#15987=CARTESIAN_POINT('',(20.958178363021,15.521993637085,6.09456238342916));
#15988=CARTESIAN_POINT('Origin',(20.958178363021,15.521993637085,5.59456238342916));
#15989=CARTESIAN_POINT('',(20.958178363021,16.918671131134,6.09456238342916));
#15990=CARTESIAN_POINT('',(20.958178363021,16.521993637085,6.09456238342916));
#15991=CARTESIAN_POINT('Origin',(20.958178363021,16.918671131134,5.59456238342916));
#15992=CARTESIAN_POINT('Origin',(17.5000354967779,0.0346630811691284,1.9));
#15993=CARTESIAN_POINT('',(3.92512437426621,12.5066076640198,1.9));
#15994=CARTESIAN_POINT('',(3.91259878873825,15.3994816541672,1.9));
#15995=CARTESIAN_POINT('',(3.95225166702361,6.24136445716137,1.9));
#15996=CARTESIAN_POINT('',(3.75971645116806,15.3653085231781,1.9));
#15997=CARTESIAN_POINT('',(8.671088854729,16.4631264604919,1.9));
#15998=CARTESIAN_POINT('',(3.45884650945663,15.277898311615,1.9));
#15999=CARTESIAN_POINT('',(7.89107062130034,16.5655698055091,1.9));
#16000=CARTESIAN_POINT('',(3.16405892372131,15.1717686653137,1.9));
#16001=CARTESIAN_POINT('',(7.09739242037245,16.58785032202,1.9));
#16002=CARTESIAN_POINT('',(6.29903663855867,16.5284087768045,1.9));
#16003=CARTESIAN_POINT('',(0.425141751766205,12.5144064426422,1.9));
#16004=CARTESIAN_POINT('',(-0.533720657793149,10.2986043486336,1.9));
#16005=CARTESIAN_POINT('',(8.97645005809703,12.4953521307766,1.9));
#16006=CARTESIAN_POINT('Origin',(2.87651687860489,15.0473368167877,10.));
#16007=CARTESIAN_POINT('',(3.16405892372131,15.1717686653137,7.));
#16008=CARTESIAN_POINT('',(3.16405892372131,15.1717686653137,10.));
#16009=CARTESIAN_POINT('',(5.49254381606477,16.1794045374932,7.));
#16010=CARTESIAN_POINT('Origin',(15.5999916791916,0.,7.));
#16011=CARTESIAN_POINT('',(0.0127000256907195,10.5346834659576,7.));
#16012=CARTESIAN_POINT('',(0.0127000256907195,-5.23267865180969,7.));
#16013=CARTESIAN_POINT('',(0.0225413427688181,10.8478391170502,7.));
#16014=CARTESIAN_POINT('',(-0.144980111413138,5.51722232663443,7.));
#16015=CARTESIAN_POINT('',(0.0520264590159059,11.159759759903,7.));
#16016=CARTESIAN_POINT('',(-0.416648571125818,6.20168479537593,7.));
#16017=CARTESIAN_POINT('',(0.101038999855518,11.469212770462,7.));
#16018=CARTESIAN_POINT('',(-0.619869490558802,6.91757560016433,7.));
#16019=CARTESIAN_POINT('',(0.16938554123044,11.7749774456024,7.));
#16020=CARTESIAN_POINT('',(-0.751029298845024,7.65728050134527,7.));
#16021=CARTESIAN_POINT('',(0.25679636746645,12.0758473873138,7.));
#16022=CARTESIAN_POINT('',(-0.80742301938455,8.41278139563095,7.));
#16023=CARTESIAN_POINT('',(0.362926460802555,12.3706352710724,7.));
#16024=CARTESIAN_POINT('',(-0.787297357201981,9.17576344443206,7.));
#16025=CARTESIAN_POINT('',(-0.689881103873383,9.93773855602738,7.));
#16026=CARTESIAN_POINT('',(3.23473933668247,15.1972150802612,7.));
#16027=CARTESIAN_POINT('',(6.2508547271893,16.2830791908541,7.));
#16028=CARTESIAN_POINT('',(1.59266948699951,15.1972150802612,7.));
#16029=CARTESIAN_POINT('',(1.59266948699951,15.1972150802612,7.));
#16030=CARTESIAN_POINT('',(0.45806050300598,15.0642037391663,7.));
#16031=CARTESIAN_POINT('',(0.45806050300598,15.0642037391663,7.));
#16032=CARTESIAN_POINT('',(-0.589787960052491,14.6576523780823,7.));
#16033=CARTESIAN_POINT('',(-0.589787960052491,14.6576523780823,7.));
#16034=CARTESIAN_POINT('',(-1.52014970779419,14.0199565887451,7.));
#16035=CARTESIAN_POINT('',(-1.52014970779419,14.0199565887451,7.));
#16036=CARTESIAN_POINT('',(-2.3302173614502,13.2174015045166,7.));
#16037=CARTESIAN_POINT('',(-2.3302173614502,13.2174015045166,7.));
#16038=CARTESIAN_POINT('',(-2.98404335975647,12.2858762741089,7.));
#16039=CARTESIAN_POINT('',(-2.98404335975647,12.2858762741089,7.));
#16040=CARTESIAN_POINT('',(-3.40456128120422,11.238157749176,7.));
#16041=CARTESIAN_POINT('',(-3.40456128120422,11.238157749176,7.));
#16042=CARTESIAN_POINT('',(-3.54117512702942,10.1109790802002,7.));
#16043=CARTESIAN_POINT('',(-3.54117512702942,10.1109790802002,7.));
#16044=CARTESIAN_POINT('',(-3.54117512702942,-10.1109766960144,7.));
#16045=CARTESIAN_POINT('',(-3.54117512702942,-10.1109766960144,7.));
#16046=CARTESIAN_POINT('',(-3.40456128120422,-11.2381529808044,7.));
#16047=CARTESIAN_POINT('',(-3.40456128120422,-11.2381529808044,7.));
#16048=CARTESIAN_POINT('',(-2.98404335975647,-12.2858595848083,7.));
#16049=CARTESIAN_POINT('',(-2.98404335975647,-12.2858595848083,7.));
#16050=CARTESIAN_POINT('',(-1.52014970779419,-14.0199303627014,7.));
#16051=CARTESIAN_POINT('',(-2.98404335975647,-12.2858595848083,7.));
#16052=CARTESIAN_POINT('',(-0.589787960052491,-14.6576380729675,7.));
#16053=CARTESIAN_POINT('',(-0.589787960052491,-14.6576380729675,7.));
#16054=CARTESIAN_POINT('',(0.45806050300598,-15.0641965866089,7.));
#16055=CARTESIAN_POINT('',(0.45806050300598,-15.0641965866089,7.));
#16056=CARTESIAN_POINT('',(1.59266710281372,-15.1972150802612,7.));
#16057=CARTESIAN_POINT('',(1.59266710281372,-15.1972150802612,7.));
#16058=CARTESIAN_POINT('',(3.42730457883049,-15.1972150802612,7.));
#16059=CARTESIAN_POINT('',(29.6073150634766,-15.1972150802612,7.));
#16060=CARTESIAN_POINT('',(6.40926138867776,-16.2707934519381,7.));
#16061=CARTESIAN_POINT('',(0.16938554123044,-11.7056500911713,7.));
#16062=CARTESIAN_POINT('',(-0.754430740241753,-8.52585460441837,7.));
#16063=CARTESIAN_POINT('',(0.101038999855518,-11.3998866081238,7.));
#16064=CARTESIAN_POINT('',(-0.709478155330241,-7.77385750037626,7.));
#16065=CARTESIAN_POINT('',(0.0520264590159059,-11.0904335975647,7.));
#16066=CARTESIAN_POINT('',(-0.59000747966822,-7.03679075833584,7.));
#16067=CARTESIAN_POINT('',(0.0225413427688181,-10.7785129547119,7.));
#16068=CARTESIAN_POINT('',(-0.398658413243551,-6.32267504775469,7.));
#16069=CARTESIAN_POINT('',(0.0127000256907195,-10.4653573036194,7.));
#16070=CARTESIAN_POINT('',(-0.138971195964865,-5.63910287114556,7.));
#16071=CARTESIAN_POINT('',(0.0127000256907195,-5.23267865180969,7.));
#16072=CARTESIAN_POINT('Origin',(0.425141751766205,12.5144064426422,1.9));
#16073=CARTESIAN_POINT('',(0.425141751766205,12.5144064426422,-3.1));
#16074=CARTESIAN_POINT('',(0.425141751766205,12.5144064426422,1.9));
#16075=CARTESIAN_POINT('',(3.92512437426621,12.5066076640198,-3.1));
#16076=CARTESIAN_POINT('',(0.425141751766205,12.5144064426422,-3.1));
#16077=CARTESIAN_POINT('',(3.92512437426621,12.5066076640198,1.9));
#16078=CARTESIAN_POINT('Origin',(3.92512437426621,12.5066076640198,1.9));
#16079=CARTESIAN_POINT('',(3.91259878873825,15.3994816541672,-3.1));
#16080=CARTESIAN_POINT('',(3.92512437426621,12.5066076640198,-3.1));
#16081=CARTESIAN_POINT('',(3.91259878873825,15.3994816541672,1.9));
#16082=CARTESIAN_POINT('Origin',(31.0874724388123,15.3994816541672,1.9));
#16083=CARTESIAN_POINT('',(31.0874724388123,15.3994816541672,-3.1));
#16084=CARTESIAN_POINT('',(31.0874724388123,15.3994816541672,1.9));
#16085=CARTESIAN_POINT('',(31.081012501257,12.5003521519172,-3.1));
#16086=CARTESIAN_POINT('',(31.081012501257,12.5003521519172,-3.1));
#16087=CARTESIAN_POINT('',(31.081012501257,12.5003521519172,1.9));
#16088=CARTESIAN_POINT('Origin',(31.081012501257,12.5003521519172,1.9));
#16089=CARTESIAN_POINT('',(34.581012501257,12.5003521519172,-3.1));
#16090=CARTESIAN_POINT('',(34.581012501257,12.5003521519172,-3.1));
#16091=CARTESIAN_POINT('',(34.581012501257,12.5003521519172,1.9));
#16092=CARTESIAN_POINT('Origin',(34.7452156502029,-11.999842346305,1.9));
#16093=CARTESIAN_POINT('',(34.7452156502029,-11.999842346305,-3.1));
#16094=CARTESIAN_POINT('',(34.7452156502029,-11.999842346305,1.9));
#16095=CARTESIAN_POINT('',(31.2452156502029,-11.999842346305,-3.1));
#16096=CARTESIAN_POINT('',(34.7452156502029,-11.999842346305,-3.1));
#16097=CARTESIAN_POINT('',(31.2452156502029,-11.999842346305,1.9));
#16098=CARTESIAN_POINT('Origin',(31.2452156502029,-11.999842346305,1.9));
#16099=CARTESIAN_POINT('',(31.2403559684753,-15.2959823608398,-3.1));
#16100=CARTESIAN_POINT('',(31.2452156502029,-11.999842346305,-3.1));
#16101=CARTESIAN_POINT('',(31.2403559684753,-15.2959823608398,1.9));
#16102=CARTESIAN_POINT('Origin',(3.75971645116806,-15.2959823608398,1.9));
#16103=CARTESIAN_POINT('',(3.75971645116806,-15.2959823608398,-3.1));
#16104=CARTESIAN_POINT('',(3.75971645116806,-15.2959823608398,1.9));
#16105=CARTESIAN_POINT('',(3.75679636746645,-12.0065200328827,-3.1));
#16106=CARTESIAN_POINT('',(3.75679636746645,-12.0065200328827,-3.1));
#16107=CARTESIAN_POINT('',(3.75679636746645,-12.0065200328827,1.9));
#16108=CARTESIAN_POINT('Origin',(3.75679636746645,-12.0065200328827,1.9));
#16109=CARTESIAN_POINT('',(0.25679636746645,-12.0065200328827,-3.1));
#16110=CARTESIAN_POINT('',(0.25679636746645,-12.0065200328827,-3.1));
#16111=CARTESIAN_POINT('',(0.25679636746645,-12.0065200328827,1.9));
#16112=CARTESIAN_POINT('Origin',(0.25679636746645,-12.0065200328827,10.));
#16113=CARTESIAN_POINT('',(0.16938554123044,-11.7056500911713,-3.1));
#16114=CARTESIAN_POINT('',(0.16938554123044,-11.7056500911713,2.));
#16115=CARTESIAN_POINT('',(0.16938554123044,-11.7056500911713,-3.1));
#16116=CARTESIAN_POINT('Origin',(0.16938554123044,-11.7056500911713,10.));
#16117=CARTESIAN_POINT('',(0.101038999855518,-11.3998866081238,-3.1));
#16118=CARTESIAN_POINT('',(0.101038999855518,-11.3998866081238,2.));
#16119=CARTESIAN_POINT('',(0.101038999855518,-11.3998866081238,-3.1));
#16120=CARTESIAN_POINT('Origin',(0.101038999855518,-11.3998866081238,10.));
#16121=CARTESIAN_POINT('',(0.0520264590159059,-11.0904335975647,-3.1));
#16122=CARTESIAN_POINT('',(0.0520264590159059,-11.0904335975647,2.));
#16123=CARTESIAN_POINT('',(0.0520264590159059,-11.0904335975647,-3.1));
#16124=CARTESIAN_POINT('Origin',(0.0520264590159059,-11.0904335975647,10.));
#16125=CARTESIAN_POINT('',(0.0225413427688181,-10.7785129547119,-3.1));
#16126=CARTESIAN_POINT('',(0.0225413427688181,-10.7785129547119,2.));
#16127=CARTESIAN_POINT('',(0.0225413427688181,-10.7785129547119,-3.1));
#16128=CARTESIAN_POINT('Origin',(0.0225413427688181,-10.7785129547119,10.));
#16129=CARTESIAN_POINT('',(0.0127000256907195,-10.4653573036194,-3.1));
#16130=CARTESIAN_POINT('',(0.0127000256907195,-10.4653573036194,10.));
#16131=CARTESIAN_POINT('',(0.0127000256907195,-10.4653573036194,-3.1));
#16132=CARTESIAN_POINT('Origin',(0.0127000256907195,-10.4653573036194,10.));
#16133=CARTESIAN_POINT('',(0.0127000256907195,10.5346834659576,-3.1));
#16134=CARTESIAN_POINT('',(0.0127000256907195,10.5346834659576,-3.1));
#16135=CARTESIAN_POINT('',(0.0127000256907195,10.5346834659576,10.));
#16136=CARTESIAN_POINT('Origin',(0.0127000256907195,10.5346834659576,10.));
#16137=CARTESIAN_POINT('',(0.0225413427688181,10.8478391170502,-3.1));
#16138=CARTESIAN_POINT('',(0.0225413427688181,10.8478391170502,10.));
#16139=CARTESIAN_POINT('',(0.0225413427688181,10.8478391170502,-3.1));
#16140=CARTESIAN_POINT('Origin',(0.0225413427688181,10.8478391170502,10.));
#16141=CARTESIAN_POINT('',(0.0520264590159059,11.159759759903,-3.1));
#16142=CARTESIAN_POINT('',(0.0520264590159059,11.159759759903,10.));
#16143=CARTESIAN_POINT('',(0.0520264590159059,11.159759759903,-3.1));
#16144=CARTESIAN_POINT('Origin',(0.0520264590159059,11.159759759903,10.));
#16145=CARTESIAN_POINT('',(0.101038999855518,11.469212770462,-3.1));
#16146=CARTESIAN_POINT('',(0.101038999855518,11.469212770462,10.));
#16147=CARTESIAN_POINT('',(0.101038999855518,11.469212770462,-3.1));
#16148=CARTESIAN_POINT('Origin',(0.101038999855518,11.469212770462,10.));
#16149=CARTESIAN_POINT('',(0.16938554123044,11.7749774456024,-3.1));
#16150=CARTESIAN_POINT('',(0.16938554123044,11.7749774456024,10.));
#16151=CARTESIAN_POINT('',(0.16938554123044,11.7749774456024,-3.1));
#16152=CARTESIAN_POINT('Origin',(0.16938554123044,11.7749774456024,10.));
#16153=CARTESIAN_POINT('',(0.25679636746645,12.0758473873138,-3.1));
#16154=CARTESIAN_POINT('',(0.25679636746645,12.0758473873138,10.));
#16155=CARTESIAN_POINT('',(0.25679636746645,12.0758473873138,-3.1));
#16156=CARTESIAN_POINT('Origin',(0.25679636746645,12.0758473873138,10.));
#16157=CARTESIAN_POINT('',(0.362926460802555,12.3706352710724,-3.1));
#16158=CARTESIAN_POINT('',(0.362926460802555,12.3706352710724,10.));
#16159=CARTESIAN_POINT('',(0.362926460802555,12.3706352710724,-3.1));
#16160=CARTESIAN_POINT('Origin',(0.362926460802555,12.3706352710724,10.));
#16161=CARTESIAN_POINT('',(0.487357042729855,12.658177614212,-3.1));
#16162=CARTESIAN_POINT('Origin',(-5.31017184257507,10.6989073753357,0.));
#16163=CARTESIAN_POINT('',(-5.62067866325378,1.4176475815475E-6,10.));
#16164=CARTESIAN_POINT('',(-5.62067866325378,1.4176475815475E-6,0.));
#16165=CARTESIAN_POINT('',(-5.31017184257507,10.6989073753357,10.));
#16166=CARTESIAN_POINT('',(-5.62067866325378,1.4176475815475E-6,10.));
#16167=CARTESIAN_POINT('',(-5.31017184257507,10.6989073753357,-5.));
#16168=CARTESIAN_POINT('',(-5.31017184257507,10.6989073753357,0.));
#16169=CARTESIAN_POINT('',(-5.62067866325378,1.4176475815475E-6,-5.));
#16170=CARTESIAN_POINT('',(-5.62067866325378,1.4176475815475E-6,-5.));
#16171=CARTESIAN_POINT('',(-5.62067866325378,1.4176475815475E-6,0.));
#16172=CARTESIAN_POINT('Origin',(-5.06188035011292,12.0715713500977,0.));
#16173=CARTESIAN_POINT('',(-5.06188035011292,12.0715713500977,10.));
#16174=CARTESIAN_POINT('',(-5.31017184257507,10.6989073753357,10.));
#16175=CARTESIAN_POINT('',(-5.06188035011292,12.0715713500977,-5.));
#16176=CARTESIAN_POINT('',(-5.06188035011292,12.0715713500977,0.));
#16177=CARTESIAN_POINT('',(-5.31017184257507,10.6989073753357,-5.));
#16178=CARTESIAN_POINT('Origin',(-4.54136967658997,13.3894538879395,0.));
#16179=CARTESIAN_POINT('',(-4.54136967658997,13.3894538879395,10.));
#16180=CARTESIAN_POINT('',(-5.06188035011292,12.0715713500977,10.));
#16181=CARTESIAN_POINT('',(-4.54136967658997,13.3894538879395,-5.));
#16182=CARTESIAN_POINT('',(-4.54136967658997,13.3894538879395,0.));
#16183=CARTESIAN_POINT('',(-5.06188035011292,12.0715713500977,-5.));
#16184=CARTESIAN_POINT('Origin',(-3.70786309242249,14.554340839386,0.));
#16185=CARTESIAN_POINT('',(-3.70786309242249,14.554340839386,10.));
#16186=CARTESIAN_POINT('',(-4.54136967658997,13.3894538879395,10.));
#16187=CARTESIAN_POINT('',(-3.70786309242249,14.554340839386,-5.));
#16188=CARTESIAN_POINT('',(-3.70786309242249,14.554340839386,0.));
#16189=CARTESIAN_POINT('',(-4.54136967658997,13.3894538879395,-5.));
#16190=CARTESIAN_POINT('Origin',(-2.67108082771301,15.5501317977905,0.));
#16191=CARTESIAN_POINT('',(-2.67108082771301,15.5501317977905,10.));
#16192=CARTESIAN_POINT('',(-3.70786309242249,14.554340839386,10.));
#16193=CARTESIAN_POINT('',(-2.67108082771301,15.5501317977905,-5.));
#16194=CARTESIAN_POINT('',(-2.67108082771301,15.5501317977905,0.));
#16195=CARTESIAN_POINT('',(-3.70786309242249,14.554340839386,-5.));
#16196=CARTESIAN_POINT('Origin',(-1.48341059684753,16.3257336616516,0.));
#16197=CARTESIAN_POINT('',(-1.48341059684753,16.3257336616516,10.));
#16198=CARTESIAN_POINT('',(-2.67108082771301,15.5501317977905,10.));
#16199=CARTESIAN_POINT('',(-1.48341059684753,16.3257336616516,-5.));
#16200=CARTESIAN_POINT('',(-1.48341059684753,16.3257336616516,0.));
#16201=CARTESIAN_POINT('',(-2.67108082771301,15.5501317977905,-5.));
#16202=CARTESIAN_POINT('Origin',(-0.14937162399292,16.7915678024292,0.));
#16203=CARTESIAN_POINT('',(-0.14937162399292,16.7915678024292,10.));
#16204=CARTESIAN_POINT('',(-1.48341059684753,16.3257336616516,10.));
#16205=CARTESIAN_POINT('',(-0.14937162399292,16.7915678024292,-5.));
#16206=CARTESIAN_POINT('',(-0.14937162399292,16.7915678024292,0.));
#16207=CARTESIAN_POINT('',(-1.48341059684753,16.3257336616516,-5.));
#16208=CARTESIAN_POINT('Origin',(1.28072381019592,16.918671131134,0.));
#16209=CARTESIAN_POINT('',(1.28072381019592,16.918671131134,10.));
#16210=CARTESIAN_POINT('',(-0.14937162399292,16.7915678024292,10.));
#16211=CARTESIAN_POINT('',(1.28072381019592,16.918671131134,-5.));
#16212=CARTESIAN_POINT('',(1.28072381019592,16.918671131134,0.));
#16213=CARTESIAN_POINT('',(-0.14937162399292,16.7915678024292,-5.));
#16214=CARTESIAN_POINT('Origin',(29.919261932373,16.918671131134,0.));
#16215=CARTESIAN_POINT('',(29.919261932373,16.918671131134,10.));
#16216=CARTESIAN_POINT('',(1.28072381019592,16.918671131134,10.));
#16217=CARTESIAN_POINT('',(29.919261932373,16.918671131134,-5.));
#16218=CARTESIAN_POINT('',(29.919261932373,16.918671131134,0.));
#16219=CARTESIAN_POINT('',(1.28072381019592,16.918671131134,-5.));
#16220=CARTESIAN_POINT('Origin',(31.3493609428406,16.7915678024292,0.));
#16221=CARTESIAN_POINT('',(31.3493609428406,16.7915678024292,10.));
#16222=CARTESIAN_POINT('',(29.919261932373,16.918671131134,10.));
#16223=CARTESIAN_POINT('',(31.3493609428406,16.7915678024292,-5.));
#16224=CARTESIAN_POINT('',(31.3493609428406,16.7915678024292,0.));
#16225=CARTESIAN_POINT('',(29.919261932373,16.918671131134,-5.));
#16226=CARTESIAN_POINT('Origin',(32.6833963394165,16.3257312774658,0.));
#16227=CARTESIAN_POINT('',(32.6833963394165,16.3257312774658,10.));
#16228=CARTESIAN_POINT('',(31.3493609428406,16.7915678024292,10.));
#16229=CARTESIAN_POINT('',(32.6833963394165,16.3257312774658,-5.));
#16230=CARTESIAN_POINT('',(32.6833963394165,16.3257312774658,0.));
#16231=CARTESIAN_POINT('',(31.3493609428406,16.7915678024292,-5.));
#16232=CARTESIAN_POINT('Origin',(33.8701868057251,15.5487203598022,0.));
#16233=CARTESIAN_POINT('',(33.8701868057251,15.5487203598022,10.));
#16234=CARTESIAN_POINT('',(32.6833963394165,16.3257312774658,10.));
#16235=CARTESIAN_POINT('',(33.8701868057251,15.5487203598022,-5.));
#16236=CARTESIAN_POINT('',(33.8701868057251,15.5487203598022,0.));
#16237=CARTESIAN_POINT('',(32.6833963394165,16.3257312774658,-5.));
#16238=CARTESIAN_POINT('Origin',(34.9061155319214,14.5518684387207,0.));
#16239=CARTESIAN_POINT('',(34.9061155319214,14.5518684387207,10.));
#16240=CARTESIAN_POINT('',(33.8701868057251,15.5487203598022,10.));
#16241=CARTESIAN_POINT('',(34.9061155319214,14.5518684387207,-5.));
#16242=CARTESIAN_POINT('',(34.9061155319214,14.5518684387207,0.));
#16243=CARTESIAN_POINT('',(33.8701868057251,15.5487203598022,-5.));
#16244=CARTESIAN_POINT('Origin',(35.7413005828857,13.3894181251526,0.));
#16245=CARTESIAN_POINT('',(35.7413005828857,13.3894181251526,10.));
#16246=CARTESIAN_POINT('',(34.9061155319214,14.5518684387207,10.));
#16247=CARTESIAN_POINT('',(35.7413005828857,13.3894181251526,-5.));
#16248=CARTESIAN_POINT('',(35.7413005828857,13.3894181251526,0.));
#16249=CARTESIAN_POINT('',(34.9061155319214,14.5518684387207,-5.));
#16250=CARTESIAN_POINT('Origin',(36.2618684768677,12.0715713500977,0.));
#16251=CARTESIAN_POINT('',(36.2618684768677,12.0715713500977,10.));
#16252=CARTESIAN_POINT('',(35.7413005828857,13.3894181251526,10.));
#16253=CARTESIAN_POINT('',(36.2618684768677,12.0715713500977,-5.));
#16254=CARTESIAN_POINT('',(36.2618684768677,12.0715713500977,0.));
#16255=CARTESIAN_POINT('',(35.7413005828857,13.3894181251526,-5.));
#16256=CARTESIAN_POINT('Origin',(36.2618637084961,-12.0715713500977,0.));
#16257=CARTESIAN_POINT('',(36.506175994873,-10.6950449943542,-5.));
#16258=CARTESIAN_POINT('',(36.506175994873,-10.6950449943542,10.));
#16259=CARTESIAN_POINT('',(36.506175994873,-10.6950449943542,0.));
#16260=CARTESIAN_POINT('',(36.2618637084961,-12.0715713500977,10.));
#16261=CARTESIAN_POINT('',(36.2618637084961,-12.0715713500977,10.));
#16262=CARTESIAN_POINT('',(36.2618637084961,-12.0715713500977,-5.));
#16263=CARTESIAN_POINT('',(36.2618637084961,-12.0715713500977,0.));
#16264=CARTESIAN_POINT('',(36.2618637084961,-12.0715713500977,-5.));
#16265=CARTESIAN_POINT('Origin',(35.7387351989746,-13.3861064910889,0.));
#16266=CARTESIAN_POINT('',(35.7387351989746,-13.3861064910889,10.));
#16267=CARTESIAN_POINT('',(35.7387351989746,-13.3861064910889,10.));
#16268=CARTESIAN_POINT('',(35.7387351989746,-13.3861064910889,-5.));
#16269=CARTESIAN_POINT('',(35.7387351989746,-13.3861064910889,0.));
#16270=CARTESIAN_POINT('',(35.7387351989746,-13.3861064910889,-5.));
#16271=CARTESIAN_POINT('Origin',(34.9078512191772,-14.5543169975281,0.));
#16272=CARTESIAN_POINT('',(34.9078512191772,-14.5543169975281,10.));
#16273=CARTESIAN_POINT('',(34.9078512191772,-14.5543169975281,10.));
#16274=CARTESIAN_POINT('',(34.9078512191772,-14.5543169975281,-5.));
#16275=CARTESIAN_POINT('',(34.9078512191772,-14.5543169975281,0.));
#16276=CARTESIAN_POINT('',(34.9078512191772,-14.5543169975281,-5.));
#16277=CARTESIAN_POINT('Origin',(33.8701868057251,-15.5486965179443,0.));
#16278=CARTESIAN_POINT('',(33.8701868057251,-15.5486965179443,10.));
#16279=CARTESIAN_POINT('',(33.8701868057251,-15.5486965179443,10.));
#16280=CARTESIAN_POINT('',(33.8701868057251,-15.5486965179443,-5.));
#16281=CARTESIAN_POINT('',(33.8701868057251,-15.5486965179443,0.));
#16282=CARTESIAN_POINT('',(33.8701868057251,-15.5486965179443,-5.));
#16283=CARTESIAN_POINT('Origin',(32.6833939552307,-16.3257217407227,0.));
#16284=CARTESIAN_POINT('',(32.6833939552307,-16.3257217407227,10.));
#16285=CARTESIAN_POINT('',(32.6833939552307,-16.3257217407227,10.));
#16286=CARTESIAN_POINT('',(32.6833939552307,-16.3257217407227,-5.));
#16287=CARTESIAN_POINT('',(32.6833939552307,-16.3257217407227,0.));
#16288=CARTESIAN_POINT('',(32.6833939552307,-16.3257217407227,-5.));
#16289=CARTESIAN_POINT('Origin',(31.3493585586548,-16.7915654182434,0.));
#16290=CARTESIAN_POINT('',(31.3493585586548,-16.7915654182434,10.));
#16291=CARTESIAN_POINT('',(31.3493585586548,-16.7915654182434,10.));
#16292=CARTESIAN_POINT('',(31.3493585586548,-16.7915654182434,-5.));
#16293=CARTESIAN_POINT('',(31.3493585586548,-16.7915654182434,0.));
#16294=CARTESIAN_POINT('',(31.3493585586548,-16.7915654182434,-5.));
#16295=CARTESIAN_POINT('Origin',(29.919261932373,-16.918671131134,0.));
#16296=CARTESIAN_POINT('',(29.919261932373,-16.918671131134,10.));
#16297=CARTESIAN_POINT('',(29.919261932373,-16.918671131134,10.));
#16298=CARTESIAN_POINT('',(29.919261932373,-16.918671131134,-5.));
#16299=CARTESIAN_POINT('',(29.919261932373,-16.918671131134,0.));
#16300=CARTESIAN_POINT('',(29.919261932373,-16.918671131134,-5.));
#16301=CARTESIAN_POINT('Origin',(1.28072381019592,-16.918671131134,0.));
#16302=CARTESIAN_POINT('',(1.28072381019592,-16.918671131134,10.));
#16303=CARTESIAN_POINT('',(1.28072381019592,-16.918671131134,10.));
#16304=CARTESIAN_POINT('',(1.28072381019592,-16.918671131134,-5.));
#16305=CARTESIAN_POINT('',(1.28072381019592,-16.918671131134,0.));
#16306=CARTESIAN_POINT('',(1.28072381019592,-16.918671131134,-5.));
#16307=CARTESIAN_POINT('Origin',(-0.14937162399292,-16.7915654182434,0.));
#16308=CARTESIAN_POINT('',(-0.14937162399292,-16.7915654182434,10.));
#16309=CARTESIAN_POINT('',(-0.14937162399292,-16.7915654182434,10.));
#16310=CARTESIAN_POINT('',(-0.14937162399292,-16.7915654182434,-5.));
#16311=CARTESIAN_POINT('',(-0.14937162399292,-16.7915654182434,0.));
#16312=CARTESIAN_POINT('',(-0.14937162399292,-16.7915654182434,-5.));
#16313=CARTESIAN_POINT('Origin',(-1.48369669914246,-16.3262414932251,0.));
#16314=CARTESIAN_POINT('',(-1.48369669914246,-16.3262414932251,10.));
#16315=CARTESIAN_POINT('',(-1.48369669914246,-16.3262414932251,10.));
#16316=CARTESIAN_POINT('',(-1.48369669914246,-16.3262414932251,-5.));
#16317=CARTESIAN_POINT('',(-1.48369669914246,-16.3262414932251,0.));
#16318=CARTESIAN_POINT('',(-1.48369669914246,-16.3262414932251,-5.));
#16319=CARTESIAN_POINT('Origin',(-2.67108082771301,-15.5501079559326,0.));
#16320=CARTESIAN_POINT('',(-2.67108082771301,-15.5501079559326,10.));
#16321=CARTESIAN_POINT('',(-2.67108082771301,-15.5501079559326,10.));
#16322=CARTESIAN_POINT('',(-2.67108082771301,-15.5501079559326,-5.));
#16323=CARTESIAN_POINT('',(-2.67108082771301,-15.5501079559326,0.));
#16324=CARTESIAN_POINT('',(-2.67108082771301,-15.5501079559326,-5.));
#16325=CARTESIAN_POINT('Origin',(-3.70786309242249,-14.5543169975281,0.));
#16326=CARTESIAN_POINT('',(-3.70786309242249,-14.5543169975281,10.));
#16327=CARTESIAN_POINT('',(-3.70786309242249,-14.5543169975281,10.));
#16328=CARTESIAN_POINT('',(-3.70786309242249,-14.5543169975281,-5.));
#16329=CARTESIAN_POINT('',(-3.70786309242249,-14.5543169975281,0.));
#16330=CARTESIAN_POINT('',(-3.70786309242249,-14.5543169975281,-5.));
#16331=CARTESIAN_POINT('Origin',(-4.54136967658997,-13.3894419670105,0.));
#16332=CARTESIAN_POINT('',(-4.54136967658997,-13.3894419670105,10.));
#16333=CARTESIAN_POINT('',(-4.54136967658997,-13.3894419670105,10.));
#16334=CARTESIAN_POINT('',(-4.54136967658997,-13.3894419670105,-5.));
#16335=CARTESIAN_POINT('',(-4.54136967658997,-13.3894419670105,0.));
#16336=CARTESIAN_POINT('',(-4.54136967658997,-13.3894419670105,-5.));
#16337=CARTESIAN_POINT('Origin',(-5.06188035011292,-12.0715713500977,0.));
#16338=CARTESIAN_POINT('',(-5.06188035011292,-12.0715713500977,10.));
#16339=CARTESIAN_POINT('',(-5.06188035011292,-12.0715713500977,10.));
#16340=CARTESIAN_POINT('',(-5.06188035011292,-12.0715713500977,-5.));
#16341=CARTESIAN_POINT('',(-5.06188035011292,-12.0715713500977,0.));
#16342=CARTESIAN_POINT('',(-5.06188035011292,-12.0715713500977,-5.));
#16343=CARTESIAN_POINT('Origin',(-5.31017184257507,-10.6989073753357,0.));
#16344=CARTESIAN_POINT('',(-5.31017184257507,-10.6989073753357,10.));
#16345=CARTESIAN_POINT('',(-5.31017184257507,-10.6989073753357,10.));
#16346=CARTESIAN_POINT('',(-5.31017184257507,-10.6989073753357,-5.));
#16347=CARTESIAN_POINT('',(-5.31017184257507,-10.6989073753357,0.));
#16348=CARTESIAN_POINT('',(-5.31017184257507,-10.6989073753357,-5.));
#16349=CARTESIAN_POINT('Origin',(-5.62067866325378,1.4176475815475E-6,0.));
#16350=CARTESIAN_POINT('',(-5.62067866325378,1.4176475815475E-6,-5.));
#16351=CARTESIAN_POINT('',(-5.62067866325378,1.4176475815475E-6,10.));
#16352=CARTESIAN_POINT('Origin',(0.45806050300598,15.0642037391663,10.));
#16353=CARTESIAN_POINT('',(0.45806050300598,15.0642037391663,10.));
#16354=CARTESIAN_POINT('',(1.59266948699951,15.1972150802612,10.));
#16355=CARTESIAN_POINT('',(7.05536697567264,15.8376125468907,10.));
#16356=CARTESIAN_POINT('',(0.45806050300598,15.0642037391663,10.));
#16357=CARTESIAN_POINT('',(1.59266948699951,15.1972150802612,10.));
#16358=CARTESIAN_POINT('Origin',(-0.589787960052491,14.6576523780823,10.));
#16359=CARTESIAN_POINT('',(-0.589787960052491,14.6576523780823,10.));
#16360=CARTESIAN_POINT('',(3.97453381948008,16.4285489316526,10.));
#16361=CARTESIAN_POINT('',(-0.589787960052491,14.6576523780823,10.));
#16362=CARTESIAN_POINT('Origin',(-1.52014970779419,14.0199565887451,10.));
#16363=CARTESIAN_POINT('',(-1.52014970779419,14.0199565887451,10.));
#16364=CARTESIAN_POINT('',(1.03476406408905,15.7711654689514,10.));
#16365=CARTESIAN_POINT('',(-1.52014970779419,14.0199565887451,10.));
#16366=CARTESIAN_POINT('Origin',(-2.3302173614502,13.2174015045166,10.));
#16367=CARTESIAN_POINT('',(-2.3302173614502,13.2174015045166,10.));
#16368=CARTESIAN_POINT('',(-1.11010599093934,14.4261975591537,10.));
#16369=CARTESIAN_POINT('',(-2.3302173614502,13.2174015045166,10.));
#16370=CARTESIAN_POINT('Origin',(-2.98404335975647,12.2858762741089,10.));
#16371=CARTESIAN_POINT('',(-2.98404335975647,12.2858762741089,10.));
#16372=CARTESIAN_POINT('',(-2.80581825387384,12.5397988517547,10.));
#16373=CARTESIAN_POINT('',(-2.98404335975647,12.2858762741089,10.));
#16374=CARTESIAN_POINT('Origin',(-3.40456128120422,11.238157749176,10.));
#16375=CARTESIAN_POINT('',(-3.40456128120422,11.238157749176,10.));
#16376=CARTESIAN_POINT('',(-4.02857766419956,9.68342371530906,10.));
#16377=CARTESIAN_POINT('',(-3.40456128120422,11.238157749176,10.));
#16378=CARTESIAN_POINT('Origin',(-3.54117512702942,10.1109790802002,10.));
#16379=CARTESIAN_POINT('',(-3.54117512702942,10.1109790802002,10.));
#16380=CARTESIAN_POINT('',(-4.0064783574736,6.27183764622484,10.));
#16381=CARTESIAN_POINT('',(-3.54117512702942,10.1109790802002,10.));
#16382=CARTESIAN_POINT('Origin',(-3.54117512702942,-10.1109766960144,10.));
#16383=CARTESIAN_POINT('',(-3.54117512702942,-10.1109766960144,10.));
#16384=CARTESIAN_POINT('',(-3.54117512702942,-5.0554883480072,10.));
#16385=CARTESIAN_POINT('',(-3.54117512702942,-10.1109766960144,10.));
#16386=CARTESIAN_POINT('Origin',(-3.40456128120422,-11.2381529808044,10.));
#16387=CARTESIAN_POINT('',(-3.40456128120422,-11.2381529808044,10.));
#16388=CARTESIAN_POINT('',(-3.93817195481556,-6.8354272323825,10.));
#16389=CARTESIAN_POINT('',(-3.40456128120422,-11.2381529808044,10.));
#16390=CARTESIAN_POINT('Origin',(-2.98404335975647,-12.2858595848083,10.));
#16391=CARTESIAN_POINT('',(-2.98404335975647,-12.2858595848083,10.));
#16392=CARTESIAN_POINT('',(-3.81830800842694,-10.2073165850479,10.));
#16393=CARTESIAN_POINT('',(-2.98404335975647,-12.2858595848083,10.));
#16394=CARTESIAN_POINT('Origin',(-1.52014970779419,-14.0199303627014,10.));
#16395=CARTESIAN_POINT('',(-1.52014970779419,-14.0199303627014,10.));
#16396=CARTESIAN_POINT('',(-1.41348032677003,-14.1462867112531,10.));
#16397=CARTESIAN_POINT('',(-1.52014970779419,-14.0199303627014,10.));
#16398=CARTESIAN_POINT('Origin',(-0.589787960052491,-14.6576380729675,10.));
#16399=CARTESIAN_POINT('',(-0.589787960052491,-14.6576380729675,10.));
#16400=CARTESIAN_POINT('',(1.49985941109073,-16.0899672111226,10.));
#16401=CARTESIAN_POINT('',(-0.589787960052491,-14.6576380729675,10.));
#16402=CARTESIAN_POINT('Origin',(0.45806050300598,-15.0641965866089,10.));
#16403=CARTESIAN_POINT('',(0.45806050300598,-15.0641965866089,10.));
#16404=CARTESIAN_POINT('',(4.49839596938744,-16.6318209519011,10.));
#16405=CARTESIAN_POINT('',(0.45806050300598,-15.0641965866089,10.));
#16406=CARTESIAN_POINT('Origin',(1.59266710281372,-15.1972150802612,10.));
#16407=CARTESIAN_POINT('',(1.59266710281372,-15.1972150802612,10.));
#16408=CARTESIAN_POINT('',(7.62261202519791,-15.9041510266219,10.));
#16409=CARTESIAN_POINT('',(1.59266710281372,-15.1972150802612,10.));
#16410=CARTESIAN_POINT('Origin',(29.6073150634766,-15.1972150802612,10.));
#16411=CARTESIAN_POINT('',(3.42730457883049,-15.1972150802612,10.));
#16412=CARTESIAN_POINT('',(3.42730457883049,-15.1972150802612,10.));
#16413=CARTESIAN_POINT('',(22.6036575436592,-15.1972150802612,10.));
#16414=CARTESIAN_POINT('Origin',(3.45884650945663,-15.2085709571838,10.));
#16415=CARTESIAN_POINT('',(3.45884650945663,-15.2085709571838,10.));
#16416=CARTESIAN_POINT('',(6.40926508225001,-16.2707947817157,10.));
#16417=CARTESIAN_POINT('',(3.45884650945663,-15.2085709571838,2.));
#16418=CARTESIAN_POINT('Origin',(3.75971645116806,-15.2959823608398,10.));
#16419=CARTESIAN_POINT('',(3.75971645116806,-15.2959823608398,10.));
#16420=CARTESIAN_POINT('',(7.17004069740036,-16.2867800044649,10.));
#16421=CARTESIAN_POINT('',(3.75971645116806,-15.2959823608398,2.));
#16422=CARTESIAN_POINT('Origin',(4.06548112630844,-15.364328622818,10.));
#16423=CARTESIAN_POINT('',(4.06548112630844,-15.364328622818,10.));
#16424=CARTESIAN_POINT('',(7.92285084076077,-16.226549874928,10.));
#16425=CARTESIAN_POINT('',(4.06548112630844,-15.364328622818,-3.1));
#16426=CARTESIAN_POINT('',(4.06548112630844,-15.364328622818,2.));
#16427=CARTESIAN_POINT('',(3.75971645116806,-15.2959823608398,-3.1));
#16428=CARTESIAN_POINT('Origin',(4.37493413686752,-15.4133415222168,10.));
#16429=CARTESIAN_POINT('',(4.37493413686752,-15.4133415222168,10.));
#16430=CARTESIAN_POINT('',(8.65936229009314,-16.0919332272258,10.));
#16431=CARTESIAN_POINT('',(4.37493413686752,-15.4133415222168,-3.1));
#16432=CARTESIAN_POINT('',(4.37493413686752,-15.4133415222168,2.));
#16433=CARTESIAN_POINT('',(4.06548112630844,-15.364328622818,-3.1));
#16434=CARTESIAN_POINT('Origin',(4.68685448169708,-15.4428267478943,10.));
#16435=CARTESIAN_POINT('',(4.68685448169708,-15.4428267478943,10.));
#16436=CARTESIAN_POINT('',(9.37167553722549,-15.8856738028255,10.));
#16437=CARTESIAN_POINT('',(4.68685448169708,-15.4428267478943,-3.1));
#16438=CARTESIAN_POINT('',(4.68685448169708,-15.4428267478943,2.));
#16439=CARTESIAN_POINT('',(4.37493413686752,-15.4133415222168,-3.1));
#16440=CARTESIAN_POINT('Origin',(5.00001013278961,-15.4526674747467,10.));
#16441=CARTESIAN_POINT('',(5.00001013278961,-15.4526674747467,10.));
#16442=CARTESIAN_POINT('',(10.0522206951175,-15.6114301346933,10.));
#16443=CARTESIAN_POINT('',(5.00001013278961,-15.4526674747467,-3.1));
#16444=CARTESIAN_POINT('',(5.00001013278961,-15.4526674747467,2.));
#16445=CARTESIAN_POINT('',(4.68685448169708,-15.4428267478943,-3.1));
#16446=CARTESIAN_POINT('Origin',(30.0000619888306,-15.4526674747467,10.));
#16447=CARTESIAN_POINT('',(30.0000619888306,-15.4526674747467,10.));
#16448=CARTESIAN_POINT('',(22.8000310063362,-15.4526674747467,10.));
#16449=CARTESIAN_POINT('',(30.0000619888306,-15.4526674747467,-3.1));
#16450=CARTESIAN_POINT('',(30.0000619888306,-15.4526674747467,2.));
#16451=CARTESIAN_POINT('',(5.00001013278961,-15.4526674747467,-3.1));
#16452=CARTESIAN_POINT('Origin',(30.3132176399231,-15.4428267478943,10.));
#16453=CARTESIAN_POINT('',(30.3132176399231,-15.4428267478943,10.));
#16454=CARTESIAN_POINT('',(23.2062676356235,-15.6661583515301,10.));
#16455=CARTESIAN_POINT('',(30.3132176399231,-15.4428267478943,-3.1));
#16456=CARTESIAN_POINT('',(30.3132176399231,-15.4428267478943,2.));
#16457=CARTESIAN_POINT('',(30.0000619888306,-15.4526674747467,-3.1));
#16458=CARTESIAN_POINT('Origin',(30.6251382827759,-15.4133415222168,10.));
#16459=CARTESIAN_POINT('',(30.6251382827759,-15.4133415222168,10.));
#16460=CARTESIAN_POINT('',(23.9011475789,-16.0489467246936,10.));
#16461=CARTESIAN_POINT('',(30.6251382827759,-15.4133415222168,-3.1));
#16462=CARTESIAN_POINT('',(30.6251382827759,-15.4133415222168,2.));
#16463=CARTESIAN_POINT('',(30.3132176399231,-15.4428267478943,-3.1));
#16464=CARTESIAN_POINT('Origin',(30.9345889091492,-15.364328622818,10.));
#16465=CARTESIAN_POINT('',(30.9345889091492,-15.364328622818,10.));
#16466=CARTESIAN_POINT('',(24.6419086023996,-16.3610062202694,10.));
#16467=CARTESIAN_POINT('',(30.9345889091492,-15.364328622818,-3.1));
#16468=CARTESIAN_POINT('',(30.9345889091492,-15.364328622818,2.));
#16469=CARTESIAN_POINT('',(30.6251382827759,-15.4133415222168,-3.1));
#16470=CARTESIAN_POINT('Origin',(31.2403559684753,-15.2959823608398,10.));
#16471=CARTESIAN_POINT('',(31.2403559684753,-15.2959823608398,10.));
#16472=CARTESIAN_POINT('',(25.4204661322791,-16.5968671464842,10.));
#16473=CARTESIAN_POINT('',(31.2403559684753,-15.2959823608398,2.));
#16474=CARTESIAN_POINT('',(30.9345889091492,-15.364328622818,-3.1));
#16475=CARTESIAN_POINT('Origin',(31.541223526001,-15.2085709571838,10.));
#16476=CARTESIAN_POINT('',(31.541223526001,-15.2085709571838,10.));
#16477=CARTESIAN_POINT('',(26.2283450965207,-16.752127746071,10.));
#16478=CARTESIAN_POINT('',(31.541223526001,-15.2085709571838,2.));
#16479=CARTESIAN_POINT('Origin',(31.8360114097595,-15.1024401187897,10.));
#16480=CARTESIAN_POINT('',(31.8360114097595,-15.1024401187897,10.));
#16481=CARTESIAN_POINT('',(27.0561796371852,-16.82329630507,10.));
#16482=CARTESIAN_POINT('',(31.8360114097595,-15.1024401187897,2.));
#16483=CARTESIAN_POINT('Origin',(32.1235537528992,-14.9780106544495,10.));
#16484=CARTESIAN_POINT('',(32.1235537528992,-14.9780106544495,10.));
#16485=CARTESIAN_POINT('',(27.8944627619092,-16.8080838217928,10.));
#16486=CARTESIAN_POINT('',(32.1235537528992,-14.9780106544495,2.));
#16487=CARTESIAN_POINT('Origin',(32.4027180671692,-14.8357713222504,10.));
#16488=CARTESIAN_POINT('',(32.4027180671692,-14.8357713222504,10.));
#16489=CARTESIAN_POINT('',(28.7334757154003,-16.7053175182138,10.));
#16490=CARTESIAN_POINT('',(32.4027180671692,-14.8357713222504,2.));
#16491=CARTESIAN_POINT('Origin',(32.6723980903625,-14.6762824058533,10.));
#16492=CARTESIAN_POINT('',(32.6723980903625,-14.6762824058533,10.));
#16493=CARTESIAN_POINT('',(29.563375042139,-16.5149603737027,10.));
#16494=CARTESIAN_POINT('',(32.6723980903625,-14.6762824058533,2.));
#16495=CARTESIAN_POINT('Origin',(32.9315304756165,-14.5001745223999,10.));
#16496=CARTESIAN_POINT('',(32.9315304756165,-14.5001745223999,10.));
#16497=CARTESIAN_POINT('',(30.3741357473459,-16.2381949257904,10.));
#16498=CARTESIAN_POINT('',(32.9315304756165,-14.5001745223999,2.));
#16499=CARTESIAN_POINT('Origin',(33.1790924072266,-14.308146238327,10.));
#16500=CARTESIAN_POINT('',(33.1790924072266,-14.308146238327,10.));
#16501=CARTESIAN_POINT('',(31.1560297989999,-15.8773909065324,10.));
#16502=CARTESIAN_POINT('',(33.1790924072266,-14.308146238327,2.));
#16503=CARTESIAN_POINT('Origin',(33.4141135215759,-14.1009497642517,10.));
#16504=CARTESIAN_POINT('',(33.4141135215759,-14.1009497642517,10.));
#16505=CARTESIAN_POINT('',(31.8997915146526,-15.435988028017,10.));
#16506=CARTESIAN_POINT('',(33.4141135215759,-14.1009497642517,2.));
#16507=CARTESIAN_POINT('Origin',(33.6356544494629,-13.8794052600861,10.));
#16508=CARTESIAN_POINT('',(33.6356544494629,-13.8794052600861,10.));
#16509=CARTESIAN_POINT('',(32.5966649432818,-14.9184115384098,10.));
#16510=CARTESIAN_POINT('',(33.6356544494629,-13.8794052600861,2.));
#16511=CARTESIAN_POINT('Origin',(33.8428497314453,-13.6443889141083,10.));
#16512=CARTESIAN_POINT('',(33.8428497314453,-13.6443889141083,10.));
#16513=CARTESIAN_POINT('',(33.2379360025118,-14.3305271931537,10.));
#16514=CARTESIAN_POINT('',(33.8428497314453,-13.6443889141083,2.));
#16515=CARTESIAN_POINT('Origin',(34.0348815917969,-13.3968245983124,10.));
#16516=CARTESIAN_POINT('',(34.0348815917969,-13.3968245983124,10.));
#16517=CARTESIAN_POINT('',(33.8162643544727,-13.678662344821,10.));
#16518=CARTESIAN_POINT('',(34.0348815917969,-13.3968245983124,2.));
#16519=CARTESIAN_POINT('Origin',(34.2109847068787,-13.1376922130585,10.));
#16520=CARTESIAN_POINT('',(34.2109847068787,-13.1376922130585,10.));
#16521=CARTESIAN_POINT('',(34.3248585183852,-12.9701290647296,10.));
#16522=CARTESIAN_POINT('',(34.2109847068787,-13.1376922130585,2.));
#16523=CARTESIAN_POINT('Origin',(34.3704724311829,-12.8680121898651,10.));
#16524=CARTESIAN_POINT('',(34.3704724311829,-12.8680121898651,10.));
#16525=CARTESIAN_POINT('',(34.7576300038024,-12.2133620365757,10.));
#16526=CARTESIAN_POINT('',(34.3704724311829,-12.8680121898651,2.));
#16527=CARTESIAN_POINT('Origin',(34.5127153396606,-12.5888514518738,10.));
#16528=CARTESIAN_POINT('',(34.5127153396606,-12.5888514518738,10.));
#16529=CARTESIAN_POINT('',(35.1098006986408,-11.4170335296977,10.));
#16530=CARTESIAN_POINT('',(34.5127153396606,-12.5888514518738,2.));
#16531=CARTESIAN_POINT('Origin',(34.6371459960938,-12.3013079166412,10.));
#16532=CARTESIAN_POINT('',(34.6371459960938,-12.3013079166412,10.));
#16533=CARTESIAN_POINT('',(35.377636521279,-10.5901278142326,10.));
#16534=CARTESIAN_POINT('',(34.6371459960938,-12.3013079166412,2.));
#16535=CARTESIAN_POINT('Origin',(34.743275642395,-12.0065200328827,10.));
#16536=CARTESIAN_POINT('',(34.743275642395,-12.0065200328827,10.));
#16537=CARTESIAN_POINT('',(35.558306871394,-9.74267256361182,10.));
#16538=CARTESIAN_POINT('',(34.743275642395,-12.0065200328827,2.));
#16539=CARTESIAN_POINT('Origin',(34.8306846618652,-11.7056500911713,10.));
#16540=CARTESIAN_POINT('',(34.8306846618652,-11.7056500911713,10.));
#16541=CARTESIAN_POINT('',(35.650315909018,-8.8844034160527,10.));
#16542=CARTESIAN_POINT('',(34.8306846618652,-11.7056500911713,-3.1));
#16543=CARTESIAN_POINT('',(34.8306846618652,-11.7056500911713,2.));
#16544=CARTESIAN_POINT('',(34.743275642395,-12.0065200328827,-3.1));
#16545=CARTESIAN_POINT('Origin',(34.8990321159363,-11.3998866081238,10.));
#16546=CARTESIAN_POINT('',(34.8990321159363,-11.3998866081238,10.));
#16547=CARTESIAN_POINT('',(35.6533085643444,-8.02550789598878,10.));
#16548=CARTESIAN_POINT('',(34.8990321159363,-11.3998866081238,-3.1));
#16549=CARTESIAN_POINT('',(34.8990321159363,-11.3998866081238,2.));
#16550=CARTESIAN_POINT('',(34.8306846618652,-11.7056500911713,-3.1));
#16551=CARTESIAN_POINT('Origin',(34.9480438232422,-11.0904335975647,10.));
#16552=CARTESIAN_POINT('',(34.9480438232422,-11.0904335975647,10.));
#16553=CARTESIAN_POINT('',(35.5680807606414,-7.17560778383752,10.));
#16554=CARTESIAN_POINT('',(34.9480438232422,-11.0904335975647,-3.1));
#16555=CARTESIAN_POINT('',(34.9480438232422,-11.0904335975647,2.));
#16556=CARTESIAN_POINT('',(34.8990321159363,-11.3998866081238,-3.1));
#16557=CARTESIAN_POINT('Origin',(34.9480438232422,11.159759759903,10.));
#16558=CARTESIAN_POINT('',(34.9775290489197,10.8478391170502,10.));
#16559=CARTESIAN_POINT('',(34.9775290489197,10.8478391170502,-3.1));
#16560=CARTESIAN_POINT('',(34.9775290489197,10.8478391170502,10.));
#16561=CARTESIAN_POINT('',(34.9480438232422,11.159759759903,10.));
#16562=CARTESIAN_POINT('',(35.3851501852763,6.53566432539452,10.));
#16563=CARTESIAN_POINT('',(34.9480438232422,11.159759759903,-3.1));
#16564=CARTESIAN_POINT('',(34.9480438232422,11.159759759903,10.));
#16565=CARTESIAN_POINT('',(34.9775290489197,10.8478391170502,-3.1));
#16566=CARTESIAN_POINT('Origin',(34.8990321159363,11.469212770462,10.));
#16567=CARTESIAN_POINT('',(34.8990321159363,11.469212770462,10.));
#16568=CARTESIAN_POINT('',(35.5489305608344,7.36584560807924,10.));
#16569=CARTESIAN_POINT('',(34.8990321159363,11.469212770462,-3.1));
#16570=CARTESIAN_POINT('',(34.8990321159363,11.469212770462,10.));
#16571=CARTESIAN_POINT('',(34.9480438232422,11.159759759903,-3.1));
#16572=CARTESIAN_POINT('Origin',(34.8306846618652,11.7749774456024,10.));
#16573=CARTESIAN_POINT('',(34.8306846618652,11.7749774456024,10.));
#16574=CARTESIAN_POINT('',(35.6265134708149,8.21469359094836,10.));
#16575=CARTESIAN_POINT('',(34.8306846618652,11.7749774456024,-3.1));
#16576=CARTESIAN_POINT('',(34.8306846618652,11.7749774456024,10.));
#16577=CARTESIAN_POINT('',(34.8990321159363,11.469212770462,-3.1));
#16578=CARTESIAN_POINT('Origin',(34.743275642395,12.0758473873138,10.));
#16579=CARTESIAN_POINT('',(34.743275642395,12.0758473873138,10.));
#16580=CARTESIAN_POINT('',(35.6158981032315,9.07220004612127,10.));
#16581=CARTESIAN_POINT('',(34.743275642395,12.0758473873138,-3.1));
#16582=CARTESIAN_POINT('',(34.743275642395,12.0758473873138,10.));
#16583=CARTESIAN_POINT('',(34.8306846618652,11.7749774456024,-3.1));
#16584=CARTESIAN_POINT('Origin',(34.6371459960938,12.3706352710724,10.));
#16585=CARTESIAN_POINT('',(34.6371459960938,12.3706352710724,10.));
#16586=CARTESIAN_POINT('',(35.5162897360648,9.92870757548815,10.));
#16587=CARTESIAN_POINT('',(34.6371459960938,12.3706352710724,-3.1));
#16588=CARTESIAN_POINT('',(34.6371459960938,12.3706352710724,10.));
#16589=CARTESIAN_POINT('',(34.743275642395,12.0758473873138,-3.1));
#16590=CARTESIAN_POINT('Origin',(34.5127153396606,12.658177614212,10.));
#16591=CARTESIAN_POINT('',(34.5127153396606,12.658177614212,10.));
#16592=CARTESIAN_POINT('',(35.3280514351283,10.7740466608152,10.));
#16593=CARTESIAN_POINT('',(34.5127153396606,12.658177614212,10.));
#16594=CARTESIAN_POINT('',(34.6371459960938,12.3706352710724,-3.1));
#16595=CARTESIAN_POINT('Origin',(34.3704724311829,12.9373395442963,10.));
#16596=CARTESIAN_POINT('',(34.3704724311829,12.9373395442963,10.));
#16597=CARTESIAN_POINT('',(35.0527077420272,11.5984037183555,10.));
#16598=CARTESIAN_POINT('',(34.3704724311829,12.9373395442963,10.));
#16599=CARTESIAN_POINT('Origin',(34.2109847068787,13.2070195674896,10.));
#16600=CARTESIAN_POINT('',(34.2109847068787,13.2070195674896,10.));
#16601=CARTESIAN_POINT('',(34.6930741202193,12.3918478372629,10.));
#16602=CARTESIAN_POINT('',(34.2109847068787,13.2070195674896,10.));
#16603=CARTESIAN_POINT('Origin',(34.0348815917969,13.4661507606506,10.));
#16604=CARTESIAN_POINT('',(34.0348815917969,13.4661507606506,10.));
#16605=CARTESIAN_POINT('',(34.2529082889821,13.1453300973914,10.));
#16606=CARTESIAN_POINT('',(34.0348815917969,13.4661507606506,10.));
#16607=CARTESIAN_POINT('Origin',(33.8428497314453,13.7137150764465,10.));
#16608=CARTESIAN_POINT('',(33.8428497314453,13.7137150764465,10.));
#16609=CARTESIAN_POINT('',(33.7370354907714,13.8501290550745,10.));
#16610=CARTESIAN_POINT('',(33.8428497314453,13.7137150764465,10.));
#16611=CARTESIAN_POINT('Origin',(33.6356544494629,13.9487338066101,10.));
#16612=CARTESIAN_POINT('',(33.6356544494629,13.9487338066101,10.));
#16613=CARTESIAN_POINT('',(33.1515744584028,14.4978190160224,10.));
#16614=CARTESIAN_POINT('',(33.6356544494629,13.9487338066101,10.));
#16615=CARTESIAN_POINT('Origin',(33.4141135215759,14.1702771186829,10.));
#16616=CARTESIAN_POINT('',(33.4141135215759,14.1702771186829,10.));
#16617=CARTESIAN_POINT('',(32.5032023544651,15.0811980888648,10.));
#16618=CARTESIAN_POINT('',(33.4141135215759,14.1702771186829,10.));
#16619=CARTESIAN_POINT('Origin',(33.1790924072266,14.3774724006653,10.));
#16620=CARTESIAN_POINT('',(33.1790924072266,14.3774724006653,10.));
#16621=CARTESIAN_POINT('',(31.799448347962,15.5937705221598,10.));
#16622=CARTESIAN_POINT('',(33.1790924072266,14.3774724006653,10.));
#16623=CARTESIAN_POINT('Origin',(32.9315304756165,14.569503068924,10.));
#16624=CARTESIAN_POINT('',(32.9315304756165,14.569503068924,10.));
#16625=CARTESIAN_POINT('',(31.0490978013032,16.0296823543629,10.));
#16626=CARTESIAN_POINT('',(32.9315304756165,14.569503068924,10.));
#16627=CARTESIAN_POINT('Origin',(32.6723980903625,14.7456085681915,10.));
#16628=CARTESIAN_POINT('',(32.6723980903625,14.7456085681915,10.));
#16629=CARTESIAN_POINT('',(30.2606170363407,16.3846468776118,10.));
#16630=CARTESIAN_POINT('',(32.6723980903625,14.7456085681915,10.));
#16631=CARTESIAN_POINT('Origin',(32.4027180671692,14.9050974845886,10.));
#16632=CARTESIAN_POINT('',(32.4027180671692,14.9050974845886,10.));
#16633=CARTESIAN_POINT('',(29.443722802641,16.6550489373344,10.));
#16634=CARTESIAN_POINT('',(32.4027180671692,14.9050974845886,10.));
#16635=CARTESIAN_POINT('Origin',(32.1235537528992,15.0473368167877,10.));
#16636=CARTESIAN_POINT('',(32.1235537528992,15.0473368167877,10.));
#16637=CARTESIAN_POINT('',(28.6079149538029,16.8386191887638,10.));
#16638=CARTESIAN_POINT('',(32.1235537528992,15.0473368167877,10.));
#16639=CARTESIAN_POINT('Origin',(31.8360114097595,15.1717686653137,10.));
#16640=CARTESIAN_POINT('',(31.8360114097595,15.1717686653137,10.));
#16641=CARTESIAN_POINT('',(27.7634036840889,16.9341599086109,10.));
#16642=CARTESIAN_POINT('',(31.8360114097595,15.1717686653137,10.));
#16643=CARTESIAN_POINT('Origin',(31.541223526001,15.277898311615,10.));
#16644=CARTESIAN_POINT('',(31.541223526001,15.277898311615,10.));
#16645=CARTESIAN_POINT('',(26.9197942196322,16.9417070524552,10.));
#16646=CARTESIAN_POINT('',(31.541223526001,15.277898311615,10.));
#16647=CARTESIAN_POINT('Origin',(31.2403559684753,15.3653085231781,10.));
#16648=CARTESIAN_POINT('',(31.2403559684753,15.3653085231781,10.));
#16649=CARTESIAN_POINT('',(26.0871591267995,16.862452415533,10.));
#16650=CARTESIAN_POINT('',(31.2403559684753,15.3653085231781,10.));
#16651=CARTESIAN_POINT('Origin',(30.9345889091492,15.4336547851563,10.));
#16652=CARTESIAN_POINT('',(30.9345889091492,15.4336547851563,10.));
#16653=CARTESIAN_POINT('',(25.2749619381333,16.6987169815619,10.));
#16654=CARTESIAN_POINT('',(30.9345889091492,15.4336547851563,-3.1));
#16655=CARTESIAN_POINT('',(30.9345889091492,15.4336547851563,10.));
#16656=CARTESIAN_POINT('',(31.2403559684753,15.3653085231781,-3.1));
#16657=CARTESIAN_POINT('Origin',(30.6251382827759,15.4826676845551,10.));
#16658=CARTESIAN_POINT('',(30.6251382827759,15.4826676845551,10.));
#16659=CARTESIAN_POINT('',(24.4925391061912,16.4539905415091,10.));
#16660=CARTESIAN_POINT('',(30.6251382827759,15.4826676845551,-3.1));
#16661=CARTESIAN_POINT('',(30.6251382827759,15.4826676845551,10.));
#16662=CARTESIAN_POINT('',(30.9345889091492,15.4336547851563,-3.1));
#16663=CARTESIAN_POINT('Origin',(30.3132176399231,15.5121529102325,10.));
#16664=CARTESIAN_POINT('',(30.3132176399231,15.5121529102325,10.));
#16665=CARTESIAN_POINT('',(23.7484348690719,16.1327085097336,10.));
#16666=CARTESIAN_POINT('',(30.3132176399231,15.5121529102325,-3.1));
#16667=CARTESIAN_POINT('',(30.3132176399231,15.5121529102325,10.));
#16668=CARTESIAN_POINT('',(30.6251382827759,15.4826676845551,-3.1));
#16669=CARTESIAN_POINT('Origin',(30.0000619888306,15.521993637085,10.));
#16670=CARTESIAN_POINT('',(30.0000619888306,15.521993637085,10.));
#16671=CARTESIAN_POINT('',(23.0507780018478,15.7403706815266,10.));
#16672=CARTESIAN_POINT('',(30.0000619888306,15.521993637085,-3.1));
#16673=CARTESIAN_POINT('',(30.0000619888306,15.521993637085,10.));
#16674=CARTESIAN_POINT('',(30.3132176399231,15.5121529102325,-3.1));
#16675=CARTESIAN_POINT('Origin',(5.00001013278961,15.521993637085,10.));
#16676=CARTESIAN_POINT('',(5.00001013278961,15.521993637085,10.));
#16677=CARTESIAN_POINT('',(10.3000050783157,15.521993637085,10.));
#16678=CARTESIAN_POINT('',(5.00001013278961,15.521993637085,-3.1));
#16679=CARTESIAN_POINT('',(5.00001013278961,15.521993637085,10.));
#16680=CARTESIAN_POINT('',(30.0000619888306,15.521993637085,-3.1));
#16681=CARTESIAN_POINT('Origin',(4.68685448169708,15.5121529102325,10.));
#16682=CARTESIAN_POINT('',(4.68685448169708,15.5121529102325,10.));
#16683=CARTESIAN_POINT('',(9.89455467780063,15.6758017378374,10.));
#16684=CARTESIAN_POINT('',(4.68685448169708,15.5121529102325,-3.1));
#16685=CARTESIAN_POINT('',(4.68685448169708,15.5121529102325,10.));
#16686=CARTESIAN_POINT('',(5.00001013278961,15.521993637085,-3.1));
#16687=CARTESIAN_POINT('Origin',(4.37493413686752,15.4826676845551,10.));
#16688=CARTESIAN_POINT('',(4.37493413686752,15.4826676845551,10.));
#16689=CARTESIAN_POINT('',(9.21246775016445,15.9399503616066,10.));
#16690=CARTESIAN_POINT('',(4.37493413686752,15.4826676845551,-3.1));
#16691=CARTESIAN_POINT('',(4.37493413686752,15.4826676845551,10.));
#16692=CARTESIAN_POINT('',(4.68685448169708,15.5121529102325,-3.1));
#16693=CARTESIAN_POINT('Origin',(4.06548112630844,15.4336547851563,10.));
#16694=CARTESIAN_POINT('',(4.06548112630844,15.4336547851563,10.));
#16695=CARTESIAN_POINT('',(8.4992800070797,16.1359046618182,10.));
#16696=CARTESIAN_POINT('',(4.06548112630844,15.4336547851563,-3.1));
#16697=CARTESIAN_POINT('',(4.06548112630844,15.4336547851563,10.));
#16698=CARTESIAN_POINT('',(4.37493413686752,15.4826676845551,-3.1));
#16699=CARTESIAN_POINT('Origin',(3.75971645116806,15.3653085231781,10.));
#16700=CARTESIAN_POINT('',(3.75971645116806,15.3653085231781,10.));
#16701=CARTESIAN_POINT('',(7.76258911560947,16.2600534235283,10.));
#16702=CARTESIAN_POINT('',(3.75971645116806,15.3653085231781,10.));
#16703=CARTESIAN_POINT('',(4.06548112630844,15.4336547851563,-3.1));
#16704=CARTESIAN_POINT('Origin',(3.45884650945663,15.277898311615,10.));
#16705=CARTESIAN_POINT('',(3.45884650945663,15.277898311615,10.));
#16706=CARTESIAN_POINT('',(7.01035425948576,16.3096997671948,10.));
#16707=CARTESIAN_POINT('',(3.45884650945663,15.277898311615,10.));
#16708=CARTESIAN_POINT('Origin',(3.16405892372131,15.1717686653137,10.));
#16709=CARTESIAN_POINT('',(3.23473933668247,15.1972150802612,10.));
#16710=CARTESIAN_POINT('',(6.25085842077106,16.2830805206202,10.));
#16711=CARTESIAN_POINT('',(3.23473933668247,15.1972150802612,10.));
#16712=CARTESIAN_POINT('Origin',(1.59266948699951,15.1972150802612,10.));
#16713=CARTESIAN_POINT('',(8.59633475542068,15.1972150802612,10.));
#16714=CARTESIAN_POINT('Origin',(34.9775290489197,-10.7785129547119,10.));
#16715=CARTESIAN_POINT('',(34.9775290489197,-10.7785129547119,10.));
#16716=CARTESIAN_POINT('',(35.3966451865168,-6.34473393266198,10.));
#16717=CARTESIAN_POINT('',(34.9775290489197,-10.7785129547119,-3.1));
#16718=CARTESIAN_POINT('',(34.9775290489197,-10.7785129547119,2.));
#16719=CARTESIAN_POINT('',(34.9480438232422,-11.0904335975647,-3.1));
#16720=CARTESIAN_POINT('Origin',(15.6000000238419,0.,-5.));
#16721=CARTESIAN_POINT('',(36.506175994873,10.6950449943542,-5.));
#16722=CARTESIAN_POINT('',(36.2618684768677,12.0715713500977,-5.));
#16723=CARTESIAN_POINT('',(36.8206787109375,1.41764758376794E-6,-5.));
#16724=CARTESIAN_POINT('',(36.506175994873,10.6950449943542,-5.));
#16725=CARTESIAN_POINT('',(36.506175994873,-10.6950449943542,-5.));
#16726=CARTESIAN_POINT('Origin',(36.506175994873,-10.6950449943542,0.));
#16727=CARTESIAN_POINT('',(36.8206787109375,1.41764758376794E-6,10.));
#16728=CARTESIAN_POINT('',(36.8206787109375,1.41764758376794E-6,0.));
#16729=CARTESIAN_POINT('',(36.506175994873,-10.6950449943542,10.));
#16730=CARTESIAN_POINT('',(36.6790303604348,-4.81692258786439,5.43295147881025));
#16731=CARTESIAN_POINT('Origin',(36.7157724664526,-3.5674626974936,5.43295147881025));
#16732=CARTESIAN_POINT('Origin',(36.506175994873,10.6950449943542,0.));
#16733=CARTESIAN_POINT('',(36.506175994873,10.6950449943542,10.));
#16734=CARTESIAN_POINT('',(36.2618684768677,12.0715713500977,10.));
#16735=CARTESIAN_POINT('',(36.506175994873,10.6950449943542,0.));
#16736=CARTESIAN_POINT('Origin',(17.5000354967779,0.0346630811691284,-3.1));
#16737=CARTESIAN_POINT('',(34.987370967865,-10.4653573036194,-3.1));
#16738=CARTESIAN_POINT('',(34.9775290489197,-10.7785129547119,-3.1));
#16739=CARTESIAN_POINT('',(34.987370967865,10.5346834659576,-3.1));
#16740=CARTESIAN_POINT('',(34.987370967865,-10.4653573036194,-3.1));
#16741=CARTESIAN_POINT('',(34.987370967865,10.5346834659576,-3.1));
#16742=CARTESIAN_POINT('Origin',(34.9775290489197,10.8478391170502,10.));
#16743=CARTESIAN_POINT('',(34.987370967865,10.5346834659576,10.));
#16744=CARTESIAN_POINT('',(34.987370967865,10.5346834659576,10.));
#16745=CARTESIAN_POINT('',(35.1382644216293,5.73347162691116,10.));
#16746=CARTESIAN_POINT('Origin',(15.6000000238419,0.,10.));
#16747=CARTESIAN_POINT('',(36.506175994873,10.6950449943542,10.));
#16748=CARTESIAN_POINT('',(34.987370967865,-10.4653573036194,10.));
#16749=CARTESIAN_POINT('',(34.987370967865,5.26734173297882,10.));
#16750=CARTESIAN_POINT('',(35.1420970577694,-5.54219651615063,10.));
#16751=CARTESIAN_POINT('Origin',(34.987370967865,-10.4653573036194,10.));
#16752=CARTESIAN_POINT('',(34.987370967865,-10.4653573036194,2.));
#16753=CARTESIAN_POINT('Origin',(33.7170687296144,-3.47928164305237,5.43295147881025));
#16754=CARTESIAN_POINT('',(34.987370967865,-4.76717699040516,5.43295147881025));
#16755=CARTESIAN_POINT('',(33.6803266235966,-4.72874153342315,5.43295147881025));
#16756=CARTESIAN_POINT('Origin',(34.987370967865,-3.51663664730034,5.43295147881025));
#16757=CARTESIAN_POINT('Origin',(36.8206787109375,1.41764758376794E-6,0.));
#16758=CARTESIAN_POINT('Origin',(34.987370967865,10.5346834659576,10.));
#16759=UNCERTAINTY_MEASURE_WITH_UNIT(LENGTH_MEASURE(0.01),#16763,
'DISTANCE_ACCURACY_VALUE',
'Maximum model space distance between geometric entities at asserted c
onnectivities');
#16760=UNCERTAINTY_MEASURE_WITH_UNIT(LENGTH_MEASURE(0.01),#16763,
'DISTANCE_ACCURACY_VALUE',
'Maximum model space distance between geometric entities at asserted c
onnectivities');
#16761=(
GEOMETRIC_REPRESENTATION_CONTEXT(3)
GLOBAL_UNCERTAINTY_ASSIGNED_CONTEXT((#16759))
GLOBAL_UNIT_ASSIGNED_CONTEXT((#16763,#16765,#16766))
REPRESENTATION_CONTEXT('','3D')
);
#16762=(
GEOMETRIC_REPRESENTATION_CONTEXT(3)
GLOBAL_UNCERTAINTY_ASSIGNED_CONTEXT((#16760))
GLOBAL_UNIT_ASSIGNED_CONTEXT((#16763,#16765,#16766))
REPRESENTATION_CONTEXT('','3D')
);
#16763=(
LENGTH_UNIT()
NAMED_UNIT(*)
SI_UNIT(.MILLI.,.METRE.)
);
#16764=(
LENGTH_UNIT()
NAMED_UNIT(*)
SI_UNIT($,.METRE.)
);
#16765=(
NAMED_UNIT(*)
PLANE_ANGLE_UNIT()
SI_UNIT($,.RADIAN.)
);
#16766=(
NAMED_UNIT(*)
SI_UNIT($,.STERADIAN.)
SOLID_ANGLE_UNIT()
);
#16767=SHAPE_DEFINITION_REPRESENTATION(#16768,#16769);
#16768=PRODUCT_DEFINITION_SHAPE('',$,#16771);
#16769=SHAPE_REPRESENTATION('',(#10634),#16761);
#16770=PRODUCT_DEFINITION_CONTEXT('part definition',#16775,'design');
#16771=PRODUCT_DEFINITION('2026-08-24-18-26-13-189','hackathon',#16772,
#16770);
#16772=PRODUCT_DEFINITION_FORMATION('',$,#16777);
#16773=PRODUCT_RELATED_PRODUCT_CATEGORY('hackathon','hackathon',(#16777));
#16774=APPLICATION_PROTOCOL_DEFINITION('international standard',
'automotive_design',2009,#16775);
#16775=APPLICATION_CONTEXT(
'Core Data for Automotive Mechanical Design Process');
#16776=PRODUCT_CONTEXT('part definition',#16775,'mechanical');
#16777=PRODUCT('2026-08-24-18-26-13-189','hackathon',$,(#16776));
#16778=PRESENTATION_STYLE_ASSIGNMENT((#16779));
#16779=SURFACE_STYLE_USAGE(.BOTH.,#16780);
#16780=SURFACE_SIDE_STYLE('',(#16781));
#16781=SURFACE_STYLE_FILL_AREA(#16782);
#16782=FILL_AREA_STYLE('\X2\94A2\X0\ - \X2\7F0E5149\X0\',(#16783));
#16783=FILL_AREA_STYLE_COLOUR('\X2\94A2\X0\ - \X2\7F0E5149\X0\',#16784);
#16784=COLOUR_RGB('\X2\94A2\X0\ - \X2\7F0E5149\X0\',0.627450980392157,0.627450980392157,
0.627450980392157);
ENDSEC;
END-ISO-10303-21;
