/*******************************************************************************
 * Size: 16 px
 * Bpp: 4
 * Opts: --font C:/Windows/Fonts/simhei.ttf --size 16 --bpp 4 --format lvgl --lv-include lvgl.h --symbols …。上不丢中临亮仅传体余使停储关内冲列创剩卡可同后启器在失子字存完对尾屏已幕度建开录待成打换掉排接提插文时明显更替未机构止正步浏点热生用电界示离等线络缓网置藏览设说象败连退避配闭队隐集需静面音（），：abcdefghijklmnopqrstuvwxyzABCDEFGHIJKLMNOPQRSTUVWXYZ0123456789:%-+.,/()  --no-compress --output pulse_cjk_16.c
 ******************************************************************************/

#ifdef LV_LVGL_H_INCLUDE_SIMPLE
#include "lvgl.h"
#else
#include "lvgl.h"
#endif

#ifndef PULSE_CJK_16
#define PULSE_CJK_16 1
#endif

#if PULSE_CJK_16

/*-----------------
 *    BITMAPS
 *----------------*/

/*Store the image of the glyphs*/
static LV_ATTRIBUTE_LARGE_CONST const uint8_t glyph_bitmap[] = {
    /* U+0020 " " */

    /* U+0025 "%" */
    0x1d, 0xc0, 0x1, 0x40, 0x78, 0xa5, 0x7, 0x20,
    0x96, 0x87, 0x9, 0x0, 0x96, 0x87, 0x44, 0x0,
    0x78, 0xa5, 0x90, 0x0, 0x1d, 0xc3, 0x70, 0x0,
    0x0, 0x8, 0x3d, 0xb0, 0x0, 0x8, 0x87, 0xb4,
    0x0, 0x63, 0xa5, 0x96, 0x0, 0x90, 0xa5, 0x96,
    0x3, 0x50, 0x87, 0xb4, 0x7, 0x0, 0x2d, 0xb0,

    /* U+0028 "(" */
    0x0, 0x2, 0x0, 0x1, 0xe3, 0x0, 0xb6, 0x0,
    0x5c, 0x0, 0xc, 0x40, 0x1, 0xe0, 0x0, 0x3b,
    0x0, 0x5, 0x90, 0x0, 0x59, 0x0, 0x3, 0xb0,
    0x0, 0xe, 0x0, 0x0, 0xb4, 0x0, 0x4, 0xd0,
    0x0, 0xa, 0x80, 0x0, 0xd, 0x30, 0x0, 0x10,

    /* U+0029 ")" */
    0x11, 0x0, 0x6, 0xc0, 0x0, 0x9, 0x90, 0x0,
    0xe, 0x20, 0x0, 0x79, 0x0, 0x1, 0xd0, 0x0,
    0xe, 0x0, 0x0, 0xc2, 0x0, 0xc, 0x20, 0x0,
    0xe0, 0x0, 0x2d, 0x0, 0x7, 0x80, 0x1, 0xe1,
    0x0, 0xb7, 0x0, 0x6b, 0x0, 0x0, 0x0, 0x0,

    /* U+002B "+" */
    0x0, 0x6, 0x40, 0x0, 0x0, 0xa, 0x70, 0x0,
    0x0, 0xa, 0x70, 0x0, 0x0, 0xa, 0x70, 0x0,
    0xaf, 0xff, 0xff, 0xf7, 0x12, 0x2a, 0x82, 0x21,
    0x0, 0xa, 0x70, 0x0, 0x0, 0xa, 0x70, 0x0,

    /* U+002C "," */
    0x55, 0xbc, 0x38, 0x82,

    /* U+002D "-" */
    0xaf, 0xff, 0xff, 0xf6, 0x12, 0x22, 0x22, 0x20,

    /* U+002E "." */
    0x55, 0xcb,

    /* U+002F "/" */
    0x0, 0x0, 0x0, 0x22, 0x0, 0x0, 0x0, 0xb2,
    0x0, 0x0, 0x3, 0x90, 0x0, 0x0, 0xb, 0x10,
    0x0, 0x0, 0x48, 0x0, 0x0, 0x0, 0xc1, 0x0,
    0x0, 0x5, 0x80, 0x0, 0x0, 0xc, 0x0, 0x0,
    0x0, 0x57, 0x0, 0x0, 0x0, 0xc0, 0x0, 0x0,
    0x6, 0x60, 0x0, 0x0, 0xc, 0x0, 0x0, 0x0,
    0x76, 0x0, 0x0, 0x0, 0x30, 0x0, 0x0, 0x0,

    /* U+0030 "0" */
    0x0, 0x8e, 0xe6, 0x0, 0x7, 0xf7, 0x7f, 0x40,
    0xf, 0x70, 0x9, 0xb0, 0x3f, 0x10, 0x4, 0xf0,
    0x6e, 0x0, 0x2, 0xf1, 0x6d, 0x0, 0x1, 0xf2,
    0x6d, 0x0, 0x1, 0xf2, 0x5e, 0x0, 0x2, 0xf1,
    0x2f, 0x20, 0x5, 0xf0, 0xd, 0x80, 0xb, 0xa0,
    0x5, 0xfa, 0xbf, 0x30, 0x0, 0x4c, 0xb3, 0x0,
    0x0, 0x0, 0x0, 0x0,

    /* U+0031 "1" */
    0x0, 0x6c, 0x3, 0xfc, 0x4f, 0xcc, 0x74, 0x8c,
    0x0, 0x8c, 0x0, 0x8c, 0x0, 0x8c, 0x0, 0x8c,
    0x0, 0x8c, 0x0, 0x8c, 0x0, 0x8c, 0x0, 0x8c,

    /* U+0032 "2" */
    0x0, 0x0, 0x0, 0x0, 0x1, 0xbf, 0xfa, 0x0,
    0xc, 0xe7, 0x7f, 0x80, 0x4f, 0x20, 0x8, 0xd0,
    0x2, 0x0, 0x7, 0xd0, 0x0, 0x0, 0xb, 0xa0,
    0x0, 0x0, 0x3f, 0x30, 0x0, 0x0, 0xda, 0x0,
    0x0, 0x8, 0xe1, 0x0, 0x0, 0x4f, 0x40, 0x0,
    0x2, 0xe8, 0x0, 0x0, 0xd, 0xe3, 0x33, 0x30,
    0x2f, 0xff, 0xff, 0xf1,

    /* U+0033 "3" */
    0x0, 0x5b, 0xb6, 0x0, 0x6, 0xe7, 0x8f, 0x70,
    0xe, 0x40, 0x8, 0xd0, 0x4, 0x0, 0x6, 0xd0,
    0x0, 0x0, 0x1d, 0x80, 0x0, 0x9, 0xfb, 0x0,
    0x0, 0x4, 0x9f, 0x50, 0x0, 0x0, 0x8, 0xe0,
    0x3, 0x0, 0x4, 0xf0, 0x3f, 0x20, 0x7, 0xe0,
    0xc, 0xd6, 0x6f, 0x70, 0x1, 0xaf, 0xe7, 0x0,

    /* U+0034 "4" */
    0x0, 0x0, 0x1f, 0x30, 0x0, 0x0, 0xbf, 0x30,
    0x0, 0x5, 0xff, 0x30, 0x0, 0xe, 0x6f, 0x30,
    0x0, 0x9c, 0xf, 0x30, 0x3, 0xf2, 0xf, 0x30,
    0xd, 0x70, 0xf, 0x30, 0x7d, 0x0, 0xf, 0x30,
    0xcf, 0xff, 0xff, 0xfa, 0x22, 0x22, 0x2f, 0x51,
    0x0, 0x0, 0xf, 0x30, 0x0, 0x0, 0xf, 0x30,

    /* U+0035 "5" */
    0x5, 0xff, 0xff, 0xb0, 0x8, 0xb3, 0x33, 0x20,
    0xb, 0x70, 0x0, 0x0, 0xe, 0x40, 0x0, 0x0,
    0x1f, 0xcf, 0xe8, 0x0, 0x4f, 0x84, 0x7f, 0x70,
    0x12, 0x0, 0x8, 0xe0, 0x0, 0x0, 0x4, 0xf0,
    0x22, 0x0, 0x4, 0xf0, 0x9b, 0x0, 0xa, 0xc0,
    0x3f, 0x95, 0xaf, 0x50, 0x5, 0xdf, 0xc4, 0x0,

    /* U+0036 "6" */
    0x0, 0x0, 0xe8, 0x0, 0x0, 0x8, 0xe0, 0x0,
    0x0, 0x1f, 0x50, 0x0, 0x0, 0xac, 0x0, 0x0,
    0x4, 0xfb, 0xa7, 0x0, 0xc, 0xfc, 0xcf, 0xc0,
    0x2f, 0x80, 0x4, 0xf5, 0x5f, 0x10, 0x0, 0xd8,
    0x5f, 0x0, 0x0, 0xc8, 0x2f, 0x30, 0x1, 0xf5,
    0xb, 0xd5, 0x4c, 0xd0, 0x0, 0x9e, 0xfc, 0x20,

    /* U+0037 "7" */
    0x5f, 0xff, 0xff, 0xf6, 0x13, 0x33, 0x35, 0xf3,
    0x0, 0x0, 0x9, 0xb0, 0x0, 0x0, 0x1f, 0x30,
    0x0, 0x0, 0x7c, 0x0, 0x0, 0x0, 0xe5, 0x0,
    0x0, 0x4, 0xf0, 0x0, 0x0, 0xa, 0xa0, 0x0,
    0x0, 0xe, 0x50, 0x0, 0x0, 0x4f, 0x0, 0x0,
    0x0, 0x8d, 0x0, 0x0, 0x0, 0xc9, 0x0, 0x0,

    /* U+0038 "8" */
    0x1, 0xbf, 0xe8, 0x0, 0xc, 0xa4, 0x6f, 0x70,
    0x1f, 0x0, 0x8, 0xc0, 0x2f, 0x0, 0x7, 0xc0,
    0xe, 0x80, 0x1d, 0x70, 0x4, 0xff, 0xfa, 0x0,
    0xd, 0xb5, 0x7e, 0x70, 0x6e, 0x0, 0x4, 0xf0,
    0x8b, 0x0, 0x1, 0xf2, 0x7e, 0x0, 0x6, 0xf1,
    0x2f, 0xc8, 0xaf, 0xa0, 0x4, 0xcf, 0xfa, 0x10,

    /* U+0039 "9" */
    0x2, 0xbf, 0xe7, 0x0, 0x1e, 0xc6, 0x8f, 0x70,
    0x7e, 0x10, 0x9, 0xe0, 0xab, 0x0, 0x5, 0xf0,
    0xab, 0x0, 0x7, 0xe0, 0x6f, 0x30, 0x1e, 0xa0,
    0xc, 0xfc, 0xff, 0x30, 0x0, 0x47, 0xeb, 0x0,
    0x0, 0x4, 0xf3, 0x0, 0x0, 0xb, 0xb0, 0x0,
    0x0, 0x3f, 0x20, 0x0, 0x0, 0xba, 0x0, 0x0,

    /* U+003A ":" */
    0xe9, 0x64, 0x0, 0x0, 0x0, 0x0, 0x64, 0xe9,

    /* U+0041 "A" */
    0x0, 0xd, 0xb0, 0x0, 0x0, 0x1f, 0xf0, 0x0,
    0x0, 0x5f, 0xf3, 0x0, 0x0, 0x9a, 0xd7, 0x0,
    0x0, 0xd7, 0x9b, 0x0, 0x1, 0xf3, 0x5f, 0x0,
    0x6, 0xf0, 0x2f, 0x40, 0xa, 0xff, 0xff, 0x80,
    0xe, 0x93, 0x3a, 0xc0, 0x2f, 0x40, 0x6, 0xf0,
    0x6f, 0x0, 0x2, 0xf4, 0xac, 0x0, 0x0, 0xe8,

    /* U+0042 "B" */
    0x5f, 0xff, 0xe9, 0x0, 0x5f, 0x54, 0x6e, 0xa0,
    0x5f, 0x20, 0x7, 0xf0, 0x5f, 0x20, 0x7, 0xf0,
    0x5f, 0x20, 0x2d, 0xb0, 0x5f, 0xff, 0xfd, 0x10,
    0x5f, 0x53, 0x6e, 0xb0, 0x5f, 0x20, 0x4, 0xf3,
    0x5f, 0x20, 0x2, 0xf5, 0x5f, 0x20, 0x5, 0xf4,
    0x5f, 0x54, 0x6e, 0xe0, 0x5f, 0xff, 0xea, 0x20,

    /* U+0043 "C" */
    0x0, 0x6d, 0xfa, 0x10, 0x5, 0xf8, 0x5d, 0xb0,
    0xd, 0xa0, 0x4, 0xf2, 0x2f, 0x40, 0x1, 0xf4,
    0x5f, 0x20, 0x0, 0x51, 0x6f, 0x10, 0x0, 0x0,
    0x6f, 0x10, 0x0, 0x0, 0x6f, 0x10, 0x0, 0xc5,
    0x3f, 0x40, 0x1, 0xf5, 0xf, 0x90, 0x5, 0xf1,
    0x7, 0xf8, 0x6e, 0xa0, 0x0, 0x7e, 0xfa, 0x0,

    /* U+0044 "D" */
    0x5f, 0xff, 0xb3, 0x0, 0x5f, 0x55, 0xcf, 0x40,
    0x5f, 0x20, 0xd, 0xc0, 0x5f, 0x20, 0x7, 0xf1,
    0x5f, 0x20, 0x4, 0xf3, 0x5f, 0x20, 0x3, 0xf4,
    0x5f, 0x20, 0x3, 0xf4, 0x5f, 0x20, 0x4, 0xf3,
    0x5f, 0x20, 0x7, 0xf1, 0x5f, 0x20, 0xd, 0xb0,
    0x5f, 0x55, 0xcf, 0x30, 0x5f, 0xff, 0xb2, 0x0,

    /* U+0045 "E" */
    0x2f, 0xff, 0xff, 0xf0, 0x2f, 0x84, 0x44, 0x40,
    0x2f, 0x50, 0x0, 0x0, 0x2f, 0x50, 0x0, 0x0,
    0x2f, 0x50, 0x0, 0x0, 0x2f, 0xff, 0xff, 0x90,
    0x2f, 0x73, 0x33, 0x10, 0x2f, 0x50, 0x0, 0x0,
    0x2f, 0x50, 0x0, 0x0, 0x2f, 0x50, 0x0, 0x0,
    0x2f, 0x74, 0x44, 0x41, 0x2f, 0xff, 0xff, 0xf4,

    /* U+0046 "F" */
    0x4f, 0xff, 0xff, 0xf5, 0x4f, 0x64, 0x44, 0x41,
    0x4f, 0x30, 0x0, 0x0, 0x4f, 0x30, 0x0, 0x0,
    0x4f, 0x30, 0x0, 0x0, 0x4f, 0x30, 0x0, 0x0,
    0x4f, 0xff, 0xff, 0x10, 0x4f, 0x63, 0x33, 0x0,
    0x4f, 0x30, 0x0, 0x0, 0x4f, 0x30, 0x0, 0x0,
    0x4f, 0x30, 0x0, 0x0, 0x4f, 0x30, 0x0, 0x0,

    /* U+0047 "G" */
    0x0, 0x7e, 0xf9, 0x0, 0x6, 0xf7, 0x6f, 0x70,
    0xe, 0x80, 0x8, 0xe0, 0x2f, 0x40, 0x4, 0xf0,
    0x5f, 0x20, 0x0, 0x20, 0x6f, 0x10, 0x0, 0x0,
    0x6f, 0x11, 0xff, 0xf2, 0x6f, 0x10, 0x35, 0xf2,
    0x4f, 0x40, 0x2, 0xf2, 0xf, 0x90, 0x5, 0xf2,
    0x7, 0xf8, 0x6e, 0xf2, 0x0, 0x8e, 0xe7, 0xf2,

    /* U+0048 "H" */
    0x5f, 0x20, 0x5, 0xf2, 0x5f, 0x20, 0x5, 0xf2,
    0x5f, 0x20, 0x5, 0xf2, 0x5f, 0x20, 0x5, 0xf2,
    0x5f, 0x20, 0x5, 0xf2, 0x5f, 0xff, 0xff, 0xf2,
    0x5f, 0x53, 0x37, 0xf2, 0x5f, 0x20, 0x5, 0xf2,
    0x5f, 0x20, 0x5, 0xf2, 0x5f, 0x20, 0x5, 0xf2,
    0x5f, 0x20, 0x5, 0xf2, 0x5f, 0x20, 0x5, 0xf2,

    /* U+0049 "I" */
    0xda, 0xda, 0xda, 0xda, 0xda, 0xda, 0xda, 0xda,
    0xda, 0xda, 0xda, 0xda,

    /* U+004A "J" */
    0x0, 0x0, 0x7, 0xf0, 0x0, 0x0, 0x7f, 0x0,
    0x0, 0x7, 0xf0, 0x0, 0x0, 0x7f, 0x0, 0x0,
    0x7, 0xf0, 0x0, 0x0, 0x7f, 0x0, 0x0, 0x7,
    0xf2, 0xa2, 0x0, 0x7f, 0x2f, 0x40, 0x7, 0xf0,
    0xf7, 0x0, 0xad, 0xa, 0xf7, 0x9f, 0x70, 0x9,
    0xee, 0x80,

    /* U+004B "K" */
    0x5f, 0x20, 0xa, 0xe1, 0x5f, 0x20, 0x5f, 0x50,
    0x5f, 0x21, 0xe9, 0x0, 0x5f, 0x2b, 0xd0, 0x0,
    0x5f, 0x8f, 0x40, 0x0, 0x5f, 0xff, 0x70, 0x0,
    0x5f, 0xca, 0xe0, 0x0, 0x5f, 0x32, 0xf6, 0x0,
    0x5f, 0x20, 0xbe, 0x0, 0x5f, 0x20, 0x3f, 0x60,
    0x5f, 0x20, 0xb, 0xd0, 0x5f, 0x20, 0x3, 0xf6,

    /* U+004C "L" */
    0x4f, 0x30, 0x0, 0x0, 0x4f, 0x30, 0x0, 0x0,
    0x4f, 0x30, 0x0, 0x0, 0x4f, 0x30, 0x0, 0x0,
    0x4f, 0x30, 0x0, 0x0, 0x4f, 0x30, 0x0, 0x0,
    0x4f, 0x30, 0x0, 0x0, 0x4f, 0x30, 0x0, 0x0,
    0x4f, 0x30, 0x0, 0x0, 0x4f, 0x30, 0x0, 0x0,
    0x4f, 0x64, 0x44, 0x41, 0x4f, 0xff, 0xff, 0xf4,

    /* U+004D "M" */
    0x7f, 0x90, 0xb, 0xf5, 0x7f, 0xc0, 0xe, 0xf5,
    0x7f, 0xe0, 0xf, 0xf5, 0x7e, 0xf1, 0x3e, 0xf5,
    0x7d, 0xd4, 0x6b, 0xf5, 0x7d, 0xa6, 0x88, 0xf5,
    0x7d, 0x89, 0xb6, 0xf5, 0x7d, 0x5c, 0xe3, 0xf5,
    0x7d, 0x2f, 0xf0, 0xf5, 0x7d, 0xf, 0xd0, 0xf5,
    0x7d, 0xd, 0xb0, 0xf5, 0x7d, 0xa, 0x80, 0xf5,

    /* U+004E "N" */
    0x6f, 0x60, 0x5, 0xf2, 0x6f, 0xc0, 0x5, 0xf2,
    0x6f, 0xf2, 0x5, 0xf2, 0x6f, 0xd9, 0x5, 0xf2,
    0x6f, 0x7e, 0x5, 0xf2, 0x6f, 0x1f, 0x55, 0xf2,
    0x6f, 0x19, 0xc5, 0xf2, 0x6f, 0x13, 0xf7, 0xf2,
    0x6f, 0x10, 0xdd, 0xf2, 0x6f, 0x10, 0x6f, 0xf2,
    0x6f, 0x10, 0x1f, 0xf2, 0x6f, 0x10, 0xa, 0xf2,

    /* U+004F "O" */
    0x0, 0x9f, 0xe8, 0x0, 0xa, 0xf6, 0x7f, 0x80,
    0x2f, 0x60, 0x9, 0xe0, 0x5f, 0x10, 0x4, 0xf2,
    0x7f, 0x0, 0x2, 0xf4, 0x8f, 0x0, 0x2, 0xf5,
    0x8f, 0x0, 0x2, 0xf5, 0x7f, 0x0, 0x2, 0xf4,
    0x5f, 0x10, 0x4, 0xf2, 0x1f, 0x60, 0x9, 0xe0,
    0xa, 0xf6, 0x7f, 0x70, 0x0, 0x9f, 0xe8, 0x0,

    /* U+0050 "P" */
    0x3f, 0xff, 0xea, 0x10, 0x3f, 0x74, 0x6d, 0xc0,
    0x3f, 0x40, 0x4, 0xf3, 0x3f, 0x40, 0x1, 0xf5,
    0x3f, 0x40, 0x3, 0xf3, 0x3f, 0x40, 0x2b, 0xe0,
    0x3f, 0xff, 0xfe, 0x30, 0x3f, 0x63, 0x20, 0x0,
    0x3f, 0x40, 0x0, 0x0, 0x3f, 0x40, 0x0, 0x0,
    0x3f, 0x40, 0x0, 0x0, 0x3f, 0x40, 0x0, 0x0,

    /* U+0051 "Q" */
    0x0, 0x9f, 0xe8, 0x0, 0xa, 0xf6, 0x7f, 0x80,
    0x2f, 0x60, 0x9, 0xe0, 0x5f, 0x10, 0x4, 0xf2,
    0x7f, 0x0, 0x2, 0xf4, 0x8f, 0x0, 0x2, 0xf5,
    0x8f, 0x0, 0x2, 0xf5, 0x7f, 0x0, 0x73, 0xf4,
    0x5f, 0x10, 0xfb, 0xf2, 0x1f, 0x60, 0x8f, 0xe0,
    0xa, 0xf6, 0x8f, 0x90, 0x0, 0x9f, 0xed, 0xc0,
    0x0, 0x0, 0x2, 0x30,

    /* U+0052 "R" */
    0x5f, 0xff, 0xe9, 0x0, 0x5f, 0x54, 0x7f, 0xb0,
    0x5f, 0x20, 0x7, 0xf1, 0x5f, 0x20, 0x4, 0xf2,
    0x5f, 0x20, 0x6, 0xf1, 0x5f, 0x20, 0x3d, 0xc0,
    0x5f, 0xff, 0xfd, 0x20, 0x5f, 0x54, 0xf5, 0x0,
    0x5f, 0x20, 0xad, 0x0, 0x5f, 0x20, 0x2f, 0x40,
    0x5f, 0x20, 0xb, 0xc0, 0x5f, 0x20, 0x3, 0xf4,

    /* U+0053 "S" */
    0x0, 0x9e, 0xe9, 0x0, 0xa, 0xe6, 0x8f, 0x60,
    0xf, 0x50, 0xa, 0xc0, 0x2f, 0x50, 0x2, 0x50,
    0xd, 0xe4, 0x0, 0x0, 0x2, 0xcf, 0xc3, 0x0,
    0x0, 0x5, 0xdf, 0x50, 0x0, 0x0, 0xb, 0xf0,
    0x5d, 0x0, 0x4, 0xf3, 0x4f, 0x30, 0x5, 0xf1,
    0xd, 0xd5, 0x6e, 0xb0, 0x2, 0xbe, 0xe9, 0x10,

    /* U+0054 "T" */
    0x5f, 0xff, 0xff, 0xf2, 0x14, 0x4d, 0xb4, 0x40,
    0x0, 0xd, 0xa0, 0x0, 0x0, 0xd, 0xa0, 0x0,
    0x0, 0xd, 0xa0, 0x0, 0x0, 0xd, 0xa0, 0x0,
    0x0, 0xd, 0xa0, 0x0, 0x0, 0xd, 0xa0, 0x0,
    0x0, 0xd, 0xa0, 0x0, 0x0, 0xd, 0xa0, 0x0,
    0x0, 0xd, 0xa0, 0x0, 0x0, 0xd, 0xa0, 0x0,

    /* U+0055 "U" */
    0x5f, 0x20, 0x4, 0xf3, 0x5f, 0x20, 0x4, 0xf3,
    0x5f, 0x20, 0x4, 0xf3, 0x5f, 0x20, 0x4, 0xf3,
    0x5f, 0x20, 0x4, 0xf3, 0x5f, 0x20, 0x4, 0xf3,
    0x5f, 0x20, 0x4, 0xf3, 0x5f, 0x20, 0x4, 0xf3,
    0x4f, 0x20, 0x4, 0xf2, 0x2f, 0x40, 0x7, 0xf0,
    0xc, 0xe5, 0x6e, 0xa0, 0x1, 0xbe, 0xea, 0x10,

    /* U+0056 "V" */
    0xbb, 0x0, 0x0, 0xf7, 0x7f, 0x0, 0x3, 0xf3,
    0x3f, 0x30, 0x7, 0xf0, 0xf, 0x70, 0xb, 0xb0,
    0xb, 0xb0, 0xf, 0x70, 0x7, 0xe0, 0x3f, 0x30,
    0x2, 0xf2, 0x6e, 0x0, 0x0, 0xe6, 0xaa, 0x0,
    0x0, 0xaa, 0xe6, 0x0, 0x0, 0x6f, 0xf2, 0x0,
    0x0, 0x2f, 0xe0, 0x0, 0x0, 0xe, 0xa0, 0x0,

    /* U+0057 "W" */
    0xe7, 0xe, 0x90, 0xba, 0xc9, 0xf, 0xb0, 0xd8,
    0xaa, 0x1f, 0xd0, 0xe6, 0x8b, 0x3c, 0xf0, 0xf4,
    0x6d, 0x5a, 0xe3, 0xf2, 0x4e, 0x78, 0xc6, 0xf0,
    0x3f, 0xa6, 0xa9, 0xf0, 0x1f, 0xd4, 0x8d, 0xd0,
    0xf, 0xf2, 0x6f, 0xb0, 0xd, 0xf0, 0x4f, 0x90,
    0xb, 0xe0, 0x2f, 0x70, 0x9, 0xc0, 0xf, 0x50,

    /* U+0058 "X" */
    0x3f, 0x40, 0x8, 0xe0, 0xb, 0xa0, 0xe, 0x70,
    0x4, 0xf1, 0x5f, 0x10, 0x0, 0xd8, 0xc9, 0x0,
    0x0, 0x5f, 0xf2, 0x0, 0x0, 0xe, 0xb0, 0x0,
    0x0, 0x3f, 0xe0, 0x0, 0x0, 0xab, 0xe6, 0x0,
    0x2, 0xf4, 0x8d, 0x0, 0x9, 0xd0, 0x1f, 0x50,
    0x1f, 0x60, 0xa, 0xc0, 0x8e, 0x0, 0x3, 0xf4,

    /* U+0059 "Y" */
    0x8e, 0x0, 0x1, 0xf5, 0x1f, 0x50, 0x8, 0xe0,
    0xa, 0xc0, 0xe, 0x70, 0x3, 0xf2, 0x5f, 0x0,
    0x0, 0xb9, 0xc8, 0x0, 0x0, 0x4f, 0xf2, 0x0,
    0x0, 0xe, 0xb0, 0x0, 0x0, 0xd, 0xa0, 0x0,
    0x0, 0xd, 0xa0, 0x0, 0x0, 0xd, 0xa0, 0x0,
    0x0, 0xd, 0xa0, 0x0, 0x0, 0xd, 0xa0, 0x0,

    /* U+005A "Z" */
    0x1f, 0xff, 0xff, 0xf1, 0x4, 0x44, 0x4b, 0xe0,
    0x0, 0x0, 0x1f, 0x60, 0x0, 0x0, 0x9d, 0x0,
    0x0, 0x2, 0xf5, 0x0, 0x0, 0xa, 0xc0, 0x0,
    0x0, 0x2f, 0x40, 0x0, 0x0, 0xbb, 0x0, 0x0,
    0x3, 0xf3, 0x0, 0x0, 0xc, 0xa0, 0x0, 0x0,
    0x4f, 0x64, 0x44, 0x41, 0x7f, 0xff, 0xff, 0xf4,

    /* U+0061 "a" */
    0x1, 0xae, 0xe9, 0x0, 0xa, 0xd4, 0x4e, 0x70,
    0x6, 0x30, 0xb, 0xa0, 0x0, 0x6b, 0xef, 0xb0,
    0xd, 0xd8, 0x59, 0xb0, 0x4f, 0x20, 0xa, 0xb0,
    0x2f, 0x51, 0x8f, 0xb0, 0x7, 0xee, 0xa9, 0xe0,

    /* U+0062 "b" */
    0x4f, 0x0, 0x0, 0x0, 0x4f, 0x0, 0x0, 0x0,
    0x4f, 0x0, 0x0, 0x0, 0x4f, 0x0, 0x0, 0x0,
    0x4f, 0x5e, 0xf8, 0x0, 0x4f, 0xd4, 0x6f, 0x60,
    0x4f, 0x40, 0x9, 0xd0, 0x4f, 0x0, 0x5, 0xf0,
    0x4f, 0x0, 0x5, 0xf0, 0x4f, 0x40, 0x8, 0xd0,
    0x4f, 0xd4, 0x6f, 0x70, 0x4f, 0x6e, 0xe8, 0x0,

    /* U+0063 "c" */
    0x0, 0xaf, 0xe9, 0x0, 0xb, 0xd5, 0x5e, 0x90,
    0x3f, 0x30, 0x5, 0x90, 0x5f, 0x0, 0x0, 0x0,
    0x5f, 0x0, 0x1, 0x30, 0x3f, 0x30, 0x6, 0xf0,
    0xb, 0xd5, 0x5d, 0x90, 0x0, 0xaf, 0xe9, 0x0,

    /* U+0064 "d" */
    0x0, 0x0, 0x6, 0xe0, 0x0, 0x0, 0x6e, 0x0,
    0x0, 0x6, 0xe0, 0x0, 0x0, 0x6e, 0x2, 0xbf,
    0xc8, 0xe0, 0xcd, 0x47, 0xfe, 0x3f, 0x30, 0xa,
    0xe5, 0xf0, 0x0, 0x7e, 0x6f, 0x0, 0x6, 0xe3,
    0xf2, 0x0, 0x9e, 0xd, 0xb2, 0x5f, 0xe0, 0x2b,
    0xfc, 0x9e,

    /* U+0065 "e" */
    0x0, 0x9e, 0xe8, 0x0, 0xa, 0xd3, 0x4e, 0x80,
    0x2f, 0x40, 0x8, 0xe0, 0x4f, 0xff, 0xff, 0xf0,
    0x4f, 0x22, 0x22, 0x20, 0x2f, 0x30, 0x3, 0xa0,
    0xa, 0xd5, 0x4d, 0xb0, 0x0, 0x9e, 0xe9, 0x10,

    /* U+0066 "f" */
    0x0, 0x4, 0xdf, 0xd1, 0x0, 0xf, 0x84, 0x61,
    0x0, 0x2f, 0x10, 0x0, 0x0, 0x3f, 0x10, 0x0,
    0x5f, 0xff, 0xff, 0xa0, 0x1, 0x3f, 0x11, 0x0,
    0x0, 0x3f, 0x10, 0x0, 0x0, 0x3f, 0x10, 0x0,
    0x0, 0x3f, 0x10, 0x0, 0x0, 0x3f, 0x10, 0x0,
    0x0, 0x3f, 0x10, 0x0, 0x0, 0x3f, 0x10, 0x0,

    /* U+0067 "g" */
    0x0, 0x0, 0x0, 0x0, 0x0, 0xaf, 0xd7, 0xd6,
    0x8, 0xc3, 0x8f, 0x21, 0xc, 0x70, 0x1f, 0x20,
    0x9, 0xb0, 0x6f, 0x0, 0x5, 0xff, 0xf5, 0x0,
    0xf, 0x12, 0x0, 0x0, 0xe, 0x93, 0x31, 0x0,
    0x8, 0xff, 0xff, 0xb0, 0x4e, 0x10, 0x4, 0xf1,
    0x9, 0xef, 0xec, 0x60,

    /* U+0068 "h" */
    0x2f, 0x20, 0x0, 0x2, 0xf2, 0x0, 0x0, 0x2f,
    0x20, 0x0, 0x2, 0xf2, 0x0, 0x0, 0x2f, 0x3b,
    0xfd, 0x32, 0xfd, 0x72, 0xbc, 0x2f, 0x90, 0x4,
    0xf2, 0xf4, 0x0, 0x4f, 0x2f, 0x20, 0x4, 0xf2,
    0xf2, 0x0, 0x4f, 0x2f, 0x20, 0x4, 0xf2, 0xf2,
    0x0, 0x4f,

    /* U+0069 "i" */
    0xc8, 0x96, 0x0, 0x0, 0xc8, 0xc8, 0xc8, 0xc8,
    0xc8, 0xc8, 0xc8, 0xc8,

    /* U+006A "j" */
    0x0, 0x8, 0xc0, 0x0, 0x69, 0x0, 0x0, 0x0,
    0x0, 0x0, 0x0, 0x8, 0xc0, 0x0, 0x8c, 0x0,
    0x8, 0xc0, 0x0, 0x8c, 0x0, 0x8, 0xc0, 0x0,
    0x8c, 0x0, 0x8, 0xc0, 0x0, 0x8b, 0x55, 0x4d,
    0x86, 0xff, 0xa0,

    /* U+006B "k" */
    0x1f, 0x30, 0x0, 0x0, 0x1f, 0x30, 0x0, 0x0,
    0x1f, 0x30, 0x0, 0x0, 0x1f, 0x30, 0x0, 0x0,
    0x1f, 0x30, 0x2f, 0x60, 0x1f, 0x31, 0xe8, 0x0,
    0x1f, 0x3d, 0xa0, 0x0, 0x1f, 0xde, 0xd0, 0x0,
    0x1f, 0xc1, 0xe6, 0x0, 0x1f, 0x30, 0x6e, 0x0,
    0x1f, 0x30, 0xe, 0x70, 0x1f, 0x30, 0x6, 0xf1,

    /* U+006C "l" */
    0xb9, 0xb9, 0xb9, 0xb9, 0xb9, 0xb9, 0xb9, 0xb9,
    0xb9, 0xb9, 0xb9, 0xb9,

    /* U+006D "m" */
    0xc9, 0xde, 0x5d, 0xe3, 0xce, 0x4d, 0xf4, 0xc9,
    0xc9, 0xb, 0xa0, 0xaa, 0xc8, 0xb, 0x90, 0xaa,
    0xc8, 0xb, 0x90, 0xaa, 0xc8, 0xb, 0x90, 0xaa,
    0xc8, 0xb, 0x90, 0xaa, 0xc8, 0xb, 0x90, 0xaa,

    /* U+006E "n" */
    0x2f, 0x3b, 0xfd, 0x32, 0xfe, 0x50, 0xac, 0x2f,
    0x80, 0x4, 0xf2, 0xf3, 0x0, 0x4f, 0x2f, 0x20,
    0x4, 0xf2, 0xf2, 0x0, 0x4f, 0x2f, 0x20, 0x4,
    0xf2, 0xf2, 0x0, 0x4f,

    /* U+006F "o" */
    0x0, 0x9f, 0xe8, 0x0, 0xa, 0xe5, 0x5e, 0x80,
    0x2f, 0x40, 0x6, 0xf1, 0x5f, 0x0, 0x2, 0xf3,
    0x5f, 0x0, 0x2, 0xf3, 0x2f, 0x30, 0x5, 0xf1,
    0xa, 0xd5, 0x5e, 0x80, 0x0, 0x9f, 0xe8, 0x0,

    /* U+0070 "p" */
    0x4f, 0x7e, 0xe8, 0x0, 0x4f, 0xc2, 0x4e, 0x70,
    0x4f, 0x30, 0x8, 0xd0, 0x4f, 0x0, 0x5, 0xf0,
    0x4f, 0x10, 0x5, 0xf0, 0x4f, 0x40, 0x9, 0xd0,
    0x4f, 0xd4, 0x6f, 0x60, 0x4f, 0x5e, 0xf8, 0x0,
    0x4f, 0x0, 0x0, 0x0, 0x4f, 0x0, 0x0, 0x0,

    /* U+0071 "q" */
    0x1, 0xbf, 0xc8, 0xe0, 0xdc, 0x47, 0xfe, 0x3f,
    0x20, 0xa, 0xe6, 0xf0, 0x0, 0x6e, 0x5f, 0x0,
    0x6, 0xe3, 0xf3, 0x0, 0xae, 0xc, 0xc4, 0x7f,
    0xe0, 0x2c, 0xfc, 0x8e, 0x0, 0x0, 0x6, 0xe0,
    0x0, 0x0, 0x6e,

    /* U+0072 "r" */
    0x6e, 0x8, 0xe3, 0x6e, 0xbb, 0x61, 0x6f, 0xa0,
    0x0, 0x6f, 0x10, 0x0, 0x6e, 0x0, 0x0, 0x6e,
    0x0, 0x0, 0x6e, 0x0, 0x0, 0x6e, 0x0, 0x0,

    /* U+0073 "s" */
    0x1a, 0xee, 0xa0, 0xac, 0x34, 0xd8, 0xc9, 0x0,
    0x22, 0x6f, 0xc8, 0x40, 0x2, 0x7b, 0xf7, 0x82,
    0x0, 0x8d, 0xbb, 0x33, 0xcb, 0x1a, 0xef, 0xb1,

    /* U+0074 "t" */
    0x0, 0x36, 0x0, 0x0, 0x7, 0xd0, 0x0, 0x0,
    0x7d, 0x0, 0x9, 0xff, 0xff, 0xf6, 0x1, 0x7d,
    0x11, 0x0, 0x7, 0xd0, 0x0, 0x0, 0x7d, 0x0,
    0x0, 0x7, 0xd0, 0x0, 0x0, 0x6d, 0x0, 0x0,
    0x3, 0xf5, 0x46, 0x0, 0x6, 0xef, 0xb0,

    /* U+0075 "u" */
    0x2f, 0x20, 0x4, 0xf2, 0xf2, 0x0, 0x4f, 0x2f,
    0x20, 0x4, 0xf2, 0xf2, 0x0, 0x4f, 0x2f, 0x20,
    0x5, 0xf1, 0xf2, 0x0, 0xaf, 0xe, 0x80, 0x6e,
    0xf0, 0x4e, 0xfa, 0x5f,

    /* U+0076 "v" */
    0x4f, 0x0, 0x4, 0xf0, 0xe, 0x50, 0x9, 0xb0,
    0x9, 0xa0, 0xe, 0x50, 0x4, 0xf0, 0x3f, 0x0,
    0x0, 0xf4, 0x8b, 0x0, 0x0, 0xa9, 0xd6, 0x0,
    0x0, 0x4f, 0xf1, 0x0, 0x0, 0xf, 0xb0, 0x0,

    /* U+0077 "w" */
    0xd7, 0xe, 0xa0, 0xb9, 0xa9, 0xf, 0xc0, 0xd6,
    0x7c, 0x3b, 0xe0, 0xf3, 0x4e, 0x68, 0xc4, 0xf0,
    0x1f, 0x96, 0xa9, 0xc0, 0xd, 0xe3, 0x7e, 0x90,
    0xa, 0xf0, 0x4f, 0x60, 0x7, 0xe0, 0x2f, 0x30,

    /* U+0078 "x" */
    0xe, 0x80, 0xc, 0xb0, 0x5, 0xf1, 0x5f, 0x20,
    0x0, 0xb9, 0xd7, 0x0, 0x0, 0x2f, 0xd0, 0x0,
    0x0, 0x3f, 0xe1, 0x0, 0x0, 0xd8, 0xc9, 0x0,
    0x7, 0xe0, 0x3f, 0x30, 0x2f, 0x50, 0x9, 0xd0,

    /* U+0079 "y" */
    0x5f, 0x10, 0x4, 0xf1, 0xf, 0x60, 0x9, 0xb0,
    0x9, 0xb0, 0xe, 0x50, 0x4, 0xf1, 0x4f, 0x0,
    0x0, 0xe6, 0x9a, 0x0, 0x0, 0x8c, 0xe4, 0x0,
    0x0, 0x3f, 0xe0, 0x0, 0x0, 0xd, 0x90, 0x0,
    0x4, 0x5f, 0x30, 0x0, 0xa, 0xf8, 0x0, 0x0,

    /* U+007A "z" */
    0xe, 0xff, 0xff, 0xa0, 0x1, 0x14, 0xf4, 0x0,
    0x0, 0xd9, 0x0, 0x0, 0xad, 0x0, 0x0, 0x5f,
    0x20, 0x0, 0x2f, 0x60, 0x0, 0xc, 0xb1, 0x11,
    0x2, 0xff, 0xff, 0xff,

    /* U+2026 "…" */
    0x8f, 0xf0, 0x4, 0xff, 0x30, 0x2f, 0xf5, 0x8f,
    0xf0, 0x4, 0xff, 0x30, 0x2f, 0xf5, 0x5a, 0x90,
    0x2, 0xaa, 0x10, 0x1a, 0xa3,

    /* U+3002 "。" */
    0x7, 0x60, 0xa5, 0x69, 0xc0, 0xc, 0x7a, 0xb6,
    0x2, 0x20,

    /* U+4E0A "上" */
    0x0, 0x0, 0x0, 0x3b, 0x10, 0x0, 0x0, 0x0,
    0x0, 0x0, 0x0, 0x4f, 0x10, 0x0, 0x0, 0x0,
    0x0, 0x0, 0x0, 0x4f, 0x10, 0x0, 0x0, 0x0,
    0x0, 0x0, 0x0, 0x4f, 0x10, 0x0, 0x0, 0x0,
    0x0, 0x0, 0x0, 0x4f, 0x11, 0x11, 0x11, 0x0,
    0x0, 0x0, 0x0, 0x4f, 0xff, 0xff, 0xff, 0x0,
    0x0, 0x0, 0x0, 0x4f, 0x33, 0x33, 0x33, 0x0,
    0x0, 0x0, 0x0, 0x4f, 0x10, 0x0, 0x0, 0x0,
    0x0, 0x0, 0x0, 0x4f, 0x10, 0x0, 0x0, 0x0,
    0x0, 0x0, 0x0, 0x4f, 0x10, 0x0, 0x0, 0x0,
    0x0, 0x0, 0x0, 0x4f, 0x10, 0x0, 0x0, 0x0,
    0x0, 0x0, 0x0, 0x4f, 0x10, 0x0, 0x0, 0x0,
    0x5, 0x44, 0x44, 0x7f, 0x54, 0x44, 0x44, 0x51,
    0x1f, 0xee, 0xee, 0xee, 0xee, 0xee, 0xee, 0xe2,

    /* U+4E0D "不" */
    0x0, 0x0, 0x0, 0x0, 0x0, 0x0, 0x0, 0x0,
    0xbf, 0xff, 0xff, 0xff, 0xff, 0xff, 0xff, 0x1,
    0x22, 0x22, 0x26, 0xf3, 0x22, 0x22, 0x20, 0x0,
    0x0, 0x0, 0xd8, 0x0, 0x0, 0x0, 0x0, 0x0,
    0x0, 0x9f, 0x40, 0x0, 0x0, 0x0, 0x0, 0x0,
    0x6e, 0xf4, 0x5d, 0x10, 0x0, 0x0, 0x0, 0x6f,
    0x3f, 0x40, 0xbe, 0x20, 0x0, 0x0, 0x8f, 0x40,
    0xf4, 0x0, 0xbe, 0x30, 0x2, 0xce, 0x30, 0xf,
    0x40, 0x0, 0xcf, 0x30, 0xcb, 0x10, 0x0, 0xf4,
    0x0, 0x0, 0xc4, 0x0, 0x0, 0x0, 0xf, 0x40,
    0x0, 0x0, 0x0, 0x0, 0x0, 0x0, 0xf4, 0x0,
    0x0, 0x0, 0x0, 0x0, 0x0, 0xf, 0x40, 0x0,
    0x0, 0x0, 0x0, 0x0, 0x0, 0xf4, 0x0, 0x0,
    0x0,

    /* U+4E22 "丢" */
    0x0, 0x0, 0x0, 0x0, 0x0, 0x0, 0x0, 0x0,
    0x13, 0x34, 0x55, 0x78, 0xad, 0xf9, 0x0, 0x4,
    0xdc, 0xcb, 0xce, 0x76, 0x43, 0x10, 0x0, 0x0,
    0x0, 0x5, 0xd0, 0x0, 0x0, 0x0, 0x7, 0xee,
    0xee, 0xff, 0xee, 0xee, 0xa0, 0x0, 0x12, 0x11,
    0x16, 0xd1, 0x11, 0x11, 0x0, 0x0, 0x0, 0x0,
    0x5d, 0x0, 0x0, 0x0, 0xc, 0xdd, 0xdd, 0xde,
    0xfd, 0xdd, 0xdd, 0xd4, 0x33, 0x33, 0x38, 0xa3,
    0x33, 0x33, 0x33, 0x10, 0x0, 0x0, 0xda, 0x0,
    0x20, 0x0, 0x0, 0x0, 0x0, 0x9c, 0x0, 0xe,
    0x80, 0x0, 0x0, 0x0, 0x5e, 0x10, 0x0, 0x5f,
    0x50, 0x0, 0x0, 0x6f, 0x62, 0x33, 0x44, 0xcf,
    0x40, 0x0, 0xa, 0xff, 0xed, 0xcb, 0xba, 0xce,
    0x10, 0x0, 0x11, 0x0, 0x0, 0x0, 0x0, 0x60,
    0x0,

    /* U+4E2D "中" */
    0x0, 0x0, 0x0, 0xf7, 0x0, 0x0, 0x0, 0x0,
    0x0, 0xf, 0x60, 0x0, 0x0, 0x0, 0x0, 0x0,
    0xe6, 0x0, 0x0, 0x1, 0xee, 0xee, 0xef, 0xfe,
    0xee, 0xe9, 0x1f, 0x51, 0x11, 0xe7, 0x11, 0x1b,
    0xa1, 0xf4, 0x0, 0xe, 0x60, 0x0, 0xba, 0x1f,
    0x40, 0x0, 0xe6, 0x0, 0xb, 0xa1, 0xf4, 0x0,
    0xe, 0x60, 0x0, 0xba, 0x1f, 0xff, 0xff, 0xff,
    0xff, 0xff, 0xa1, 0xb2, 0x0, 0xe, 0x60, 0x0,
    0x77, 0x0, 0x0, 0x0, 0xe6, 0x0, 0x0, 0x0,
    0x0, 0x0, 0xe, 0x60, 0x0, 0x0, 0x0, 0x0,
    0x0, 0xe6, 0x0, 0x0, 0x0, 0x0, 0x0, 0xe,
    0x60, 0x0, 0x0, 0x0, 0x0, 0x0, 0xf7, 0x0,
    0x0, 0x0,

    /* U+4E34 "临" */
    0x0, 0x2, 0xf3, 0x0, 0x8a, 0x10, 0x0, 0x0,
    0x0, 0x1, 0xf2, 0x0, 0xea, 0x0, 0x0, 0x0,
    0xc, 0x40, 0xf2, 0x6, 0xf4, 0x22, 0x22, 0x30,
    0xf, 0x50, 0xf2, 0x1e, 0xed, 0xdd, 0xde, 0xe0,
    0xe, 0x40, 0xf2, 0xad, 0x19, 0xa0, 0x0, 0x0,
    0xe, 0x40, 0xf6, 0xe2, 0x1, 0xcd, 0x10, 0x0,
    0xe, 0x40, 0xf2, 0x0, 0x0, 0xa, 0x30, 0x0,
    0xe, 0x40, 0xf2, 0x5f, 0xff, 0xff, 0xff, 0xe0,
    0xe, 0x40, 0xf2, 0x5f, 0x0, 0xf4, 0x6, 0xf0,
    0xe, 0x40, 0xf2, 0x4f, 0x0, 0xf4, 0x6, 0xf0,
    0xe, 0x40, 0xf2, 0x4f, 0x0, 0xf4, 0x6, 0xe0,
    0xf, 0x50, 0xf2, 0x4f, 0x0, 0xf4, 0x6, 0xe0,
    0xa, 0x31, 0xf2, 0x5f, 0xff, 0xff, 0xff, 0xf0,
    0x0, 0x2, 0xf2, 0x5f, 0x0, 0x0, 0x4, 0xc0,

    /* U+4EAE "亮" */
    0x0, 0x0, 0x0, 0x50, 0x0, 0x0, 0x0, 0x0,
    0x0, 0x0, 0x2f, 0x50, 0x0, 0x0, 0x0, 0x8f,
    0xee, 0xee, 0xff, 0xee, 0xee, 0xf8, 0x1, 0x21,
    0x11, 0x11, 0x11, 0x11, 0x12, 0x10, 0x0, 0x4b,
    0xbb, 0xbb, 0xbb, 0xb3, 0x0, 0x0, 0x5, 0xf2,
    0x22, 0x22, 0x4f, 0x40, 0x0, 0x0, 0x6f, 0xbb,
    0xbb, 0xbc, 0xf4, 0x0, 0x0, 0x1, 0x22, 0x22,
    0x22, 0x22, 0x0, 0x0, 0x44, 0x44, 0x44, 0x44,
    0x44, 0x44, 0x44, 0xf, 0xdb, 0xbb, 0xbb, 0xbb,
    0xbb, 0xbd, 0xe0, 0xf6, 0x0, 0x22, 0x22, 0x20,
    0x0, 0x6e, 0x1, 0x0, 0xe, 0xdb, 0xbf, 0x60,
    0x0, 0x0, 0x0, 0x1, 0xf5, 0x0, 0xe6, 0x0,
    0x10, 0x0, 0x4, 0xcd, 0x0, 0xe, 0x80, 0x7,
    0xe0, 0x2f, 0xfb, 0x20, 0x0, 0xaf, 0xff, 0xf7,
    0x0, 0x41, 0x0, 0x0, 0x0, 0x0, 0x0, 0x0,

    /* U+4EC5 "仅" */
    0x0, 0x1, 0xb3, 0x0, 0x0, 0x0, 0x0, 0x0,
    0x0, 0x5, 0xf3, 0x54, 0x44, 0x44, 0x43, 0x0,
    0x0, 0xb, 0xa3, 0xef, 0xdd, 0xdd, 0xfb, 0x0,
    0x0, 0x2f, 0x30, 0x5f, 0x0, 0x0, 0xd8, 0x0,
    0x0, 0xaf, 0x20, 0x2f, 0x20, 0x0, 0xf4, 0x0,
    0x4, 0xff, 0x20, 0xe, 0x60, 0x4, 0xf0, 0x0,
    0x1e, 0xaf, 0x20, 0xa, 0xa0, 0xa, 0xa0, 0x0,
    0x9, 0x1f, 0x20, 0x5, 0xf1, 0x1f, 0x40, 0x0,
    0x0, 0x1f, 0x20, 0x0, 0xe8, 0x9d, 0x0, 0x0,
    0x0, 0x1f, 0x20, 0x0, 0x6f, 0xf5, 0x0, 0x0,
    0x0, 0x1f, 0x20, 0x0, 0x2f, 0xf1, 0x0, 0x0,
    0x0, 0x1f, 0x20, 0x3, 0xec, 0xce, 0x30, 0x0,
    0x0, 0x1f, 0x20, 0x7f, 0xa0, 0xb, 0xf8, 0x0,
    0x0, 0x1f, 0x5d, 0xf7, 0x0, 0x0, 0x8f, 0xe1,
    0x0, 0x2f, 0x3a, 0x30, 0x0, 0x0, 0x3, 0x70,

    /* U+4F20 "传" */
    0x0, 0x0, 0x0, 0x0, 0x12, 0x0, 0x0, 0x0,
    0x0, 0x2d, 0x20, 0x6, 0xe0, 0x0, 0x0, 0x0,
    0x8, 0xd0, 0x0, 0x8a, 0x0, 0x0, 0x0, 0x0,
    0xe7, 0x7c, 0xce, 0xec, 0xcc, 0xd1, 0x0, 0x7f,
    0x22, 0x33, 0xe7, 0x33, 0x34, 0x0, 0x1e, 0xf2,
    0x0, 0xf, 0x20, 0x0, 0x0, 0xa, 0xdf, 0x5e,
    0xdd, 0xfd, 0xdd, 0xdd, 0xc4, 0xf4, 0xf2, 0x32,
    0x8c, 0x22, 0x22, 0x22, 0x6, 0x1f, 0x20, 0xb,
    0x80, 0x0, 0x0, 0x0, 0x1, 0xf2, 0x0, 0xff,
    0xff, 0xff, 0x50, 0x0, 0x1f, 0x20, 0x1, 0x11,
    0x18, 0xd0, 0x0, 0x1, 0xf2, 0x0, 0x4, 0x0,
    0xe6, 0x0, 0x0, 0x1f, 0x20, 0x4, 0xfd, 0xae,
    0x0, 0x0, 0x1, 0xf2, 0x0, 0x1, 0x8f, 0xe5,
    0x0, 0x0, 0x2f, 0x20, 0x0, 0x0, 0x2a, 0xf3,
    0x0, 0x0, 0x0, 0x0, 0x0, 0x0, 0x2, 0x0,

    /* U+4F53 "体" */
    0x0, 0x6, 0x90, 0x0, 0xe, 0x40, 0x0, 0x0,
    0x0, 0xb, 0x80, 0x0, 0xd, 0x40, 0x0, 0x0,
    0x0, 0x1f, 0x30, 0x0, 0xd, 0x40, 0x0, 0x0,
    0x0, 0x7f, 0xe, 0xdd, 0xdf, 0xed, 0xdd, 0xb0,
    0x0, 0xee, 0x3, 0x24, 0xfe, 0xe8, 0x22, 0x20,
    0x7, 0xfe, 0x0, 0x6, 0xcd, 0xac, 0x0, 0x0,
    0x1f, 0x7e, 0x0, 0xc, 0x7d, 0x5e, 0x40, 0x0,
    0x5, 0x3e, 0x0, 0x5e, 0xd, 0x47, 0xd0, 0x0,
    0x0, 0x3e, 0x2, 0xf6, 0xd, 0x40, 0xcb, 0x0,
    0x0, 0x3e, 0x3e, 0xa0, 0xd, 0x40, 0x1e, 0xd2,
    0x0, 0x3e, 0x9a, 0x3d, 0xcf, 0xdc, 0x81, 0x80,
    0x0, 0x3e, 0x0, 0x14, 0x3e, 0x63, 0x20, 0x0,
    0x0, 0x3e, 0x0, 0x0, 0xe, 0x40, 0x0, 0x0,
    0x0, 0x3e, 0x0, 0x0, 0xe, 0x50, 0x0, 0x0,

    /* U+4F59 "余" */
    0x0, 0x0, 0x0, 0x3, 0x0, 0x0, 0x0, 0x0,
    0x0, 0x0, 0x0, 0x7f, 0x70, 0x0, 0x0, 0x0,
    0x0, 0x0, 0x2, 0xfb, 0xe2, 0x0, 0x0, 0x0,
    0x0, 0x0, 0x1d, 0xc0, 0x7e, 0x50, 0x0, 0x0,
    0x0, 0x1, 0xcd, 0x10, 0x6, 0xfb, 0x40, 0x0,
    0x0, 0x4e, 0xd1, 0x0, 0x0, 0x3c, 0xfe, 0x90,
    0x1a, 0xfb, 0xad, 0xdd, 0xdd, 0xe1, 0x5c, 0x60,
    0x9, 0x60, 0x23, 0x3e, 0x83, 0x40, 0x0, 0x0,
    0x0, 0x0, 0x0, 0xd, 0x60, 0x0, 0x0, 0x0,
    0x0, 0x65, 0x55, 0x5e, 0x95, 0x55, 0x61, 0x0,
    0x0, 0xcc, 0xcc, 0xcf, 0xdc, 0xcc, 0xc2, 0x0,
    0x0, 0x0, 0x30, 0xd, 0x60, 0x61, 0x0, 0x0,
    0x0, 0x7, 0xf4, 0xd, 0x60, 0xad, 0x10, 0x0,
    0x0, 0xaf, 0x60, 0xd, 0x60, 0xb, 0xe2, 0x0,
    0x9, 0xe3, 0x2, 0xaf, 0x50, 0x0, 0xd6, 0x0,
    0x0, 0x10, 0x0, 0xb9, 0x10, 0x0, 0x0, 0x0,

    /* U+4F7F "使" */
    0x0, 0x0, 0x0, 0x0, 0x1, 0x0, 0x0, 0x0,
    0x0, 0x9, 0x70, 0x0, 0xc, 0x80, 0x0, 0x0,
    0x0, 0xe, 0x60, 0x0, 0xc, 0x70, 0x0, 0x0,
    0x0, 0x5f, 0x2f, 0xff, 0xff, 0xff, 0xff, 0xe0,
    0x0, 0xce, 0x1, 0x0, 0xc, 0x70, 0x1, 0x10,
    0x4, 0xfe, 0x3, 0xcc, 0xcf, 0xdc, 0xcc, 0x30,
    0xd, 0xae, 0x4, 0xe2, 0x2c, 0x82, 0x2e, 0x40,
    0x1c, 0x3e, 0x4, 0xe0, 0xc, 0x60, 0xe, 0x40,
    0x0, 0x3e, 0x5, 0xff, 0xff, 0xff, 0xff, 0x40,
    0x0, 0x3e, 0x0, 0x52, 0xe, 0x50, 0x0, 0x0,
    0x0, 0x3e, 0x0, 0xab, 0xf, 0x20, 0x0, 0x0,
    0x0, 0x3e, 0x0, 0xc, 0xde, 0x0, 0x0, 0x0,
    0x0, 0x3e, 0x0, 0x2, 0xfe, 0x30, 0x0, 0x0,
    0x0, 0x3f, 0x0, 0x4d, 0x88, 0xfb, 0x74, 0x20,
    0x0, 0x4f, 0x1b, 0xd4, 0x0, 0x18, 0xcf, 0xd0,
    0x0, 0x0, 0x1, 0x0, 0x0, 0x0, 0x0, 0x0,

    /* U+505C "停" */
    0x0, 0x2, 0x0, 0x0, 0x2, 0x20, 0x0, 0x0,
    0x0, 0xb, 0xa0, 0x0, 0xb, 0xb0, 0x0, 0x0,
    0x0, 0xf, 0x39, 0xee, 0xee, 0xfe, 0xee, 0xe1,
    0x0, 0x6f, 0x1, 0x11, 0x11, 0x11, 0x11, 0x10,
    0x0, 0xde, 0x0, 0x9f, 0xff, 0xff, 0xf7, 0x0,
    0x5, 0xfe, 0x0, 0x98, 0x0, 0x0, 0x97, 0x0,
    0xe, 0x9e, 0x0, 0x9e, 0xcc, 0xcc, 0xe7, 0x0,
    0x2d, 0x3e, 0x0, 0x23, 0x33, 0x33, 0x31, 0x0,
    0x0, 0x2e, 0x2f, 0xff, 0xff, 0xff, 0xff, 0xf4,
    0x0, 0x2e, 0x2e, 0x0, 0x0, 0x0, 0x0, 0xc4,
    0x0, 0x2e, 0x1, 0x7e, 0xee, 0xee, 0xe9, 0x10,
    0x0, 0x2e, 0x0, 0x0, 0x5, 0xc0, 0x0, 0x0,
    0x0, 0x2e, 0x0, 0x0, 0x5, 0xc0, 0x0, 0x0,
    0x0, 0x2f, 0x0, 0x0, 0x27, 0xc0, 0x0, 0x0,
    0x0, 0x3f, 0x0, 0x0, 0xcf, 0x80, 0x0, 0x0,
    0x0, 0x0, 0x0, 0x0, 0x21, 0x0, 0x0, 0x0,

    /* U+50A8 "储" */
    0x0, 0x9, 0x70, 0x0, 0x0, 0xb6, 0x0, 0x0,
    0x0, 0xe, 0x81, 0xb0, 0x1, 0xb6, 0x14, 0x20,
    0x0, 0x4f, 0x10, 0xe2, 0x7e, 0xfe, 0xad, 0x80,
    0x0, 0xbd, 0x0, 0xa5, 0x0, 0xb6, 0x5e, 0x0,
    0x3, 0xfc, 0x0, 0x0, 0x0, 0xb6, 0xd6, 0x0,
    0xb, 0xec, 0x6e, 0xd4, 0xee, 0xff, 0xfe, 0xe5,
    0x1d, 0x5c, 0x14, 0xe0, 0x11, 0x7e, 0x31, 0x10,
    0x0, 0x4c, 0x2, 0xe0, 0xf, 0xfe, 0xcc, 0x20,
    0x0, 0x4c, 0x2, 0xe0, 0x9f, 0x52, 0x2e, 0x30,
    0x0, 0x4c, 0x2, 0xe7, 0xef, 0x30, 0xe, 0x30,
    0x0, 0x4c, 0x2, 0xe2, 0x2e, 0xff, 0xff, 0x30,
    0x0, 0x4c, 0x3, 0xfc, 0xe, 0x30, 0xe, 0x30,
    0x0, 0x5c, 0x4, 0xb0, 0xe, 0xdd, 0xdf, 0x30,
    0x0, 0x6d, 0x0, 0x0, 0xf, 0x41, 0x1e, 0x40,

    /* U+5173 "关" */
    0x0, 0x0, 0x0, 0x0, 0x0, 0x0, 0x0, 0x0,
    0x8, 0x70, 0x0, 0x3d, 0x20, 0x0, 0x0, 0x5,
    0xf3, 0x0, 0x9d, 0x0, 0x0, 0x0, 0x0, 0xb6,
    0x0, 0xf5, 0x0, 0x0, 0xc, 0xcc, 0xcc, 0xcd,
    0xfc, 0xcc, 0x80, 0x5, 0x44, 0x44, 0xe7, 0x44,
    0x44, 0x30, 0x0, 0x0, 0x0, 0xe4, 0x0, 0x0,
    0x0, 0x0, 0x0, 0x0, 0xe4, 0x0, 0x0, 0x0,
    0x11, 0x11, 0x11, 0xe6, 0x22, 0x22, 0x31, 0xae,
    0xee, 0xee, 0xff, 0xee, 0xee, 0xe7, 0x0, 0x0,
    0x5, 0xfe, 0x10, 0x0, 0x0, 0x0, 0x0, 0x1d,
    0x8b, 0xc1, 0x0, 0x0, 0x0, 0x1, 0xcc, 0x1,
    0xdd, 0x30, 0x0, 0x0, 0x6e, 0xb1, 0x0, 0x1c,
    0xfb, 0x51, 0x7e, 0xe6, 0x0, 0x0, 0x0, 0x7e,
    0xf7, 0x27, 0x0, 0x0, 0x0, 0x0, 0x0, 0x50,

    /* U+5185 "内" */
    0x0, 0x0, 0x0, 0x0, 0x0, 0x0, 0x0, 0x0,
    0x0, 0x0, 0xac, 0x0, 0x0, 0x0, 0x0, 0x0,
    0x0, 0xa9, 0x0, 0x0, 0x0, 0x13, 0x33, 0x33,
    0xba, 0x33, 0x33, 0x31, 0x4f, 0xdd, 0xdd, 0xfe,
    0xdd, 0xdd, 0xf6, 0x4f, 0x10, 0x0, 0xc6, 0x0,
    0x0, 0xf5, 0x4f, 0x10, 0x0, 0xf5, 0x0, 0x0,
    0xf5, 0x4f, 0x10, 0x6, 0xfd, 0x30, 0x0, 0xf5,
    0x4f, 0x10, 0x1e, 0x97, 0xf7, 0x0, 0xf5, 0x4f,
    0x11, 0xdd, 0x0, 0x4f, 0xa0, 0xf5, 0x4f, 0x2e,
    0xd1, 0x0, 0x3, 0xb1, 0xf5, 0x4f, 0x12, 0x10,
    0x0, 0x0, 0x0, 0xf5, 0x4f, 0x10, 0x0, 0x0,
    0x0, 0x0, 0xf5, 0x4f, 0x10, 0x0, 0x0, 0x0,
    0x35, 0xf4, 0x5f, 0x10, 0x0, 0x0, 0x0, 0xdf,
    0xb1, 0x0, 0x0, 0x0, 0x0, 0x0, 0x0, 0x0,

    /* U+51B2 "冲" */
    0x0, 0x0, 0x0, 0x0, 0x6, 0xf0, 0x0, 0x0,
    0x11, 0x0, 0x0, 0x0, 0x5e, 0x0, 0x0, 0xc,
    0xd1, 0x0, 0x0, 0x5, 0xe0, 0x0, 0x0, 0x2e,
    0xd1, 0x5f, 0xff, 0xff, 0xff, 0xfd, 0x0, 0x2e,
    0x65, 0xe1, 0x15, 0xe1, 0x17, 0xc0, 0x0, 0x10,
    0x5e, 0x0, 0x5e, 0x0, 0x7c, 0x0, 0x0, 0x5,
    0xe0, 0x5, 0xe0, 0x7, 0xc0, 0x0, 0x69, 0x5e,
    0x0, 0x5e, 0x0, 0x7c, 0x0, 0xd, 0xa5, 0xff,
    0xff, 0xff, 0xff, 0xc0, 0x6, 0xf1, 0x5e, 0x11,
    0x6e, 0x11, 0x8d, 0x1, 0xe8, 0x2, 0x70, 0x5,
    0xe0, 0x2, 0x50, 0xbe, 0x10, 0x0, 0x0, 0x5e,
    0x0, 0x0, 0x1c, 0x60, 0x0, 0x0, 0x5, 0xf0,
    0x0, 0x0, 0x0, 0x0, 0x0, 0x0, 0x5f, 0x0,
    0x0,

    /* U+5217 "列" */
    0x1f, 0xff, 0xff, 0xff, 0xf8, 0x0, 0x6, 0xf0,
    0x0, 0x3, 0xf3, 0x0, 0x0, 0x79, 0x5, 0xf0,
    0x0, 0x6, 0xf0, 0x0, 0x0, 0xac, 0x5, 0xe0,
    0x0, 0xc, 0xfa, 0xaa, 0x50, 0x9c, 0x5, 0xe0,
    0x0, 0x2f, 0x85, 0x5e, 0x60, 0x9c, 0x5, 0xe0,
    0x0, 0xbd, 0x0, 0xf, 0x30, 0x9c, 0x5, 0xe0,
    0x6, 0xf6, 0x70, 0x4f, 0x0, 0x9c, 0x5, 0xe0,
    0xd, 0xa3, 0xeb, 0xab, 0x0, 0x9c, 0x5, 0xe0,
    0x1, 0x0, 0x2d, 0xf5, 0x0, 0xac, 0x5, 0xe0,
    0x0, 0x0, 0xb, 0xd0, 0x0, 0xac, 0x5, 0xe0,
    0x0, 0x0, 0x9f, 0x30, 0x0, 0x0, 0x5, 0xe0,
    0x0, 0x2c, 0xf4, 0x0, 0x0, 0x0, 0x6, 0xe0,
    0x7, 0xfe, 0x30, 0x0, 0x0, 0x1, 0xef, 0xc0,
    0x1, 0x80, 0x0, 0x0, 0x0, 0x0, 0x76, 0x10,

    /* U+521B "创" */
    0x0, 0x0, 0x2, 0x0, 0x0, 0x0, 0x0, 0x0,
    0x0, 0x5, 0xf2, 0x0, 0x0, 0x0, 0xe4, 0x0,
    0x0, 0xdf, 0x90, 0x0, 0x0, 0xe, 0x40, 0x0,
    0x9e, 0x3c, 0xd2, 0xa, 0x20, 0xd4, 0x0, 0x5f,
    0x40, 0xb, 0xe2, 0xf3, 0xd, 0x40, 0x5f, 0x60,
    0x0, 0xa, 0x1f, 0x20, 0xd4, 0x1e, 0xbe, 0xee,
    0xee, 0x0, 0xf2, 0xd, 0x40, 0x13, 0xf3, 0x36,
    0xf0, 0xf, 0x20, 0xd4, 0x0, 0x3e, 0x0, 0x3f,
    0x0, 0xf2, 0xd, 0x40, 0x3, 0xe0, 0x4, 0xf0,
    0xf, 0x20, 0xd4, 0x0, 0x3e, 0x8, 0xdc, 0x0,
    0xf2, 0xd, 0x40, 0x3, 0xe0, 0x89, 0x20, 0x1f,
    0x30, 0xd4, 0x0, 0x3e, 0x0, 0x0, 0x92, 0x0,
    0xd, 0x40, 0x3, 0xf2, 0x11, 0x3f, 0x40, 0x0,
    0xe4, 0x0, 0xd, 0xff, 0xff, 0xb0, 0x4, 0xff,
    0x10, 0x0, 0x0, 0x0, 0x0, 0x0, 0x6, 0x20,

    /* U+5269 "剩" */
    0x0, 0x1, 0x24, 0x69, 0x90, 0x0, 0x5, 0xd0,
    0x1d, 0xdc, 0xfa, 0x76, 0x10, 0x0, 0x4c, 0x0,
    0x0, 0xe, 0x30, 0x0, 0xe, 0x44, 0xc0, 0xcf,
    0xee, 0xfe, 0xef, 0xe0, 0xe4, 0x4c, 0x1, 0x13,
    0x1e, 0x34, 0x21, 0xe, 0x44, 0xc0, 0x1, 0xf1,
    0xe3, 0xd5, 0x70, 0xe4, 0x4c, 0xc, 0xef, 0x1e,
    0x3d, 0xf9, 0x1e, 0x44, 0xc0, 0x3, 0xf1, 0xe3,
    0xd4, 0x31, 0xe4, 0x4c, 0x3c, 0xff, 0x1e, 0x4c,
    0xcf, 0x4e, 0x44, 0xc1, 0x51, 0x69, 0xff, 0x64,
    0x30, 0xe4, 0x4c, 0x0, 0x8, 0xde, 0x7f, 0x60,
    0x0, 0x4, 0xc0, 0xa, 0xd1, 0xe3, 0x3f, 0x80,
    0x0, 0x4c, 0xb, 0xc1, 0xe, 0x30, 0x42, 0x0,
    0x5a, 0xc0, 0x10, 0x0, 0xe3, 0x0, 0x0, 0xc,
    0xc4, 0x0, 0x0, 0x0, 0x0, 0x0, 0x0, 0x0,
    0x0,

    /* U+5361 "卡" */
    0x0, 0x0, 0x0, 0xf, 0x70, 0x0, 0x0, 0x0,
    0x0, 0x0, 0x0, 0xf, 0x60, 0x0, 0x0, 0x0,
    0x0, 0x0, 0x0, 0xf, 0xfe, 0xee, 0xec, 0x0,
    0x0, 0x0, 0x0, 0xf, 0x83, 0x33, 0x33, 0x0,
    0x0, 0x0, 0x0, 0xf, 0x60, 0x0, 0x0, 0x0,
    0x3, 0x22, 0x22, 0x2f, 0x82, 0x22, 0x22, 0x31,
    0x2f, 0xff, 0xff, 0xff, 0xff, 0xff, 0xff, 0xf7,
    0x0, 0x0, 0x0, 0xf, 0x60, 0x0, 0x0, 0x0,
    0x0, 0x0, 0x0, 0xf, 0x68, 0x20, 0x0, 0x0,
    0x0, 0x0, 0x0, 0xf, 0x7c, 0xf7, 0x0, 0x0,
    0x0, 0x0, 0x0, 0xf, 0x60, 0x7f, 0xc1, 0x0,
    0x0, 0x0, 0x0, 0xf, 0x60, 0x4, 0xe6, 0x0,
    0x0, 0x0, 0x0, 0xf, 0x60, 0x0, 0x10, 0x0,
    0x0, 0x0, 0x0, 0xf, 0x70, 0x0, 0x0, 0x0,
    0x0, 0x0, 0x0, 0x1f, 0x80, 0x0, 0x0, 0x0,

    /* U+53EF "可" */
    0x5f, 0xee, 0xee, 0xee, 0xee, 0xee, 0xee, 0xd1,
    0x32, 0x22, 0x22, 0x22, 0x22, 0xe8, 0x22, 0x0,
    0x0, 0x0, 0x0, 0x0, 0xe, 0x70, 0x0, 0x1,
    0xff, 0xff, 0xfe, 0x0, 0xe7, 0x0, 0x0, 0x1f,
    0x31, 0x16, 0xf0, 0xe, 0x70, 0x0, 0x1, 0xf2,
    0x0, 0x5f, 0x0, 0xe7, 0x0, 0x0, 0x1f, 0x20,
    0x5, 0xf0, 0xe, 0x70, 0x0, 0x1, 0xf3, 0x11,
    0x6f, 0x0, 0xe7, 0x0, 0x0, 0x1f, 0xff, 0xff,
    0xf0, 0xe, 0x70, 0x0, 0x1, 0xf2, 0x0, 0x3b,
    0x0, 0xe7, 0x0, 0x0, 0x4, 0x0, 0x0, 0x0,
    0xe, 0x70, 0x0, 0x0, 0x0, 0x0, 0x0, 0x1,
    0xf7, 0x0, 0x0, 0x0, 0x0, 0x0, 0xf, 0xff,
    0x30, 0x0, 0x0, 0x0, 0x0, 0x0, 0x55, 0x10,
    0x0,

    /* U+540C "同" */
    0x6f, 0xff, 0xff, 0xff, 0xff, 0xff, 0xf6, 0x6e,
    0x33, 0x33, 0x33, 0x33, 0x33, 0xe5, 0x6e, 0x3,
    0x22, 0x22, 0x22, 0x30, 0xe5, 0x6e, 0xf, 0xff,
    0xff, 0xff, 0xf1, 0xe5, 0x6e, 0x0, 0x0, 0x0,
    0x0, 0x0, 0xe5, 0x6e, 0x0, 0x22, 0x22, 0x22,
    0x0, 0xe5, 0x6e, 0x0, 0xde, 0xdd, 0xee, 0x0,
    0xe5, 0x6e, 0x0, 0xd5, 0x0, 0x4d, 0x0, 0xe5,
    0x6e, 0x0, 0xd5, 0x0, 0x4e, 0x0, 0xe5, 0x6e,
    0x0, 0xdf, 0xff, 0xfe, 0x0, 0xe5, 0x6e, 0x0,
    0x11, 0x11, 0x11, 0x0, 0xe5, 0x6e, 0x0, 0x0,
    0x0, 0x0, 0x0, 0xe5, 0x6e, 0x0, 0x0, 0x0,
    0x0, 0x5b, 0xf4, 0x7e, 0x0, 0x0, 0x0, 0x0,
    0x3f, 0xc1, 0x0, 0x0, 0x0, 0x0, 0x0, 0x0,
    0x0,

    /* U+540E "后" */
    0x0, 0x0, 0x0, 0x0, 0x0, 0x1, 0x42, 0x0,
    0x1, 0x44, 0x57, 0x8a, 0xce, 0xff, 0xb0, 0x0,
    0x5f, 0xcb, 0xa9, 0x75, 0x42, 0x0, 0x0, 0x5,
    0xf0, 0x0, 0x0, 0x0, 0x0, 0x0, 0x0, 0x5f,
    0x33, 0x33, 0x33, 0x33, 0x34, 0x40, 0x5, 0xfe,
    0xee, 0xee, 0xee, 0xee, 0xee, 0x0, 0x6e, 0x0,
    0x0, 0x0, 0x0, 0x0, 0x0, 0x7, 0xc0, 0x22,
    0x22, 0x22, 0x22, 0x20, 0x0, 0x9b, 0xe, 0xee,
    0xee, 0xee, 0xfe, 0x0, 0xc, 0x80, 0xe5, 0x0,
    0x0, 0x5, 0xd0, 0x0, 0xf4, 0xe, 0x50, 0x0,
    0x0, 0x5d, 0x0, 0x6f, 0x0, 0xe5, 0x0, 0x0,
    0x5, 0xd0, 0x1e, 0x90, 0xe, 0xff, 0xff, 0xff,
    0xfd, 0x1, 0x61, 0x0, 0xe5, 0x0, 0x0, 0x5,
    0xe0, 0x0, 0x0, 0x1, 0x0, 0x0, 0x0, 0x0,
    0x0,

    /* U+542F "启" */
    0x0, 0x0, 0x0, 0x0, 0x10, 0x0, 0x0, 0x0,
    0x0, 0x0, 0x8, 0xd0, 0x0, 0x0, 0x0, 0x0,
    0x0, 0x3, 0xf6, 0x0, 0x0, 0x0, 0xe, 0xff,
    0xff, 0xff, 0xff, 0xf6, 0x0, 0xe, 0x30, 0x0,
    0x0, 0x0, 0xe6, 0x0, 0xe, 0x30, 0x0, 0x0,
    0x0, 0xe6, 0x0, 0xe, 0x64, 0x44, 0x44, 0x44,
    0xf6, 0x0, 0xf, 0xdc, 0xcc, 0xcc, 0xcc, 0xc5,
    0x0, 0xf, 0x10, 0x0, 0x0, 0x0, 0x0, 0x0,
    0x4f, 0x6d, 0xdd, 0xdd, 0xdd, 0xd8, 0x0, 0x7e,
    0x6e, 0x22, 0x22, 0x22, 0xc9, 0x0, 0xba, 0x6e,
    0x0, 0x0, 0x0, 0xb9, 0x1, 0xf6, 0x6e, 0x0,
    0x0, 0x0, 0xb9, 0x9, 0xf0, 0x6f, 0xff, 0xff,
    0xff, 0xf9, 0x2f, 0x80, 0x6e, 0x11, 0x11, 0x11,
    0xc9, 0x5, 0x10, 0x6d, 0x0, 0x0, 0x0, 0xb9,

    /* U+5668 "器" */
    0x0, 0x9f, 0xee, 0xf4, 0x5f, 0xee, 0xee, 0x0,
    0x0, 0x88, 0x0, 0xc3, 0x4c, 0x0, 0x3d, 0x0,
    0x0, 0x8e, 0xee, 0xe3, 0x4e, 0xee, 0xed, 0x0,
    0x0, 0x0, 0x0, 0x9, 0x70, 0x38, 0x0, 0x0,
    0x2, 0x54, 0x44, 0x4e, 0xa4, 0x6d, 0x54, 0x40,
    0x4, 0xba, 0xaa, 0xdf, 0xfd, 0xaa, 0xaa, 0xa0,
    0x0, 0x1, 0x49, 0xd4, 0x2c, 0xb6, 0x31, 0x10,
    0xb, 0xfe, 0xa5, 0x0, 0x0, 0x49, 0xcf, 0xf1,
    0x1, 0x8c, 0xcc, 0xc3, 0x3c, 0xcc, 0xcb, 0x0,
    0x0, 0x89, 0x22, 0xd3, 0x3d, 0x22, 0x5d, 0x0,
    0x0, 0x88, 0x0, 0xc3, 0x3c, 0x0, 0x3d, 0x0,
    0x0, 0x8e, 0xdd, 0xf3, 0x3f, 0xdd, 0xed, 0x0,
    0x0, 0x98, 0x0, 0xc4, 0x4c, 0x0, 0x3d, 0x0,
    0x0, 0x0, 0x0, 0x0, 0x0, 0x0, 0x0, 0x0,

    /* U+5728 "在" */
    0x0, 0x0, 0x0, 0x4b, 0x10, 0x0, 0x0, 0x0,
    0x0, 0x0, 0x0, 0x9d, 0x0, 0x0, 0x0, 0x0,
    0x2, 0x54, 0x44, 0xea, 0x44, 0x44, 0x44, 0x40,
    0x5, 0xcc, 0xcd, 0xfc, 0xcc, 0xcc, 0xcc, 0xc0,
    0x0, 0x0, 0xa, 0xa0, 0x9, 0x60, 0x0, 0x0,
    0x0, 0x0, 0x2f, 0x20, 0xc, 0x80, 0x0, 0x0,
    0x0, 0x6, 0xd6, 0x0, 0xc, 0x80, 0x0, 0x0,
    0x0, 0x2e, 0xb1, 0xed, 0xdf, 0xed, 0xde, 0x0,
    0x3, 0xef, 0x90, 0x43, 0x3c, 0x93, 0x34, 0x0,
    0x2f, 0xa9, 0x90, 0x0, 0xc, 0x80, 0x0, 0x0,
    0x4, 0x9, 0x90, 0x0, 0xc, 0x80, 0x0, 0x0,
    0x0, 0x9, 0x90, 0x0, 0xc, 0x80, 0x0, 0x0,
    0x0, 0x9, 0x92, 0x22, 0x2c, 0x92, 0x22, 0x30,
    0x0, 0xa, 0x9a, 0xdd, 0xdd, 0xdd, 0xdd, 0xe0,
    0x0, 0xa, 0xa0, 0x0, 0x0, 0x0, 0x0, 0x0,

    /* U+5931 "失" */
    0x0, 0x0, 0x0, 0x5, 0x50, 0x0, 0x0, 0x0,
    0x0, 0x2, 0x20, 0xa, 0xa0, 0x0, 0x0, 0x0,
    0x0, 0x9, 0xc0, 0xa, 0x90, 0x0, 0x0, 0x0,
    0x0, 0xe, 0x72, 0x2b, 0xa2, 0x22, 0x32, 0x0,
    0x0, 0x7f, 0xee, 0xef, 0xfe, 0xee, 0xe8, 0x0,
    0x1, 0xe5, 0x0, 0xb, 0x80, 0x0, 0x0, 0x0,
    0x7, 0xb0, 0x0, 0xc, 0x70, 0x0, 0x0, 0x0,
    0x4, 0x54, 0x44, 0x4d, 0x94, 0x44, 0x44, 0x30,
    0xc, 0xcc, 0xcc, 0xcf, 0xfc, 0xcc, 0xcc, 0x80,
    0x0, 0x0, 0x0, 0x6e, 0xe5, 0x0, 0x0, 0x0,
    0x0, 0x0, 0x1, 0xe6, 0x5f, 0x30, 0x0, 0x0,
    0x0, 0x0, 0x2d, 0xa0, 0x8, 0xf7, 0x0, 0x0,
    0x0, 0x7, 0xfa, 0x0, 0x0, 0x6f, 0xe8, 0x30,
    0x8, 0xef, 0x70, 0x0, 0x0, 0x1, 0xaf, 0xb0,
    0x5, 0x81, 0x0, 0x0, 0x0, 0x0, 0x1, 0x10,

    /* U+5B50 "子" */
    0x0, 0x0, 0x0, 0x0, 0x0, 0x0, 0x0, 0x0,
    0x0, 0xbf, 0xff, 0xff, 0xff, 0xff, 0xf4, 0x0,
    0x0, 0x0, 0x0, 0x0, 0x1, 0xbf, 0x70, 0x0,
    0x0, 0x0, 0x0, 0x0, 0x6e, 0x91, 0x0, 0x0,
    0x0, 0x0, 0x0, 0xc, 0xe4, 0x0, 0x0, 0x0,
    0x0, 0x0, 0x0, 0xd, 0x60, 0x0, 0x0, 0x0,
    0x5, 0x44, 0x44, 0x4e, 0x94, 0x44, 0x44, 0x51,
    0x1c, 0xbb, 0xbb, 0xbf, 0xdb, 0xbb, 0xbb, 0xb2,
    0x0, 0x0, 0x0, 0xd, 0x60, 0x0, 0x0, 0x0,
    0x0, 0x0, 0x0, 0xd, 0x60, 0x0, 0x0, 0x0,
    0x0, 0x0, 0x0, 0xd, 0x60, 0x0, 0x0, 0x0,
    0x0, 0x0, 0x0, 0xd, 0x60, 0x0, 0x0, 0x0,
    0x0, 0x0, 0x0, 0xe, 0x60, 0x0, 0x0, 0x0,
    0x0, 0x0, 0xa, 0xef, 0x30, 0x0, 0x0, 0x0,
    0x0, 0x0, 0x5, 0x73, 0x0, 0x0, 0x0, 0x0,

    /* U+5B57 "字" */
    0x0, 0x0, 0x0, 0x0, 0x0, 0x0, 0x0, 0x0,
    0x0, 0x0, 0x4c, 0x0, 0x0, 0x0, 0x0, 0x0,
    0x0, 0x1, 0xd9, 0x0, 0x0, 0x0, 0x4, 0xff,
    0xff, 0xff, 0xff, 0xff, 0xff, 0x50, 0x4e, 0x0,
    0x0, 0x0, 0x0, 0x0, 0xd5, 0x3, 0xa0, 0x21,
    0x11, 0x11, 0x11, 0x8, 0x30, 0x0, 0x5f, 0xff,
    0xff, 0xff, 0xf5, 0x0, 0x0, 0x0, 0x0, 0x0,
    0x7, 0xf7, 0x0, 0x0, 0x0, 0x0, 0x0, 0x2c,
    0xd2, 0x0, 0x0, 0x1, 0x21, 0x11, 0x18, 0xf2,
    0x11, 0x11, 0x20, 0xbf, 0xff, 0xff, 0xff, 0xff,
    0xff, 0xff, 0x20, 0x0, 0x0, 0x6, 0xe0, 0x0,
    0x0, 0x0, 0x0, 0x0, 0x0, 0x6e, 0x0, 0x0,
    0x0, 0x0, 0x0, 0x0, 0x6, 0xe0, 0x0, 0x0,
    0x0, 0x0, 0x0, 0x38, 0xcd, 0x0, 0x0, 0x0,
    0x0, 0x0, 0x2, 0xdb, 0x40, 0x0, 0x0, 0x0,

    /* U+5B58 "存" */
    0x0, 0x0, 0x0, 0x0, 0x0, 0x0, 0x0, 0x0,
    0x0, 0x0, 0x0, 0x6f, 0x20, 0x0, 0x0, 0x0,
    0x0, 0x0, 0x0, 0xca, 0x0, 0x0, 0x0, 0x0,
    0x1, 0xff, 0xff, 0xff, 0xff, 0xff, 0xff, 0xb0,
    0x0, 0x22, 0x1b, 0xa1, 0x11, 0x11, 0x12, 0x10,
    0x0, 0x1, 0x7f, 0x20, 0x0, 0x0, 0x0, 0x0,
    0x0, 0x5, 0xf7, 0x4f, 0xff, 0xff, 0xff, 0x40,
    0x0, 0xd, 0xd0, 0x2, 0x11, 0x16, 0xfb, 0x10,
    0x0, 0xbf, 0xb0, 0x0, 0x0, 0xae, 0x50, 0x0,
    0xa, 0xe7, 0xb1, 0x22, 0x22, 0xf6, 0x22, 0x20,
    0x3, 0x35, 0xb5, 0xff, 0xff, 0xff, 0xff, 0xf2,
    0x0, 0x5, 0xb0, 0x0, 0x0, 0xe5, 0x0, 0x0,
    0x0, 0x5, 0xb0, 0x0, 0x0, 0xe5, 0x0, 0x0,
    0x0, 0x5, 0xb0, 0x0, 0x0, 0xe5, 0x0, 0x0,
    0x0, 0x5, 0xc0, 0x0, 0x36, 0xf4, 0x0, 0x0,
    0x0, 0x0, 0x0, 0x0, 0x6d, 0x90, 0x0, 0x0,

    /* U+5B8C "完" */
    0x0, 0x0, 0x0, 0x0, 0x0, 0x0, 0x0, 0x0,
    0x0, 0x0, 0x0, 0x2d, 0x10, 0x0, 0x0, 0x0,
    0x1, 0x11, 0x11, 0x2e, 0xb1, 0x11, 0x11, 0x10,
    0xc, 0xff, 0xff, 0xff, 0xff, 0xff, 0xff, 0xe0,
    0xc, 0x90, 0x0, 0x0, 0x0, 0x0, 0x5, 0xe0,
    0xb, 0x81, 0x43, 0x33, 0x33, 0x34, 0x5, 0xd0,
    0x0, 0x5, 0xee, 0xee, 0xee, 0xee, 0x20, 0x0,
    0x0, 0x0, 0x0, 0x0, 0x0, 0x0, 0x0, 0x0,
    0x1e, 0xdd, 0xdd, 0xdd, 0xdd, 0xdd, 0xdd, 0xe1,
    0x4, 0x33, 0x3d, 0xa3, 0x5f, 0x53, 0x33, 0x40,
    0x0, 0x0, 0xf, 0x70, 0x2f, 0x20, 0x0, 0x0,
    0x0, 0x0, 0x4f, 0x30, 0x2f, 0x20, 0x0, 0x0,
    0x0, 0x0, 0xcc, 0x0, 0x2f, 0x20, 0x3, 0x70,
    0x0, 0x3d, 0xe2, 0x0, 0x2f, 0x62, 0x29, 0xe0,
    0x1c, 0xfc, 0x20, 0x0, 0xc, 0xff, 0xff, 0x50,
    0x5, 0x40, 0x0, 0x0, 0x0, 0x0, 0x0, 0x0,

    /* U+5BF9 "对" */
    0x0, 0x0, 0x0, 0x0, 0x0, 0x0, 0xf5, 0x0,
    0x0, 0x0, 0x0, 0x0, 0x0, 0x0, 0xf5, 0x0,
    0x6, 0x99, 0x99, 0x90, 0x0, 0x0, 0xf5, 0x0,
    0x6, 0x88, 0x8a, 0xe1, 0x21, 0x11, 0xf6, 0x20,
    0x0, 0x0, 0x7, 0xba, 0xee, 0xee, 0xfe, 0xe5,
    0x4, 0xa0, 0xa, 0x70, 0x0, 0x0, 0xf5, 0x0,
    0x1, 0xd9, 0xe, 0x31, 0x70, 0x0, 0xf5, 0x0,
    0x0, 0x1e, 0xbe, 0x1, 0xf4, 0x0, 0xf5, 0x0,
    0x0, 0x3, 0xf9, 0x0, 0x8c, 0x0, 0xf5, 0x0,
    0x0, 0x4, 0xff, 0x10, 0x1f, 0x30, 0xf5, 0x0,
    0x0, 0xd, 0x7a, 0xb0, 0x2, 0x0, 0xf5, 0x0,
    0x0, 0xac, 0x1, 0xe6, 0x0, 0x0, 0xf5, 0x0,
    0xb, 0xd1, 0x0, 0x65, 0x0, 0x0, 0xf4, 0x0,
    0x2b, 0x10, 0x0, 0x0, 0x0, 0x8c, 0xf2, 0x0,
    0x0, 0x0, 0x0, 0x0, 0x0, 0x58, 0x30, 0x0,

    /* U+5C3E "尾" */
    0x0, 0xdf, 0xff, 0xff, 0xff, 0xff, 0xfe, 0x0,
    0x0, 0xc7, 0x0, 0x0, 0x0, 0x0, 0x5d, 0x0,
    0x0, 0xcf, 0xff, 0xff, 0xff, 0xff, 0xfe, 0x0,
    0x0, 0xc7, 0x11, 0x11, 0x11, 0x13, 0x41, 0x0,
    0x0, 0xc6, 0x45, 0x68, 0xac, 0xef, 0xd0, 0x0,
    0x0, 0xd6, 0x9b, 0x98, 0xf7, 0x20, 0x0, 0x0,
    0x0, 0xd6, 0x0, 0x12, 0xf7, 0x67, 0x94, 0x0,
    0x0, 0xf5, 0x9f, 0xfe, 0xfd, 0xa9, 0x73, 0x0,
    0x0, 0xf3, 0x11, 0x0, 0xf4, 0x2, 0x35, 0x10,
    0x3, 0xf3, 0x89, 0xab, 0xff, 0xfe, 0xdc, 0x20,
    0x7, 0xe2, 0x97, 0x64, 0xf4, 0x0, 0x0, 0x10,
    0xc, 0xa0, 0x0, 0x0, 0xe6, 0x0, 0x4, 0xf0,
    0x2f, 0x50, 0x0, 0x0, 0xaf, 0xff, 0xff, 0x70,
    0x2, 0x0, 0x0, 0x0, 0x0, 0x0, 0x0, 0x0,

    /* U+5C4F "屏" */
    0x0, 0x5f, 0xff, 0xff, 0xff, 0xff, 0xff, 0x0,
    0x0, 0x5d, 0x0, 0x0, 0x0, 0x0, 0x2e, 0x0,
    0x0, 0x4f, 0xff, 0xff, 0xff, 0xff, 0xff, 0x0,
    0x0, 0x4d, 0x0, 0x25, 0x0, 0x5, 0x20, 0x0,
    0x0, 0x4c, 0x0, 0x5e, 0x10, 0xe, 0x60, 0x0,
    0x0, 0x5c, 0x14, 0x4b, 0x64, 0x7e, 0x44, 0x30,
    0x0, 0x6b, 0x4b, 0xbf, 0xcb, 0xbf, 0xcc, 0x70,
    0x0, 0x8a, 0x0, 0xd, 0x30, 0xf, 0x10, 0x0,
    0x0, 0xb7, 0xcd, 0xdf, 0xed, 0xdf, 0xdd, 0xe2,
    0x1, 0xf4, 0x11, 0x1f, 0x31, 0x1f, 0x21, 0x10,
    0x7, 0xe0, 0x0, 0x5e, 0x0, 0xf, 0x10, 0x0,
    0xe, 0x80, 0x4, 0xf6, 0x0, 0xf, 0x10, 0x0,
    0x1, 0x10, 0x2f, 0x70, 0x0, 0x1f, 0x20, 0x0,
    0x0, 0x0, 0x0, 0x0, 0x0, 0x0, 0x0, 0x0,

    /* U+5DF2 "已" */
    0x0, 0x0, 0x0, 0x0, 0x0, 0x0, 0x0, 0x7f,
    0xff, 0xff, 0xff, 0xff, 0xff, 0x0, 0x13, 0x22,
    0x22, 0x22, 0x22, 0x6f, 0x0, 0x0, 0x0, 0x0,
    0x0, 0x0, 0x4f, 0x0, 0xa, 0x60, 0x0, 0x0,
    0x0, 0x4f, 0x0, 0xe, 0x80, 0x0, 0x0, 0x0,
    0x4f, 0x0, 0xd, 0xff, 0xff, 0xff, 0xff, 0xff,
    0x0, 0xd, 0x81, 0x11, 0x11, 0x11, 0x5f, 0x10,
    0xd, 0x70, 0x0, 0x0, 0x0, 0x1, 0x0, 0xd,
    0x70, 0x0, 0x0, 0x0, 0x0, 0x0, 0xd, 0x70,
    0x0, 0x0, 0x0, 0x0, 0x62, 0xd, 0x70, 0x0,
    0x0, 0x0, 0x0, 0xeb, 0xc, 0xd4, 0x44, 0x44,
    0x44, 0x48, 0xf6, 0x4, 0xde, 0xff, 0xff, 0xff,
    0xfe, 0xa0,

    /* U+5E55 "幕" */
    0x0, 0x0, 0xe, 0x40, 0x9, 0x90, 0x0, 0x0,
    0x7, 0xdd, 0xdf, 0xdd, 0xde, 0xed, 0xdd, 0x40,
    0x0, 0x0, 0xe, 0x40, 0x9, 0x90, 0x0, 0x0,
    0x0, 0xc, 0xcd, 0xcc, 0xcd, 0xdd, 0x80, 0x0,
    0x0, 0xe, 0x50, 0x0, 0x0, 0xa, 0x90, 0x0,
    0x0, 0xe, 0xcb, 0xbb, 0xbb, 0xbe, 0x90, 0x0,
    0x0, 0xe, 0xa7, 0x77, 0x77, 0x7c, 0x90, 0x0,
    0x0, 0x3, 0x45, 0xf7, 0x44, 0x44, 0x20, 0x0,
    0xd, 0xdd, 0xdf, 0xdd, 0xde, 0xfd, 0xdd, 0x90,
    0x0, 0x4, 0xc9, 0x6, 0x61, 0xbb, 0x40, 0x0,
    0x2b, 0xec, 0xfc, 0xce, 0xec, 0xcf, 0xef, 0xd1,
    0x6, 0x14, 0xf0, 0x9, 0x90, 0xb, 0x71, 0x40,
    0x0, 0x4, 0xf0, 0x9, 0x90, 0x2c, 0x60, 0x0,
    0x0, 0x3, 0xa0, 0x9, 0x90, 0xcf, 0x20, 0x0,
    0x0, 0x0, 0x0, 0x9, 0x90, 0x10, 0x0, 0x0,

    /* U+5EA6 "度" */
    0x0, 0x0, 0x0, 0x4, 0xb0, 0x0, 0x0, 0x0,
    0x0, 0x11, 0x11, 0x14, 0xf5, 0x11, 0x12, 0x0,
    0x0, 0xcf, 0xee, 0xee, 0xee, 0xee, 0xee, 0x30,
    0x0, 0xc6, 0x0, 0x84, 0x0, 0x3a, 0x0, 0x0,
    0x0, 0xc6, 0x10, 0xd6, 0x0, 0x4f, 0x1, 0x0,
    0x0, 0xc6, 0xee, 0xfe, 0xee, 0xef, 0xee, 0x40,
    0x0, 0xc6, 0x0, 0xd6, 0x0, 0x4f, 0x0, 0x0,
    0x0, 0xd5, 0x0, 0xdd, 0xbb, 0xcf, 0x0, 0x0,
    0x0, 0xe4, 0x1, 0x44, 0x44, 0x44, 0x0, 0x0,
    0x0, 0xf2, 0x9e, 0xfe, 0xee, 0xef, 0x90, 0x0,
    0x2, 0xf0, 0x0, 0x9a, 0x0, 0x6e, 0x0, 0x0,
    0x6, 0xd0, 0x0, 0xd, 0x85, 0xe3, 0x0, 0x0,
    0xb, 0x80, 0x0, 0x4, 0xff, 0x70, 0x0, 0x0,
    0x2f, 0x24, 0x69, 0xdd, 0x88, 0xdf, 0xcb, 0x90,
    0x3, 0x4, 0xa6, 0x30, 0x0, 0x2, 0x58, 0x70,

    /* U+5EFA "建" */
    0x0, 0x0, 0x0, 0x0, 0xf, 0x30, 0x0, 0x0,
    0x9, 0xcc, 0xb0, 0xbe, 0xef, 0xee, 0xe5, 0x0,
    0x2, 0x3a, 0x80, 0x0, 0xe, 0x30, 0xd4, 0x0,
    0x0, 0xe, 0x27, 0xed, 0xdf, 0xed, 0xfe, 0xc0,
    0x0, 0x5b, 0x1, 0x21, 0x1e, 0x41, 0xd5, 0x10,
    0x1, 0xd9, 0x51, 0x8b, 0xbf, 0xcb, 0xf5, 0x0,
    0x6, 0xfd, 0xf2, 0x23, 0x3f, 0x63, 0x31, 0x0,
    0x0, 0x2, 0xf0, 0x22, 0x2e, 0x52, 0x20, 0x0,
    0x6, 0x45, 0xd0, 0xdd, 0xcf, 0xdc, 0xd3, 0x0,
    0x6, 0xd9, 0x91, 0x21, 0x1e, 0x41, 0x12, 0x0,
    0x0, 0xcf, 0x46, 0xee, 0xef, 0xee, 0xee, 0x40,
    0x0, 0x8f, 0x90, 0x0, 0xe, 0x30, 0x0, 0x0,
    0x6, 0xf5, 0xbf, 0xa6, 0x4e, 0x52, 0x23, 0x30,
    0x2e, 0x40, 0x3, 0x8b, 0xde, 0xff, 0xff, 0xb0,
    0x0, 0x0, 0x0, 0x0, 0x0, 0x0, 0x0, 0x0,

    /* U+5F00 "开" */
    0x0, 0x0, 0x0, 0x0, 0x0, 0x0, 0x0, 0x0,
    0x0, 0xef, 0xff, 0xff, 0xff, 0xff, 0xff, 0x60,
    0x0, 0x22, 0x27, 0xe2, 0x22, 0xf7, 0x22, 0x10,
    0x0, 0x0, 0x6, 0xe0, 0x0, 0xf5, 0x0, 0x0,
    0x0, 0x0, 0x6, 0xe0, 0x0, 0xf5, 0x0, 0x0,
    0x0, 0x0, 0x6, 0xe0, 0x0, 0xf5, 0x0, 0x0,
    0x5, 0x44, 0x48, 0xf4, 0x44, 0xf8, 0x44, 0x51,
    0xe, 0xdd, 0xce, 0xfc, 0xcc, 0xfd, 0xcd, 0xd3,
    0x0, 0x0, 0x9, 0xb0, 0x0, 0xf5, 0x0, 0x0,
    0x0, 0x0, 0xe, 0x70, 0x0, 0xf5, 0x0, 0x0,
    0x0, 0x0, 0x7f, 0x20, 0x0, 0xf5, 0x0, 0x0,
    0x0, 0x4, 0xf8, 0x0, 0x0, 0xf5, 0x0, 0x0,
    0x1, 0x8f, 0xa0, 0x0, 0x0, 0xf6, 0x0, 0x0,
    0x2, 0xb8, 0x0, 0x0, 0x0, 0xf6, 0x0, 0x0,

    /* U+5F55 "录" */
    0x0, 0x1, 0x0, 0x0, 0x0, 0x0, 0x0, 0x0,
    0x0, 0x5f, 0xff, 0xff, 0xff, 0xff, 0xf1, 0x0,
    0x0, 0x0, 0x0, 0x0, 0x0, 0x4, 0xf0, 0x0,
    0x0, 0xc, 0xff, 0xff, 0xff, 0xff, 0xe0, 0x0,
    0x0, 0x1, 0x11, 0x11, 0x11, 0x17, 0xd0, 0x0,
    0x2, 0x21, 0x11, 0x11, 0x11, 0x18, 0xc2, 0x20,
    0xe, 0xee, 0xee, 0xee, 0xfe, 0xee, 0xee, 0xe4,
    0x0, 0x3, 0x0, 0x6, 0xe0, 0x0, 0x20, 0x0,
    0x0, 0x3f, 0x70, 0x6, 0xf2, 0x5, 0xf7, 0x0,
    0x0, 0x3, 0xe5, 0x17, 0xfd, 0x9e, 0x60, 0x0,
    0x0, 0x0, 0x27, 0xe9, 0xe9, 0xf3, 0x0, 0x0,
    0x0, 0x18, 0xeb, 0x36, 0xe0, 0xae, 0x40, 0x0,
    0xa, 0xfc, 0x40, 0x6, 0xe0, 0x7, 0xfd, 0x81,
    0x4, 0x50, 0x0, 0x8d, 0xd0, 0x0, 0x2a, 0xc0,
    0x0, 0x0, 0x0, 0x89, 0x30, 0x0, 0x0, 0x0,

    /* U+5F85 "待" */
    0x0, 0x0, 0xc3, 0x0, 0xc, 0x70, 0x0, 0x0,
    0x0, 0xa, 0xb0, 0x0, 0xc, 0x60, 0x0, 0x0,
    0x0, 0x9d, 0x10, 0xce, 0xef, 0xfe, 0xfb, 0x0,
    0xa, 0xe1, 0x42, 0x12, 0x1c, 0x71, 0x11, 0x0,
    0x6, 0x20, 0xe8, 0x0, 0xc, 0x60, 0x0, 0x0,
    0x0, 0xa, 0xd7, 0xed, 0xdf, 0xed, 0xdd, 0xd5,
    0x0, 0x5f, 0x51, 0x33, 0x22, 0x26, 0xe2, 0x31,
    0x3, 0xff, 0x50, 0x0, 0x0, 0x4, 0xe0, 0x0,
    0x2f, 0x7e, 0x59, 0xff, 0xff, 0xff, 0xff, 0xf2,
    0x5, 0xe, 0x51, 0x25, 0x11, 0x15, 0xe1, 0x20,
    0x0, 0xe, 0x50, 0x2f, 0x60, 0x4, 0xe0, 0x0,
    0x0, 0xe, 0x50, 0xa, 0xf1, 0x4, 0xe0, 0x0,
    0x0, 0xe, 0x50, 0x1, 0x70, 0x5, 0xe0, 0x0,
    0x0, 0xe, 0x50, 0x0, 0x2, 0xcf, 0xc0, 0x0,
    0x0, 0xe, 0x50, 0x0, 0x0, 0xb8, 0x10, 0x0,

    /* U+6210 "成" */
    0x0, 0x0, 0x0, 0x0, 0x0, 0x0, 0x0, 0x0,
    0x0, 0x0, 0x0, 0x0, 0x5f, 0xa, 0x80, 0x0,
    0x0, 0x0, 0x0, 0x0, 0x5f, 0x3, 0xe9, 0x0,
    0x0, 0x0, 0x0, 0x0, 0x4f, 0x0, 0x47, 0x0,
    0x0, 0xcf, 0xff, 0xff, 0xff, 0xff, 0xff, 0xa0,
    0x0, 0xc8, 0x11, 0x11, 0x2f, 0x21, 0x11, 0x10,
    0x0, 0xb7, 0x0, 0x0, 0xf, 0x20, 0x79, 0x0,
    0x0, 0xbf, 0xff, 0xf7, 0xd, 0x40, 0xda, 0x0,
    0x0, 0xc8, 0x22, 0xd6, 0xb, 0x84, 0xf2, 0x0,
    0x0, 0xc6, 0x0, 0xd5, 0x8, 0xbd, 0x90, 0x0,
    0x0, 0xe5, 0x0, 0xe3, 0x3, 0xfe, 0x10, 0x0,
    0x1, 0xf3, 0x0, 0xf2, 0x4, 0xf9, 0x0, 0x30,
    0x5, 0xf0, 0x9d, 0xf0, 0x4f, 0xaf, 0x21, 0xf3,
    0xc, 0xa0, 0x68, 0x48, 0xf6, 0xa, 0xe8, 0xf1,
    0x3f, 0x20, 0x0, 0xcd, 0x30, 0x1, 0xcf, 0xc0,
    0x0, 0x0, 0x0, 0x20, 0x0, 0x0, 0x3, 0x10,

    /* U+6253 "打" */
    0x0, 0x6, 0xf0, 0x0, 0x0, 0x0, 0x0, 0x0,
    0x0, 0x5, 0xf0, 0x5, 0x77, 0x77, 0x77, 0x73,
    0x0, 0x5, 0xe0, 0x6, 0x99, 0x9f, 0xb9, 0x94,
    0xb, 0xde, 0xfd, 0xd5, 0x0, 0xf, 0x40, 0x0,
    0x4, 0x47, 0xf3, 0x31, 0x0, 0xf, 0x40, 0x0,
    0x0, 0x5, 0xe0, 0x0, 0x0, 0xf, 0x40, 0x0,
    0x0, 0x5, 0xe3, 0x91, 0x0, 0xf, 0x40, 0x0,
    0x0, 0x4a, 0xfe, 0x90, 0x0, 0xf, 0x40, 0x0,
    0xe, 0xec, 0xe0, 0x0, 0x0, 0xf, 0x40, 0x0,
    0x3, 0x5, 0xe0, 0x0, 0x0, 0xf, 0x40, 0x0,
    0x0, 0x5, 0xe0, 0x0, 0x0, 0xf, 0x40, 0x0,
    0x0, 0x5, 0xe0, 0x0, 0x0, 0xf, 0x40, 0x0,
    0x0, 0x39, 0xe0, 0x0, 0x1, 0x5f, 0x40, 0x0,
    0x0, 0xef, 0x70, 0x0, 0xc, 0xfd, 0x0, 0x0,
    0x0, 0x10, 0x0, 0x0, 0x2, 0x20, 0x0, 0x0,

    /* U+6362 "换" */
    0x0, 0xf, 0x30, 0x0, 0x77, 0x0, 0x0, 0x0,
    0x0, 0xf, 0x20, 0x0, 0xe5, 0x0, 0x0, 0x0,
    0x0, 0xf, 0x20, 0x8, 0xfe, 0xef, 0xe1, 0x0,
    0x15, 0x5f, 0x74, 0x4f, 0x30, 0xe, 0x40, 0x0,
    0x2a, 0xaf, 0xba, 0xf9, 0x11, 0x8b, 0x11, 0x0,
    0x0, 0xf, 0x20, 0x9f, 0xdd, 0xfd, 0xdf, 0x0,
    0x0, 0xf, 0x22, 0x2e, 0x3, 0xe0, 0x1f, 0x0,
    0x0, 0xf, 0xe8, 0x2e, 0x4, 0xd0, 0x1f, 0x0,
    0x19, 0xef, 0x40, 0x3e, 0x5, 0xd0, 0x1f, 0x10,
    0x9, 0x2f, 0x28, 0xee, 0xef, 0xfe, 0xee, 0xe5,
    0x0, 0xf, 0x20, 0x0, 0xd, 0xe9, 0x0, 0x0,
    0x0, 0xf, 0x20, 0x0, 0x9d, 0x1e, 0x50, 0x0,
    0x0, 0xf, 0x10, 0x1b, 0xd1, 0x4, 0xf7, 0x0,
    0x5, 0xcf, 0x9, 0xfa, 0x10, 0x0, 0x5f, 0xd1,
    0x2, 0x72, 0x4, 0x30, 0x0, 0x0, 0x2, 0x50,

    /* U+6389 "掉" */
    0x0, 0xf, 0x40, 0x0, 0xd, 0x60, 0x0, 0x0,
    0x0, 0xf, 0x40, 0x0, 0xd, 0xdc, 0xcc, 0x70,
    0x0, 0xf, 0x40, 0x0, 0xd, 0x73, 0x33, 0x20,
    0x16, 0x5f, 0x85, 0x1, 0x1d, 0x61, 0x11, 0x0,
    0x2d, 0xdf, 0xed, 0x4f, 0xee, 0xee, 0xef, 0x30,
    0x0, 0xf, 0x40, 0x4e, 0x0, 0x0, 0xf, 0x30,
    0x0, 0xf, 0x67, 0x4f, 0xff, 0xff, 0xff, 0x30,
    0x5, 0x9f, 0xd7, 0x4e, 0x0, 0x0, 0xf, 0x30,
    0x1f, 0x9f, 0x40, 0x5f, 0xff, 0xff, 0xff, 0x30,
    0x1, 0xf, 0x40, 0x1, 0x1a, 0xa1, 0x11, 0x0,
    0x0, 0xf, 0x41, 0x11, 0x1a, 0xa1, 0x11, 0x20,
    0x0, 0xf, 0x4b, 0xee, 0xef, 0xfe, 0xee, 0xf4,
    0x0, 0xf, 0x30, 0x0, 0x9, 0x90, 0x0, 0x0,
    0xb, 0xff, 0x20, 0x0, 0x9, 0xa0, 0x0, 0x0,
    0x5, 0x73, 0x0, 0x0, 0xa, 0xb0, 0x0, 0x0,

    /* U+6392 "排" */
    0x0, 0x2f, 0x20, 0x0, 0x4e, 0xc, 0x50, 0x0,
    0x0, 0x2f, 0x10, 0x0, 0x4e, 0xd, 0x50, 0x0,
    0x0, 0x2f, 0x10, 0x33, 0x6e, 0xd, 0x73, 0x40,
    0x1d, 0xcf, 0xc9, 0x9c, 0xde, 0xd, 0xdc, 0xd0,
    0x4, 0x5f, 0x42, 0x0, 0x4e, 0xd, 0x50, 0x0,
    0x0, 0x2f, 0x10, 0x0, 0x4e, 0xd, 0x50, 0x0,
    0x0, 0x2f, 0x13, 0x6c, 0xde, 0xd, 0xdc, 0x80,
    0x0, 0x5f, 0xf9, 0x35, 0x7e, 0xd, 0x84, 0x30,
    0x3f, 0xdf, 0x20, 0x0, 0x4e, 0xd, 0x50, 0x0,
    0x5, 0x2f, 0x10, 0x0, 0x4e, 0xd, 0x50, 0x0,
    0x0, 0x2f, 0x13, 0xed, 0xee, 0xd, 0xed, 0xe2,
    0x0, 0x2f, 0x11, 0x33, 0x6e, 0xd, 0x73, 0x30,
    0x0, 0x2f, 0x10, 0x0, 0x4e, 0xd, 0x50, 0x0,
    0x6, 0xaf, 0x0, 0x0, 0x4e, 0xd, 0x50, 0x0,
    0x6, 0xf9, 0x0, 0x0, 0x5e, 0xd, 0x60, 0x0,
    0x0, 0x0, 0x0, 0x0, 0x0, 0x0, 0x0, 0x0,

    /* U+63A5 "接" */
    0x0, 0x0, 0x0, 0x0, 0x0, 0x40, 0x0, 0x0,
    0x0, 0x1f, 0x10, 0x0, 0x3, 0xf2, 0x0, 0x0,
    0x0, 0x1f, 0x10, 0x58, 0x88, 0xfb, 0x88, 0x90,
    0x0, 0x1f, 0x10, 0x58, 0x88, 0x88, 0x98, 0x90,
    0x3f, 0xef, 0xe9, 0x1, 0xa0, 0x0, 0xf4, 0x0,
    0x3, 0x3f, 0x32, 0x0, 0xe7, 0x4, 0xf0, 0x0,
    0x0, 0x1f, 0x10, 0x22, 0x86, 0x2a, 0xb2, 0x30,
    0x0, 0x1f, 0x12, 0x9d, 0xdd, 0xdd, 0xdd, 0xd0,
    0x1, 0x5f, 0xe5, 0x0, 0xd, 0x50, 0x0, 0x0,
    0x3f, 0xcf, 0x11, 0xff, 0xff, 0xff, 0xff, 0xf8,
    0x4, 0x1f, 0x10, 0x11, 0xe6, 0x3, 0xf1, 0x0,
    0x0, 0x1f, 0x10, 0x6, 0xf7, 0x1a, 0x80, 0x0,
    0x0, 0x1f, 0x10, 0x0, 0x4b, 0xff, 0x30, 0x0,
    0x1, 0x3f, 0x0, 0x1, 0x5c, 0xda, 0xfa, 0x20,
    0x9, 0xfc, 0x2, 0xdf, 0xd6, 0x0, 0x3c, 0xe1,
    0x2, 0x30, 0x0, 0x42, 0x0, 0x0, 0x0, 0x20,

    /* U+63D0 "提" */
    0x0, 0x3f, 0x0, 0x0, 0x0, 0x0, 0x0, 0x0,
    0x0, 0x3f, 0x0, 0x1f, 0xff, 0xff, 0xff, 0x0,
    0x0, 0x3f, 0x0, 0x1f, 0x43, 0x33, 0x5f, 0x0,
    0x5, 0x7f, 0x55, 0x1f, 0xee, 0xee, 0xef, 0x0,
    0x19, 0xaf, 0x88, 0x1f, 0x10, 0x0, 0x3f, 0x0,
    0x0, 0x3f, 0x0, 0x1f, 0xff, 0xff, 0xfe, 0x0,
    0x0, 0x3f, 0x13, 0x0, 0x0, 0x0, 0x0, 0x0,
    0x0, 0x5f, 0xe7, 0xff, 0xff, 0xff, 0xff, 0xf3,
    0x3c, 0xff, 0x20, 0x11, 0x3, 0xf0, 0x0, 0x10,
    0x18, 0x3f, 0x0, 0x2f, 0x23, 0xf1, 0x12, 0x0,
    0x0, 0x3f, 0x0, 0x5f, 0x3, 0xfe, 0xef, 0x0,
    0x0, 0x3f, 0x0, 0xaf, 0x33, 0xf0, 0x0, 0x0,
    0x1, 0x5f, 0x4, 0xf9, 0xfc, 0xf3, 0x33, 0x41,
    0x8, 0xfb, 0x3f, 0x80, 0x29, 0xdf, 0xff, 0xf0,
    0x1, 0x20, 0x4, 0x0, 0x0, 0x0, 0x0, 0x0,

    /* U+63D2 "插" */
    0x0, 0x0, 0x0, 0x0, 0x0, 0x0, 0x0, 0x0,
    0x0, 0x3f, 0x0, 0x0, 0x0, 0x25, 0x8d, 0x20,
    0x0, 0x2f, 0x0, 0xbd, 0xef, 0xff, 0xdb, 0x50,
    0x0, 0x2e, 0x0, 0x45, 0x45, 0xe0, 0x0, 0x0,
    0x8, 0x9f, 0x84, 0x43, 0x36, 0xf3, 0x33, 0x31,
    0x9, 0x9f, 0x86, 0xed, 0xde, 0xfd, 0xdd, 0xd3,
    0x0, 0x2e, 0x0, 0x0, 0x13, 0xe0, 0x0, 0x0,
    0x0, 0x2e, 0x33, 0x7d, 0x93, 0xe0, 0xff, 0xc0,
    0x4, 0xaf, 0xc2, 0xe4, 0x23, 0xe0, 0x4, 0xd0,
    0x2f, 0xce, 0x0, 0xe2, 0x3, 0xe0, 0x4, 0xd0,
    0x2, 0x2e, 0x0, 0xef, 0xe3, 0xe0, 0xef, 0xd0,
    0x0, 0x2e, 0x0, 0xe2, 0x3, 0xe0, 0x4, 0xd0,
    0x0, 0x2e, 0x0, 0xe2, 0x3, 0xe0, 0x4, 0xd0,
    0x1, 0x6e, 0x0, 0xee, 0xee, 0xfe, 0xee, 0xd0,
    0x8, 0xfd, 0x0, 0xe3, 0x11, 0x11, 0x15, 0xd0,
    0x5, 0xc4, 0x0, 0xe2, 0x0, 0x0, 0x4, 0xd0,
    0x0, 0x0, 0x0, 0x10, 0x0, 0x0, 0x0, 0x0,

    /* U+6587 "文" */
    0x0, 0x0, 0x0, 0x1, 0x0, 0x0, 0x0, 0x0,
    0x0, 0x0, 0x0, 0xba, 0x0, 0x0, 0x0, 0x0,
    0x0, 0x0, 0x0, 0x3f, 0x30, 0x0, 0x0, 0x0,
    0x0, 0x0, 0x0, 0x9, 0x50, 0x0, 0x0, 0x0,
    0x2f, 0xff, 0xff, 0xff, 0xff, 0xff, 0xff, 0xf1,
    0x3, 0x34, 0xf5, 0x33, 0x33, 0xe9, 0x34, 0x40,
    0x0, 0x0, 0xe5, 0x0, 0x0, 0xf4, 0x0, 0x0,
    0x0, 0x0, 0x8a, 0x0, 0x5, 0xe0, 0x0, 0x0,
    0x0, 0x0, 0x2f, 0x20, 0xc, 0x90, 0x0, 0x0,
    0x0, 0x0, 0xa, 0xb0, 0x5f, 0x10, 0x0, 0x0,
    0x0, 0x0, 0x1, 0xe9, 0xe7, 0x0, 0x0, 0x0,
    0x0, 0x0, 0x0, 0x6f, 0xe0, 0x0, 0x0, 0x0,
    0x0, 0x0, 0x6, 0xf9, 0xcd, 0x40, 0x0, 0x0,
    0x0, 0x27, 0xee, 0x40, 0x8, 0xfd, 0x84, 0x10,
    0xc, 0xfd, 0x60, 0x0, 0x0, 0x17, 0xdf, 0xb0,
    0x3, 0x30, 0x0, 0x0, 0x0, 0x0, 0x2, 0x10,

    /* U+65F6 "时" */
    0x0, 0x0, 0x0, 0x0, 0x0, 0xf, 0x60, 0x3,
    0x33, 0x33, 0x0, 0x0, 0x0, 0xf5, 0x0, 0xee,
    0xdd, 0xf3, 0x0, 0x0, 0xf, 0x50, 0xe, 0x60,
    0x1f, 0x36, 0x55, 0x55, 0xf9, 0x62, 0xe6, 0x1,
    0xf4, 0xcc, 0xbb, 0xbf, 0xdc, 0x4d, 0x83, 0x4f,
    0x20, 0x0, 0x0, 0xe5, 0x0, 0xde, 0xdd, 0xf2,
    0x6, 0x0, 0xe, 0x50, 0xd, 0x60, 0x1f, 0x22,
    0xf6, 0x0, 0xe5, 0x0, 0xd6, 0x1, 0xf2, 0x8,
    0xe0, 0xe, 0x50, 0xe, 0x71, 0x3f, 0x20, 0x18,
    0x10, 0xe5, 0x0, 0xef, 0xff, 0xf2, 0x0, 0x0,
    0xe, 0x50, 0xe, 0x60, 0x1f, 0x20, 0x0, 0x0,
    0xe5, 0x0, 0xe6, 0x0, 0x30, 0x0, 0x0, 0xf,
    0x50, 0x1, 0x0, 0x0, 0x0, 0x0, 0x8c, 0xf3,
    0x0, 0x0, 0x0, 0x0, 0x0, 0x4, 0x84, 0x0,
    0x0,

    /* U+660E "明" */
    0xcf, 0xff, 0xf3, 0xf, 0xff, 0xff, 0xf3, 0xd7,
    0x11, 0xf2, 0xf, 0x41, 0x12, 0xf2, 0xc6, 0x0,
    0xf2, 0xf, 0x40, 0x1, 0xf2, 0xc6, 0x0, 0xf2,
    0xf, 0xcb, 0xbc, 0xf2, 0xcf, 0xff, 0xf2, 0xf,
    0x85, 0x56, 0xf2, 0xc6, 0x0, 0xf2, 0xf, 0x40,
    0x1, 0xf2, 0xc6, 0x0, 0xf2, 0xf, 0x52, 0x23,
    0xf2, 0xc6, 0x0, 0xf2, 0xf, 0xff, 0xff, 0xf2,
    0xcf, 0xff, 0xf2, 0x3f, 0x10, 0x1, 0xf2, 0xc7,
    0x22, 0xf3, 0x6e, 0x0, 0x1, 0xf2, 0xb5, 0x0,
    0x0, 0xba, 0x0, 0x1, 0xf2, 0x0, 0x0, 0x2,
    0xf4, 0x0, 0x13, 0xf2, 0x0, 0x0, 0xd, 0xc0,
    0x0, 0xaf, 0xe0, 0x0, 0x0, 0x5, 0x30, 0x0,
    0x24, 0x0,

    /* U+663E "显" */
    0x1, 0xff, 0xff, 0xff, 0xff, 0xff, 0x20, 0x0,
    0x1f, 0x31, 0x11, 0x11, 0x12, 0xf2, 0x0, 0x1,
    0xfd, 0xdd, 0xdd, 0xdd, 0xdf, 0x20, 0x0, 0x1f,
    0x64, 0x44, 0x44, 0x45, 0xf2, 0x0, 0x1, 0xf4,
    0x22, 0x22, 0x22, 0x3f, 0x20, 0x0, 0x1f, 0xff,
    0xff, 0xff, 0xff, 0xf2, 0x0, 0x0, 0x0, 0x4b,
    0x0, 0xb5, 0x0, 0x0, 0x0, 0x90, 0x5, 0xf0,
    0xe, 0x60, 0x17, 0x0, 0xe, 0x90, 0x5e, 0x0,
    0xe6, 0x8, 0xe1, 0x0, 0x5f, 0x35, 0xe0, 0xe,
    0x62, 0xf6, 0x0, 0x0, 0xd9, 0x5e, 0x0, 0xe6,
    0xac, 0x0, 0x2, 0x24, 0x26, 0xe2, 0x2e, 0x73,
    0x42, 0x20, 0xdf, 0xff, 0xff, 0xff, 0xff, 0xff,
    0xff, 0x10,

    /* U+66F4 "更" */
    0x0, 0x0, 0x0, 0x0, 0x0, 0x0, 0x0, 0x4,
    0xff, 0xff, 0xff, 0xff, 0xff, 0xff, 0xb0, 0x1,
    0x0, 0x0, 0x5e, 0x0, 0x0, 0x1, 0x0, 0x2c,
    0xcc, 0xcd, 0xfc, 0xcc, 0xc2, 0x0, 0x3, 0xf3,
    0x22, 0x6e, 0x22, 0x3f, 0x30, 0x0, 0x3f, 0x21,
    0x15, 0xe1, 0x12, 0xf3, 0x0, 0x3, 0xfe, 0xee,
    0xef, 0xee, 0xef, 0x30, 0x0, 0x3f, 0x10, 0x5,
    0xe0, 0x1, 0xf3, 0x0, 0x3, 0xff, 0xff, 0xff,
    0xff, 0xff, 0x30, 0x0, 0x4, 0xd3, 0x1a, 0xa1,
    0x11, 0x10, 0x0, 0x0, 0xa, 0xe4, 0xe5, 0x0,
    0x0, 0x0, 0x0, 0x0, 0x6, 0xff, 0x20, 0x0,
    0x0, 0x0, 0x0, 0x3, 0xbe, 0xaf, 0xc7, 0x30,
    0x0, 0x7, 0xbe, 0xe8, 0x0, 0x17, 0xbf, 0xff,
    0xd0, 0x47, 0x30, 0x0, 0x0, 0x0, 0x2, 0x44,
    0x0,

    /* U+66FF "替" */
    0x0, 0x0, 0x73, 0x0, 0x0, 0x64, 0x0, 0x0,
    0x2, 0x1d, 0x52, 0x1, 0x2c, 0x71, 0x20, 0x4,
    0xee, 0xfe, 0xe3, 0xbe, 0xfe, 0xef, 0x0, 0x0,
    0xf, 0x10, 0x0, 0xf, 0x40, 0x0, 0xe, 0xff,
    0xff, 0xf9, 0xff, 0xff, 0xff, 0xa0, 0x0, 0xaf,
    0x90, 0x0, 0x8d, 0xd2, 0x0, 0x0, 0x6e, 0x2b,
    0xa0, 0x8f, 0x25, 0xe5, 0x0, 0x9e, 0x30, 0x12,
    0x2b, 0x30, 0x5, 0xe9, 0x8, 0x24, 0xff, 0xff,
    0xff, 0xff, 0x60, 0x0, 0x0, 0x4e, 0x0, 0x0,
    0x0, 0xc6, 0x0, 0x0, 0x4, 0xff, 0xff, 0xff,
    0xff, 0x60, 0x0, 0x0, 0x4e, 0x11, 0x11, 0x11,
    0xc6, 0x0, 0x0, 0x4, 0xe2, 0x22, 0x22, 0x2c,
    0x60, 0x0, 0x0, 0x4f, 0xdd, 0xdd, 0xdd, 0xf6,
    0x0,

    /* U+672A "未" */
    0x0, 0x0, 0x0, 0xf, 0x50, 0x0, 0x0, 0x0,
    0x0, 0x0, 0x0, 0xe, 0x50, 0x0, 0x0, 0x0,
    0x0, 0x32, 0x22, 0x2e, 0x62, 0x22, 0x31, 0x0,
    0x0, 0xdd, 0xdd, 0xdf, 0xed, 0xdd, 0xe4, 0x0,
    0x0, 0x0, 0x0, 0xe, 0x50, 0x0, 0x0, 0x0,
    0x0, 0x0, 0x0, 0xe, 0x50, 0x0, 0x0, 0x0,
    0x2f, 0xff, 0xff, 0xff, 0xff, 0xff, 0xff, 0x90,
    0x1, 0x0, 0x5, 0xff, 0xf7, 0x0, 0x1, 0x0,
    0x0, 0x0, 0x1e, 0x7e, 0x8f, 0x40, 0x0, 0x0,
    0x0, 0x2, 0xda, 0xe, 0x57, 0xf4, 0x0, 0x0,
    0x0, 0x4e, 0xb0, 0xe, 0x50, 0x8f, 0x80, 0x0,
    0x19, 0xf9, 0x0, 0xe, 0x50, 0x6, 0xff, 0x90,
    0x1b, 0x50, 0x0, 0xf, 0x50, 0x0, 0x18, 0x60,
    0x0, 0x0, 0x0, 0xf, 0x60, 0x0, 0x0, 0x0,

    /* U+673A "机" */
    0x0, 0xe, 0x70, 0x0, 0x0, 0x0, 0x0, 0x0,
    0x0, 0xd, 0x60, 0x2, 0xff, 0xff, 0x60, 0x0,
    0x0, 0xd, 0x60, 0x2, 0xf2, 0x1d, 0x60, 0x0,
    0x2d, 0xdf, 0xed, 0x92, 0xf0, 0xd, 0x60, 0x0,
    0x3, 0x4f, 0x72, 0x22, 0xf0, 0xd, 0x60, 0x0,
    0x0, 0x6f, 0x60, 0x2, 0xf0, 0xd, 0x60, 0x0,
    0x0, 0xcf, 0xba, 0x2, 0xf0, 0xd, 0x60, 0x0,
    0x2, 0xfe, 0x8f, 0x63, 0xf0, 0xd, 0x60, 0x0,
    0xa, 0xad, 0x67, 0x55, 0xd0, 0xd, 0x60, 0x0,
    0x3f, 0x4d, 0x60, 0x7, 0xb0, 0xd, 0x60, 0x0,
    0x3a, 0xd, 0x60, 0xb, 0x70, 0xd, 0x60, 0x0,
    0x0, 0xd, 0x60, 0x2f, 0x20, 0xd, 0x62, 0x70,
    0x0, 0xe, 0x60, 0xca, 0x0, 0xd, 0x85, 0xf0,
    0x0, 0xe, 0x64, 0xd1, 0x0, 0x9, 0xff, 0x90,
    0x0, 0x0, 0x0, 0x0, 0x0, 0x0, 0x0, 0x0,

    /* U+6784 "构" */
    0x0, 0x0, 0x0, 0x0, 0x10, 0x0, 0x0, 0x0,
    0x0, 0xe5, 0x0, 0xc, 0x90, 0x0, 0x0, 0x0,
    0xd, 0x50, 0x2, 0xf2, 0x0, 0x0, 0x0, 0x0,
    0xd5, 0x0, 0x8e, 0x88, 0x88, 0x87, 0xf, 0xff,
    0xff, 0x2e, 0x98, 0x88, 0x8b, 0xe0, 0x14, 0xf6,
    0x18, 0xc0, 0x0, 0x0, 0x5d, 0x0, 0x8f, 0x50,
    0xa3, 0x99, 0x0, 0x5, 0xd0, 0xe, 0xfc, 0xa0,
    0xe, 0x70, 0x0, 0x5d, 0x8, 0xcd, 0x8f, 0x35,
    0xd0, 0x89, 0x5, 0xd3, 0xf4, 0xd5, 0x72, 0xd5,
    0x6, 0xf0, 0x6c, 0x89, 0xd, 0x50, 0x8f, 0xab,
    0xdf, 0x47, 0xb0, 0x0, 0xd5, 0x5, 0xb7, 0x53,
    0xe6, 0x7a, 0x0, 0xd, 0x50, 0x0, 0x0, 0x0,
    0x9, 0xa0, 0x0, 0xe5, 0x0, 0x0, 0x1, 0x57,
    0xf6, 0x0, 0xe, 0x60, 0x0, 0x0, 0xf, 0xe9,
    0x0, 0x0, 0x0, 0x0, 0x0, 0x0, 0x0, 0x0,

    /* U+6B62 "止" */
    0x0, 0x0, 0x0, 0x5, 0xf0, 0x0, 0x0, 0x0,
    0x0, 0x0, 0x0, 0x5f, 0x0, 0x0, 0x0, 0x0,
    0x6, 0x30, 0x4, 0xf0, 0x0, 0x0, 0x0, 0x0,
    0xe7, 0x0, 0x4f, 0x22, 0x22, 0x20, 0x0, 0xd,
    0x70, 0x4, 0xff, 0xff, 0xfd, 0x0, 0x0, 0xd7,
    0x0, 0x4f, 0x0, 0x0, 0x0, 0x0, 0xd, 0x70,
    0x4, 0xf0, 0x0, 0x0, 0x0, 0x0, 0xd7, 0x0,
    0x4f, 0x0, 0x0, 0x0, 0x0, 0xd, 0x70, 0x4,
    0xf0, 0x0, 0x0, 0x0, 0x0, 0xd7, 0x0, 0x4f,
    0x0, 0x0, 0x0, 0x0, 0xd, 0x70, 0x4, 0xf0,
    0x0, 0x0, 0x5, 0xdd, 0xfe, 0xdd, 0xef, 0xdd,
    0xdd, 0xdd, 0x15, 0x44, 0x44, 0x44, 0x44, 0x44,
    0x44, 0x50,

    /* U+6B63 "正" */
    0x1, 0x55, 0x55, 0x55, 0x55, 0x55, 0x56, 0x10,
    0x2c, 0xcc, 0xcc, 0xdf, 0xcc, 0xcc, 0xd2, 0x0,
    0x0, 0x0, 0x5, 0xe0, 0x0, 0x0, 0x0, 0x0,
    0x0, 0x0, 0x5e, 0x0, 0x0, 0x0, 0x0, 0xa,
    0x40, 0x5, 0xe0, 0x0, 0x0, 0x0, 0x0, 0xe6,
    0x0, 0x5f, 0x44, 0x44, 0x40, 0x0, 0xe, 0x60,
    0x5, 0xfc, 0xcc, 0xcb, 0x0, 0x0, 0xe6, 0x0,
    0x5e, 0x0, 0x0, 0x0, 0x0, 0xe, 0x60, 0x5,
    0xe0, 0x0, 0x0, 0x0, 0x0, 0xe6, 0x0, 0x5e,
    0x0, 0x0, 0x0, 0x0, 0xe, 0x60, 0x5, 0xe0,
    0x0, 0x0, 0x1, 0x43, 0xe8, 0x33, 0x7f, 0x33,
    0x33, 0x43, 0x4e, 0xee, 0xee, 0xee, 0xee, 0xee,
    0xee, 0xb0,

    /* U+6B65 "步" */
    0x0, 0x0, 0x0, 0x3, 0xf1, 0x0, 0x0, 0x0,
    0x0, 0x0, 0x0, 0x2, 0xf0, 0x0, 0x0, 0x0,
    0x0, 0x0, 0xf5, 0x2, 0xfd, 0xdd, 0xd9, 0x0,
    0x0, 0x0, 0xe4, 0x2, 0xf2, 0x22, 0x22, 0x0,
    0x0, 0x0, 0xe4, 0x2, 0xf0, 0x0, 0x0, 0x0,
    0x5, 0x44, 0xe7, 0x46, 0xf4, 0x44, 0x44, 0x50,
    0xd, 0xcc, 0xcc, 0xcc, 0xcc, 0xcc, 0xcc, 0xd0,
    0x0, 0x0, 0x1, 0x2, 0xc1, 0x0, 0x0, 0x0,
    0x0, 0x0, 0x8e, 0x12, 0xf0, 0x0, 0x1a, 0x10,
    0x0, 0x6, 0xf4, 0x2, 0xf0, 0x0, 0xce, 0x20,
    0x0, 0x7f, 0x40, 0x2, 0xf0, 0xb, 0xe2, 0x0,
    0x3, 0xf4, 0x0, 0x2, 0xf4, 0xdc, 0x10, 0x0,
    0x0, 0x0, 0x0, 0x6, 0xff, 0x80, 0x0, 0x0,
    0x5, 0x78, 0xac, 0xfd, 0x81, 0x0, 0x0, 0x0,
    0x5, 0xca, 0x85, 0x20, 0x0, 0x0, 0x0, 0x0,

    /* U+6D4F "浏" */
    0x2, 0x60, 0x0, 0xa7, 0x0, 0x0, 0x3, 0xf0,
    0x4f, 0xa0, 0x9, 0xd0, 0x0, 0x30, 0x3e, 0x0,
    0x27, 0x0, 0x36, 0x0, 0x1f, 0x33, 0xe0, 0x0,
    0xc, 0xdd, 0xdd, 0xd1, 0xf3, 0x3e, 0x4, 0x0,
    0x44, 0x47, 0xd4, 0x1f, 0x33, 0xe1, 0xed, 0x30,
    0x40, 0x4b, 0x0, 0xf3, 0x3e, 0x0, 0xa3, 0x5f,
    0x56, 0xa0, 0xf, 0x33, 0xe0, 0x0, 0x0, 0x7f,
    0xb7, 0x0, 0xf3, 0x3e, 0x0, 0x75, 0x0, 0xbf,
    0x40, 0xf, 0x33, 0xe0, 0xd, 0x80, 0x6, 0xfa,
    0x1, 0xf3, 0x3e, 0x2, 0xf2, 0x1, 0xe9, 0xf6,
    0x1f, 0x43, 0xe0, 0x7c, 0x1, 0xcc, 0x9, 0xe0,
    0x10, 0x3e, 0xe, 0x71, 0xde, 0x20, 0x13, 0x0,
    0x3, 0xe3, 0xd2, 0x5, 0x30, 0x0, 0x0, 0xc,
    0xed, 0x0, 0x0, 0x0, 0x0, 0x0, 0x0, 0x67,
    0x20,

    /* U+70B9 "点" */
    0x0, 0x0, 0x0, 0x1f, 0x40, 0x0, 0x0, 0x0,
    0x0, 0x0, 0x0, 0x1f, 0x40, 0x0, 0x0, 0x0,
    0x0, 0x0, 0x0, 0x1f, 0xff, 0xff, 0xff, 0x50,
    0x0, 0x0, 0x0, 0x1f, 0x51, 0x11, 0x12, 0x0,
    0x0, 0x1, 0x11, 0x1f, 0x41, 0x11, 0x10, 0x0,
    0x0, 0xf, 0xff, 0xff, 0xff, 0xff, 0xf0, 0x0,
    0x0, 0xf, 0x50, 0x0, 0x0, 0x4, 0xf0, 0x0,
    0x0, 0xf, 0x50, 0x0, 0x0, 0x4, 0xf0, 0x0,
    0x0, 0xf, 0x50, 0x0, 0x0, 0x4, 0xf0, 0x0,
    0x0, 0xf, 0xff, 0xff, 0xff, 0xff, 0xf0, 0x0,
    0x0, 0x21, 0x11, 0x11, 0x11, 0x11, 0x10, 0x0,
    0x0, 0xe8, 0xa, 0x30, 0x3c, 0x0, 0x7b, 0x0,
    0x5, 0xf1, 0xb, 0xa0, 0x1e, 0x70, 0x3f, 0x50,
    0xd, 0x90, 0x5, 0xf1, 0x8, 0xe0, 0x9, 0xe0,
    0x4, 0x10, 0x0, 0x30, 0x1, 0x20, 0x1, 0x30,

    /* U+70ED "热" */
    0x0, 0x4, 0xe0, 0x0, 0xb, 0x50, 0x0, 0x0,
    0x0, 0x3, 0xd0, 0x0, 0xc, 0x60, 0x0, 0x0,
    0x0, 0x14, 0xd0, 0x1, 0x2d, 0x73, 0x40, 0x0,
    0x8, 0xee, 0xfe, 0x98, 0xcf, 0xdc, 0xf0, 0x0,
    0x0, 0x3, 0xd0, 0x0, 0xd, 0x43, 0xe0, 0x0,
    0x0, 0x3, 0xe7, 0x66, 0x4e, 0x23, 0xd0, 0x0,
    0x7, 0xcf, 0xf9, 0x36, 0xff, 0x3, 0xd0, 0x0,
    0x4, 0x65, 0xd0, 0x0, 0xaf, 0xc3, 0xf0, 0x30,
    0x0, 0x3, 0xd0, 0x3, 0xf2, 0x99, 0xe4, 0xc7,
    0x0, 0x7b, 0xc0, 0x2e, 0x80, 0x0, 0x7e, 0xf1,
    0x0, 0x58, 0x20, 0x7a, 0x0, 0x0, 0x5, 0x30,
    0x0, 0x75, 0x2, 0x20, 0x8, 0x0, 0x7b, 0x0,
    0x1, 0xf6, 0x8, 0xb0, 0xe, 0x60, 0x1f, 0x50,
    0x9, 0xd0, 0x2, 0xf1, 0x8, 0xd0, 0x7, 0xd0,
    0x8, 0x40, 0x0, 0x71, 0x1, 0x40, 0x0, 0x50,

    /* U+751F "生" */
    0x0, 0x0, 0x0, 0xf, 0x70, 0x0, 0x0, 0x0,
    0x5, 0xf3, 0x0, 0xe6, 0x0, 0x0, 0x0, 0x0,
    0x9d, 0x0, 0xe, 0x60, 0x0, 0x0, 0x0, 0xe,
    0x93, 0x33, 0xe8, 0x33, 0x34, 0x10, 0x5, 0xfe,
    0xee, 0xef, 0xee, 0xee, 0xe6, 0x0, 0xda, 0x0,
    0x0, 0xe6, 0x0, 0x0, 0x0, 0x6f, 0x20, 0x0,
    0xe, 0x60, 0x0, 0x0, 0x0, 0x10, 0x43, 0x33,
    0xe8, 0x33, 0x42, 0x0, 0x0, 0xe, 0xee, 0xef,
    0xee, 0xee, 0x70, 0x0, 0x0, 0x0, 0x0, 0xe6,
    0x0, 0x0, 0x0, 0x0, 0x0, 0x0, 0xe, 0x60,
    0x0, 0x0, 0x0, 0x0, 0x0, 0x0, 0xe6, 0x0,
    0x0, 0x0, 0x4, 0x33, 0x33, 0x3e, 0x83, 0x33,
    0x33, 0x20, 0xed, 0xdd, 0xdd, 0xdd, 0xdd, 0xdd,
    0xe6,

    /* U+7528 "用" */
    0x0, 0x5f, 0xff, 0xff, 0xff, 0xff, 0xff, 0x0,
    0x4e, 0x0, 0x5, 0xe0, 0x0, 0x5f, 0x0, 0x4e,
    0x0, 0x5, 0xe0, 0x0, 0x5e, 0x0, 0x4f, 0xee,
    0xee, 0xfe, 0xee, 0xee, 0x0, 0x4e, 0x0, 0x5,
    0xe0, 0x0, 0x5e, 0x0, 0x4e, 0x0, 0x5, 0xe0,
    0x0, 0x5e, 0x0, 0x4e, 0x0, 0x5, 0xe0, 0x0,
    0x5e, 0x0, 0x5f, 0xff, 0xff, 0xff, 0xff, 0xfe,
    0x0, 0x6d, 0x0, 0x5, 0xe0, 0x0, 0x5e, 0x0,
    0x8a, 0x0, 0x5, 0xe0, 0x0, 0x5e, 0x0, 0xd6,
    0x0, 0x5, 0xe0, 0x0, 0x5e, 0x3, 0xf1, 0x0,
    0x5, 0xf0, 0x3, 0x8d, 0xc, 0xa0, 0x0, 0x5,
    0xd0, 0xb, 0xf6, 0x1, 0x10, 0x0, 0x0, 0x0,
    0x1, 0x0,

    /* U+7535 "电" */
    0x0, 0x0, 0x5, 0xf0, 0x0, 0x0, 0x0, 0x0,
    0x0, 0x0, 0x5f, 0x0, 0x0, 0x0, 0x0, 0x2,
    0x22, 0x26, 0xf2, 0x22, 0x22, 0x0, 0x5, 0xfe,
    0xee, 0xef, 0xee, 0xee, 0xf0, 0x0, 0x5f, 0x10,
    0x5, 0xf0, 0x0, 0x4f, 0x0, 0x5, 0xf1, 0x0,
    0x5f, 0x0, 0x4, 0xf0, 0x0, 0x5f, 0xff, 0xff,
    0xff, 0xff, 0xff, 0x0, 0x5, 0xf1, 0x0, 0x5f,
    0x0, 0x4, 0xf0, 0x0, 0x5f, 0x10, 0x5, 0xf0,
    0x0, 0x4f, 0x0, 0x5, 0xf5, 0x44, 0x8f, 0x44,
    0x47, 0xf0, 0x0, 0x5f, 0xcc, 0xcd, 0xfc, 0xcc,
    0xcc, 0x0, 0x5, 0xf0, 0x0, 0x5f, 0x0, 0x0,
    0x0, 0x0, 0x0, 0x0, 0x5, 0xf0, 0x0, 0x0,
    0x1e, 0x30, 0x0, 0x0, 0x3f, 0x52, 0x22, 0x28,
    0xf1, 0x0, 0x0, 0x0, 0xbe, 0xff, 0xff, 0xe8,
    0x0,

    /* U+754C "界" */
    0x0, 0x5e, 0xee, 0xee, 0xee, 0xee, 0xe6, 0x0,
    0x0, 0x5e, 0x0, 0x4, 0xe0, 0x0, 0xd6, 0x0,
    0x0, 0x5e, 0x22, 0x26, 0xe2, 0x22, 0xe6, 0x0,
    0x0, 0x5f, 0xbb, 0xbc, 0xfb, 0xbb, 0xf6, 0x0,
    0x0, 0x5e, 0x0, 0x4, 0xe0, 0x0, 0xd6, 0x0,
    0x0, 0x5e, 0xee, 0xee, 0xee, 0xee, 0xe6, 0x0,
    0x0, 0x0, 0x0, 0x7, 0x80, 0x0, 0x0, 0x0,
    0x0, 0x0, 0x0, 0xaf, 0xe7, 0x0, 0x0, 0x0,
    0x0, 0x0, 0x5e, 0xd3, 0x2e, 0xd4, 0x0, 0x0,
    0x3, 0x8e, 0xd7, 0x0, 0x1, 0xcf, 0xd7, 0x30,
    0x9, 0xb5, 0xf, 0x30, 0x0, 0xf8, 0x8e, 0xe0,
    0x0, 0x0, 0x2f, 0x0, 0x0, 0xe5, 0x0, 0x10,
    0x0, 0x0, 0x7d, 0x0, 0x0, 0xe5, 0x0, 0x0,
    0x0, 0x5, 0xf4, 0x0, 0x0, 0xe5, 0x0, 0x0,
    0x0, 0x2f, 0x60, 0x0, 0x0, 0xf5, 0x0, 0x0,
    0x0, 0x1, 0x0, 0x0, 0x0, 0x0, 0x0, 0x0,

    /* U+793A "示" */
    0x0, 0x0, 0x0, 0x0, 0x0, 0x0, 0x0, 0x0,
    0xff, 0xff, 0xff, 0xff, 0xff, 0x10, 0x0, 0x21,
    0x11, 0x11, 0x11, 0x12, 0x0, 0x0, 0x0, 0x0,
    0x0, 0x0, 0x0, 0x0, 0x0, 0x0, 0x0, 0x0,
    0x0, 0x0, 0x0, 0xad, 0xdd, 0xdd, 0xdd, 0xdd,
    0xdd, 0xdd, 0x33, 0x33, 0x33, 0x8c, 0x33, 0x33,
    0x34, 0x0, 0x3, 0x0, 0x7c, 0x0, 0x10, 0x0,
    0x0, 0x2f, 0x50, 0x7c, 0x6, 0xd1, 0x0, 0x0,
    0xbc, 0x0, 0x7c, 0x0, 0xcb, 0x0, 0x5, 0xf2,
    0x0, 0x7c, 0x0, 0x1e, 0x90, 0x2f, 0x70, 0x0,
    0x7c, 0x0, 0x4, 0xf5, 0x5c, 0x0, 0x0, 0x8b,
    0x0, 0x0, 0x74, 0x0, 0x0, 0x4f, 0xf8, 0x0,
    0x0, 0x0, 0x0, 0x0, 0x6, 0x20, 0x0, 0x0,
    0x0,

    /* U+79BB "离" */
    0x0, 0x0, 0x0, 0x32, 0x0, 0x0, 0x0, 0x0,
    0x0, 0x0, 0xc9, 0x0, 0x0, 0x0, 0xad, 0xdd,
    0xdd, 0xef, 0xdd, 0xdd, 0xdd, 0x11, 0x0, 0x63,
    0x0, 0x4b, 0x30, 0x11, 0x4, 0x91, 0x8c, 0xda,
    0xe6, 0x13, 0x80, 0x5, 0xc0, 0x49, 0xda, 0xfa,
    0x35, 0xc0, 0x5, 0xc1, 0xb6, 0x0, 0x18, 0x75,
    0xc0, 0x5, 0xfd, 0xdd, 0xdd, 0xdd, 0xde, 0xd0,
    0x0, 0x11, 0x11, 0xc4, 0x11, 0x11, 0x10, 0x1,
    0x11, 0x14, 0xf4, 0x11, 0x11, 0x10, 0x4f, 0xdd,
    0xdf, 0xed, 0xdd, 0xdd, 0xe9, 0x4d, 0x0, 0x5e,
    0x10, 0x19, 0x0, 0x89, 0x4d, 0x6, 0xf4, 0x13,
    0x5f, 0x90, 0x89, 0x4d, 0x9, 0xff, 0xdb, 0x98,
    0xf1, 0x89, 0x4d, 0x2, 0x30, 0x0, 0x0, 0x25,
    0xb9, 0x5d, 0x0, 0x0, 0x0, 0x0, 0xf, 0xe5,
    0x0, 0x0, 0x0, 0x0, 0x0, 0x0, 0x0,

    /* U+7B49 "等" */
    0x0, 0x2, 0x0, 0x0, 0x0, 0x0, 0x0, 0x0,
    0x0, 0x6f, 0x20, 0x0, 0x5, 0xf3, 0x0, 0x0,
    0x0, 0xef, 0xee, 0xee, 0x3e, 0xfd, 0xdd, 0xd6,
    0xb, 0xd0, 0x6e, 0x1, 0xbc, 0x11, 0xe6, 0x10,
    0x7, 0x20, 0x16, 0x1c, 0x80, 0x0, 0x78, 0x0,
    0x0, 0x6d, 0xdd, 0xdf, 0xed, 0xdd, 0xd4, 0x0,
    0x0, 0x11, 0x11, 0x1c, 0x81, 0x11, 0x20, 0x0,
    0x0, 0x0, 0x0, 0xc, 0x70, 0x0, 0x0, 0x0,
    0x9f, 0xff, 0xff, 0xff, 0xff, 0xff, 0xff, 0xf7,
    0x0, 0x0, 0x0, 0x0, 0x0, 0x6e, 0x0, 0x0,
    0x0, 0x32, 0x22, 0x22, 0x22, 0x8e, 0x22, 0x10,
    0x1, 0xed, 0xdd, 0xdd, 0xdd, 0xef, 0xde, 0x70,
    0x0, 0x1, 0xc3, 0x0, 0x0, 0x6e, 0x0, 0x0,
    0x0, 0x0, 0x9d, 0x10, 0x0, 0x7e, 0x0, 0x0,
    0x0, 0x0, 0x7, 0x0, 0x59, 0xdc, 0x0, 0x0,
    0x0, 0x0, 0x0, 0x0, 0x3a, 0x71, 0x0, 0x0,

    /* U+7EBF "线" */
    0x0, 0x8, 0x40, 0x0, 0x69, 0x0, 0x0, 0x0,
    0x0, 0x1f, 0x50, 0x0, 0x7e, 0xc, 0x70, 0x0,
    0x0, 0x9a, 0x0, 0x0, 0x6d, 0x3, 0xc0, 0x0,
    0x3, 0xe1, 0x2e, 0x30, 0x6d, 0x3, 0x7b, 0x30,
    0x1d, 0x60, 0xab, 0x47, 0xcf, 0xfc, 0x97, 0x10,
    0x4f, 0xff, 0xf1, 0x89, 0x8f, 0x0, 0x0, 0x10,
    0x3, 0xa, 0x60, 0x0, 0x2f, 0x47, 0xae, 0xf0,
    0x0, 0x5c, 0x0, 0x6b, 0xef, 0xd9, 0x63, 0x0,
    0x5, 0xf5, 0x34, 0x44, 0x1c, 0x50, 0x8b, 0x10,
    0xd, 0xfe, 0xc9, 0x0, 0x8, 0xa7, 0xf6, 0x0,
    0x2, 0x0, 0x0, 0x0, 0x3, 0xff, 0x50, 0x0,
    0x3, 0x58, 0xbe, 0x60, 0x1b, 0xfc, 0x0, 0x40,
    0x1f, 0xe9, 0x52, 0x6, 0xeb, 0x2e, 0x93, 0xf4,
    0x1, 0x0, 0x0, 0xcf, 0x60, 0x2, 0xef, 0xd0,
    0x0, 0x0, 0x0, 0x21, 0x0, 0x0, 0x16, 0x10,

    /* U+7EDC "络" */
    0x0, 0x3, 0x0, 0x0, 0x4b, 0x10, 0x0, 0x0,
    0x0, 0xe, 0x70, 0x0, 0xac, 0x0, 0x0, 0x0,
    0x0, 0x5e, 0x0, 0x1, 0xff, 0xff, 0xff, 0x50,
    0x0, 0xc5, 0xa, 0x1a, 0xf9, 0x0, 0x9c, 0x0,
    0x6, 0xc0, 0x7e, 0x7f, 0x4f, 0x44, 0xf2, 0x0,
    0x1f, 0xed, 0xf6, 0x44, 0x6, 0xef, 0x50, 0x0,
    0x6, 0x28, 0xd0, 0x0, 0x8, 0xff, 0x50, 0x0,
    0x0, 0x1f, 0x40, 0x17, 0xee, 0x48, 0xfd, 0x72,
    0x0, 0xab, 0x0, 0xcf, 0xa1, 0x0, 0x3c, 0xf8,
    0x7, 0xfc, 0xdd, 0x25, 0xff, 0xff, 0xff, 0x21,
    0x4, 0x96, 0x42, 0x3, 0xe0, 0x0, 0x3f, 0x0,
    0x0, 0x2, 0x59, 0x13, 0xe0, 0x0, 0x3e, 0x0,
    0x8, 0xff, 0xb6, 0x3, 0xfc, 0xcc, 0xde, 0x0,
    0x4, 0x92, 0x0, 0x3, 0xf3, 0x33, 0x6e, 0x0,
    0x0, 0x0, 0x0, 0x3, 0xe0, 0x0, 0x3f, 0x0,
    0x0, 0x0, 0x0, 0x0, 0x10, 0x0, 0x0, 0x0,

    /* U+7F13 "缓" */
    0x0, 0x1a, 0x10, 0x0, 0x12, 0x35, 0x7b, 0x10,
    0x5, 0xf1, 0xa, 0xff, 0xed, 0xb9, 0x82, 0x0,
    0xc8, 0x0, 0x27, 0x6, 0x50, 0x95, 0x0, 0x4e,
    0x3, 0xd2, 0xf2, 0x9b, 0x1f, 0x20, 0x1d, 0xa3,
    0xba, 0x7, 0x23, 0x37, 0xb0, 0x1, 0xeb, 0xdd,
    0x9, 0xee, 0xfe, 0xee, 0xe5, 0x0, 0x2e, 0x20,
    0x10, 0x5e, 0x0, 0x1, 0x10, 0xc, 0x60, 0x3e,
    0xef, 0xee, 0xee, 0xed, 0xc, 0xf8, 0x91, 0x0,
    0xe2, 0x0, 0x0, 0x0, 0xba, 0x88, 0x0, 0x6f,
    0xff, 0xff, 0xc0, 0x0, 0x0, 0x1, 0x1e, 0xd6,
    0x2, 0xf2, 0x2, 0x8a, 0xdf, 0x7b, 0x92, 0xe5,
    0xd7, 0x0, 0x1d, 0x95, 0x2b, 0xd0, 0x8, 0xfe,
    0x20, 0x0, 0x0, 0x4, 0xd2, 0x6b, 0xe6, 0xaf,
    0xe9, 0x0, 0x0, 0x0, 0x8, 0x60, 0x0, 0x16,
    0x40,

    /* U+7F51 "网" */
    0x6f, 0xff, 0xff, 0xff, 0xff, 0xff, 0xff, 0x5,
    0xe1, 0x11, 0x11, 0x11, 0x11, 0x15, 0xf0, 0x5e,
    0x1, 0x0, 0xb3, 0x0, 0x47, 0x5e, 0x5, 0xe6,
    0xe0, 0x3f, 0x34, 0x9, 0xc5, 0xe0, 0x5e, 0xd,
    0x77, 0xb7, 0xe1, 0xd5, 0x5e, 0x5, 0xe0, 0x3f,
    0xd5, 0xc, 0xbf, 0x5, 0xe0, 0x5e, 0x0, 0xaf,
    0x0, 0x4f, 0xa0, 0x5e, 0x5, 0xe0, 0xb, 0xf4,
    0x1, 0xfa, 0x5, 0xe0, 0x5e, 0x3, 0xfa, 0xd0,
    0xad, 0xf3, 0x5e, 0x5, 0xe0, 0xc8, 0x1b, 0x6f,
    0x2b, 0xb5, 0xe0, 0x5e, 0x7e, 0x0, 0x3f, 0x80,
    0x38, 0x5e, 0x5, 0xe3, 0x40, 0x1, 0x70, 0x0,
    0x5, 0xe0, 0x5e, 0x0, 0x0, 0x0, 0x0, 0x16,
    0xbe, 0x6, 0xe0, 0x0, 0x0, 0x0, 0x0, 0xdc,
    0x60,

    /* U+7F6E "置" */
    0xd, 0xed, 0xde, 0xdd, 0xfd, 0xde, 0xc0, 0x0,
    0xc6, 0x4, 0xa0, 0xd, 0x20, 0x7c, 0x0, 0xa,
    0xcc, 0xcc, 0xde, 0xcc, 0xcc, 0xa0, 0x3, 0x66,
    0x66, 0x6c, 0xd6, 0x66, 0x66, 0x0, 0x48, 0x77,
    0x77, 0xea, 0x77, 0x77, 0x80, 0x0, 0x6, 0xbb,
    0xbf, 0xcb, 0xbb, 0x40, 0x0, 0x0, 0x89, 0x22,
    0x22, 0x22, 0xb5, 0x0, 0x0, 0x7, 0xed, 0xdd,
    0xdd, 0xdf, 0x50, 0x0, 0x0, 0x78, 0x11, 0x11,
    0x11, 0xb5, 0x0, 0x0, 0x7, 0xff, 0xff, 0xff,
    0xff, 0x50, 0x0, 0x0, 0x7b, 0x77, 0x77, 0x77,
    0xd5, 0x0, 0x0, 0x7, 0xb5, 0x55, 0x55, 0x5c,
    0x50, 0x0, 0xed, 0xee, 0xdd, 0xdd, 0xdd, 0xed,
    0xde, 0x0,

    /* U+85CF "藏" */
    0x0, 0x0, 0x0, 0x0, 0x0, 0x0, 0x0, 0x0,
    0x0, 0x0, 0xf, 0x20, 0xc, 0x30, 0x0, 0x0,
    0xe, 0xee, 0xef, 0xee, 0xef, 0xee, 0xee, 0xb0,
    0x1, 0x0, 0xf, 0x20, 0x9, 0x30, 0x67, 0x10,
    0x3, 0x10, 0x0, 0x0, 0x0, 0xd5, 0x3a, 0x0,
    0xb, 0x4a, 0xdd, 0xdd, 0xdd, 0xfe, 0xdd, 0x80,
    0xb, 0x3b, 0x72, 0x22, 0x22, 0xb7, 0x22, 0x10,
    0xb, 0xce, 0x6c, 0xff, 0xfb, 0x87, 0x9, 0x20,
    0x2, 0x3c, 0x6c, 0x43, 0xc0, 0x69, 0x1f, 0x20,
    0x28, 0x8d, 0x6b, 0xee, 0xed, 0x4c, 0x5d, 0x0,
    0x3c, 0xce, 0x6b, 0x40, 0xd, 0x1f, 0xa7, 0x0,
    0x8, 0x6d, 0x5b, 0xee, 0xfc, 0xc, 0xf1, 0x0,
    0xc, 0x4e, 0x3c, 0x43, 0xc0, 0xd, 0xd0, 0x10,
    0x2e, 0x2f, 0xb, 0xff, 0xfe, 0xbb, 0xe6, 0xe2,
    0x26, 0x6c, 0x0, 0x0, 0x1d, 0xd1, 0x6f, 0xf0,
    0x0, 0xa6, 0x0, 0x0, 0xb, 0x10, 0x9, 0xa0,
    0x0, 0x0, 0x0, 0x0, 0x0, 0x0, 0x0, 0x0,

    /* U+89C8 "览" */
    0x0, 0x0, 0x0, 0x0, 0x1, 0x0, 0x0, 0x0,
    0x0, 0x0, 0xe, 0x50, 0x4f, 0x30, 0x0, 0x0,
    0x0, 0xf4, 0xe, 0x40, 0x8d, 0x0, 0x0, 0x10,
    0x0, 0xf3, 0xe, 0x40, 0xdf, 0xff, 0xff, 0xf0,
    0x0, 0xf3, 0xe, 0x43, 0xe0, 0x32, 0x0, 0x0,
    0x0, 0xf3, 0xe, 0x4b, 0x80, 0x8e, 0x40, 0x0,
    0x0, 0xf4, 0xa, 0x33, 0x10, 0x4, 0xd2, 0x0,
    0x0, 0x13, 0x33, 0x33, 0x33, 0x33, 0x10, 0x0,
    0x0, 0xb, 0xec, 0xcc, 0xcc, 0xcf, 0x40, 0x0,
    0x0, 0xb, 0x80, 0x13, 0x0, 0xe, 0x30, 0x0,
    0x0, 0xb, 0x80, 0x5c, 0x10, 0xe, 0x30, 0x0,
    0x0, 0xb, 0x80, 0xc5, 0xe5, 0xe, 0x30, 0x0,
    0x0, 0x9, 0x67, 0xd0, 0xd4, 0x7, 0x20, 0x20,
    0x0, 0x4, 0xbd, 0x10, 0xd6, 0x0, 0x3, 0xf4,
    0xc, 0xfe, 0x80, 0x0, 0x8f, 0xff, 0xff, 0xa0,
    0x3, 0x30, 0x0, 0x0, 0x0, 0x0, 0x0, 0x0,

    /* U+8BBE "设" */
    0x0, 0x50, 0x0, 0x0, 0x0, 0x0, 0x0, 0x0,
    0x0, 0xdb, 0x0, 0xf, 0xff, 0xff, 0x30, 0x0,
    0x0, 0x1e, 0x90, 0xf, 0x20, 0x1f, 0x30, 0x0,
    0x0, 0x3, 0x50, 0x2f, 0x10, 0x1f, 0x30, 0x0,
    0x0, 0x0, 0x0, 0x8c, 0x0, 0x1f, 0x30, 0x0,
    0x4d, 0xdd, 0x15, 0xf4, 0x0, 0xf, 0xed, 0xd0,
    0x13, 0x5f, 0x14, 0x60, 0x0, 0x2, 0x54, 0x40,
    0x0, 0x2f, 0x14, 0xff, 0xff, 0xff, 0xf5, 0x0,
    0x0, 0x2f, 0x10, 0x1f, 0x10, 0x7, 0xe0, 0x0,
    0x0, 0x2f, 0x10, 0xb, 0x80, 0xe, 0x70, 0x0,
    0x0, 0x2f, 0x39, 0x2, 0xf3, 0x9d, 0x0, 0x0,
    0x0, 0x2f, 0xec, 0x0, 0x7f, 0xf3, 0x0, 0x0,
    0x0, 0x4f, 0xb0, 0x1, 0xaf, 0xf8, 0x10, 0x0,
    0x0, 0x4d, 0x14, 0xaf, 0x91, 0x3b, 0xfc, 0x91,
    0x0, 0x0, 0x1b, 0x71, 0x0, 0x0, 0x26, 0x90,

    /* U+8BF4 "说" */
    0x0, 0x40, 0x0, 0x44, 0x0, 0x1, 0xa2, 0x0,
    0x1, 0xea, 0x0, 0x4e, 0x10, 0x6, 0xf1, 0x0,
    0x0, 0x2e, 0x90, 0xb, 0xa0, 0xc, 0x80, 0x0,
    0x0, 0x2, 0x30, 0x36, 0x63, 0x5f, 0x53, 0x0,
    0x2, 0x11, 0x0, 0xed, 0xcc, 0xcc, 0xdf, 0x0,
    0x2f, 0xff, 0x0, 0xd5, 0x0, 0x0, 0x3e, 0x0,
    0x0, 0x3f, 0x0, 0xd5, 0x0, 0x0, 0x3e, 0x0,
    0x0, 0x3f, 0x0, 0xed, 0xcc, 0xcc, 0xdf, 0x0,
    0x0, 0x3f, 0x0, 0x34, 0xf6, 0x6f, 0x33, 0x0,
    0x0, 0x3f, 0x4, 0x2, 0xf1, 0x3e, 0x0, 0x0,
    0x0, 0x3f, 0x7e, 0x17, 0xe0, 0x3e, 0x0, 0x0,
    0x0, 0x3f, 0xe3, 0xd, 0x80, 0x3e, 0x0, 0x72,
    0x0, 0x5f, 0x30, 0xae, 0x10, 0x3f, 0x23, 0xf6,
    0x0, 0x1, 0x3d, 0xd2, 0x0, 0x1e, 0xff, 0xc0,
    0x0, 0x0, 0x6, 0x0, 0x0, 0x0, 0x0, 0x0,

    /* U+8C61 "象" */
    0x0, 0x0, 0x3, 0x0, 0x0, 0x0, 0x0, 0x0,
    0x0, 0x0, 0x5f, 0x50, 0x0, 0x0, 0x0, 0x0,
    0x0, 0x4, 0xff, 0xee, 0xee, 0xd2, 0x0, 0x0,
    0x0, 0x6f, 0x60, 0x0, 0x1e, 0x50, 0x0, 0x0,
    0xb, 0xfe, 0xcc, 0xcc, 0xef, 0xcc, 0xc3, 0x0,
    0x5, 0x7e, 0x11, 0x1a, 0x81, 0x11, 0xe4, 0x0,
    0x0, 0x5e, 0x0, 0xf, 0x20, 0x0, 0xe4, 0x0,
    0x0, 0x5e, 0xee, 0xfe, 0xee, 0xee, 0xe4, 0x0,
    0x0, 0x0, 0x5d, 0xf6, 0x0, 0x8, 0x30, 0x0,
    0x3, 0xae, 0xd5, 0x8f, 0x41, 0xae, 0x40, 0x0,
    0x0, 0x73, 0x19, 0xe7, 0xee, 0xf3, 0x0, 0x0,
    0x2, 0x5a, 0xe9, 0x1a, 0xf7, 0x8a, 0x0, 0x0,
    0x6, 0xd7, 0x14, 0xd9, 0xa8, 0xd, 0x80, 0x0,
    0x0, 0x16, 0xcc, 0x30, 0xb8, 0x2, 0xde, 0x90,
    0x7, 0xfa, 0x30, 0x7b, 0xf3, 0x0, 0x8, 0x60,
    0x0, 0x10, 0x0, 0x69, 0x30, 0x0, 0x0, 0x0,

    /* U+8D25 "败" */
    0x0, 0x0, 0x0, 0x0, 0x0, 0x0, 0x0, 0x0,
    0x0, 0x0, 0x0, 0x0, 0x0, 0xb7, 0x0, 0x0,
    0x3, 0xcc, 0xcc, 0xcb, 0x0, 0xf4, 0x0, 0x0,
    0x3, 0xe3, 0x33, 0x4f, 0x3, 0xe0, 0x0, 0x0,
    0x3, 0xe0, 0x72, 0x2e, 0x8, 0xff, 0xff, 0xf6,
    0x3, 0xe0, 0xe4, 0x2e, 0xe, 0x40, 0x2e, 0x0,
    0x3, 0xe0, 0xe3, 0x2e, 0x5f, 0x50, 0x4c, 0x0,
    0x3, 0xe0, 0xe2, 0x2e, 0xac, 0x70, 0x5a, 0x0,
    0x3, 0xe0, 0xe2, 0x2e, 0x4, 0xb0, 0x88, 0x0,
    0x3, 0xe0, 0xf0, 0x2f, 0x0, 0xe0, 0xb5, 0x0,
    0x3, 0xe2, 0xe0, 0x2f, 0x0, 0xb7, 0xf1, 0x0,
    0x0, 0x7, 0x96, 0x20, 0x0, 0x4f, 0xa0, 0x0,
    0x0, 0x2e, 0x39, 0xe2, 0x0, 0x5f, 0x80, 0x0,
    0x2, 0xe8, 0x0, 0x9e, 0x7, 0xe6, 0xe8, 0x0,
    0xd, 0x90, 0x0, 0x6, 0xdd, 0x20, 0x2d, 0xd3,
    0x1, 0x0, 0x0, 0x1, 0x70, 0x0, 0x0, 0x60,

    /* U+8FDE "连" */
    0x0, 0x20, 0x0, 0x0, 0x5b, 0x0, 0x0, 0x0,
    0x6, 0xe1, 0x0, 0x0, 0xb9, 0x0, 0x0, 0x0,
    0x0, 0xcb, 0xe, 0xee, 0xfe, 0xee, 0xee, 0xa0,
    0x0, 0x2f, 0x32, 0x2c, 0x93, 0x62, 0x22, 0x20,
    0x0, 0x1, 0x0, 0x3f, 0x13, 0xf0, 0x0, 0x0,
    0x2, 0x11, 0x1, 0xd8, 0x14, 0xe1, 0x11, 0x0,
    0xf, 0xff, 0x4, 0xfe, 0xee, 0xfe, 0xef, 0x30,
    0x0, 0x4f, 0x0, 0x0, 0x3, 0xe0, 0x0, 0x0,
    0x0, 0x4f, 0x1, 0x10, 0x3, 0xe0, 0x0, 0x10,
    0x0, 0x4f, 0xf, 0xff, 0xff, 0xff, 0xff, 0xf0,
    0x0, 0x4f, 0x0, 0x0, 0x3, 0xe0, 0x0, 0x0,
    0x0, 0x4f, 0x0, 0x0, 0x3, 0xf0, 0x0, 0x0,
    0x5, 0xc7, 0xba, 0x64, 0x37, 0xf2, 0x22, 0x10,
    0xb, 0x30, 0x4, 0x8b, 0xde, 0xff, 0xff, 0xf4,

    /* U+9000 "退" */
    0x0, 0xb7, 0x0, 0xff, 0xff, 0xff, 0xfe, 0x0,
    0x0, 0x9c, 0x0, 0xe6, 0x11, 0x11, 0x5e, 0x0,
    0x0, 0x4f, 0x20, 0xe6, 0x11, 0x11, 0x5e, 0x0,
    0x0, 0xb, 0x20, 0xef, 0xff, 0xff, 0xfe, 0x0,
    0x0, 0x0, 0x0, 0xe5, 0x0, 0x0, 0x4e, 0x0,
    0x5, 0x44, 0x0, 0xec, 0xaa, 0xaa, 0xce, 0x0,
    0xe, 0xef, 0x0, 0xea, 0x77, 0x77, 0x78, 0x0,
    0x0, 0x4e, 0x0, 0xe5, 0x4a, 0x20, 0x3f, 0x60,
    0x0, 0x4e, 0x0, 0xe5, 0x1b, 0xf8, 0xe6, 0x0,
    0x0, 0x4e, 0x0, 0xe5, 0x25, 0x5e, 0xd3, 0x0,
    0x0, 0x4e, 0x1, 0xfd, 0xfa, 0x1, 0xbf, 0x80,
    0x0, 0x6f, 0x62, 0xf9, 0x20, 0x0, 0x7, 0x50,
    0x9, 0xfb, 0xde, 0xa6, 0x54, 0x45, 0x57, 0x86,
    0x1d, 0x40, 0x4, 0x9c, 0xdf, 0xff, 0xfe, 0xd5,
    0x0, 0x0, 0x0, 0x0, 0x0, 0x0, 0x0, 0x0,

    /* U+907F "避" */
    0x0, 0x0, 0x0, 0x0, 0x0, 0x2e, 0x20, 0x0,
    0xd, 0x60, 0xcf, 0xff, 0x53, 0x3f, 0x63, 0x10,
    0x7, 0xe0, 0xb7, 0x1c, 0x5e, 0xee, 0xee, 0x40,
    0x0, 0x91, 0xb6, 0xc, 0x53, 0x80, 0x6b, 0x0,
    0x0, 0x0, 0xbf, 0xff, 0x51, 0xe4, 0xa9, 0x0,
    0x7b, 0xb2, 0xc6, 0x11, 0x17, 0xa7, 0xe9, 0x40,
    0x69, 0xf3, 0xd4, 0x0, 0x1e, 0xdf, 0xed, 0x90,
    0x0, 0xe2, 0xff, 0xff, 0x70, 0xd, 0x50, 0x0,
    0x0, 0xe5, 0xdf, 0x1a, 0x71, 0x1d, 0x51, 0x0,
    0x0, 0xea, 0x9f, 0x1a, 0x7e, 0xef, 0xee, 0x40,
    0x0, 0xef, 0x3f, 0x3a, 0x70, 0xe, 0x50, 0x0,
    0x0, 0xe7, 0x1f, 0xff, 0x70, 0xe, 0x50, 0x0,
    0xa, 0xba, 0xc7, 0x43, 0x22, 0x29, 0x53, 0x30,
    0x5c, 0x0, 0x29, 0xce, 0xff, 0xff, 0xff, 0xd0,
    0x0, 0x0, 0x0, 0x0, 0x0, 0x0, 0x0, 0x0,

    /* U+914D "配" */
    0x0, 0x0, 0x0, 0x0, 0x1, 0x11, 0x11, 0x0,
    0x5f, 0xff, 0xff, 0xff, 0x6f, 0xff, 0xff, 0x40,
    0x1, 0x1e, 0x1f, 0x21, 0x0, 0x0, 0xe, 0x40,
    0xb, 0xcf, 0xcf, 0xcc, 0x10, 0x0, 0xe, 0x40,
    0xe, 0x5e, 0x3f, 0x2f, 0x10, 0x0, 0xe, 0x40,
    0xe, 0x3f, 0xf, 0xf, 0x10, 0x0, 0xe, 0x40,
    0xe, 0x4f, 0xf, 0xf, 0xe, 0xff, 0xff, 0x40,
    0xe, 0x9c, 0xe, 0x9f, 0xd, 0x40, 0x0, 0x0,
    0xe, 0xb6, 0x2, 0x4f, 0xd, 0x40, 0x0, 0x0,
    0xe, 0x30, 0x0, 0xf, 0xd, 0x40, 0x0, 0x0,
    0xe, 0xee, 0xee, 0xef, 0xd, 0x40, 0x0, 0x0,
    0xe, 0x30, 0x0, 0xf, 0x1d, 0x40, 0x0, 0x71,
    0xe, 0xff, 0xff, 0xff, 0x1d, 0x60, 0x4, 0xf1,
    0xe, 0x30, 0x0, 0x1f, 0x19, 0xff, 0xff, 0xa0,
    0x0, 0x0, 0x0, 0x0, 0x0, 0x1, 0x10, 0x0,

    /* U+95ED "闭" */
    0x0, 0x94, 0x0, 0x0, 0x0, 0x0, 0x0, 0x0,
    0x8f, 0x20, 0xdf, 0xff, 0xff, 0xff, 0x2, 0x7,
    0x30, 0x23, 0x72, 0x22, 0x6f, 0x6f, 0x0, 0x0,
    0x3, 0xf1, 0x0, 0x5e, 0x5e, 0x0, 0x0, 0x3,
    0xf0, 0x0, 0x5e, 0x5e, 0x2f, 0xff, 0xff, 0xff,
    0xf6, 0x5e, 0x5e, 0x3, 0x22, 0x7f, 0xf3, 0x31,
    0x5e, 0x5e, 0x0, 0x0, 0xda, 0xf0, 0x0, 0x5e,
    0x5e, 0x0, 0xa, 0xd3, 0xf0, 0x0, 0x5e, 0x5e,
    0x0, 0xae, 0x23, 0xf0, 0x0, 0x5e, 0x5e, 0x4e,
    0xe3, 0x3, 0xf0, 0x0, 0x5e, 0x5e, 0x29, 0x10,
    0x7, 0xf0, 0x0, 0x5e, 0x5e, 0x0, 0x0, 0xcf,
    0xa0, 0x25, 0xae, 0x6e, 0x0, 0x0, 0x21, 0x0,
    0x2f, 0xd6, 0x0, 0x0, 0x0, 0x0, 0x0, 0x0,
    0x0,

    /* U+961F "队" */
    0x0, 0x0, 0x0, 0x0, 0xa4, 0x0, 0x0, 0xd,
    0xff, 0xff, 0x80, 0xf, 0x70, 0x0, 0x0, 0xc7,
    0x12, 0xf3, 0x0, 0xe6, 0x0, 0x0, 0xc, 0x60,
    0x6e, 0x0, 0xe, 0x60, 0x0, 0x0, 0xc6, 0xb,
    0x80, 0x0, 0xf7, 0x0, 0x0, 0xc, 0x61, 0xf3,
    0x0, 0xf, 0x90, 0x0, 0x0, 0xc6, 0x1f, 0x50,
    0x2, 0xfc, 0x0, 0x0, 0xc, 0x60, 0x7e, 0x0,
    0x4e, 0xf1, 0x0, 0x0, 0xc6, 0x0, 0xe5, 0x8,
    0x9a, 0x70, 0x0, 0xc, 0x60, 0xc, 0x80, 0xd5,
    0x4e, 0x0, 0x0, 0xc6, 0x36, 0xf5, 0x5e, 0x0,
    0xd7, 0x0, 0xc, 0x6b, 0xf9, 0xd, 0x70, 0x5,
    0xf2, 0x0, 0xc6, 0x10, 0xa, 0xd0, 0x0, 0xb,
    0xd1, 0xd, 0x60, 0x1b, 0xf2, 0x0, 0x0, 0x1e,
    0xd0, 0xd6, 0x0, 0xa3, 0x0, 0x0, 0x0, 0x27,
    0x0,

    /* U+9690 "隐" */
    0x0, 0x0, 0x0, 0x3, 0x10, 0x0, 0x0, 0x2,
    0x22, 0x21, 0x0, 0xdb, 0x0, 0x0, 0x0, 0xec,
    0xbf, 0x60, 0x6f, 0xed, 0xdb, 0x0, 0xd, 0x41,
    0xf1, 0x1e, 0x60, 0x1f, 0x50, 0x0, 0xd4, 0x4c,
    0x1c, 0xc0, 0x5, 0xd0, 0x0, 0xd, 0x48, 0x83,
    0xbe, 0xee, 0xee, 0xef, 0x0, 0xd4, 0xc5, 0x0,
    0x10, 0x0, 0x1, 0xf0, 0xd, 0x49, 0xb0, 0x3e,
    0xee, 0xee, 0xef, 0x0, 0xd4, 0xe, 0x40, 0x0,
    0x0, 0x1, 0xf0, 0xd, 0x40, 0xa8, 0x3f, 0xff,
    0xff, 0xff, 0x0, 0xd5, 0x8e, 0x60, 0x0, 0x17,
    0x0, 0x10, 0xd, 0x48, 0x44, 0xc3, 0xe0, 0xe3,
    0xe, 0x40, 0xd4, 0x0, 0xb8, 0x3e, 0x3, 0x23,
    0x6d, 0xe, 0x40, 0x3f, 0x13, 0xf2, 0x7, 0xe0,
    0xa2, 0xe4, 0x1, 0x40, 0x1e, 0xff, 0xe6, 0x0,
    0x0, 0x0, 0x0, 0x0, 0x0, 0x0, 0x0, 0x0,

    /* U+96C6 "集" */
    0x0, 0x0, 0x0, 0x0, 0x0, 0x0, 0x0, 0x0,
    0x0, 0x0, 0xc5, 0x0, 0xd6, 0x0, 0x0, 0x0,
    0x0, 0x6, 0xe1, 0x0, 0x5b, 0x0, 0x0, 0x0,
    0x0, 0x1e, 0xfe, 0xee, 0xee, 0xee, 0xee, 0x60,
    0x0, 0xcf, 0x20, 0x0, 0xf4, 0x0, 0x0, 0x0,
    0x9, 0xdf, 0xff, 0xff, 0xff, 0xff, 0xf5, 0x0,
    0xa, 0x3f, 0x20, 0x0, 0xf4, 0x0, 0x0, 0x0,
    0x0, 0xf, 0xff, 0xff, 0xff, 0xff, 0xf9, 0x0,
    0x0, 0xf, 0x31, 0x11, 0xf4, 0x11, 0x12, 0x0,
    0x0, 0x1f, 0xee, 0xee, 0xfe, 0xee, 0xee, 0x20,
    0x0, 0x4, 0x0, 0x7, 0xc0, 0x0, 0x0, 0x0,
    0x9, 0xff, 0xff, 0xff, 0xff, 0xff, 0xff, 0xe0,
    0x0, 0x0, 0xb, 0xd7, 0xc6, 0xe4, 0x0, 0x0,
    0x0, 0x16, 0xec, 0x16, 0xc0, 0x5f, 0xc6, 0x10,
    0x8, 0xff, 0x80, 0x6, 0xc0, 0x1, 0xaf, 0xf1,
    0x4, 0x82, 0x0, 0x7, 0xd0, 0x0, 0x1, 0x40,

    /* U+9700 "需" */
    0x6, 0xee, 0xee, 0xee, 0xee, 0xee, 0xd0, 0x0,
    0x10, 0x0, 0x8a, 0x0, 0x0, 0x10, 0xde, 0xee,
    0xee, 0xff, 0xee, 0xee, 0xed, 0xe5, 0x0, 0x0,
    0x8a, 0x0, 0x0, 0x4e, 0xe5, 0x9e, 0xe3, 0x8a,
    0x7f, 0xf7, 0x4e, 0x20, 0x1, 0x10, 0x8a, 0x2,
    0x21, 0x2, 0x0, 0xce, 0xe2, 0x8a, 0x5c, 0xc6,
    0x0, 0x11, 0x0, 0x0, 0x0, 0x0, 0x0, 0x1,
    0xbe, 0xee, 0xee, 0xff, 0xee, 0xee, 0xed, 0x0,
    0x0, 0x0, 0xe4, 0x0, 0x0, 0x0, 0xd, 0xff,
    0xff, 0xff, 0xff, 0xff, 0xf0, 0xc, 0x60, 0x4e,
    0x0, 0xe4, 0x4, 0xe0, 0xc, 0x60, 0x4e, 0x0,
    0xe4, 0x4, 0xe0, 0xd, 0x60, 0x4e, 0x0, 0xe4,
    0x3b, 0x90, 0x0, 0x0, 0x1, 0x0, 0x10, 0x0,
    0x0,

    /* U+9759 "静" */
    0x0, 0x0, 0x0, 0x0, 0x1, 0x0, 0x0, 0x0,
    0x0, 0xe, 0x40, 0x0, 0x3f, 0x20, 0x0, 0x0,
    0x23, 0x2e, 0x62, 0x30, 0x8d, 0x0, 0x0, 0x0,
    0x7b, 0xbf, 0xcb, 0xc1, 0xdd, 0xdf, 0xe0, 0x0,
    0x4, 0x4e, 0x74, 0x45, 0xc0, 0xe, 0x60, 0x0,
    0x8, 0x9f, 0xb9, 0x8e, 0x74, 0x8f, 0x33, 0x0,
    0x56, 0x6e, 0x96, 0x74, 0xaa, 0xfb, 0xaf, 0x20,
    0x45, 0x55, 0x55, 0x50, 0x0, 0xe2, 0xe, 0x20,
    0xc, 0xee, 0xee, 0xba, 0xee, 0xfe, 0xef, 0xf4,
    0xd, 0x30, 0x5, 0xd0, 0x0, 0xe2, 0xe, 0x20,
    0xd, 0xee, 0xee, 0xd1, 0x44, 0xf5, 0x4f, 0x20,
    0xd, 0x30, 0x5, 0xd3, 0xaa, 0xfa, 0xaf, 0x20,
    0xd, 0xee, 0xee, 0xd0, 0x0, 0xe2, 0x3, 0x0,
    0xd, 0x30, 0x5, 0xc0, 0x0, 0xf2, 0x0, 0x0,
    0xe, 0x30, 0xae, 0x60, 0x8f, 0xc0, 0x0, 0x0,
    0x0, 0x0, 0x0, 0x0, 0x11, 0x0, 0x0, 0x0,

    /* U+9762 "面" */
    0x0, 0x0, 0x0, 0x0, 0x0, 0x0, 0x0, 0xff,
    0xff, 0xff, 0xff, 0xff, 0xff, 0xfe, 0x11, 0x11,
    0x14, 0xf1, 0x11, 0x11, 0x11, 0x0, 0x0, 0x9,
    0x90, 0x0, 0x0, 0x0, 0xd, 0xff, 0xff, 0xff,
    0xff, 0xff, 0xc0, 0xd, 0x60, 0x89, 0x0, 0xa7,
    0x7, 0xc0, 0xd, 0x60, 0x89, 0x0, 0xa7, 0x7,
    0xc0, 0xd, 0x60, 0x8f, 0xff, 0xf7, 0x7, 0xc0,
    0xd, 0x60, 0x89, 0x0, 0xa7, 0x7, 0xc0, 0xd,
    0x60, 0x8e, 0xcc, 0xe7, 0x7, 0xc0, 0xd, 0x60,
    0x8a, 0x22, 0xa7, 0x7, 0xc0, 0xd, 0x60, 0x89,
    0x0, 0xa7, 0x7, 0xc0, 0xd, 0xdc, 0xee, 0xcc,
    0xee, 0xce, 0xc0, 0xd, 0x83, 0x33, 0x33, 0x33,
    0x38, 0xc0,

    /* U+97F3 "音" */
    0x0, 0x0, 0x1, 0xd4, 0x0, 0x0, 0x0, 0x2,
    0x11, 0x11, 0xd9, 0x11, 0x11, 0x20, 0x3e, 0xdd,
    0xdd, 0xdd, 0xdd, 0xdd, 0xd0, 0x0, 0x7, 0x70,
    0x0, 0x9, 0x50, 0x0, 0x0, 0x5, 0xf2, 0x0,
    0x1f, 0x40, 0x0, 0x43, 0x33, 0xe6, 0x33, 0x9d,
    0x33, 0x34, 0xbb, 0xbb, 0xbb, 0xbb, 0xbb, 0xbb,
    0xbc, 0x0, 0x0, 0x0, 0x0, 0x0, 0x0, 0x0,
    0x0, 0xbf, 0xff, 0xff, 0xff, 0xfb, 0x0, 0x0,
    0xb9, 0x0, 0x0, 0x0, 0xab, 0x0, 0x0, 0xbf,
    0xff, 0xff, 0xff, 0xfb, 0x0, 0x0, 0xb9, 0x0,
    0x0, 0x0, 0xab, 0x0, 0x0, 0xb9, 0x11, 0x11,
    0x11, 0xab, 0x0, 0x0, 0xbe, 0xdd, 0xdd, 0xdd,
    0xfb, 0x0, 0x0, 0xb9, 0x0, 0x0, 0x0, 0xab,
    0x0, 0x0, 0x0, 0x0, 0x0, 0x0, 0x0, 0x0,

    /* U+FF08 "（" */
    0x0, 0x0, 0x70, 0x0, 0xb, 0xb0, 0x0, 0x9a,
    0x0, 0x4, 0xd0, 0x0, 0xb, 0x60, 0x0, 0xf,
    0x0, 0x0, 0x2e, 0x0, 0x0, 0x1e, 0x0, 0x0,
    0xf, 0x0, 0x0, 0xb, 0x60, 0x0, 0x4, 0xd0,
    0x0, 0x0, 0xaa, 0x0, 0x0, 0xc, 0xb0, 0x0,
    0x0, 0x60,

    /* U+FF09 "）" */
    0x7, 0x0, 0x0, 0xa, 0xc0, 0x0, 0x0, 0xaa,
    0x0, 0x0, 0xd, 0x40, 0x0, 0x5, 0xc0, 0x0,
    0x0, 0xf0, 0x0, 0x0, 0xd3, 0x0, 0x0, 0xd2,
    0x0, 0x0, 0xf1, 0x0, 0x5, 0xc0, 0x0, 0xd,
    0x50, 0x0, 0xab, 0x0, 0xa, 0xc1, 0x0, 0x6,
    0x0, 0x0,

    /* U+FF0C "，" */
    0x6, 0x61, 0xf, 0xf3, 0xf, 0xf3, 0x0, 0xe2,
    0x8, 0xa0, 0x3, 0x0,

    /* U+FF1A "：" */
    0x11, 0xf, 0xf1, 0xff, 0x10, 0x0, 0x11, 0xf,
    0xf1, 0xff, 0x10
};


/*---------------------
 *  GLYPH DESCRIPTION
 *--------------------*/

static const lv_font_fmt_txt_glyph_dsc_t glyph_dsc[] = {
    {.bitmap_index = 0, .adv_w = 0, .box_w = 0, .box_h = 0, .ofs_x = 0, .ofs_y = 0} /* id = 0 reserved */,
    {.bitmap_index = 0, .adv_w = 128, .box_w = 0, .box_h = 0, .ofs_x = 0, .ofs_y = 0},
    {.bitmap_index = 0, .adv_w = 128, .box_w = 8, .box_h = 12, .ofs_x = 0, .ofs_y = 0},
    {.bitmap_index = 48, .adv_w = 128, .box_w = 5, .box_h = 16, .ofs_x = 3, .ofs_y = -2},
    {.bitmap_index = 88, .adv_w = 128, .box_w = 5, .box_h = 16, .ofs_x = 0, .ofs_y = -2},
    {.bitmap_index = 128, .adv_w = 128, .box_w = 8, .box_h = 8, .ofs_x = 0, .ofs_y = 2},
    {.bitmap_index = 160, .adv_w = 128, .box_w = 2, .box_h = 4, .ofs_x = 1, .ofs_y = -2},
    {.bitmap_index = 164, .adv_w = 128, .box_w = 8, .box_h = 2, .ofs_x = 0, .ofs_y = 5},
    {.bitmap_index = 172, .adv_w = 128, .box_w = 2, .box_h = 2, .ofs_x = 1, .ofs_y = 0},
    {.bitmap_index = 174, .adv_w = 128, .box_w = 8, .box_h = 14, .ofs_x = 0, .ofs_y = -1},
    {.bitmap_index = 230, .adv_w = 128, .box_w = 8, .box_h = 13, .ofs_x = 0, .ofs_y = -1},
    {.bitmap_index = 282, .adv_w = 128, .box_w = 4, .box_h = 12, .ofs_x = 1, .ofs_y = 0},
    {.bitmap_index = 306, .adv_w = 128, .box_w = 8, .box_h = 13, .ofs_x = 0, .ofs_y = 0},
    {.bitmap_index = 358, .adv_w = 128, .box_w = 8, .box_h = 12, .ofs_x = 0, .ofs_y = 0},
    {.bitmap_index = 406, .adv_w = 128, .box_w = 8, .box_h = 12, .ofs_x = 0, .ofs_y = 0},
    {.bitmap_index = 454, .adv_w = 128, .box_w = 8, .box_h = 12, .ofs_x = 0, .ofs_y = 0},
    {.bitmap_index = 502, .adv_w = 128, .box_w = 8, .box_h = 12, .ofs_x = 0, .ofs_y = 0},
    {.bitmap_index = 550, .adv_w = 128, .box_w = 8, .box_h = 12, .ofs_x = 0, .ofs_y = 0},
    {.bitmap_index = 598, .adv_w = 128, .box_w = 8, .box_h = 12, .ofs_x = 0, .ofs_y = 0},
    {.bitmap_index = 646, .adv_w = 128, .box_w = 8, .box_h = 12, .ofs_x = 0, .ofs_y = 0},
    {.bitmap_index = 694, .adv_w = 128, .box_w = 2, .box_h = 8, .ofs_x = 3, .ofs_y = 0},
    {.bitmap_index = 702, .adv_w = 128, .box_w = 8, .box_h = 12, .ofs_x = 0, .ofs_y = 0},
    {.bitmap_index = 750, .adv_w = 128, .box_w = 8, .box_h = 12, .ofs_x = 0, .ofs_y = 0},
    {.bitmap_index = 798, .adv_w = 128, .box_w = 8, .box_h = 12, .ofs_x = 0, .ofs_y = 0},
    {.bitmap_index = 846, .adv_w = 128, .box_w = 8, .box_h = 12, .ofs_x = 0, .ofs_y = 0},
    {.bitmap_index = 894, .adv_w = 128, .box_w = 8, .box_h = 12, .ofs_x = 0, .ofs_y = 0},
    {.bitmap_index = 942, .adv_w = 128, .box_w = 8, .box_h = 12, .ofs_x = 0, .ofs_y = 0},
    {.bitmap_index = 990, .adv_w = 128, .box_w = 8, .box_h = 12, .ofs_x = 0, .ofs_y = 0},
    {.bitmap_index = 1038, .adv_w = 128, .box_w = 8, .box_h = 12, .ofs_x = 0, .ofs_y = 0},
    {.bitmap_index = 1086, .adv_w = 128, .box_w = 2, .box_h = 12, .ofs_x = 3, .ofs_y = 0},
    {.bitmap_index = 1098, .adv_w = 128, .box_w = 7, .box_h = 12, .ofs_x = 0, .ofs_y = 0},
    {.bitmap_index = 1140, .adv_w = 128, .box_w = 8, .box_h = 12, .ofs_x = 0, .ofs_y = 0},
    {.bitmap_index = 1188, .adv_w = 128, .box_w = 8, .box_h = 12, .ofs_x = 0, .ofs_y = 0},
    {.bitmap_index = 1236, .adv_w = 128, .box_w = 8, .box_h = 12, .ofs_x = 0, .ofs_y = 0},
    {.bitmap_index = 1284, .adv_w = 128, .box_w = 8, .box_h = 12, .ofs_x = 0, .ofs_y = 0},
    {.bitmap_index = 1332, .adv_w = 128, .box_w = 8, .box_h = 12, .ofs_x = 0, .ofs_y = 0},
    {.bitmap_index = 1380, .adv_w = 128, .box_w = 8, .box_h = 12, .ofs_x = 0, .ofs_y = 0},
    {.bitmap_index = 1428, .adv_w = 128, .box_w = 8, .box_h = 13, .ofs_x = 0, .ofs_y = -1},
    {.bitmap_index = 1480, .adv_w = 128, .box_w = 8, .box_h = 12, .ofs_x = 0, .ofs_y = 0},
    {.bitmap_index = 1528, .adv_w = 128, .box_w = 8, .box_h = 12, .ofs_x = 0, .ofs_y = 0},
    {.bitmap_index = 1576, .adv_w = 128, .box_w = 8, .box_h = 12, .ofs_x = 0, .ofs_y = 0},
    {.bitmap_index = 1624, .adv_w = 128, .box_w = 8, .box_h = 12, .ofs_x = 0, .ofs_y = 0},
    {.bitmap_index = 1672, .adv_w = 128, .box_w = 8, .box_h = 12, .ofs_x = 0, .ofs_y = 0},
    {.bitmap_index = 1720, .adv_w = 128, .box_w = 8, .box_h = 12, .ofs_x = 0, .ofs_y = 0},
    {.bitmap_index = 1768, .adv_w = 128, .box_w = 8, .box_h = 12, .ofs_x = 0, .ofs_y = 0},
    {.bitmap_index = 1816, .adv_w = 128, .box_w = 8, .box_h = 12, .ofs_x = 0, .ofs_y = 0},
    {.bitmap_index = 1864, .adv_w = 128, .box_w = 8, .box_h = 12, .ofs_x = 0, .ofs_y = 0},
    {.bitmap_index = 1912, .adv_w = 128, .box_w = 8, .box_h = 8, .ofs_x = 0, .ofs_y = 0},
    {.bitmap_index = 1944, .adv_w = 128, .box_w = 8, .box_h = 12, .ofs_x = 0, .ofs_y = 0},
    {.bitmap_index = 1992, .adv_w = 128, .box_w = 8, .box_h = 8, .ofs_x = 0, .ofs_y = 0},
    {.bitmap_index = 2024, .adv_w = 128, .box_w = 7, .box_h = 12, .ofs_x = 0, .ofs_y = 0},
    {.bitmap_index = 2066, .adv_w = 128, .box_w = 8, .box_h = 8, .ofs_x = 0, .ofs_y = 0},
    {.bitmap_index = 2098, .adv_w = 128, .box_w = 8, .box_h = 12, .ofs_x = 0, .ofs_y = 0},
    {.bitmap_index = 2146, .adv_w = 128, .box_w = 8, .box_h = 11, .ofs_x = 0, .ofs_y = -2},
    {.bitmap_index = 2190, .adv_w = 128, .box_w = 7, .box_h = 12, .ofs_x = 0, .ofs_y = 0},
    {.bitmap_index = 2232, .adv_w = 128, .box_w = 2, .box_h = 12, .ofs_x = 3, .ofs_y = 0},
    {.bitmap_index = 2244, .adv_w = 128, .box_w = 5, .box_h = 14, .ofs_x = 1, .ofs_y = -2},
    {.bitmap_index = 2279, .adv_w = 128, .box_w = 8, .box_h = 12, .ofs_x = 0, .ofs_y = 0},
    {.bitmap_index = 2327, .adv_w = 128, .box_w = 2, .box_h = 12, .ofs_x = 3, .ofs_y = 0},
    {.bitmap_index = 2339, .adv_w = 128, .box_w = 8, .box_h = 8, .ofs_x = 0, .ofs_y = 0},
    {.bitmap_index = 2371, .adv_w = 128, .box_w = 7, .box_h = 8, .ofs_x = 0, .ofs_y = 0},
    {.bitmap_index = 2399, .adv_w = 128, .box_w = 8, .box_h = 8, .ofs_x = 0, .ofs_y = 0},
    {.bitmap_index = 2431, .adv_w = 128, .box_w = 8, .box_h = 10, .ofs_x = 0, .ofs_y = -2},
    {.bitmap_index = 2471, .adv_w = 128, .box_w = 7, .box_h = 10, .ofs_x = 0, .ofs_y = -2},
    {.bitmap_index = 2506, .adv_w = 128, .box_w = 6, .box_h = 8, .ofs_x = 1, .ofs_y = 0},
    {.bitmap_index = 2530, .adv_w = 128, .box_w = 6, .box_h = 8, .ofs_x = 1, .ofs_y = 0},
    {.bitmap_index = 2554, .adv_w = 128, .box_w = 7, .box_h = 11, .ofs_x = 0, .ofs_y = 0},
    {.bitmap_index = 2593, .adv_w = 128, .box_w = 7, .box_h = 8, .ofs_x = 0, .ofs_y = 0},
    {.bitmap_index = 2621, .adv_w = 128, .box_w = 8, .box_h = 8, .ofs_x = 0, .ofs_y = 0},
    {.bitmap_index = 2653, .adv_w = 128, .box_w = 8, .box_h = 8, .ofs_x = 0, .ofs_y = 0},
    {.bitmap_index = 2685, .adv_w = 128, .box_w = 8, .box_h = 8, .ofs_x = 0, .ofs_y = 0},
    {.bitmap_index = 2717, .adv_w = 128, .box_w = 8, .box_h = 10, .ofs_x = 0, .ofs_y = -2},
    {.bitmap_index = 2757, .adv_w = 128, .box_w = 7, .box_h = 8, .ofs_x = 0, .ofs_y = 0},
    {.bitmap_index = 2785, .adv_w = 256, .box_w = 14, .box_h = 3, .ofs_x = 1, .ofs_y = 5},
    {.bitmap_index = 2806, .adv_w = 256, .box_w = 4, .box_h = 5, .ofs_x = 2, .ofs_y = -1},
    {.bitmap_index = 2816, .adv_w = 256, .box_w = 16, .box_h = 14, .ofs_x = 0, .ofs_y = -1},
    {.bitmap_index = 2928, .adv_w = 256, .box_w = 15, .box_h = 14, .ofs_x = 0, .ofs_y = -1},
    {.bitmap_index = 3033, .adv_w = 256, .box_w = 15, .box_h = 15, .ofs_x = 1, .ofs_y = -2},
    {.bitmap_index = 3146, .adv_w = 256, .box_w = 13, .box_h = 15, .ofs_x = 1, .ofs_y = -2},
    {.bitmap_index = 3244, .adv_w = 256, .box_w = 16, .box_h = 14, .ofs_x = 0, .ofs_y = -1},
    {.bitmap_index = 3356, .adv_w = 256, .box_w = 15, .box_h = 16, .ofs_x = 1, .ofs_y = -2},
    {.bitmap_index = 3476, .adv_w = 256, .box_w = 16, .box_h = 15, .ofs_x = 0, .ofs_y = -2},
    {.bitmap_index = 3596, .adv_w = 256, .box_w = 15, .box_h = 16, .ofs_x = 0, .ofs_y = -2},
    {.bitmap_index = 3716, .adv_w = 256, .box_w = 16, .box_h = 14, .ofs_x = 0, .ofs_y = -1},
    {.bitmap_index = 3828, .adv_w = 256, .box_w = 16, .box_h = 16, .ofs_x = 0, .ofs_y = -2},
    {.bitmap_index = 3956, .adv_w = 256, .box_w = 16, .box_h = 16, .ofs_x = 0, .ofs_y = -2},
    {.bitmap_index = 4084, .adv_w = 256, .box_w = 16, .box_h = 16, .ofs_x = 0, .ofs_y = -2},
    {.bitmap_index = 4212, .adv_w = 256, .box_w = 16, .box_h = 14, .ofs_x = 0, .ofs_y = -1},
    {.bitmap_index = 4324, .adv_w = 256, .box_w = 14, .box_h = 16, .ofs_x = 1, .ofs_y = -2},
    {.bitmap_index = 4436, .adv_w = 256, .box_w = 14, .box_h = 16, .ofs_x = 1, .ofs_y = -2},
    {.bitmap_index = 4548, .adv_w = 256, .box_w = 15, .box_h = 14, .ofs_x = 0, .ofs_y = -1},
    {.bitmap_index = 4653, .adv_w = 256, .box_w = 16, .box_h = 14, .ofs_x = 0, .ofs_y = -2},
    {.bitmap_index = 4765, .adv_w = 256, .box_w = 15, .box_h = 16, .ofs_x = 0, .ofs_y = -2},
    {.bitmap_index = 4885, .adv_w = 256, .box_w = 15, .box_h = 15, .ofs_x = 0, .ofs_y = -2},
    {.bitmap_index = 4998, .adv_w = 256, .box_w = 16, .box_h = 15, .ofs_x = 0, .ofs_y = -2},
    {.bitmap_index = 5118, .adv_w = 256, .box_w = 15, .box_h = 14, .ofs_x = 0, .ofs_y = -2},
    {.bitmap_index = 5223, .adv_w = 256, .box_w = 14, .box_h = 15, .ofs_x = 1, .ofs_y = -3},
    {.bitmap_index = 5328, .adv_w = 256, .box_w = 15, .box_h = 15, .ofs_x = 0, .ofs_y = -2},
    {.bitmap_index = 5441, .adv_w = 256, .box_w = 14, .box_h = 16, .ofs_x = 0, .ofs_y = -2},
    {.bitmap_index = 5553, .adv_w = 256, .box_w = 16, .box_h = 14, .ofs_x = 0, .ofs_y = -2},
    {.bitmap_index = 5665, .adv_w = 256, .box_w = 16, .box_h = 15, .ofs_x = 0, .ofs_y = -2},
    {.bitmap_index = 5785, .adv_w = 256, .box_w = 16, .box_h = 15, .ofs_x = 0, .ofs_y = -2},
    {.bitmap_index = 5905, .adv_w = 256, .box_w = 16, .box_h = 15, .ofs_x = 0, .ofs_y = -2},
    {.bitmap_index = 6025, .adv_w = 256, .box_w = 15, .box_h = 16, .ofs_x = 1, .ofs_y = -2},
    {.bitmap_index = 6145, .adv_w = 256, .box_w = 16, .box_h = 16, .ofs_x = 0, .ofs_y = -2},
    {.bitmap_index = 6273, .adv_w = 256, .box_w = 16, .box_h = 16, .ofs_x = 0, .ofs_y = -2},
    {.bitmap_index = 6401, .adv_w = 256, .box_w = 16, .box_h = 15, .ofs_x = 0, .ofs_y = -2},
    {.bitmap_index = 6521, .adv_w = 256, .box_w = 16, .box_h = 14, .ofs_x = 0, .ofs_y = -2},
    {.bitmap_index = 6633, .adv_w = 256, .box_w = 16, .box_h = 14, .ofs_x = 0, .ofs_y = -2},
    {.bitmap_index = 6745, .adv_w = 256, .box_w = 14, .box_h = 14, .ofs_x = 1, .ofs_y = -1},
    {.bitmap_index = 6843, .adv_w = 256, .box_w = 16, .box_h = 15, .ofs_x = 0, .ofs_y = -2},
    {.bitmap_index = 6963, .adv_w = 256, .box_w = 16, .box_h = 15, .ofs_x = 0, .ofs_y = -2},
    {.bitmap_index = 7083, .adv_w = 256, .box_w = 16, .box_h = 15, .ofs_x = 0, .ofs_y = -2},
    {.bitmap_index = 7203, .adv_w = 256, .box_w = 16, .box_h = 14, .ofs_x = 0, .ofs_y = -1},
    {.bitmap_index = 7315, .adv_w = 256, .box_w = 16, .box_h = 15, .ofs_x = 0, .ofs_y = -2},
    {.bitmap_index = 7435, .adv_w = 256, .box_w = 16, .box_h = 15, .ofs_x = 0, .ofs_y = -2},
    {.bitmap_index = 7555, .adv_w = 256, .box_w = 16, .box_h = 16, .ofs_x = 0, .ofs_y = -2},
    {.bitmap_index = 7683, .adv_w = 256, .box_w = 16, .box_h = 15, .ofs_x = 0, .ofs_y = -2},
    {.bitmap_index = 7803, .adv_w = 256, .box_w = 16, .box_h = 15, .ofs_x = 0, .ofs_y = -2},
    {.bitmap_index = 7923, .adv_w = 256, .box_w = 16, .box_h = 15, .ofs_x = 0, .ofs_y = -2},
    {.bitmap_index = 8043, .adv_w = 256, .box_w = 16, .box_h = 16, .ofs_x = 0, .ofs_y = -3},
    {.bitmap_index = 8171, .adv_w = 256, .box_w = 16, .box_h = 16, .ofs_x = 0, .ofs_y = -2},
    {.bitmap_index = 8299, .adv_w = 256, .box_w = 16, .box_h = 15, .ofs_x = 0, .ofs_y = -2},
    {.bitmap_index = 8419, .adv_w = 256, .box_w = 16, .box_h = 17, .ofs_x = 0, .ofs_y = -3},
    {.bitmap_index = 8555, .adv_w = 256, .box_w = 16, .box_h = 16, .ofs_x = 0, .ofs_y = -2},
    {.bitmap_index = 8683, .adv_w = 256, .box_w = 15, .box_h = 15, .ofs_x = 1, .ofs_y = -2},
    {.bitmap_index = 8796, .adv_w = 256, .box_w = 14, .box_h = 14, .ofs_x = 1, .ofs_y = -2},
    {.bitmap_index = 8894, .adv_w = 256, .box_w = 15, .box_h = 13, .ofs_x = 1, .ofs_y = -1},
    {.bitmap_index = 8992, .adv_w = 256, .box_w = 15, .box_h = 15, .ofs_x = 1, .ofs_y = -2},
    {.bitmap_index = 9105, .adv_w = 256, .box_w = 15, .box_h = 14, .ofs_x = 0, .ofs_y = -1},
    {.bitmap_index = 9210, .adv_w = 256, .box_w = 16, .box_h = 14, .ofs_x = 0, .ofs_y = -1},
    {.bitmap_index = 9322, .adv_w = 256, .box_w = 16, .box_h = 15, .ofs_x = 0, .ofs_y = -2},
    {.bitmap_index = 9442, .adv_w = 256, .box_w = 15, .box_h = 16, .ofs_x = 0, .ofs_y = -2},
    {.bitmap_index = 9562, .adv_w = 256, .box_w = 15, .box_h = 13, .ofs_x = 0, .ofs_y = -1},
    {.bitmap_index = 9660, .adv_w = 256, .box_w = 15, .box_h = 13, .ofs_x = 0, .ofs_y = -1},
    {.bitmap_index = 9758, .adv_w = 256, .box_w = 16, .box_h = 15, .ofs_x = 0, .ofs_y = -2},
    {.bitmap_index = 9878, .adv_w = 256, .box_w = 15, .box_h = 15, .ofs_x = 0, .ofs_y = -2},
    {.bitmap_index = 9991, .adv_w = 256, .box_w = 16, .box_h = 15, .ofs_x = 0, .ofs_y = -2},
    {.bitmap_index = 10111, .adv_w = 256, .box_w = 16, .box_h = 15, .ofs_x = 0, .ofs_y = -2},
    {.bitmap_index = 10231, .adv_w = 256, .box_w = 15, .box_h = 14, .ofs_x = 0, .ofs_y = -1},
    {.bitmap_index = 10336, .adv_w = 256, .box_w = 14, .box_h = 14, .ofs_x = 0, .ofs_y = -2},
    {.bitmap_index = 10434, .adv_w = 256, .box_w = 15, .box_h = 15, .ofs_x = 1, .ofs_y = -2},
    {.bitmap_index = 10547, .adv_w = 256, .box_w = 16, .box_h = 16, .ofs_x = 0, .ofs_y = -3},
    {.bitmap_index = 10675, .adv_w = 256, .box_w = 14, .box_h = 15, .ofs_x = 1, .ofs_y = -2},
    {.bitmap_index = 10780, .adv_w = 256, .box_w = 14, .box_h = 17, .ofs_x = 1, .ofs_y = -3},
    {.bitmap_index = 10899, .adv_w = 256, .box_w = 16, .box_h = 16, .ofs_x = 0, .ofs_y = -2},
    {.bitmap_index = 11027, .adv_w = 256, .box_w = 16, .box_h = 15, .ofs_x = 0, .ofs_y = -2},
    {.bitmap_index = 11147, .adv_w = 256, .box_w = 16, .box_h = 16, .ofs_x = 0, .ofs_y = -3},
    {.bitmap_index = 11275, .adv_w = 256, .box_w = 15, .box_h = 15, .ofs_x = 0, .ofs_y = -2},
    {.bitmap_index = 11388, .adv_w = 256, .box_w = 15, .box_h = 14, .ofs_x = 1, .ofs_y = -2},
    {.bitmap_index = 11493, .adv_w = 256, .box_w = 15, .box_h = 13, .ofs_x = 1, .ofs_y = -1},
    {.bitmap_index = 11591, .adv_w = 256, .box_w = 16, .box_h = 17, .ofs_x = 0, .ofs_y = -3},
    {.bitmap_index = 11727, .adv_w = 256, .box_w = 16, .box_h = 16, .ofs_x = 0, .ofs_y = -2},
    {.bitmap_index = 11855, .adv_w = 256, .box_w = 16, .box_h = 15, .ofs_x = 0, .ofs_y = -2},
    {.bitmap_index = 11975, .adv_w = 256, .box_w = 16, .box_h = 15, .ofs_x = 0, .ofs_y = -2},
    {.bitmap_index = 12095, .adv_w = 256, .box_w = 16, .box_h = 16, .ofs_x = 0, .ofs_y = -2},
    {.bitmap_index = 12223, .adv_w = 256, .box_w = 16, .box_h = 16, .ofs_x = 0, .ofs_y = -2},
    {.bitmap_index = 12351, .adv_w = 256, .box_w = 16, .box_h = 14, .ofs_x = 0, .ofs_y = -1},
    {.bitmap_index = 12463, .adv_w = 256, .box_w = 16, .box_h = 15, .ofs_x = 0, .ofs_y = -2},
    {.bitmap_index = 12583, .adv_w = 256, .box_w = 16, .box_h = 15, .ofs_x = 0, .ofs_y = -2},
    {.bitmap_index = 12703, .adv_w = 256, .box_w = 16, .box_h = 15, .ofs_x = 0, .ofs_y = -2},
    {.bitmap_index = 12823, .adv_w = 256, .box_w = 14, .box_h = 15, .ofs_x = 1, .ofs_y = -2},
    {.bitmap_index = 12928, .adv_w = 256, .box_w = 15, .box_h = 15, .ofs_x = 1, .ofs_y = -2},
    {.bitmap_index = 13041, .adv_w = 256, .box_w = 15, .box_h = 16, .ofs_x = 1, .ofs_y = -2},
    {.bitmap_index = 13161, .adv_w = 256, .box_w = 16, .box_h = 16, .ofs_x = 0, .ofs_y = -2},
    {.bitmap_index = 13289, .adv_w = 256, .box_w = 14, .box_h = 15, .ofs_x = 1, .ofs_y = -2},
    {.bitmap_index = 13394, .adv_w = 256, .box_w = 16, .box_h = 16, .ofs_x = 0, .ofs_y = -2},
    {.bitmap_index = 13522, .adv_w = 256, .box_w = 14, .box_h = 14, .ofs_x = 1, .ofs_y = -1},
    {.bitmap_index = 13620, .adv_w = 256, .box_w = 14, .box_h = 16, .ofs_x = 1, .ofs_y = -3},
    {.bitmap_index = 13732, .adv_w = 256, .box_w = 6, .box_h = 14, .ofs_x = 9, .ofs_y = -1},
    {.bitmap_index = 13774, .adv_w = 256, .box_w = 6, .box_h = 14, .ofs_x = 1, .ofs_y = -1},
    {.bitmap_index = 13816, .adv_w = 256, .box_w = 4, .box_h = 6, .ofs_x = 1, .ofs_y = -3},
    {.bitmap_index = 13828, .adv_w = 256, .box_w = 3, .box_h = 7, .ofs_x = 3, .ofs_y = 0}
};

/*---------------------
 *  CHARACTER MAPPING
 *--------------------*/

static const uint16_t unicode_list_0[] = {
    0x0, 0x5, 0x8, 0x9
};

static const uint16_t unicode_list_4[] = {
    0x0, 0xfdc, 0x2de4, 0x2de7, 0x2dfc, 0x2e07, 0x2e0e, 0x2e88,
    0x2e9f, 0x2efa, 0x2f2d, 0x2f33, 0x2f59, 0x3036, 0x3082, 0x314d,
    0x315f, 0x318c, 0x31f1, 0x31f5, 0x3243, 0x333b, 0x33c9, 0x33e6,
    0x33e8, 0x3409, 0x3642, 0x3702, 0x390b, 0x3b2a, 0x3b31, 0x3b32,
    0x3b66, 0x3bd3, 0x3c18, 0x3c29, 0x3dcc, 0x3e2f, 0x3e80, 0x3ed4,
    0x3eda, 0x3f2f, 0x3f5f, 0x41ea, 0x422d, 0x433c, 0x4363, 0x436c,
    0x437f, 0x43aa, 0x43ac, 0x4561, 0x45d0, 0x45e8, 0x4618, 0x46ce,
    0x46d9, 0x4704, 0x4714, 0x475e, 0x4b3c, 0x4b3d, 0x4b3f, 0x4d29,
    0x5093, 0x50c7, 0x54f9, 0x5502, 0x550f, 0x5526, 0x5914, 0x5995,
    0x5b23, 0x5e99, 0x5eb6, 0x5eed, 0x5f2b, 0x5f48, 0x65a9, 0x69a2,
    0x6b98, 0x6bce, 0x6c3b, 0x6cff, 0x6fb8, 0x6fda, 0x7059, 0x7127,
    0x75c7, 0x75f9, 0x766a, 0x76a0, 0x76da, 0x7733, 0x773c, 0x77cd,
    0xdee2, 0xdee3, 0xdee6, 0xdef4
};

/*Collect the unicode lists and glyph_id offsets*/
static const lv_font_fmt_txt_cmap_t cmaps[] =
{
    {
        .range_start = 32, .range_length = 10, .glyph_id_start = 1,
        .unicode_list = unicode_list_0, .glyph_id_ofs_list = NULL, .list_length = 4, .type = LV_FONT_FMT_TXT_CMAP_SPARSE_TINY
    },
    {
        .range_start = 43, .range_length = 16, .glyph_id_start = 5,
        .unicode_list = NULL, .glyph_id_ofs_list = NULL, .list_length = 0, .type = LV_FONT_FMT_TXT_CMAP_FORMAT0_TINY
    },
    {
        .range_start = 65, .range_length = 26, .glyph_id_start = 21,
        .unicode_list = NULL, .glyph_id_ofs_list = NULL, .list_length = 0, .type = LV_FONT_FMT_TXT_CMAP_FORMAT0_TINY
    },
    {
        .range_start = 97, .range_length = 26, .glyph_id_start = 47,
        .unicode_list = NULL, .glyph_id_ofs_list = NULL, .list_length = 0, .type = LV_FONT_FMT_TXT_CMAP_FORMAT0_TINY
    },
    {
        .range_start = 8230, .range_length = 57077, .glyph_id_start = 73,
        .unicode_list = unicode_list_4, .glyph_id_ofs_list = NULL, .list_length = 100, .type = LV_FONT_FMT_TXT_CMAP_SPARSE_TINY
    }
};



/*--------------------
 *  ALL CUSTOM DATA
 *--------------------*/

#if LVGL_VERSION_MAJOR == 8
/*Store all the custom data of the font*/
static  lv_font_fmt_txt_glyph_cache_t cache;
#endif

#if LVGL_VERSION_MAJOR >= 8
static const lv_font_fmt_txt_dsc_t font_dsc = {
#else
static lv_font_fmt_txt_dsc_t font_dsc = {
#endif
    .glyph_bitmap = glyph_bitmap,
    .glyph_dsc = glyph_dsc,
    .cmaps = cmaps,
    .kern_dsc = NULL,
    .kern_scale = 0,
    .cmap_num = 5,
    .bpp = 4,
    .kern_classes = 0,
    .bitmap_format = 0,
#if LVGL_VERSION_MAJOR == 8
    .cache = &cache
#endif
};



/*-----------------
 *  PUBLIC FONT
 *----------------*/

/*Initialize a public general font descriptor*/
#if LVGL_VERSION_MAJOR >= 8
const lv_font_t pulse_cjk_16 = {
#else
lv_font_t pulse_cjk_16 = {
#endif
    .get_glyph_dsc = lv_font_get_glyph_dsc_fmt_txt,    /*Function pointer to get glyph's data*/
    .get_glyph_bitmap = lv_font_get_bitmap_fmt_txt,    /*Function pointer to get glyph's bitmap*/
    .line_height = 17,          /*The maximum line height required by the font*/
    .base_line = 3,             /*Baseline measured from the bottom of the line*/
#if !(LVGL_VERSION_MAJOR == 6 && LVGL_VERSION_MINOR == 0)
    .subpx = LV_FONT_SUBPX_NONE,
#endif
#if LV_VERSION_CHECK(7, 4, 0) || LVGL_VERSION_MAJOR >= 8
    .underline_position = -1,
    .underline_thickness = 1,
#endif
    .dsc = &font_dsc,          /*The custom font data. Will be accessed by `get_glyph_bitmap/dsc` */
#if LV_VERSION_CHECK(8, 2, 0) || LVGL_VERSION_MAJOR >= 9
    .fallback = NULL,
#endif
    .user_data = NULL,
};



#endif /*#if PULSE_CJK_16*/

