/*******************************************************************************
 * Size: 20 px
 * Bpp: 4
 * Opts: --font C:/Windows/Fonts/simhei.ttf --size 20 --bpp 4 --format lvgl --lv-include lvgl.h --symbols …。上不丢中临亮仅传体余使停储关内冲列创剩卡可同后启器在失子字存完对尾屏已幕度建开录待成打换掉排接提插文时明显更替未机构止正步浏点热生用电界示离等线络缓网置藏览设说象败连退避配闭队隐集需静面音（），：abcdefghijklmnopqrstuvwxyzABCDEFGHIJKLMNOPQRSTUVWXYZ0123456789:%-+.,/()  --no-compress --output pulse_cjk_20.c
 ******************************************************************************/

#ifdef LV_LVGL_H_INCLUDE_SIMPLE
#include "lvgl.h"
#else
#include "lvgl.h"
#endif

#ifndef PULSE_CJK_20
#define PULSE_CJK_20 1
#endif

#if PULSE_CJK_20

/*-----------------
 *    BITMAPS
 *----------------*/

/*Store the image of the glyphs*/
static LV_ATTRIBUTE_LARGE_CONST const uint8_t glyph_bitmap[] = {
    /* U+0020 " " */

    /* U+0025 "%" */
    0x0, 0x0, 0x0, 0x1, 0x0, 0xa, 0xf8, 0x0,
    0xb, 0x0, 0x5e, 0x4f, 0x30, 0x38, 0x0, 0x8b,
    0xe, 0x50, 0xa1, 0x0, 0x8b, 0xe, 0x52, 0x90,
    0x0, 0x6d, 0x1f, 0x39, 0x20, 0x0, 0x1d, 0xfb,
    0x1a, 0x0, 0x0, 0x0, 0x10, 0x83, 0xae, 0x60,
    0x0, 0x0, 0xa6, 0xe5, 0xf1, 0x0, 0x7, 0x48,
    0xa0, 0xf3, 0x0, 0xb, 0x9, 0xa0, 0xf4, 0x0,
    0x65, 0x8, 0xa0, 0xf3, 0x0, 0xb0, 0x6, 0xd4,
    0xf1, 0x3, 0x60, 0x0, 0xae, 0x60,

    /* U+0028 "(" */
    0x0, 0x0, 0x0, 0x0, 0x2, 0xd1, 0x0, 0x1e,
    0x80, 0x0, 0xba, 0x0, 0x5, 0xe1, 0x0, 0xc,
    0x70, 0x0, 0x1f, 0x10, 0x0, 0x4e, 0x0, 0x0,
    0x6c, 0x0, 0x0, 0x6b, 0x0, 0x0, 0x5d, 0x0,
    0x0, 0x3f, 0x0, 0x0, 0xe, 0x50, 0x0, 0x8,
    0xc0, 0x0, 0x1, 0xe6, 0x0, 0x0, 0x4f, 0x40,
    0x0, 0x6, 0xf1, 0x0, 0x0, 0x30,

    /* U+0029 ")" */
    0x0, 0x0, 0x0, 0x4c, 0x0, 0x0, 0xc, 0xc0,
    0x0, 0x0, 0xd7, 0x0, 0x0, 0x4f, 0x20, 0x0,
    0xb, 0x80, 0x0, 0x5, 0xd0, 0x0, 0x1, 0xf0,
    0x0, 0x0, 0xf2, 0x0, 0x0, 0xf3, 0x0, 0x1,
    0xf1, 0x0, 0x3, 0xf0, 0x0, 0x9, 0xa0, 0x0,
    0x1e, 0x40, 0x0, 0xab, 0x0, 0x7, 0xe2, 0x0,
    0x4f, 0x30, 0x0, 0x2, 0x0, 0x0,

    /* U+002B "+" */
    0x0, 0x0, 0x75, 0x0, 0x0, 0x0, 0x0, 0xc8,
    0x0, 0x0, 0x0, 0x0, 0xc8, 0x0, 0x0, 0x0,
    0x0, 0xc8, 0x0, 0x0, 0x9f, 0xff, 0xff, 0xff,
    0xf6, 0x13, 0x33, 0xda, 0x33, 0x31, 0x0, 0x0,
    0xc8, 0x0, 0x0, 0x0, 0x0, 0xc8, 0x0, 0x0,
    0x0, 0x0, 0xc8, 0x0, 0x0,

    /* U+002C "," */
    0x3a, 0x45, 0xf7, 0xc, 0x22, 0xa0,

    /* U+002D "-" */
    0x0, 0x0, 0x0, 0x0, 0x0, 0x9f, 0xff, 0xff,
    0xff, 0xf4, 0x13, 0x33, 0x33, 0x33, 0x30,

    /* U+002E "." */
    0x4a, 0x37, 0xf5,

    /* U+002F "/" */
    0x0, 0x0, 0x0, 0x0, 0x0, 0x0, 0x0, 0x0,
    0x0, 0xc2, 0x0, 0x0, 0x0, 0x6, 0xa0, 0x0,
    0x0, 0x0, 0x1d, 0x10, 0x0, 0x0, 0x0, 0x97,
    0x0, 0x0, 0x0, 0x2, 0xd0, 0x0, 0x0, 0x0,
    0xb, 0x50, 0x0, 0x0, 0x0, 0x4b, 0x0, 0x0,
    0x0, 0x0, 0xd2, 0x0, 0x0, 0x0, 0x7, 0x90,
    0x0, 0x0, 0x0, 0x1d, 0x10, 0x0, 0x0, 0x0,
    0x96, 0x0, 0x0, 0x0, 0x3, 0xd0, 0x0, 0x0,
    0x0, 0xc, 0x40, 0x0, 0x0, 0x0, 0x5b, 0x0,
    0x0, 0x0, 0x0, 0x32, 0x0, 0x0, 0x0, 0x0,

    /* U+0030 "0" */
    0x0, 0x1a, 0xef, 0x90, 0x0, 0x1, 0xef, 0x99,
    0xfb, 0x0, 0x9, 0xf4, 0x0, 0x6f, 0x40, 0xf,
    0xc0, 0x0, 0xe, 0xa0, 0x2f, 0x70, 0x0, 0xb,
    0xd0, 0x4f, 0x50, 0x0, 0xa, 0xe0, 0x4f, 0x40,
    0x0, 0x9, 0xf0, 0x4f, 0x40, 0x0, 0x9, 0xe0,
    0x3f, 0x60, 0x0, 0xa, 0xd0, 0xf, 0xa0, 0x0,
    0xe, 0xb0, 0xb, 0xf1, 0x0, 0x4f, 0x60, 0x3,
    0xfd, 0x45, 0xed, 0x0, 0x0, 0x4e, 0xff, 0xd3,
    0x0, 0x0, 0x0, 0x43, 0x0, 0x0,

    /* U+0031 "1" */
    0x0, 0x7, 0xf0, 0x5, 0xff, 0x8, 0xfe, 0xf3,
    0xe4, 0xaf, 0x11, 0xa, 0xf0, 0x0, 0xaf, 0x0,
    0xa, 0xf0, 0x0, 0xaf, 0x0, 0xa, 0xf0, 0x0,
    0xaf, 0x0, 0xa, 0xf0, 0x0, 0xaf, 0x0, 0xa,
    0xf0,

    /* U+0032 "2" */
    0x0, 0x0, 0x0, 0x0, 0x0, 0x5, 0xdf, 0xfc,
    0x30, 0x6, 0xfd, 0x77, 0xef, 0x20, 0xeb, 0x0,
    0x3, 0xf8, 0x17, 0x20, 0x0, 0xf, 0x90, 0x0,
    0x0, 0x4, 0xf6, 0x0, 0x0, 0x0, 0xbf, 0x10,
    0x0, 0x0, 0x6f, 0x70, 0x0, 0x0, 0x2f, 0xb0,
    0x0, 0x0, 0x1d, 0xd1, 0x0, 0x0, 0xc, 0xe2,
    0x0, 0x0, 0xc, 0xf3, 0x0, 0x0, 0x9, 0xfa,
    0x55, 0x55, 0x40, 0xff, 0xff, 0xff, 0xfd,

    /* U+0033 "3" */
    0x0, 0x0, 0x33, 0x0, 0x0, 0x5, 0xff, 0xff,
    0x70, 0x4, 0xf8, 0x22, 0xbf, 0x40, 0xcb, 0x0,
    0x1, 0xf9, 0x3, 0x20, 0x0, 0xf, 0x80, 0x0,
    0x0, 0x8, 0xf3, 0x0, 0x0, 0x9d, 0xf5, 0x0,
    0x0, 0x9, 0xef, 0x80, 0x0, 0x0, 0x0, 0x8f,
    0x60, 0x0, 0x0, 0x0, 0xec, 0x19, 0x30, 0x0,
    0xd, 0xc0, 0xec, 0x0, 0x3, 0xf8, 0x5, 0xfd,
    0x78, 0xfd, 0x10, 0x4, 0xcf, 0xe9, 0x10,

    /* U+0034 "4" */
    0x0, 0x0, 0x0, 0xcb, 0x0, 0x0, 0x0, 0x7,
    0xfb, 0x0, 0x0, 0x0, 0x3f, 0xfb, 0x0, 0x0,
    0x0, 0xdc, 0xcb, 0x0, 0x0, 0x9, 0xf2, 0xcb,
    0x0, 0x0, 0x5f, 0x50, 0xcb, 0x0, 0x1, 0xea,
    0x0, 0xcb, 0x0, 0xb, 0xd0, 0x0, 0xcb, 0x0,
    0x7f, 0x40, 0x0, 0xcb, 0x0, 0xcf, 0xff, 0xff,
    0xff, 0xf9, 0x23, 0x33, 0x33, 0xcc, 0x32, 0x0,
    0x0, 0x0, 0xcb, 0x0, 0x0, 0x0, 0x0, 0xcb,
    0x0,

    /* U+0035 "5" */
    0x0, 0xef, 0xff, 0xff, 0x50, 0x2f, 0x85, 0x55,
    0x52, 0x6, 0xf1, 0x0, 0x0, 0x0, 0x9d, 0x0,
    0x0, 0x0, 0xd, 0xdc, 0xfe, 0xa2, 0x1, 0xff,
    0x96, 0x9f, 0xe1, 0x17, 0x20, 0x0, 0x5f, 0x70,
    0x0, 0x0, 0x0, 0xec, 0x0, 0x0, 0x0, 0xc,
    0xd5, 0xa0, 0x0, 0x0, 0xfb, 0x6f, 0x50, 0x0,
    0x8f, 0x60, 0xdf, 0xa8, 0xcf, 0xb0, 0x1, 0x9e,
    0xfd, 0x70, 0x0,

    /* U+0036 "6" */
    0x0, 0x0, 0xd, 0xe0, 0x0, 0x0, 0x0, 0x8f,
    0x40, 0x0, 0x0, 0x3, 0xf9, 0x0, 0x0, 0x0,
    0xd, 0xd0, 0x0, 0x0, 0x0, 0x9f, 0x75, 0x30,
    0x0, 0x3, 0xff, 0xfe, 0xfd, 0x20, 0xb, 0xf6,
    0x0, 0x3e, 0xe0, 0x1f, 0xb0, 0x0, 0x6, 0xf5,
    0x3f, 0x70, 0x0, 0x3, 0xf7, 0x2f, 0x80, 0x0,
    0x5, 0xf6, 0xe, 0xd0, 0x0, 0xb, 0xf2, 0x4,
    0xfd, 0x76, 0xcf, 0x80, 0x0, 0x3a, 0xef, 0xd7,
    0x0,

    /* U+0037 "7" */
    0x2f, 0xff, 0xff, 0xff, 0xf3, 0x5, 0x55, 0x55,
    0x5b, 0xf1, 0x0, 0x0, 0x0, 0x1f, 0x80, 0x0,
    0x0, 0x0, 0xae, 0x0, 0x0, 0x0, 0x2, 0xf6,
    0x0, 0x0, 0x0, 0xa, 0xe0, 0x0, 0x0, 0x0,
    0x1f, 0x70, 0x0, 0x0, 0x0, 0x8f, 0x10, 0x0,
    0x0, 0x0, 0xea, 0x0, 0x0, 0x0, 0x4, 0xf5,
    0x0, 0x0, 0x0, 0xa, 0xf0, 0x0, 0x0, 0x0,
    0xe, 0xc0, 0x0, 0x0, 0x0, 0x3f, 0x80, 0x0,
    0x0,

    /* U+0038 "8" */
    0x0, 0x7d, 0xfe, 0xb2, 0x0, 0x7f, 0x96, 0x8e,
    0xf2, 0xe, 0x90, 0x0, 0x3f, 0x70, 0xf7, 0x0,
    0x1, 0xf8, 0xc, 0xe1, 0x0, 0x9f, 0x30, 0x2d,
    0xfd, 0xef, 0x60, 0x4, 0xed, 0x9b, 0xf9, 0x1,
    0xfa, 0x0, 0x3, 0xf9, 0x5f, 0x30, 0x0, 0xa,
    0xe6, 0xf3, 0x0, 0x0, 0xbf, 0x4f, 0x90, 0x0,
    0x3f, 0xc0, 0xdf, 0xeb, 0xcf, 0xf3, 0x1, 0x9e,
    0xff, 0xc4, 0x0,

    /* U+0039 "9" */
    0x0, 0x6c, 0xfe, 0x91, 0x0, 0x9f, 0xc8, 0xaf,
    0xe1, 0x3f, 0xa0, 0x0, 0x6f, 0x98, 0xf3, 0x0,
    0x0, 0xfc, 0x9f, 0x10, 0x0, 0xf, 0xb7, 0xf4,
    0x0, 0x4, 0xf7, 0x1e, 0xd3, 0x3, 0xef, 0x10,
    0x2c, 0xff, 0xff, 0x80, 0x0, 0x1, 0x2e, 0xe0,
    0x0, 0x0, 0x7, 0xf5, 0x0, 0x0, 0x1, 0xec,
    0x0, 0x0, 0x0, 0x9f, 0x20, 0x0, 0x0, 0x3f,
    0x80, 0x0, 0x0,

    /* U+003A ":" */
    0x1f, 0xb0, 0xa7, 0x0, 0x0, 0x0, 0x0, 0x0,
    0x0, 0x0, 0x1, 0xa7, 0x1f, 0xb0,

    /* U+0041 "A" */
    0x0, 0x0, 0xfd, 0x0, 0x0, 0x0, 0x4, 0xff,
    0x20, 0x0, 0x0, 0x9, 0xff, 0x70, 0x0, 0x0,
    0xe, 0xbe, 0xc0, 0x0, 0x0, 0x3f, 0x79, 0xf1,
    0x0, 0x0, 0x8f, 0x35, 0xf5, 0x0, 0x0, 0xde,
    0x1, 0xfa, 0x0, 0x1, 0xfb, 0x22, 0xee, 0x0,
    0x6, 0xff, 0xff, 0xff, 0x40, 0xb, 0xf6, 0x55,
    0x7f, 0x80, 0xf, 0xd0, 0x0, 0xf, 0xd0, 0x5f,
    0x80, 0x0, 0xb, 0xf2, 0x9f, 0x40, 0x0, 0x6,
    0xf7,

    /* U+0042 "B" */
    0x2f, 0xff, 0xff, 0xb3, 0x0, 0x2f, 0xc7, 0x78,
    0xef, 0x20, 0x2f, 0xa0, 0x0, 0x3f, 0xa0, 0x2f,
    0xa0, 0x0, 0xf, 0xc0, 0x2f, 0xa0, 0x0, 0x2f,
    0xb0, 0x2f, 0xb2, 0x23, 0xcf, 0x40, 0x2f, 0xff,
    0xff, 0xf5, 0x0, 0x2f, 0xc5, 0x56, 0xcf, 0x60,
    0x2f, 0xa0, 0x0, 0xd, 0xf1, 0x2f, 0xa0, 0x0,
    0xb, 0xf3, 0x2f, 0xa0, 0x0, 0x1e, 0xf1, 0x2f,
    0xc7, 0x78, 0xef, 0xa0, 0x2f, 0xff, 0xfe, 0xc6,
    0x0,

    /* U+0043 "C" */
    0x0, 0x8, 0xef, 0xc4, 0x0, 0x0, 0xcf, 0xa7,
    0xdf, 0x50, 0x7, 0xf7, 0x0, 0xe, 0xe0, 0xd,
    0xf0, 0x0, 0xa, 0xf2, 0x1f, 0xb0, 0x0, 0x5,
    0xb2, 0x3f, 0xa0, 0x0, 0x0, 0x0, 0x4f, 0x90,
    0x0, 0x0, 0x0, 0x4f, 0x90, 0x0, 0x1, 0x30,
    0x2f, 0xb0, 0x0, 0x8, 0xf3, 0xf, 0xe0, 0x0,
    0xa, 0xf1, 0xa, 0xf5, 0x0, 0x1f, 0xd0, 0x1,
    0xef, 0x97, 0xef, 0x40, 0x0, 0x19, 0xef, 0xc4,
    0x0,

    /* U+0044 "D" */
    0x2f, 0xff, 0xeb, 0x60, 0x0, 0x2f, 0xc7, 0x8e,
    0xfa, 0x0, 0x2f, 0xa0, 0x0, 0xcf, 0x50, 0x2f,
    0xa0, 0x0, 0x3f, 0xc0, 0x2f, 0xa0, 0x0, 0xe,
    0xf0, 0x2f, 0xa0, 0x0, 0xc, 0xf1, 0x2f, 0xa0,
    0x0, 0xb, 0xf2, 0x2f, 0xa0, 0x0, 0xc, 0xf1,
    0x2f, 0xa0, 0x0, 0xe, 0xf0, 0x2f, 0xa0, 0x0,
    0x2f, 0xb0, 0x2f, 0xa0, 0x0, 0xbf, 0x50, 0x2f,
    0xc7, 0x8e, 0xf9, 0x0, 0x2f, 0xff, 0xeb, 0x40,
    0x0,

    /* U+0045 "E" */
    0xef, 0xff, 0xff, 0xfa, 0xe, 0xf7, 0x77, 0x77,
    0x40, 0xee, 0x0, 0x0, 0x0, 0xe, 0xe0, 0x0,
    0x0, 0x0, 0xee, 0x0, 0x0, 0x0, 0xe, 0xe2,
    0x22, 0x22, 0x0, 0xef, 0xff, 0xff, 0xf3, 0xe,
    0xe5, 0x55, 0x55, 0x10, 0xee, 0x0, 0x0, 0x0,
    0xe, 0xe0, 0x0, 0x0, 0x0, 0xee, 0x0, 0x0,
    0x0, 0xe, 0xf7, 0x77, 0x77, 0x70, 0xef, 0xff,
    0xff, 0xff, 0x10,

    /* U+0046 "F" */
    0x1f, 0xff, 0xff, 0xff, 0xf2, 0x1f, 0xd7, 0x77,
    0x77, 0x70, 0x1f, 0xb0, 0x0, 0x0, 0x0, 0x1f,
    0xb0, 0x0, 0x0, 0x0, 0x1f, 0xb0, 0x0, 0x0,
    0x0, 0x1f, 0xc2, 0x22, 0x21, 0x0, 0x1f, 0xff,
    0xff, 0xf9, 0x0, 0x1f, 0xd5, 0x55, 0x52, 0x0,
    0x1f, 0xb0, 0x0, 0x0, 0x0, 0x1f, 0xb0, 0x0,
    0x0, 0x0, 0x1f, 0xb0, 0x0, 0x0, 0x0, 0x1f,
    0xb0, 0x0, 0x0, 0x0, 0x1f, 0xb0, 0x0, 0x0,
    0x0,

    /* U+0047 "G" */
    0x0, 0x1a, 0xef, 0xb3, 0x0, 0x1d, 0xf8, 0x8e,
    0xf2, 0x8, 0xf5, 0x0, 0x3f, 0x90, 0xee, 0x0,
    0x0, 0xed, 0x1f, 0xb0, 0x0, 0x2, 0x23, 0xf9,
    0x0, 0x11, 0x11, 0x4f, 0x90, 0x1f, 0xff, 0xe4,
    0xf9, 0x0, 0x44, 0xce, 0x3f, 0xb0, 0x0, 0xa,
    0xe0, 0xfe, 0x0, 0x0, 0xce, 0xa, 0xf5, 0x0,
    0x2f, 0xe0, 0x1e, 0xf9, 0x8e, 0xfe, 0x0, 0x1a,
    0xfe, 0x99, 0xe0,

    /* U+0048 "H" */
    0x2f, 0xa0, 0x0, 0xe, 0xe2, 0xfa, 0x0, 0x0,
    0xee, 0x2f, 0xa0, 0x0, 0xe, 0xe2, 0xfa, 0x0,
    0x0, 0xee, 0x2f, 0xa0, 0x0, 0xe, 0xe2, 0xfb,
    0x22, 0x22, 0xee, 0x2f, 0xff, 0xff, 0xff, 0xe2,
    0xfc, 0x55, 0x55, 0xee, 0x2f, 0xa0, 0x0, 0xe,
    0xe2, 0xfa, 0x0, 0x0, 0xee, 0x2f, 0xa0, 0x0,
    0xe, 0xe2, 0xfa, 0x0, 0x0, 0xee, 0x2f, 0xa0,
    0x0, 0xe, 0xe0,

    /* U+0049 "I" */
    0xf, 0xc0, 0xfc, 0xf, 0xc0, 0xfc, 0xf, 0xc0,
    0xfc, 0xf, 0xc0, 0xfc, 0xf, 0xc0, 0xfc, 0xf,
    0xc0, 0xfc, 0xf, 0xc0,

    /* U+004A "J" */
    0x0, 0x0, 0x0, 0xfc, 0x0, 0x0, 0x0, 0xfc,
    0x0, 0x0, 0x0, 0xfc, 0x0, 0x0, 0x0, 0xfc,
    0x0, 0x0, 0x0, 0xfc, 0x0, 0x0, 0x0, 0xfc,
    0x0, 0x0, 0x0, 0xfc, 0x11, 0x0, 0x0, 0xfc,
    0xfd, 0x0, 0x0, 0xfb, 0xee, 0x0, 0x2, 0xfa,
    0xbf, 0x30, 0x7, 0xf7, 0x4f, 0xfa, 0xbf, 0xe1,
    0x3, 0xcf, 0xfb, 0x20,

    /* U+004B "K" */
    0x2f, 0xa0, 0x0, 0x4f, 0xc0, 0x2f, 0xa0, 0x2,
    0xee, 0x10, 0x2f, 0xa0, 0xd, 0xf3, 0x0, 0x2f,
    0xa0, 0xaf, 0x50, 0x0, 0x2f, 0xa7, 0xf8, 0x0,
    0x0, 0x2f, 0xdf, 0xf4, 0x0, 0x0, 0x2f, 0xfe,
    0xfd, 0x0, 0x0, 0x2f, 0xf3, 0x8f, 0x60, 0x0,
    0x2f, 0xa0, 0x1e, 0xe1, 0x0, 0x2f, 0xa0, 0x7,
    0xf8, 0x0, 0x2f, 0xa0, 0x0, 0xdf, 0x20, 0x2f,
    0xa0, 0x0, 0x5f, 0xa0, 0x2f, 0xa0, 0x0, 0xc,
    0xf4,

    /* U+004C "L" */
    0x1f, 0xb0, 0x0, 0x0, 0x0, 0x1f, 0xb0, 0x0,
    0x0, 0x0, 0x1f, 0xb0, 0x0, 0x0, 0x0, 0x1f,
    0xb0, 0x0, 0x0, 0x0, 0x1f, 0xb0, 0x0, 0x0,
    0x0, 0x1f, 0xb0, 0x0, 0x0, 0x0, 0x1f, 0xb0,
    0x0, 0x0, 0x0, 0x1f, 0xb0, 0x0, 0x0, 0x0,
    0x1f, 0xb0, 0x0, 0x0, 0x0, 0x1f, 0xb0, 0x0,
    0x0, 0x0, 0x1f, 0xb0, 0x0, 0x0, 0x0, 0x1f,
    0xd7, 0x77, 0x77, 0x70, 0x1f, 0xff, 0xff, 0xff,
    0xf1,

    /* U+004D "M" */
    0x4f, 0xf3, 0x0, 0x6f, 0xf2, 0x4f, 0xf6, 0x0,
    0x9f, 0xf2, 0x4f, 0xf9, 0x0, 0xcf, 0xf2, 0x4f,
    0xfd, 0x0, 0xff, 0xf2, 0x4f, 0xaf, 0x2, 0xfa,
    0xf2, 0x4f, 0x7f, 0x36, 0xf7, 0xf2, 0x4f, 0x4f,
    0x69, 0xd6, 0xf2, 0x4f, 0x4d, 0x9c, 0xa6, 0xf2,
    0x4f, 0x49, 0xdf, 0x76, 0xf2, 0x4f, 0x46, 0xff,
    0x46, 0xf2, 0x4f, 0x43, 0xff, 0x6, 0xf2, 0x4f,
    0x40, 0xfd, 0x6, 0xf2, 0x4f, 0x40, 0xca, 0x6,
    0xf2,

    /* U+004E "N" */
    0x3f, 0xe0, 0x0, 0xe, 0xe3, 0xff, 0x60, 0x0,
    0xee, 0x3f, 0xfd, 0x0, 0xe, 0xe3, 0xfe, 0xf5,
    0x0, 0xee, 0x3f, 0x9e, 0xc0, 0xe, 0xe3, 0xf9,
    0x7f, 0x30, 0xee, 0x3f, 0x91, 0xfb, 0xe, 0xe3,
    0xf9, 0x8, 0xf2, 0xee, 0x3f, 0x90, 0x1f, 0x9e,
    0xe3, 0xf9, 0x0, 0xaf, 0xfe, 0x3f, 0x90, 0x3,
    0xff, 0xe3, 0xf9, 0x0, 0xb, 0xfe, 0x3f, 0x90,
    0x0, 0x4f, 0xe0,

    /* U+004F "O" */
    0x0, 0x3c, 0xff, 0xb2, 0x0, 0x4, 0xfe, 0x89,
    0xfe, 0x10, 0xd, 0xf2, 0x0, 0x5f, 0x90, 0x2f,
    0xb0, 0x0, 0xe, 0xe0, 0x5f, 0x80, 0x0, 0xc,
    0xf1, 0x6f, 0x70, 0x0, 0xb, 0xf2, 0x7f, 0x60,
    0x0, 0xa, 0xf3, 0x6f, 0x70, 0x0, 0xb, 0xf2,
    0x5f, 0x80, 0x0, 0xc, 0xf1, 0x2f, 0xb0, 0x0,
    0xe, 0xe0, 0xc, 0xf2, 0x0, 0x5f, 0x90, 0x3,
    0xfe, 0x89, 0xfe, 0x10, 0x0, 0x3c, 0xff, 0xa2,
    0x0,

    /* U+0050 "P" */
    0xff, 0xff, 0xfc, 0x50, 0xf, 0xe7, 0x78, 0xef,
    0x60, 0xfd, 0x0, 0x1, 0xee, 0xf, 0xd0, 0x0,
    0xa, 0xf2, 0xfd, 0x0, 0x0, 0xaf, 0x3f, 0xd0,
    0x0, 0xd, 0xf0, 0xfd, 0x11, 0x39, 0xf9, 0xf,
    0xff, 0xff, 0xfa, 0x0, 0xfd, 0x44, 0x41, 0x0,
    0xf, 0xd0, 0x0, 0x0, 0x0, 0xfd, 0x0, 0x0,
    0x0, 0xf, 0xd0, 0x0, 0x0, 0x0, 0xfd, 0x0,
    0x0, 0x0, 0x0,

    /* U+0051 "Q" */
    0x0, 0x3c, 0xff, 0xb2, 0x0, 0x4, 0xfe, 0x89,
    0xfe, 0x10, 0xd, 0xf2, 0x0, 0x5f, 0x90, 0x2f,
    0xb0, 0x0, 0xe, 0xe0, 0x5f, 0x80, 0x0, 0xc,
    0xf1, 0x6f, 0x70, 0x0, 0xb, 0xf2, 0x7f, 0x60,
    0x0, 0xa, 0xf3, 0x6f, 0x70, 0x1, 0xa, 0xf2,
    0x5f, 0x80, 0xc, 0x6c, 0xf1, 0x2f, 0xb0, 0xd,
    0xef, 0xe0, 0xc, 0xf2, 0x4, 0xff, 0x90, 0x3,
    0xfe, 0x88, 0xff, 0x30, 0x0, 0x3c, 0xfe, 0xbf,
    0x70, 0x0, 0x0, 0x0, 0x8, 0x0,

    /* U+0052 "R" */
    0x2f, 0xff, 0xfe, 0xb4, 0x0, 0x2f, 0xc7, 0x79,
    0xff, 0x50, 0x2f, 0xa0, 0x0, 0x3f, 0xd0, 0x2f,
    0xa0, 0x0, 0xd, 0xf0, 0x2f, 0xa0, 0x0, 0xf,
    0xd0, 0x2f, 0xb2, 0x23, 0xbf, 0x80, 0x2f, 0xff,
    0xff, 0xf9, 0x0, 0x2f, 0xc5, 0x6f, 0xa0, 0x0,
    0x2f, 0xa0, 0xb, 0xf2, 0x0, 0x2f, 0xa0, 0x3,
    0xf9, 0x0, 0x2f, 0xa0, 0x0, 0xbf, 0x20, 0x2f,
    0xa0, 0x0, 0x3f, 0x90, 0x2f, 0xa0, 0x0, 0xb,
    0xf2,

    /* U+0053 "S" */
    0x0, 0x3b, 0xff, 0xb2, 0x0, 0x5, 0xfe, 0x9a,
    0xfe, 0x0, 0xd, 0xf1, 0x0, 0x6f, 0x70, 0xf,
    0xd0, 0x0, 0x1a, 0x60, 0xb, 0xf5, 0x0, 0x0,
    0x0, 0x2, 0xef, 0xc6, 0x0, 0x0, 0x0, 0x7,
    0xef, 0xe4, 0x0, 0x0, 0x0, 0x5, 0xef, 0x50,
    0x2, 0x10, 0x0, 0x2f, 0xe0, 0x4f, 0x80, 0x0,
    0xc, 0xf0, 0x1f, 0xd0, 0x0, 0x1f, 0xd0, 0x9,
    0xfd, 0x78, 0xef, 0x50, 0x0, 0x7d, 0xfe, 0xb4,
    0x0,

    /* U+0054 "T" */
    0x2f, 0xff, 0xff, 0xff, 0xe0, 0x77, 0x7f, 0xe7,
    0x76, 0x0, 0x0, 0xfc, 0x0, 0x0, 0x0, 0xf,
    0xc0, 0x0, 0x0, 0x0, 0xfc, 0x0, 0x0, 0x0,
    0xf, 0xc0, 0x0, 0x0, 0x0, 0xfc, 0x0, 0x0,
    0x0, 0xf, 0xc0, 0x0, 0x0, 0x0, 0xfc, 0x0,
    0x0, 0x0, 0xf, 0xc0, 0x0, 0x0, 0x0, 0xfc,
    0x0, 0x0, 0x0, 0xf, 0xc0, 0x0, 0x0, 0x0,
    0xfc, 0x0, 0x0,

    /* U+0055 "U" */
    0x2f, 0xa0, 0x0, 0xd, 0xf2, 0xfa, 0x0, 0x0,
    0xdf, 0x2f, 0xa0, 0x0, 0xd, 0xf2, 0xfa, 0x0,
    0x0, 0xdf, 0x2f, 0xa0, 0x0, 0xd, 0xf2, 0xfa,
    0x0, 0x0, 0xdf, 0x2f, 0xa0, 0x0, 0xd, 0xf2,
    0xfa, 0x0, 0x0, 0xdf, 0x2f, 0xa0, 0x0, 0xd,
    0xf1, 0xfb, 0x0, 0x0, 0xde, 0xe, 0xe1, 0x0,
    0x2f, 0xc0, 0x7f, 0xd7, 0x8e, 0xf4, 0x0, 0x7d,
    0xff, 0xc5, 0x0,

    /* U+0056 "V" */
    0xbf, 0x20, 0x0, 0x7, 0xf6, 0x6f, 0x70, 0x0,
    0xc, 0xf1, 0x1f, 0xb0, 0x0, 0xf, 0xc0, 0xc,
    0xf0, 0x0, 0x5f, 0x70, 0x7, 0xf4, 0x0, 0x9f,
    0x20, 0x3, 0xf8, 0x0, 0xee, 0x0, 0x0, 0xed,
    0x2, 0xf9, 0x0, 0x0, 0x9f, 0x16, 0xf4, 0x0,
    0x0, 0x4f, 0x6b, 0xf0, 0x0, 0x0, 0xf, 0xbf,
    0xa0, 0x0, 0x0, 0xb, 0xff, 0x50, 0x0, 0x0,
    0x6, 0xff, 0x10, 0x0, 0x0, 0x1, 0xfc, 0x0,
    0x0,

    /* U+0057 "W" */
    0xdd, 0x1, 0xfc, 0x2, 0xf8, 0xbf, 0x3, 0xfe,
    0x4, 0xf6, 0x9f, 0x6, 0xff, 0x5, 0xf4, 0x7f,
    0x28, 0xdf, 0x37, 0xf2, 0x5f, 0x4a, 0x9e, 0x59,
    0xf0, 0x3f, 0x5c, 0x7c, 0x7b, 0xe0, 0x1f, 0x7f,
    0x4a, 0xac, 0xb0, 0xe, 0xaf, 0x27, 0xce, 0x90,
    0xc, 0xff, 0x5, 0xff, 0x70, 0xa, 0xfd, 0x3,
    0xff, 0x50, 0x8, 0xfb, 0x0, 0xff, 0x30, 0x6,
    0xf9, 0x0, 0xef, 0x10, 0x4, 0xf6, 0x0, 0xbf,
    0x0,

    /* U+0058 "X" */
    0x1f, 0xd0, 0x0, 0x2f, 0xb0, 0x8, 0xf4, 0x0,
    0x9f, 0x30, 0x0, 0xec, 0x1, 0xfa, 0x0, 0x0,
    0x6f, 0x49, 0xf2, 0x0, 0x0, 0xd, 0xcf, 0x90,
    0x0, 0x0, 0x5, 0xff, 0x10, 0x0, 0x0, 0x3,
    0xfe, 0x0, 0x0, 0x0, 0xb, 0xff, 0x60, 0x0,
    0x0, 0x4f, 0x6b, 0xe0, 0x0, 0x0, 0xce, 0x3,
    0xf7, 0x0, 0x5, 0xf6, 0x0, 0xbf, 0x10, 0xd,
    0xe0, 0x0, 0x4f, 0x90, 0x6f, 0x60, 0x0, 0xc,
    0xf2,

    /* U+0059 "Y" */
    0x6f, 0x50, 0x0, 0x9, 0xf3, 0xe, 0xd0, 0x0,
    0x1f, 0xa0, 0x6, 0xf5, 0x0, 0x9f, 0x20, 0x0,
    0xdd, 0x1, 0xfa, 0x0, 0x0, 0x6f, 0x59, 0xf2,
    0x0, 0x0, 0xd, 0xdf, 0x90, 0x0, 0x0, 0x5,
    0xff, 0x20, 0x0, 0x0, 0x0, 0xfc, 0x0, 0x0,
    0x0, 0x0, 0xfc, 0x0, 0x0, 0x0, 0x0, 0xfc,
    0x0, 0x0, 0x0, 0x0, 0xfc, 0x0, 0x0, 0x0,
    0x0, 0xfc, 0x0, 0x0, 0x0, 0x0, 0xfc, 0x0,
    0x0,

    /* U+005A "Z" */
    0xd, 0xff, 0xff, 0xff, 0xd0, 0x5, 0x77, 0x77,
    0x8f, 0xb0, 0x0, 0x0, 0x0, 0xaf, 0x20, 0x0,
    0x0, 0x4, 0xf8, 0x0, 0x0, 0x0, 0xd, 0xd0,
    0x0, 0x0, 0x0, 0x8f, 0x40, 0x0, 0x0, 0x2,
    0xfa, 0x0, 0x0, 0x0, 0xc, 0xf1, 0x0, 0x0,
    0x0, 0x6f, 0x60, 0x0, 0x0, 0x1, 0xec, 0x0,
    0x0, 0x0, 0xa, 0xf2, 0x0, 0x0, 0x0, 0x3f,
    0xd7, 0x77, 0x77, 0x70, 0x4f, 0xff, 0xff, 0xff,
    0xf1,

    /* U+0061 "a" */
    0x0, 0x4c, 0xfe, 0xb2, 0x0, 0x4f, 0xc6, 0x6d,
    0xe0, 0x7, 0xb1, 0x0, 0x4f, 0x40, 0x0, 0x14,
    0x7d, 0xf5, 0x2, 0xcf, 0xfd, 0xbf, 0x50, 0xde,
    0x40, 0x3, 0xf5, 0x1f, 0x90, 0x0, 0x8f, 0x50,
    0xee, 0x54, 0xaf, 0xf6, 0x3, 0xbf, 0xfb, 0x4f,
    0xb0,

    /* U+0062 "b" */
    0x1f, 0x80, 0x0, 0x0, 0x1, 0xf8, 0x0, 0x0,
    0x0, 0x1f, 0x80, 0x0, 0x0, 0x1, 0xf8, 0x0,
    0x0, 0x0, 0x1f, 0x88, 0xef, 0xa2, 0x1, 0xff,
    0xd7, 0x8f, 0xe1, 0x1f, 0xf1, 0x0, 0x6f, 0x71,
    0xfa, 0x0, 0x0, 0xfb, 0x1f, 0x80, 0x0, 0xe,
    0xc1, 0xf9, 0x0, 0x0, 0xfc, 0x1f, 0xe1, 0x0,
    0x5f, 0x81, 0xff, 0xd6, 0x8f, 0xe1, 0x1f, 0x89,
    0xff, 0xb2, 0x0,

    /* U+0063 "c" */
    0x0, 0x3b, 0xfe, 0xb3, 0x0, 0x4f, 0xd7, 0x7d,
    0xf3, 0xe, 0xe1, 0x0, 0x3f, 0x93, 0xf8, 0x0,
    0x0, 0x0, 0x4f, 0x70, 0x0, 0x0, 0x3, 0xf8,
    0x0, 0x0, 0x88, 0xe, 0xe1, 0x0, 0x1f, 0xb0,
    0x4f, 0xd7, 0x7d, 0xf3, 0x0, 0x3b, 0xfe, 0xb2,
    0x0,

    /* U+0064 "d" */
    0x0, 0x0, 0x0, 0xf, 0x90, 0x0, 0x0, 0x0,
    0xf9, 0x0, 0x0, 0x0, 0xf, 0x90, 0x0, 0x0,
    0x0, 0xf9, 0x0, 0x6d, 0xfc, 0x3f, 0x90, 0x7f,
    0xc6, 0x9f, 0xf9, 0xf, 0xe0, 0x0, 0x8f, 0x93,
    0xf8, 0x0, 0x1, 0xf9, 0x4f, 0x70, 0x0, 0xf,
    0x93, 0xf8, 0x0, 0x1, 0xf9, 0xf, 0xc0, 0x0,
    0x6f, 0x90, 0x7f, 0xa4, 0x6f, 0xf9, 0x0, 0x6d,
    0xfd, 0x5f, 0x90,

    /* U+0065 "e" */
    0x0, 0x3b, 0xfe, 0xb3, 0x0, 0x4f, 0xb5, 0x5d,
    0xf2, 0xd, 0xd0, 0x0, 0x2f, 0x91, 0xff, 0xff,
    0xff, 0xfc, 0x3f, 0x93, 0x33, 0x33, 0x21, 0xfa,
    0x0, 0x0, 0x33, 0xd, 0xe1, 0x0, 0x1f, 0xa0,
    0x4f, 0xe7, 0x6d, 0xf3, 0x0, 0x3b, 0xfe, 0xb3,
    0x0,

    /* U+0066 "f" */
    0x0, 0x0, 0x5d, 0xff, 0xa0, 0x0, 0x3f, 0xb6,
    0x69, 0x0, 0x7, 0xf1, 0x0, 0x0, 0x0, 0x7f,
    0x10, 0x0, 0x2f, 0xff, 0xff, 0xff, 0x40, 0x33,
    0x9f, 0x43, 0x30, 0x0, 0x7, 0xf1, 0x0, 0x0,
    0x0, 0x7f, 0x10, 0x0, 0x0, 0x7, 0xf1, 0x0,
    0x0, 0x0, 0x7f, 0x10, 0x0, 0x0, 0x7, 0xf1,
    0x0, 0x0, 0x0, 0x7f, 0x10, 0x0, 0x0, 0x7,
    0xf1, 0x0, 0x0,

    /* U+0067 "g" */
    0x0, 0x0, 0x0, 0x0, 0x0, 0x0, 0x4c, 0xfd,
    0x6a, 0xf4, 0x3, 0xfa, 0x58, 0xf9, 0x41, 0x7,
    0xf1, 0x0, 0xeb, 0x0, 0x3, 0xf7, 0x14, 0xf8,
    0x0, 0x0, 0xdf, 0xff, 0xa0, 0x0, 0x9, 0xb0,
    0x31, 0x0, 0x0, 0xc, 0xa0, 0x0, 0x0, 0x0,
    0x9, 0xf9, 0x65, 0x41, 0x0, 0x3, 0xfe, 0xff,
    0xff, 0x90, 0x2f, 0x81, 0x11, 0x3c, 0xe0, 0x7,
    0xdf, 0xff, 0xda, 0x30,

    /* U+0068 "h" */
    0xea, 0x0, 0x0, 0x0, 0xea, 0x0, 0x0, 0x0,
    0xea, 0x0, 0x0, 0x0, 0xea, 0x0, 0x0, 0x0,
    0xea, 0x2b, 0xfe, 0x90, 0xec, 0xe7, 0x3a, 0xf7,
    0xef, 0x70, 0x0, 0xeb, 0xee, 0x0, 0x0, 0xdc,
    0xeb, 0x0, 0x0, 0xdc, 0xea, 0x0, 0x0, 0xdc,
    0xea, 0x0, 0x0, 0xdc, 0xea, 0x0, 0x0, 0xdc,
    0xea, 0x0, 0x0, 0xdc,

    /* U+0069 "i" */
    0xfa, 0xe9, 0x0, 0x0, 0xfa, 0xfa, 0xfa, 0xfa,
    0xfa, 0xfa, 0xfa, 0xfa, 0xfa,

    /* U+006A "j" */
    0x0, 0x0, 0x6f, 0x30, 0x0, 0x5, 0xf2, 0x0,
    0x0, 0x0, 0x0, 0x0, 0x0, 0x0, 0x0, 0x0,
    0x6f, 0x30, 0x0, 0x6, 0xf3, 0x0, 0x0, 0x6f,
    0x30, 0x0, 0x6, 0xf3, 0x0, 0x0, 0x6f, 0x30,
    0x0, 0x6, 0xf3, 0x0, 0x0, 0x6f, 0x30, 0x0,
    0x6, 0xf3, 0x0, 0x0, 0x6f, 0x22, 0x96, 0x6e,
    0xd0, 0x2d, 0xff, 0xb2, 0x0,

    /* U+006B "k" */
    0xdb, 0x0, 0x0, 0x0, 0xd, 0xb0, 0x0, 0x0,
    0x0, 0xdb, 0x0, 0x0, 0x0, 0xd, 0xb0, 0x0,
    0x0, 0x0, 0xdb, 0x0, 0xc, 0xe2, 0xd, 0xb0,
    0xc, 0xe2, 0x0, 0xdb, 0xc, 0xe2, 0x0, 0xd,
    0xcb, 0xfc, 0x0, 0x0, 0xdf, 0xe6, 0xf6, 0x0,
    0xd, 0xe2, 0xa, 0xe1, 0x0, 0xdb, 0x0, 0x1f,
    0xa0, 0xd, 0xb0, 0x0, 0x8f, 0x30, 0xdb, 0x0,
    0x0, 0xed, 0x0,

    /* U+006C "l" */
    0xdb, 0xdb, 0xdb, 0xdb, 0xdb, 0xdb, 0xdb, 0xdb,
    0xdb, 0xdb, 0xdb, 0xdb, 0xdb,

    /* U+006D "m" */
    0xbe, 0x6e, 0xe4, 0x9f, 0xc1, 0xbf, 0xb5, 0xff,
    0x97, 0xf7, 0xbf, 0x10, 0xee, 0x0, 0xf8, 0xbe,
    0x0, 0xdb, 0x0, 0xf8, 0xbe, 0x0, 0xdb, 0x0,
    0xf8, 0xbe, 0x0, 0xdb, 0x0, 0xf8, 0xbe, 0x0,
    0xdb, 0x0, 0xf8, 0xbe, 0x0, 0xdb, 0x0, 0xf8,
    0xbe, 0x0, 0xdb, 0x0, 0xf8,

    /* U+006E "n" */
    0xea, 0x3c, 0xfe, 0x90, 0xed, 0xe5, 0x17, 0xf7,
    0xef, 0x50, 0x0, 0xeb, 0xee, 0x0, 0x0, 0xdc,
    0xeb, 0x0, 0x0, 0xdc, 0xea, 0x0, 0x0, 0xdc,
    0xea, 0x0, 0x0, 0xdc, 0xea, 0x0, 0x0, 0xdc,
    0xea, 0x0, 0x0, 0xdc,

    /* U+006F "o" */
    0x0, 0x3b, 0xff, 0xa2, 0x0, 0x4, 0xfe, 0x77,
    0xee, 0x20, 0xd, 0xe1, 0x0, 0x2f, 0xb0, 0x2f,
    0x90, 0x0, 0xb, 0xf0, 0x4f, 0x70, 0x0, 0x9,
    0xf1, 0x3f, 0x90, 0x0, 0xb, 0xf0, 0xe, 0xe1,
    0x0, 0x2f, 0xb0, 0x4, 0xfd, 0x77, 0xee, 0x20,
    0x0, 0x3b, 0xff, 0xa2, 0x0,

    /* U+0070 "p" */
    0x1f, 0x9a, 0xff, 0xb2, 0x1, 0xff, 0xb4, 0x5e,
    0xe1, 0x1f, 0xe0, 0x0, 0x4f, 0x81, 0xf9, 0x0,
    0x0, 0xfb, 0x1f, 0x80, 0x0, 0xe, 0xc1, 0xfa,
    0x0, 0x0, 0xfb, 0x1f, 0xf1, 0x0, 0x6f, 0x71,
    0xff, 0xd6, 0x8f, 0xe1, 0x1f, 0x89, 0xef, 0xb2,
    0x1, 0xf8, 0x0, 0x0, 0x0, 0x1f, 0x80, 0x0,
    0x0, 0x0,

    /* U+0071 "q" */
    0x0, 0x6d, 0xfd, 0x4f, 0x90, 0x7f, 0xc6, 0x9f,
    0xf9, 0xf, 0xd0, 0x0, 0x7f, 0x93, 0xf8, 0x0,
    0x1, 0xf9, 0x4f, 0x70, 0x0, 0xf, 0x93, 0xf8,
    0x0, 0x1, 0xf9, 0xf, 0xd0, 0x0, 0x8f, 0x90,
    0x7f, 0xc6, 0x9f, 0xf9, 0x0, 0x6d, 0xfd, 0x4f,
    0x90, 0x0, 0x0, 0x0, 0xf9, 0x0, 0x0, 0x0,
    0xf, 0x90,

    /* U+0072 "r" */
    0xf9, 0x7, 0xdc, 0xf9, 0xbf, 0xa7, 0xff, 0xc1,
    0x0, 0xff, 0x10, 0x0, 0xfa, 0x0, 0x0, 0xf9,
    0x0, 0x0, 0xf9, 0x0, 0x0, 0xf9, 0x0, 0x0,
    0xf9, 0x0, 0x0,

    /* U+0073 "s" */
    0x4, 0xce, 0xeb, 0x30, 0x3f, 0xb5, 0x5c, 0xf1,
    0x7f, 0x20, 0x2, 0x82, 0x4f, 0xc5, 0x20, 0x0,
    0x6, 0xdf, 0xfe, 0x70, 0x0, 0x0, 0x4b, 0xf5,
    0x9c, 0x0, 0x1, 0xf8, 0x6f, 0xa5, 0x5b, 0xf4,
    0x5, 0xce, 0xfc, 0x50,

    /* U+0074 "t" */
    0x0, 0x6, 0x60, 0x0, 0x0, 0x0, 0xcc, 0x0,
    0x0, 0x0, 0xc, 0xc0, 0x0, 0x7, 0xff, 0xff,
    0xff, 0xf0, 0x13, 0x3d, 0xd3, 0x33, 0x0, 0x0,
    0xcc, 0x0, 0x0, 0x0, 0xc, 0xc0, 0x0, 0x0,
    0x0, 0xcc, 0x0, 0x0, 0x0, 0xc, 0xc0, 0x0,
    0x0, 0x0, 0xbd, 0x0, 0x0, 0x0, 0x6, 0xf8,
    0x68, 0x70, 0x0, 0x7, 0xdf, 0xe6,

    /* U+0075 "u" */
    0xea, 0x0, 0x0, 0xdc, 0xea, 0x0, 0x0, 0xdc,
    0xea, 0x0, 0x0, 0xdc, 0xea, 0x0, 0x0, 0xdc,
    0xea, 0x0, 0x0, 0xdc, 0xea, 0x0, 0x0, 0xfc,
    0xdc, 0x0, 0x8, 0xfc, 0x9f, 0x61, 0x7e, 0xec,
    0x1a, 0xef, 0xb2, 0xdc,

    /* U+0076 "v" */
    0x1f, 0x80, 0x0, 0xd, 0xc0, 0xcd, 0x0, 0x2,
    0xf6, 0x6, 0xf3, 0x0, 0x8f, 0x10, 0xf, 0x80,
    0xd, 0xb0, 0x0, 0xae, 0x3, 0xf5, 0x0, 0x4,
    0xf4, 0x9f, 0x0, 0x0, 0xe, 0x9e, 0x90, 0x0,
    0x0, 0x9f, 0xf3, 0x0, 0x0, 0x3, 0xfe, 0x0,
    0x0,

    /* U+0077 "w" */
    0xdc, 0x1, 0xfc, 0x1, 0xf7, 0x9f, 0x4, 0xff,
    0x4, 0xf4, 0x6f, 0x27, 0xbf, 0x27, 0xf1, 0x2f,
    0x4a, 0x8d, 0x59, 0xd0, 0xf, 0x7d, 0x5a, 0x8c,
    0xa0, 0xb, 0xaf, 0x27, 0xbf, 0x60, 0x8, 0xff,
    0x4, 0xff, 0x30, 0x4, 0xfc, 0x1, 0xff, 0x0,
    0x1, 0xf9, 0x0, 0xec, 0x0,

    /* U+0078 "x" */
    0xb, 0xf2, 0x0, 0x6f, 0x60, 0x1f, 0xb0, 0x1f,
    0xb0, 0x0, 0x6f, 0x5a, 0xf1, 0x0, 0x0, 0xbe,
    0xf6, 0x0, 0x0, 0x4, 0xfe, 0x0, 0x0, 0x0,
    0xde, 0xf8, 0x0, 0x0, 0x8f, 0x38, 0xf3, 0x0,
    0x4f, 0x80, 0xd, 0xe0, 0x1e, 0xd0, 0x0, 0x3f,
    0xa0,

    /* U+0079 "y" */
    0x2f, 0x80, 0x0, 0xd, 0xd0, 0xc, 0xe0, 0x0,
    0x3f, 0x70, 0x5, 0xf4, 0x0, 0x9f, 0x10, 0x0,
    0xeb, 0x0, 0xea, 0x0, 0x0, 0x9f, 0x15, 0xf3,
    0x0, 0x0, 0x2f, 0x7b, 0xd0, 0x0, 0x0, 0xc,
    0xef, 0x70, 0x0, 0x0, 0x5, 0xff, 0x10, 0x0,
    0x0, 0x0, 0xfa, 0x0, 0x0, 0x4, 0x7a, 0xf3,
    0x0, 0x0, 0x5, 0xfe, 0x60, 0x0, 0x0,

    /* U+007A "z" */
    0x9f, 0xff, 0xff, 0xf4, 0x13, 0x33, 0x3e, 0xe1,
    0x0, 0x0, 0xaf, 0x40, 0x0, 0x7, 0xf6, 0x0,
    0x0, 0x4f, 0x90, 0x0, 0x2, 0xec, 0x0, 0x0,
    0xd, 0xe1, 0x0, 0x0, 0xaf, 0x73, 0x33, 0x32,
    0xef, 0xff, 0xff, 0xfa,

    /* U+2026 "…" */
    0x2f, 0xfe, 0x0, 0x9, 0xff, 0x70, 0x2, 0xff,
    0xe2, 0xff, 0xe0, 0x0, 0x9f, 0xf7, 0x0, 0x2f,
    0xfe, 0x1f, 0xfe, 0x0, 0x8, 0xff, 0x70, 0x2,
    0xff, 0xd0,

    /* U+3002 "。" */
    0x0, 0x45, 0x10, 0xa, 0xb9, 0xe1, 0x2d, 0x0,
    0x96, 0x2d, 0x0, 0xa5, 0x8, 0xdb, 0xd0, 0x0,
    0x33, 0x0,

    /* U+4E0A "上" */
    0x0, 0x0, 0x0, 0x8, 0xd1, 0x0, 0x0, 0x0,
    0x0, 0x0, 0x0, 0x0, 0x9, 0xf1, 0x0, 0x0,
    0x0, 0x0, 0x0, 0x0, 0x0, 0x9, 0xf1, 0x0,
    0x0, 0x0, 0x0, 0x0, 0x0, 0x0, 0x9, 0xf1,
    0x0, 0x0, 0x0, 0x0, 0x0, 0x0, 0x0, 0x9,
    0xf1, 0x0, 0x0, 0x0, 0x0, 0x0, 0x0, 0x0,
    0x9, 0xf1, 0x0, 0x0, 0x11, 0x0, 0x0, 0x0,
    0x0, 0x9, 0xff, 0xff, 0xff, 0xff, 0x80, 0x0,
    0x0, 0x0, 0x9, 0xf8, 0x88, 0x88, 0x89, 0x40,
    0x0, 0x0, 0x0, 0x9, 0xf1, 0x0, 0x0, 0x0,
    0x0, 0x0, 0x0, 0x0, 0x9, 0xf1, 0x0, 0x0,
    0x0, 0x0, 0x0, 0x0, 0x0, 0x9, 0xf1, 0x0,
    0x0, 0x0, 0x0, 0x0, 0x0, 0x0, 0x9, 0xf1,
    0x0, 0x0, 0x0, 0x0, 0x0, 0x0, 0x0, 0x9,
    0xf1, 0x0, 0x0, 0x0, 0x0, 0x0, 0x0, 0x0,
    0x9, 0xf1, 0x0, 0x0, 0x0, 0x0, 0x0, 0x0,
    0x0, 0x9, 0xf1, 0x0, 0x0, 0x0, 0x0, 0x9a,
    0x99, 0x99, 0x9d, 0xfa, 0x99, 0x99, 0x99, 0xaa,
    0xde, 0xee, 0xee, 0xee, 0xee, 0xee, 0xee, 0xee,
    0xee,

    /* U+4E0D "不" */
    0x17, 0x66, 0x66, 0x66, 0x66, 0x66, 0x66, 0x66,
    0x66, 0x2f, 0xff, 0xff, 0xff, 0xff, 0xff, 0xff,
    0xff, 0xfe, 0x1, 0x0, 0x0, 0x0, 0x2f, 0x90,
    0x0, 0x0, 0x1, 0x0, 0x0, 0x0, 0x0, 0xbf,
    0x10, 0x0, 0x0, 0x0, 0x0, 0x0, 0x0, 0x5,
    0xf9, 0x0, 0x0, 0x0, 0x0, 0x0, 0x0, 0x0,
    0x1e, 0xf8, 0x1, 0x0, 0x0, 0x0, 0x0, 0x0,
    0x0, 0xcf, 0xf8, 0xc, 0xc0, 0x0, 0x0, 0x0,
    0x0, 0xa, 0xf5, 0xf8, 0x6, 0xfc, 0x10, 0x0,
    0x0, 0x0, 0xaf, 0x70, 0xf8, 0x0, 0x6f, 0xd1,
    0x0, 0x0, 0xb, 0xf8, 0x0, 0xf8, 0x0, 0x8,
    0xfd, 0x10, 0x3, 0xdf, 0x70, 0x0, 0xf8, 0x0,
    0x0, 0x9f, 0xc1, 0x6f, 0xf5, 0x0, 0x0, 0xf8,
    0x0, 0x0, 0xb, 0xf5, 0xa, 0x20, 0x0, 0x0,
    0xf8, 0x0, 0x0, 0x0, 0x50, 0x0, 0x0, 0x0,
    0x0, 0xf8, 0x0, 0x0, 0x0, 0x0, 0x0, 0x0,
    0x0, 0x0, 0xf8, 0x0, 0x0, 0x0, 0x0, 0x0,
    0x0, 0x0, 0x0, 0xf8, 0x0, 0x0, 0x0, 0x0,
    0x0, 0x0, 0x0, 0x1, 0xf9, 0x0, 0x0, 0x0,
    0x0, 0x0, 0x0, 0x0, 0x1, 0xf9, 0x0, 0x0,
    0x0, 0x0,

    /* U+4E22 "丢" */
    0x0, 0x0, 0x0, 0x0, 0x0, 0x0, 0x1, 0x54,
    0x0, 0x0, 0x4, 0x44, 0x55, 0x67, 0x9a, 0xce,
    0xff, 0xe1, 0x0, 0x0, 0xdf, 0xff, 0xed, 0xef,
    0x97, 0x64, 0x31, 0x0, 0x0, 0x0, 0x0, 0x0,
    0x9, 0xe0, 0x0, 0x0, 0x0, 0x0, 0x0, 0x0,
    0x0, 0x0, 0x9e, 0x0, 0x0, 0x0, 0x0, 0x0,
    0xf, 0xff, 0xff, 0xff, 0xff, 0xff, 0xff, 0xe0,
    0x0, 0x0, 0x55, 0x44, 0x44, 0xbf, 0x44, 0x44,
    0x55, 0x0, 0x0, 0x0, 0x0, 0x0, 0x9, 0xe0,
    0x0, 0x0, 0x0, 0x0, 0x10, 0x0, 0x0, 0x0,
    0x9e, 0x0, 0x0, 0x0, 0x1, 0xc, 0xff, 0xff,
    0xff, 0xff, 0xff, 0xff, 0xff, 0xff, 0xf0, 0x45,
    0x44, 0x44, 0x4d, 0x74, 0x44, 0x44, 0x44, 0x55,
    0x0, 0x0, 0x0, 0x4, 0xf9, 0x0, 0x0, 0x0,
    0x0, 0x0, 0x0, 0x0, 0x1, 0xec, 0x0, 0x5,
    0xc0, 0x0, 0x0, 0x0, 0x0, 0x0, 0xbd, 0x10,
    0x0, 0x5f, 0xb0, 0x0, 0x0, 0x0, 0x0, 0x9f,
    0x20, 0x0, 0x0, 0x7f, 0x90, 0x0, 0x0, 0x1,
    0xbf, 0x84, 0x45, 0x56, 0x67, 0xef, 0x80, 0x0,
    0x0, 0xf, 0xff, 0xff, 0xff, 0xed, 0xcb, 0xdf,
    0x50, 0x0, 0x0, 0x54, 0x21, 0x0, 0x0, 0x0,
    0x1, 0xc3, 0x0, 0x0, 0x0, 0x0, 0x0, 0x0,
    0x0, 0x0, 0x0, 0x0, 0x0,

    /* U+4E2D "中" */
    0x0, 0x0, 0x0, 0x3, 0x30, 0x0, 0x0, 0x0,
    0x0, 0x0, 0x0, 0xf, 0xc0, 0x0, 0x0, 0x0,
    0x0, 0x0, 0x0, 0xf, 0xc0, 0x0, 0x0, 0x0,
    0x0, 0x0, 0x0, 0xf, 0xb0, 0x0, 0x0, 0x0,
    0x11, 0x11, 0x11, 0x1f, 0xc1, 0x11, 0x11, 0x10,
    0xaf, 0xff, 0xff, 0xff, 0xff, 0xff, 0xff, 0xf8,
    0x9f, 0x32, 0x22, 0x2e, 0xc2, 0x22, 0x24, 0xf7,
    0x9f, 0x10, 0x0, 0xe, 0xb0, 0x0, 0x3, 0xf7,
    0x9f, 0x10, 0x0, 0xe, 0xb0, 0x0, 0x3, 0xf7,
    0x9f, 0x10, 0x0, 0xe, 0xb0, 0x0, 0x3, 0xf7,
    0x9f, 0x44, 0x44, 0x4f, 0xc4, 0x44, 0x46, 0xf7,
    0x9f, 0xff, 0xff, 0xff, 0xff, 0xff, 0xff, 0xf7,
    0xaf, 0x10, 0x0, 0xe, 0xb0, 0x0, 0x3, 0xf8,
    0x12, 0x0, 0x0, 0xe, 0xb0, 0x0, 0x0, 0x21,
    0x0, 0x0, 0x0, 0xe, 0xb0, 0x0, 0x0, 0x0,
    0x0, 0x0, 0x0, 0xe, 0xb0, 0x0, 0x0, 0x0,
    0x0, 0x0, 0x0, 0xf, 0xb0, 0x0, 0x0, 0x0,
    0x0, 0x0, 0x0, 0xf, 0xc0, 0x0, 0x0, 0x0,
    0x0, 0x0, 0x0, 0xf, 0xc0, 0x0, 0x0, 0x0,

    /* U+4E34 "临" */
    0x0, 0x0, 0x0, 0x0, 0x0, 0x0, 0x0, 0x0,
    0x0, 0x0, 0x1, 0xfa, 0x0, 0x2, 0xe9, 0x0,
    0x0, 0x0, 0x0, 0x0, 0xf9, 0x0, 0x8, 0xf6,
    0x0, 0x0, 0x0, 0x5a, 0x10, 0xe9, 0x0, 0x1f,
    0xb0, 0x0, 0x0, 0x0, 0x8f, 0x20, 0xe9, 0x0,
    0x9f, 0xff, 0xff, 0xff, 0xfc, 0x7f, 0x10, 0xe9,
    0x4, 0xfa, 0x4a, 0x64, 0x44, 0x54, 0x7f, 0x0,
    0xe9, 0x2e, 0xd0, 0x1f, 0xd1, 0x0, 0x0, 0x7f,
    0x0, 0xe9, 0xbf, 0x20, 0x3, 0xee, 0x20, 0x0,
    0x7f, 0x0, 0xe9, 0x14, 0x0, 0x0, 0x3f, 0xb0,
    0x0, 0x7f, 0x0, 0xe9, 0x1, 0x33, 0x33, 0x36,
    0x43, 0x32, 0x7f, 0x0, 0xe9, 0x8, 0xff, 0xff,
    0xff, 0xff, 0xfa, 0x7f, 0x0, 0xe9, 0x8, 0xf2,
    0x12, 0xf8, 0x11, 0xf9, 0x7f, 0x0, 0xe9, 0x8,
    0xf1, 0x1, 0xf7, 0x0, 0xf9, 0x7f, 0x0, 0xe9,
    0x7, 0xf1, 0x1, 0xf7, 0x0, 0xf9, 0x7f, 0x10,
    0xe9, 0x7, 0xf1, 0x1, 0xf7, 0x0, 0xf9, 0x8f,
    0x20, 0xe9, 0x7, 0xf5, 0x45, 0xfa, 0x45, 0xf9,
    0x59, 0x10, 0xe9, 0x8, 0xff, 0xff, 0xff, 0xff,
    0xf9, 0x0, 0x0, 0xf9, 0x8, 0xf1, 0x0, 0x0,
    0x0, 0xfa, 0x0, 0x0, 0xf9, 0x8, 0xf1, 0x0,
    0x0, 0x0, 0x32,

    /* U+4EAE "亮" */
    0x0, 0x0, 0x0, 0x0, 0x30, 0x0, 0x0, 0x0,
    0x0, 0x0, 0x0, 0x0, 0x8, 0xf5, 0x0, 0x0,
    0x0, 0x0, 0x7, 0x66, 0x66, 0x68, 0xfc, 0x66,
    0x66, 0x66, 0x72, 0x1e, 0xee, 0xdd, 0xdd, 0xdd,
    0xdd, 0xdd, 0xde, 0xe4, 0x0, 0x0, 0x0, 0x0,
    0x0, 0x0, 0x0, 0x0, 0x0, 0x0, 0x9, 0xff,
    0xff, 0xff, 0xff, 0xff, 0x60, 0x0, 0x0, 0x9,
    0xf3, 0x22, 0x22, 0x22, 0x6f, 0x60, 0x0, 0x0,
    0x9, 0xf3, 0x22, 0x22, 0x22, 0x7f, 0x60, 0x0,
    0x0, 0x9, 0xff, 0xff, 0xff, 0xff, 0xff, 0x60,
    0x0, 0x0, 0x0, 0x0, 0x0, 0x0, 0x0, 0x0,
    0x0, 0x0, 0x9f, 0xff, 0xff, 0xff, 0xff, 0xff,
    0xff, 0xff, 0xfb, 0x9f, 0x54, 0x44, 0x44, 0x44,
    0x44, 0x44, 0x44, 0xfa, 0xaf, 0x0, 0x1, 0x22,
    0x22, 0x22, 0x0, 0x0, 0xea, 0x0, 0x0, 0xc,
    0xff, 0xff, 0xff, 0x10, 0x0, 0x0, 0x0, 0x0,
    0xd, 0xf0, 0x0, 0x9f, 0x10, 0x0, 0x0, 0x0,
    0x0, 0xf, 0xc0, 0x0, 0x9f, 0x10, 0x0, 0x20,
    0x0, 0x0, 0x7f, 0x70, 0x0, 0x9f, 0x10, 0x0,
    0xe9, 0x3, 0x6c, 0xfc, 0x0, 0x0, 0x8f, 0x84,
    0x46, 0xfa, 0x8, 0xff, 0x80, 0x0, 0x0, 0x2e,
    0xff, 0xff, 0xd2, 0x0, 0x61, 0x0, 0x0, 0x0,
    0x0, 0x0, 0x0, 0x0,

    /* U+4EC5 "仅" */
    0x0, 0x0, 0x3, 0x0, 0x0, 0x0, 0x0, 0x0,
    0x0, 0x0, 0x0, 0x0, 0x3f, 0xa0, 0x0, 0x0,
    0x0, 0x0, 0x0, 0x0, 0x0, 0x0, 0x8f, 0x45,
    0x66, 0x66, 0x66, 0x66, 0x61, 0x0, 0x0, 0x0,
    0xdd, 0xd, 0xff, 0xff, 0xff, 0xff, 0xf2, 0x0,
    0x0, 0x5, 0xf6, 0x0, 0xcd, 0x0, 0x0, 0xb,
    0xf0, 0x0, 0x0, 0xc, 0xf2, 0x0, 0x9f, 0x10,
    0x0, 0xe, 0xb0, 0x0, 0x0, 0x5f, 0xf2, 0x0,
    0x6f, 0x40, 0x0, 0x2f, 0x70, 0x0, 0x1, 0xef,
    0xf2, 0x0, 0x2f, 0x80, 0x0, 0x7f, 0x20, 0x0,
    0xb, 0xf9, 0xf2, 0x0, 0xd, 0xd0, 0x0, 0xcd,
    0x0, 0x0, 0xa, 0x95, 0xf2, 0x0, 0x8, 0xf3,
    0x3, 0xf7, 0x0, 0x0, 0x0, 0x5, 0xf2, 0x0,
    0x1, 0xfa, 0xa, 0xf1, 0x0, 0x0, 0x0, 0x5,
    0xf2, 0x0, 0x0, 0xaf, 0x7f, 0x80, 0x0, 0x0,
    0x0, 0x5, 0xf2, 0x0, 0x0, 0x1f, 0xfe, 0x10,
    0x0, 0x0, 0x0, 0x5, 0xf2, 0x0, 0x0, 0x1d,
    0xfc, 0x0, 0x0, 0x0, 0x0, 0x5, 0xf2, 0x0,
    0x1, 0xcf, 0xbf, 0xc1, 0x0, 0x0, 0x0, 0x5,
    0xf2, 0x0, 0x4e, 0xf6, 0x7, 0xfe, 0x50, 0x0,
    0x0, 0x5, 0xf2, 0x2a, 0xfe, 0x40, 0x0, 0x5f,
    0xfc, 0x50, 0x0, 0x6, 0xf5, 0xff, 0xb1, 0x0,
    0x0, 0x2, 0xdf, 0xb0, 0x0, 0x7, 0xf3, 0x77,
    0x0, 0x0, 0x0, 0x0, 0x7, 0x20,

    /* U+4F20 "传" */
    0x0, 0x0, 0x0, 0x0, 0x0, 0x3, 0x10, 0x0,
    0x0, 0x0, 0x0, 0x2, 0xe6, 0x0, 0x0, 0xfa,
    0x0, 0x0, 0x0, 0x0, 0x0, 0x8f, 0x70, 0x0,
    0x2f, 0x60, 0x0, 0x0, 0x0, 0x0, 0xd, 0xe0,
    0x33, 0x36, 0xf5, 0x33, 0x33, 0x30, 0x0, 0x5,
    0xf7, 0xf, 0xff, 0xff, 0xff, 0xff, 0xfd, 0x0,
    0x0, 0xdf, 0x20, 0x10, 0xa, 0xe0, 0x0, 0x1,
    0x10, 0x0, 0x5f, 0xf2, 0x0, 0x0, 0xcb, 0x0,
    0x0, 0x0, 0x0, 0x1e, 0xff, 0x25, 0x55, 0x5f,
    0xa5, 0x55, 0x55, 0x54, 0xa, 0xf8, 0xf2, 0xff,
    0xff, 0xff, 0xff, 0xff, 0xff, 0xd2, 0xf8, 0x5f,
    0x20, 0x0, 0x6f, 0x10, 0x0, 0x0, 0x0, 0x4,
    0x5, 0xf2, 0x0, 0xb, 0xd2, 0x22, 0x22, 0x20,
    0x0, 0x0, 0x5f, 0x20, 0x0, 0xff, 0xff, 0xff,
    0xfe, 0x0, 0x0, 0x5, 0xf2, 0x0, 0x2, 0x22,
    0x22, 0x7f, 0x70, 0x0, 0x0, 0x5f, 0x20, 0x0,
    0x0, 0x0, 0xb, 0xf1, 0x0, 0x0, 0x5, 0xf2,
    0x0, 0x0, 0xa3, 0x2, 0xf9, 0x0, 0x0, 0x0,
    0x5f, 0x20, 0x0, 0x3f, 0xfb, 0xaf, 0x20, 0x0,
    0x0, 0x5, 0xf2, 0x0, 0x0, 0x19, 0xff, 0xe1,
    0x0, 0x0, 0x0, 0x5f, 0x30, 0x0, 0x0, 0x3,
    0xcf, 0xf6, 0x0, 0x0, 0x7, 0xf3, 0x0, 0x0,
    0x0, 0x0, 0x6f, 0x90, 0x0, 0x0, 0x0, 0x0,
    0x0, 0x0, 0x0, 0x0, 0x21, 0x0,

    /* U+4F53 "体" */
    0x0, 0x0, 0x0, 0x0, 0x0, 0x0, 0x0, 0x0,
    0x0, 0x0, 0x0, 0x0, 0x7a, 0x20, 0x0, 0x7,
    0xf0, 0x0, 0x0, 0x0, 0x0, 0x0, 0xce, 0x0,
    0x0, 0x7, 0xf0, 0x0, 0x0, 0x0, 0x0, 0x1,
    0xf8, 0x0, 0x0, 0x7, 0xf0, 0x0, 0x0, 0x0,
    0x0, 0x7, 0xf2, 0x0, 0x0, 0x7, 0xf0, 0x0,
    0x0, 0x0, 0x0, 0xd, 0xe0, 0xaf, 0xff, 0xff,
    0xff, 0xff, 0xff, 0xa0, 0x0, 0x5f, 0xe0, 0x33,
    0x33, 0xfe, 0xff, 0x83, 0x33, 0x20, 0x0, 0xdf,
    0xe0, 0x0, 0x4, 0xfa, 0xfa, 0xb0, 0x0, 0x0,
    0x6, 0xfb, 0xe0, 0x0, 0x9, 0xf7, 0xf6, 0xf1,
    0x0, 0x0, 0xd, 0xa7, 0xe0, 0x0, 0x2f, 0x87,
    0xf0, 0xea, 0x0, 0x0, 0x2, 0x17, 0xe0, 0x0,
    0xaf, 0x17, 0xf0, 0x6f, 0x40, 0x0, 0x0, 0x7,
    0xe0, 0x7, 0xf7, 0x7, 0xf0, 0xb, 0xf3, 0x0,
    0x0, 0x7, 0xe0, 0x6f, 0xb0, 0x7, 0xf0, 0x1,
    0xef, 0x60, 0x0, 0x7, 0xe9, 0xfd, 0x34, 0x38,
    0xf3, 0x33, 0x2d, 0xe3, 0x0, 0x7, 0xe2, 0xb1,
    0x6f, 0xff, 0xff, 0xff, 0x1, 0x30, 0x0, 0x7,
    0xe0, 0x0, 0x1, 0x17, 0xf0, 0x1, 0x0, 0x0,
    0x0, 0x7, 0xe0, 0x0, 0x0, 0x7, 0xf0, 0x0,
    0x0, 0x0, 0x0, 0x8, 0xf0, 0x0, 0x0, 0x7,
    0xf0, 0x0, 0x0, 0x0, 0x0, 0x7, 0xe0, 0x0,
    0x0, 0x8, 0xf0, 0x0, 0x0, 0x0,

    /* U+4F59 "余" */
    0x0, 0x0, 0x0, 0x0, 0x1, 0x0, 0x0, 0x0,
    0x0, 0x0, 0x0, 0x0, 0x0, 0x0, 0x8f, 0x90,
    0x0, 0x0, 0x0, 0x0, 0x0, 0x0, 0x0, 0x2,
    0xff, 0xd1, 0x0, 0x0, 0x0, 0x0, 0x0, 0x0,
    0x0, 0xd, 0xf4, 0xdd, 0x10, 0x0, 0x0, 0x0,
    0x0, 0x0, 0x0, 0xbf, 0x60, 0x1e, 0xe5, 0x0,
    0x0, 0x0, 0x0, 0x0, 0xa, 0xf8, 0x0, 0x1,
    0xcf, 0xb3, 0x0, 0x0, 0x0, 0x1, 0xcf, 0x90,
    0x0, 0x0, 0x8, 0xff, 0xd8, 0x40, 0x0, 0x6f,
    0xfa, 0x66, 0x66, 0x66, 0x66, 0x2b, 0xff, 0x80,
    0xb, 0xfd, 0x37, 0xff, 0xff, 0xff, 0xff, 0x0,
    0x28, 0x0, 0x1, 0x70, 0x0, 0x0, 0xe, 0xa0,
    0x0, 0x0, 0x0, 0x0, 0x0, 0x0, 0x0, 0x0,
    0xe, 0xa0, 0x0, 0x0, 0x0, 0x0, 0x0, 0x28,
    0x77, 0x77, 0x7f, 0xd7, 0x77, 0x78, 0x50, 0x0,
    0x0, 0x5f, 0xee, 0xee, 0xef, 0xfe, 0xee, 0xef,
    0xa0, 0x0, 0x0, 0x0, 0x0, 0x0, 0xe, 0xa0,
    0x3, 0x0, 0x0, 0x0, 0x0, 0x0, 0xc, 0x80,
    0xe, 0xa0, 0x3f, 0x80, 0x0, 0x0, 0x0, 0x2,
    0xcf, 0x80, 0xe, 0xa0, 0x9, 0xf9, 0x0, 0x0,
    0x0, 0x5e, 0xf6, 0x0, 0xe, 0xa0, 0x0, 0xaf,
    0x90, 0x0, 0x3, 0xfe, 0x40, 0x6, 0xaf, 0x90,
    0x0, 0xc, 0xd1, 0x0, 0x0, 0x51, 0x0, 0x5,
    0xfe, 0x40, 0x0, 0x2, 0x10, 0x0, 0x0, 0x0,
    0x0, 0x0, 0x20, 0x0, 0x0, 0x0, 0x0, 0x0,

    /* U+4F7F "使" */
    0x0, 0x0, 0x31, 0x0, 0x0, 0x3, 0x82, 0x0,
    0x0, 0x0, 0x0, 0x0, 0xde, 0x0, 0x0, 0x4,
    0xf4, 0x0, 0x0, 0x0, 0x0, 0x1, 0xf8, 0x0,
    0x0, 0x4, 0xf3, 0x0, 0x0, 0x0, 0x0, 0x7,
    0xf2, 0xae, 0xee, 0xee, 0xfe, 0xee, 0xee, 0xc0,
    0x0, 0xe, 0xe0, 0x46, 0x55, 0x58, 0xf7, 0x55,
    0x66, 0x50, 0x0, 0x5f, 0xe0, 0x0, 0x0, 0x4,
    0xf3, 0x0, 0x0, 0x0, 0x0, 0xdf, 0xe0, 0xe,
    0xee, 0xef, 0xff, 0xee, 0xee, 0x0, 0x6, 0xfa,
    0xe0, 0xe, 0xb4, 0x47, 0xf6, 0x44, 0xaf, 0x0,
    0xe, 0xb7, 0xe0, 0xe, 0x90, 0x4, 0xf3, 0x0,
    0x9e, 0x0, 0x5, 0x47, 0xe0, 0xe, 0xa3, 0x36,
    0xf5, 0x33, 0xaf, 0x0, 0x0, 0x7, 0xe0, 0xf,
    0xff, 0xff, 0xff, 0xff, 0xff, 0x0, 0x0, 0x7,
    0xe0, 0x0, 0x41, 0x17, 0xf2, 0x11, 0x10, 0x0,
    0x0, 0x7, 0xe0, 0x5, 0xf4, 0x8, 0xf0, 0x0,
    0x0, 0x0, 0x0, 0x7, 0xe0, 0x0, 0xbf, 0x3b,
    0xd0, 0x0, 0x0, 0x0, 0x0, 0x7, 0xe0, 0x0,
    0xd, 0xff, 0x90, 0x0, 0x0, 0x0, 0x0, 0x7,
    0xe0, 0x0, 0x1, 0xff, 0x80, 0x0, 0x0, 0x0,
    0x0, 0x8, 0xf0, 0x0, 0x8, 0xfd, 0xfb, 0x30,
    0x0, 0x0, 0x0, 0x8, 0xf0, 0x4, 0xcf, 0x50,
    0x6e, 0xfe, 0xa8, 0x70, 0x0, 0x8, 0xf0, 0xaf,
    0x92, 0x0, 0x0, 0x5a, 0xdf, 0x90, 0x0, 0x0,
    0x0, 0x1, 0x0, 0x0, 0x0, 0x0, 0x0, 0x0,

    /* U+505C "停" */
    0x0, 0x0, 0x0, 0x0, 0x0, 0x0, 0x30, 0x0,
    0x0, 0x0, 0x0, 0x0, 0xcc, 0x0, 0x0, 0x7,
    0xf4, 0x0, 0x0, 0x0, 0x0, 0x1, 0xf8, 0x17,
    0x66, 0x68, 0xfb, 0x66, 0x66, 0x50, 0x0, 0x6,
    0xf2, 0x3d, 0xcc, 0xcc, 0xcc, 0xcc, 0xcc, 0xa0,
    0x0, 0xd, 0xf0, 0x0, 0x23, 0x33, 0x33, 0x33,
    0x20, 0x0, 0x0, 0x4f, 0xe0, 0x0, 0xff, 0xff,
    0xff, 0xff, 0xf0, 0x0, 0x0, 0xcf, 0xe0, 0x0,
    0xe6, 0x0, 0x0, 0x6, 0xf0, 0x0, 0x5, 0xfb,
    0xe0, 0x0, 0xe9, 0x55, 0x55, 0x59, 0xf0, 0x0,
    0xe, 0xc6, 0xe0, 0x0, 0xdd, 0xdd, 0xdd, 0xdd,
    0xd0, 0x0, 0x7, 0x46, 0xe0, 0x33, 0x33, 0x33,
    0x33, 0x33, 0x33, 0x30, 0x0, 0x6, 0xe0, 0xff,
    0xff, 0xff, 0xff, 0xff, 0xff, 0xf1, 0x0, 0x6,
    0xe0, 0xf6, 0x0, 0x0, 0x0, 0x0, 0x3, 0xf1,
    0x0, 0x6, 0xe0, 0x52, 0x9c, 0xdd, 0xdd, 0xdc,
    0xb2, 0x50, 0x0, 0x6, 0xe0, 0x0, 0x66, 0x55,
    0xfa, 0x55, 0x61, 0x0, 0x0, 0x6, 0xe0, 0x0,
    0x0, 0x0, 0xe7, 0x0, 0x0, 0x0, 0x0, 0x6,
    0xe0, 0x0, 0x0, 0x0, 0xe7, 0x0, 0x0, 0x0,
    0x0, 0x6, 0xf0, 0x0, 0x0, 0x0, 0xe7, 0x0,
    0x0, 0x0, 0x0, 0x7, 0xf0, 0x0, 0x0, 0x9a,
    0xf7, 0x0, 0x0, 0x0, 0x0, 0x7, 0xf0, 0x0,
    0x0, 0xaf, 0xe2, 0x0, 0x0, 0x0, 0x0, 0x0,
    0x0, 0x0, 0x0, 0x22, 0x0, 0x0, 0x0, 0x0,

    /* U+50A8 "储" */
    0x0, 0x0, 0x0, 0x0, 0x0, 0x0, 0x3, 0x10,
    0x0, 0x0, 0x0, 0x3, 0xd6, 0x0, 0x0, 0x0,
    0xf, 0x50, 0x0, 0x0, 0x0, 0x7, 0xf4, 0x1a,
    0x30, 0x0, 0xf, 0x50, 0x4, 0x0, 0x0, 0xb,
    0xe0, 0xe, 0x80, 0x5e, 0xdf, 0xec, 0x4f, 0x50,
    0x0, 0x2f, 0x90, 0x9, 0xe0, 0x25, 0x5f, 0x85,
    0xbc, 0x0, 0x0, 0x9f, 0x60, 0x5, 0xa1, 0x0,
    0xf, 0x53, 0xf4, 0x0, 0x2, 0xff, 0x60, 0x0,
    0x0, 0x0, 0xf, 0x5c, 0xc0, 0x0, 0xa, 0xff,
    0x6a, 0xed, 0x45, 0xed, 0xdf, 0xef, 0xed, 0xe3,
    0x3f, 0x7e, 0x65, 0x7f, 0x42, 0x65, 0x56, 0xf9,
    0x55, 0x61, 0x9, 0xe, 0x60, 0x1f, 0x30, 0x0,
    0xb, 0xc0, 0x0, 0x0, 0x0, 0xe, 0x60, 0x1f,
    0x30, 0x6, 0xdf, 0xff, 0xfe, 0x0, 0x0, 0xe,
    0x60, 0x1f, 0x30, 0x6e, 0xe3, 0x33, 0x8e, 0x0,
    0x0, 0xe, 0x60, 0x1f, 0x3b, 0xfd, 0xe0, 0x0,
    0x6e, 0x0, 0x0, 0xe, 0x60, 0x1f, 0x32, 0x46,
    0xff, 0xff, 0xfe, 0x0, 0x0, 0xe, 0x60, 0x1f,
    0xac, 0x6, 0xe3, 0x33, 0x8e, 0x0, 0x0, 0xe,
    0x60, 0x5f, 0xf7, 0x7, 0xe0, 0x0, 0x6e, 0x0,
    0x0, 0xf, 0x60, 0x3d, 0x20, 0x7, 0xff, 0xff,
    0xfe, 0x0, 0x0, 0xf, 0x60, 0x0, 0x0, 0x7,
    0xe3, 0x33, 0x8f, 0x0, 0x0, 0xf, 0x70, 0x0,
    0x0, 0x8, 0xe0, 0x0, 0x6f, 0x0,

    /* U+5173 "关" */
    0x0, 0x0, 0x0, 0x0, 0x0, 0x0, 0x0, 0x0,
    0x0, 0x0, 0x0, 0x3c, 0x10, 0x0, 0x8, 0xa2,
    0x0, 0x0, 0x0, 0x0, 0x4f, 0xb0, 0x0, 0xd,
    0xf1, 0x0, 0x0, 0x0, 0x0, 0x9, 0xf6, 0x0,
    0x4f, 0x70, 0x0, 0x0, 0x0, 0x0, 0x1, 0xa1,
    0x0, 0xae, 0x0, 0x0, 0x0, 0x4, 0xff, 0xff,
    0xff, 0xff, 0xff, 0xff, 0xff, 0x40, 0x1, 0x66,
    0x66, 0x66, 0xfb, 0x66, 0x66, 0x66, 0x20, 0x0,
    0x0, 0x0, 0x0, 0xe9, 0x0, 0x0, 0x0, 0x0,
    0x0, 0x0, 0x0, 0x0, 0xe9, 0x0, 0x0, 0x0,
    0x0, 0x0, 0x0, 0x0, 0x0, 0xe9, 0x0, 0x0,
    0x0, 0x0, 0x2e, 0xdd, 0xdd, 0xdd, 0xff, 0xff,
    0xff, 0xff, 0xf4, 0x17, 0x66, 0x66, 0x68, 0xff,
    0x76, 0x66, 0x66, 0x72, 0x0, 0x0, 0x0, 0x9,
    0xff, 0xb0, 0x0, 0x0, 0x0, 0x0, 0x0, 0x0,
    0x3f, 0x96, 0xf9, 0x0, 0x0, 0x0, 0x0, 0x0,
    0x3, 0xed, 0x10, 0xaf, 0xb1, 0x0, 0x0, 0x0,
    0x0, 0x7f, 0xd2, 0x0, 0x9, 0xff, 0x81, 0x0,
    0x1, 0x6d, 0xfa, 0x0, 0x0, 0x0, 0x6f, 0xff,
    0xc4, 0x2f, 0xfc, 0x40, 0x0, 0x0, 0x0, 0x1,
    0x9f, 0xe1, 0x5, 0x40, 0x0, 0x0, 0x0, 0x0,
    0x0, 0x1, 0x30,

    /* U+5185 "内" */
    0x0, 0x0, 0x0, 0x2, 0x10, 0x0, 0x0, 0x0,
    0x0, 0x0, 0x0, 0x0, 0xde, 0x0, 0x0, 0x0,
    0x0, 0x0, 0x0, 0x0, 0xd, 0xb0, 0x0, 0x0,
    0x0, 0x0, 0x0, 0x0, 0x0, 0xdb, 0x0, 0x0,
    0x0, 0x0, 0xef, 0xff, 0xff, 0xff, 0xff, 0xff,
    0xff, 0xff, 0xe, 0xd4, 0x44, 0x44, 0xfa, 0x44,
    0x44, 0x4c, 0xf0, 0xdc, 0x0, 0x0, 0xf, 0x70,
    0x0, 0x0, 0xbf, 0xd, 0xc0, 0x0, 0x3, 0xf6,
    0x0, 0x0, 0xb, 0xe0, 0xdc, 0x0, 0x0, 0x8f,
    0xc1, 0x0, 0x0, 0xbe, 0xd, 0xc0, 0x0, 0x1e,
    0xee, 0xe3, 0x0, 0xb, 0xe0, 0xdc, 0x0, 0xa,
    0xf4, 0x2d, 0xf6, 0x0, 0xbe, 0xd, 0xc0, 0x9,
    0xf9, 0x0, 0x1d, 0xf9, 0xb, 0xe0, 0xdc, 0xa,
    0xfc, 0x0, 0x0, 0x1c, 0xf3, 0xbe, 0xd, 0xc2,
    0xbd, 0x10, 0x0, 0x0, 0x13, 0xb, 0xe0, 0xdc,
    0x0, 0x0, 0x0, 0x0, 0x0, 0x0, 0xbe, 0xd,
    0xc0, 0x0, 0x0, 0x0, 0x0, 0x0, 0xb, 0xe0,
    0xdc, 0x0, 0x0, 0x0, 0x0, 0x0, 0x0, 0xce,
    0xe, 0xc0, 0x0, 0x0, 0x0, 0x0, 0x4a, 0xbf,
    0xd0, 0xfc, 0x0, 0x0, 0x0, 0x0, 0x0, 0xef,
    0xc4, 0x0, 0x0, 0x0, 0x0, 0x0, 0x0, 0x1,
    0x0, 0x0,

    /* U+51B2 "冲" */
    0x0, 0x0, 0x0, 0x0, 0x0, 0x0, 0x0, 0x0,
    0x0, 0x0, 0x0, 0x0, 0x0, 0x0, 0x0, 0xf,
    0x90, 0x0, 0x0, 0x0, 0x0, 0x0, 0x0, 0x0,
    0x0, 0xf9, 0x0, 0x0, 0x0, 0x4d, 0x20, 0x0,
    0x0, 0x0, 0xf, 0x90, 0x0, 0x0, 0x8, 0xfe,
    0x20, 0x6, 0x66, 0x66, 0xfb, 0x66, 0x66, 0x30,
    0x7, 0xfe, 0x21, 0xff, 0xff, 0xff, 0xff, 0xff,
    0xf7, 0x0, 0x7, 0xf6, 0xf, 0x80, 0x0, 0xf9,
    0x0, 0x1f, 0x70, 0x0, 0x3, 0x0, 0xf8, 0x0,
    0xf, 0x90, 0x1, 0xf7, 0x0, 0x0, 0x0, 0xf,
    0x80, 0x0, 0xf9, 0x0, 0x1f, 0x70, 0x0, 0x2,
    0x0, 0xf8, 0x0, 0xf, 0x90, 0x1, 0xf7, 0x0,
    0x0, 0xbd, 0x1f, 0x81, 0x11, 0xf9, 0x11, 0x3f,
    0x70, 0x0, 0x2f, 0xa0, 0xff, 0xff, 0xff, 0xff,
    0xff, 0xf7, 0x0, 0xa, 0xf2, 0xf, 0xa3, 0x33,
    0xfa, 0x33, 0x5f, 0x70, 0x3, 0xfa, 0x1, 0xf8,
    0x0, 0xf, 0x90, 0x1, 0xd6, 0x0, 0xcf, 0x20,
    0x0, 0x0, 0x0, 0xf9, 0x0, 0x0, 0x0, 0x8f,
    0xa0, 0x0, 0x0, 0x0, 0xf, 0x90, 0x0, 0x0,
    0x1e, 0xf2, 0x0, 0x0, 0x0, 0x0, 0xf9, 0x0,
    0x0, 0x0, 0x27, 0x0, 0x0, 0x0, 0x0, 0xf,
    0x90, 0x0, 0x0, 0x0, 0x0, 0x0, 0x0, 0x0,
    0x0, 0xf9, 0x0, 0x0, 0x0,

    /* U+5217 "列" */
    0x33, 0x33, 0x33, 0x33, 0x33, 0x40, 0x0, 0x1,
    0xfa, 0xdf, 0xff, 0xff, 0xff, 0xff, 0xf0, 0x0,
    0x0, 0xf9, 0x0, 0x4, 0xf8, 0x0, 0x0, 0x1,
    0xa7, 0x0, 0xf9, 0x0, 0x7, 0xf5, 0x0, 0x0,
    0x1, 0xfa, 0x0, 0xf9, 0x0, 0xb, 0xf4, 0x22,
    0x21, 0x0, 0xf9, 0x0, 0xf9, 0x0, 0x1f, 0xff,
    0xff, 0xf9, 0x0, 0xf9, 0x0, 0xf9, 0x0, 0x8f,
    0x61, 0x12, 0xf7, 0x0, 0xf9, 0x0, 0xf9, 0x1,
    0xfd, 0x0, 0x3, 0xf4, 0x0, 0xf9, 0x0, 0xf9,
    0xb, 0xf5, 0x30, 0x7, 0xf1, 0x0, 0xf9, 0x0,
    0xf9, 0x9f, 0xb5, 0xf9, 0xc, 0xd0, 0x0, 0xf9,
    0x0, 0xf9, 0x5c, 0x10, 0xaf, 0xbf, 0x70, 0x0,
    0xf9, 0x0, 0xf9, 0x0, 0x0, 0x8, 0xff, 0x10,
    0x0, 0xf9, 0x0, 0xf9, 0x0, 0x0, 0x5, 0xf9,
    0x0, 0x2, 0xfa, 0x0, 0xf9, 0x0, 0x0, 0x3f,
    0xe1, 0x0, 0x0, 0x21, 0x0, 0xf9, 0x0, 0x5,
    0xff, 0x30, 0x0, 0x0, 0x0, 0x0, 0xf9, 0x3,
    0xbf, 0xe3, 0x0, 0x0, 0x0, 0x1, 0x46, 0xf8,
    0x3f, 0xfc, 0x10, 0x0, 0x0, 0x0, 0x1, 0xff,
    0xf5, 0x6, 0x70, 0x0, 0x0, 0x0, 0x0, 0x0,
    0x88, 0x30,

    /* U+521B "创" */
    0x0, 0x0, 0x0, 0x10, 0x0, 0x0, 0x0, 0x0,
    0x0, 0x0, 0x0, 0x6, 0xe4, 0x0, 0x0, 0x0,
    0x0, 0xb7, 0x0, 0x0, 0xe, 0xf5, 0x0, 0x0,
    0x0, 0x0, 0xe9, 0x0, 0x0, 0x9f, 0xbf, 0x90,
    0x0, 0x0, 0x0, 0xd9, 0x0, 0x5, 0xf9, 0x5,
    0xfd, 0x20, 0xea, 0x0, 0xd9, 0x0, 0x3f, 0xc0,
    0x0, 0x3f, 0xe2, 0xea, 0x0, 0xd9, 0x3, 0xee,
    0x10, 0x0, 0x4, 0xb0, 0xda, 0x0, 0xd9, 0x3f,
    0xed, 0xcc, 0xcc, 0xc7, 0x0, 0xda, 0x0, 0xd9,
    0x6, 0x2e, 0xda, 0xaa, 0xf9, 0x0, 0xda, 0x0,
    0xd9, 0x0, 0xd, 0x90, 0x0, 0xe9, 0x0, 0xda,
    0x0, 0xd9, 0x0, 0xd, 0x90, 0x0, 0xf9, 0x0,
    0xda, 0x0, 0xd9, 0x0, 0xd, 0x90, 0x0, 0xf8,
    0x0, 0xda, 0x0, 0xd9, 0x0, 0xd, 0x90, 0x6a,
    0xf6, 0x0, 0xda, 0x0, 0xd9, 0x0, 0xd, 0x90,
    0xdf, 0xd1, 0x0, 0xea, 0x0, 0xd9, 0x0, 0xd,
    0x90, 0x44, 0x0, 0x0, 0xc8, 0x0, 0xd9, 0x0,
    0xd, 0x90, 0x0, 0x4, 0xb3, 0x0, 0x0, 0xd9,
    0x0, 0xd, 0xc1, 0x11, 0x1a, 0xf3, 0x0, 0x0,
    0xe8, 0x0, 0x9, 0xff, 0xff, 0xff, 0xb0, 0x0,
    0xbf, 0xf7, 0x0, 0x0, 0x33, 0x33, 0x32, 0x0,
    0x0, 0x5b, 0x70,

    /* U+5269 "剩" */
    0x0, 0x0, 0x0, 0x0, 0x26, 0x80, 0x0, 0x0,
    0x2f, 0x40, 0x7, 0xbc, 0xde, 0xff, 0xfe, 0x50,
    0x0, 0x2, 0xf3, 0x0, 0x39, 0x87, 0xaf, 0x20,
    0x0, 0x0, 0x31, 0x2f, 0x30, 0x0, 0x0, 0x6,
    0xe0, 0x0, 0x0, 0x2f, 0x52, 0xf3, 0x8, 0xff,
    0xff, 0xff, 0xff, 0xff, 0x71, 0xf5, 0x2f, 0x30,
    0x13, 0x22, 0x27, 0xe2, 0x22, 0x21, 0x1f, 0x52,
    0xf3, 0x0, 0x5, 0xf2, 0x6e, 0xe, 0x71, 0x11,
    0xf5, 0x2f, 0x30, 0x59, 0xbf, 0x16, 0xe0, 0xdb,
    0xea, 0x1f, 0x52, 0xf3, 0x5, 0x8b, 0xf1, 0x6e,
    0xd, 0xd5, 0x1, 0xf5, 0x2f, 0x30, 0x1, 0xaf,
    0x16, 0xe0, 0xd6, 0x37, 0x1f, 0x52, 0xf3, 0x2c,
    0xff, 0xf1, 0x7f, 0x1c, 0xdd, 0xd1, 0xf5, 0x2f,
    0x30, 0xb4, 0x37, 0x3e, 0xfc, 0x35, 0x52, 0x2f,
    0x52, 0xf3, 0x0, 0x0, 0xc, 0xff, 0xfc, 0x10,
    0x2, 0xc4, 0x2f, 0x30, 0x0, 0xc, 0xfa, 0xe3,
    0xfc, 0x10, 0x0, 0x2, 0xf3, 0x0, 0x1c, 0xf4,
    0x6e, 0x4, 0xfc, 0x10, 0x0, 0x2f, 0x30, 0x4e,
    0xf4, 0x6, 0xe0, 0x6, 0xc1, 0x0, 0x2, 0xf3,
    0x4, 0xd2, 0x0, 0x6f, 0x0, 0x0, 0x0, 0x1b,
    0xef, 0x20, 0x0, 0x0, 0x7, 0xf0, 0x0, 0x0,
    0x0, 0xad, 0x60, 0x0, 0x0, 0x0, 0x0, 0x0,
    0x0, 0x0, 0x0, 0x0, 0x0,

    /* U+5361 "卡" */
    0x0, 0x0, 0x0, 0x0, 0x11, 0x0, 0x0, 0x0,
    0x0, 0x0, 0x0, 0x0, 0x0, 0xa, 0xf4, 0x0,
    0x0, 0x0, 0x0, 0x0, 0x0, 0x0, 0x0, 0xaf,
    0x30, 0x0, 0x0, 0x0, 0x0, 0x0, 0x0, 0x0,
    0xa, 0xf7, 0x55, 0x55, 0x55, 0x0, 0x0, 0x0,
    0x0, 0x0, 0xaf, 0xff, 0xff, 0xff, 0xe0, 0x0,
    0x0, 0x0, 0x0, 0xa, 0xf3, 0x0, 0x0, 0x12,
    0x0, 0x0, 0x0, 0x0, 0x0, 0xaf, 0x20, 0x0,
    0x0, 0x0, 0x0, 0x0, 0x0, 0x0, 0xa, 0xf2,
    0x0, 0x0, 0x0, 0x0, 0x4f, 0xff, 0xff, 0xff,
    0xff, 0xff, 0xff, 0xff, 0xff, 0xf2, 0x76, 0x66,
    0x66, 0x6c, 0xf8, 0x66, 0x66, 0x66, 0x78, 0x0,
    0x0, 0x0, 0x0, 0xaf, 0x20, 0x0, 0x0, 0x0,
    0x0, 0x0, 0x0, 0x0, 0xa, 0xf3, 0xd6, 0x0,
    0x0, 0x0, 0x0, 0x0, 0x0, 0x0, 0xaf, 0x4b,
    0xfc, 0x30, 0x0, 0x0, 0x0, 0x0, 0x0, 0xa,
    0xf2, 0x6, 0xff, 0x80, 0x0, 0x0, 0x0, 0x0,
    0x0, 0xaf, 0x20, 0x2, 0xdf, 0x80, 0x0, 0x0,
    0x0, 0x0, 0xa, 0xf2, 0x0, 0x0, 0x80, 0x0,
    0x0, 0x0, 0x0, 0x0, 0xaf, 0x30, 0x0, 0x0,
    0x0, 0x0, 0x0, 0x0, 0x0, 0xa, 0xf3, 0x0,
    0x0, 0x0, 0x0, 0x0, 0x0, 0x0, 0x0, 0xaf,
    0x40, 0x0, 0x0, 0x0, 0x0,

    /* U+53EF "可" */
    0x77, 0x77, 0x77, 0x77, 0x77, 0x77, 0x77, 0x77,
    0x76, 0xee, 0xee, 0xee, 0xee, 0xee, 0xee, 0xef,
    0xfe, 0xec, 0x0, 0x0, 0x0, 0x0, 0x0, 0x0,
    0xe, 0xc0, 0x0, 0x0, 0x0, 0x0, 0x0, 0x0,
    0x0, 0xe, 0xc0, 0x0, 0x0, 0x5f, 0xff, 0xff,
    0xff, 0x20, 0xe, 0xc0, 0x0, 0x0, 0x5f, 0x76,
    0x66, 0xaf, 0x10, 0xe, 0xc0, 0x0, 0x0, 0x5f,
    0x20, 0x0, 0x7f, 0x10, 0xe, 0xc0, 0x0, 0x0,
    0x5f, 0x20, 0x0, 0x7f, 0x10, 0xe, 0xc0, 0x0,
    0x0, 0x5f, 0x20, 0x0, 0x7f, 0x10, 0xe, 0xc0,
    0x0, 0x0, 0x5f, 0x65, 0x55, 0xaf, 0x10, 0xe,
    0xc0, 0x0, 0x0, 0x5f, 0xff, 0xff, 0xff, 0x10,
    0xe, 0xc0, 0x0, 0x0, 0x5f, 0x20, 0x0, 0x7f,
    0x10, 0xe, 0xc0, 0x0, 0x0, 0x5f, 0x20, 0x0,
    0x36, 0x0, 0xe, 0xc0, 0x0, 0x0, 0x1, 0x0,
    0x0, 0x0, 0x0, 0xe, 0xc0, 0x0, 0x0, 0x0,
    0x0, 0x0, 0x0, 0x0, 0xf, 0xc0, 0x0, 0x0,
    0x0, 0x0, 0x0, 0x0, 0xac, 0xef, 0x90, 0x0,
    0x0, 0x0, 0x0, 0x0, 0x0, 0x8f, 0xd9, 0x10,
    0x0, 0x0, 0x0, 0x0, 0x0, 0x0, 0x0, 0x0,
    0x0, 0x0,

    /* U+540C "同" */
    0x6, 0x66, 0x66, 0x66, 0x66, 0x66, 0x66, 0x66,
    0x61, 0xf, 0xff, 0xff, 0xff, 0xff, 0xff, 0xff,
    0xff, 0xf2, 0xf, 0xa1, 0x11, 0x11, 0x11, 0x11,
    0x11, 0x18, 0xf1, 0xf, 0xa0, 0x0, 0x0, 0x0,
    0x0, 0x0, 0x7, 0xf1, 0xf, 0xa0, 0xef, 0xff,
    0xff, 0xff, 0xff, 0x27, 0xf1, 0xf, 0xa0, 0x77,
    0x77, 0x77, 0x77, 0x78, 0x17, 0xf1, 0xf, 0xa0,
    0x0, 0x0, 0x0, 0x0, 0x0, 0x7, 0xf1, 0xf,
    0xa0, 0x0, 0x0, 0x0, 0x0, 0x0, 0x7, 0xf1,
    0xf, 0xa0, 0x9, 0xff, 0xff, 0xff, 0xa0, 0x7,
    0xf1, 0xf, 0xa0, 0x8, 0xf4, 0x44, 0x4e, 0x90,
    0x7, 0xf1, 0xf, 0xa0, 0x8, 0xf0, 0x0, 0xd,
    0x90, 0x7, 0xf1, 0xf, 0xa0, 0x8, 0xf0, 0x0,
    0xd, 0x90, 0x7, 0xf1, 0xf, 0xa0, 0x9, 0xf6,
    0x66, 0x6e, 0x90, 0x7, 0xf1, 0xf, 0xa0, 0x9,
    0xff, 0xff, 0xff, 0xa0, 0x7, 0xf1, 0xf, 0xa0,
    0x0, 0x0, 0x0, 0x0, 0x0, 0x7, 0xf1, 0xf,
    0xa0, 0x0, 0x0, 0x0, 0x0, 0x0, 0x8, 0xf1,
    0xf, 0xa0, 0x0, 0x0, 0x0, 0x0, 0x7, 0xbf,
    0xf0, 0x2f, 0xa0, 0x0, 0x0, 0x0, 0x0, 0x5,
    0xfd, 0x70, 0x0, 0x0, 0x0, 0x0, 0x0, 0x0,
    0x0, 0x0, 0x0,

    /* U+540E "后" */
    0x0, 0x0, 0x0, 0x0, 0x0, 0x0, 0x13, 0x6a,
    0x50, 0x0, 0x0, 0x35, 0x67, 0x89, 0xbd, 0xff,
    0xff, 0xfd, 0x0, 0x0, 0xa, 0xfe, 0xdd, 0xca,
    0x97, 0x54, 0x20, 0x0, 0x0, 0x0, 0xae, 0x0,
    0x0, 0x0, 0x0, 0x0, 0x0, 0x0, 0x0, 0xa,
    0xe0, 0x0, 0x0, 0x0, 0x0, 0x0, 0x0, 0x0,
    0x0, 0xbf, 0x88, 0x88, 0x88, 0x88, 0x88, 0x88,
    0x96, 0x0, 0xb, 0xfe, 0xee, 0xee, 0xee, 0xee,
    0xee, 0xee, 0xa0, 0x0, 0xbd, 0x0, 0x0, 0x0,
    0x0, 0x0, 0x0, 0x0, 0x0, 0xd, 0xc0, 0x0,
    0x0, 0x0, 0x0, 0x0, 0x0, 0x0, 0x0, 0xeb,
    0x9, 0xff, 0xff, 0xff, 0xff, 0xff, 0x10, 0x0,
    0xf, 0x90, 0x9f, 0x66, 0x66, 0x66, 0x6a, 0xf0,
    0x0, 0x3, 0xf7, 0x9, 0xe0, 0x0, 0x0, 0x0,
    0x7f, 0x0, 0x0, 0x6f, 0x30, 0x9e, 0x0, 0x0,
    0x0, 0x7, 0xf0, 0x0, 0xa, 0xf0, 0x9, 0xe0,
    0x0, 0x0, 0x0, 0x7f, 0x0, 0x2, 0xfb, 0x0,
    0x9e, 0x22, 0x22, 0x22, 0x28, 0xf0, 0x0, 0xbf,
    0x50, 0x9, 0xff, 0xff, 0xff, 0xff, 0xff, 0x0,
    0x8, 0xd0, 0x0, 0x9e, 0x11, 0x11, 0x11, 0x17,
    0xf1, 0x0, 0x0, 0x0, 0x9, 0xe0, 0x0, 0x0,
    0x0, 0x7f, 0x20, 0x0, 0x0, 0x0, 0x12, 0x0,
    0x0, 0x0, 0x0, 0x0, 0x0,

    /* U+542F "启" */
    0x0, 0x0, 0x0, 0x0, 0x1, 0x70, 0x0, 0x0,
    0x0, 0x0, 0x0, 0x0, 0x0, 0xa, 0xf5, 0x0,
    0x0, 0x0, 0x0, 0x0, 0x0, 0x0, 0x1, 0xfd,
    0x0, 0x0, 0x0, 0x0, 0x2, 0xff, 0xff, 0xff,
    0xff, 0xff, 0xff, 0xe0, 0x0, 0x1, 0xf7, 0x44,
    0x44, 0x44, 0x44, 0x4c, 0xf0, 0x0, 0x1, 0xf3,
    0x0, 0x0, 0x0, 0x0, 0xb, 0xe0, 0x0, 0x1,
    0xf3, 0x0, 0x0, 0x0, 0x0, 0xb, 0xe0, 0x0,
    0x1, 0xf8, 0x66, 0x66, 0x66, 0x66, 0x6d, 0xf0,
    0x0, 0x3, 0xff, 0xff, 0xff, 0xff, 0xff, 0xff,
    0xe0, 0x0, 0x4, 0xf3, 0x0, 0x0, 0x0, 0x0,
    0x0, 0x0, 0x0, 0x6, 0xf1, 0x0, 0x0, 0x0,
    0x0, 0x0, 0x0, 0x0, 0x9, 0xf4, 0xff, 0xff,
    0xff, 0xff, 0xff, 0xf3, 0x0, 0xc, 0xd3, 0xf9,
    0x44, 0x44, 0x44, 0x4a, 0xf2, 0x0, 0x1f, 0x93,
    0xf7, 0x0, 0x0, 0x0, 0x7, 0xf2, 0x0, 0x5f,
    0x53, 0xf7, 0x0, 0x0, 0x0, 0x7, 0xf2, 0x0,
    0xce, 0x3, 0xf7, 0x0, 0x0, 0x0, 0x7, 0xf2,
    0x5, 0xf8, 0x3, 0xff, 0xff, 0xff, 0xff, 0xff,
    0xf2, 0xe, 0xf1, 0x4, 0xf9, 0x55, 0x55, 0x55,
    0x5a, 0xf2, 0x2, 0x60, 0x4, 0xe6, 0x0, 0x0,
    0x0, 0x7, 0xf3,

    /* U+5668 "器" */
    0x0, 0xee, 0xee, 0xee, 0x3, 0xee, 0xee, 0xee,
    0x40, 0x0, 0xf, 0x72, 0x26, 0xf0, 0x3f, 0x42,
    0x23, 0xf4, 0x0, 0x0, 0xf5, 0x0, 0x4f, 0x2,
    0xf2, 0x0, 0x1f, 0x30, 0x0, 0xf, 0x73, 0x37,
    0xf0, 0x3f, 0x53, 0x34, 0xf4, 0x0, 0x0, 0xee,
    0xee, 0xee, 0x3, 0xee, 0xee, 0xee, 0x40, 0x0,
    0x0, 0x0, 0x0, 0xd, 0x90, 0x8, 0x70, 0x0,
    0x0, 0x5, 0x54, 0x44, 0x46, 0xfb, 0x44, 0x9d,
    0x54, 0x53, 0x1, 0xee, 0xee, 0xee, 0xff, 0xff,
    0xee, 0xee, 0xee, 0x80, 0x0, 0x0, 0x0, 0x6f,
    0xa8, 0xf8, 0x0, 0x0, 0x0, 0x0, 0x0, 0x37,
    0xdf, 0x80, 0x6, 0xff, 0xb7, 0x54, 0x40, 0x9f,
    0xff, 0xe9, 0x20, 0x0, 0x2, 0x9e, 0xff, 0xfd,
    0x3, 0xaa, 0x73, 0x33, 0x30, 0x3, 0x33, 0x35,
    0x87, 0x40, 0x0, 0xff, 0xff, 0xff, 0x2, 0xff,
    0xff, 0xff, 0x40, 0x0, 0xf, 0x50, 0x4, 0xf0,
    0x2f, 0x20, 0x1, 0xf3, 0x0, 0x0, 0xf5, 0x0,
    0x4f, 0x1, 0xf2, 0x0, 0x1f, 0x30, 0x0, 0xf,
    0xff, 0xff, 0xf0, 0x1f, 0xff, 0xff, 0xf3, 0x0,
    0x0, 0xf6, 0x22, 0x6f, 0x2, 0xf4, 0x22, 0x3f,
    0x30, 0x0, 0xf, 0x50, 0x4, 0xf0, 0x2f, 0x20,
    0x1, 0xf4, 0x0, 0x0, 0x10, 0x0, 0x0, 0x0,
    0x0, 0x0, 0x1, 0x0, 0x0,

    /* U+5728 "在" */
    0x0, 0x0, 0x0, 0x0, 0x32, 0x0, 0x0, 0x0,
    0x0, 0x0, 0x0, 0x0, 0x0, 0xc, 0xf2, 0x0,
    0x0, 0x0, 0x0, 0x0, 0x0, 0x0, 0x0, 0xfc,
    0x0, 0x0, 0x0, 0x0, 0x0, 0x2, 0x22, 0x22,
    0x6f, 0x82, 0x22, 0x22, 0x22, 0x21, 0x0, 0xff,
    0xff, 0xff, 0xff, 0xff, 0xff, 0xff, 0xff, 0x90,
    0x4, 0x33, 0x34, 0xfb, 0x33, 0x33, 0x33, 0x33,
    0x32, 0x0, 0x0, 0x0, 0x8f, 0x30, 0x5, 0xa1,
    0x0, 0x0, 0x0, 0x0, 0x0, 0x2f, 0xa0, 0x0,
    0x7f, 0x20, 0x0, 0x0, 0x0, 0x0, 0xbf, 0xf1,
    0x0, 0x7, 0xf2, 0x0, 0x0, 0x0, 0x0, 0xd,
    0xf6, 0x11, 0x0, 0x7f, 0x20, 0x1, 0x0, 0x0,
    0xa, 0xfc, 0xa, 0xff, 0xff, 0xff, 0xff, 0xf8,
    0x0, 0xa, 0xff, 0xb0, 0x35, 0x54, 0x9f, 0x64,
    0x55, 0x20, 0x1d, 0xf9, 0xcb, 0x0, 0x0, 0x7,
    0xf2, 0x0, 0x0, 0x0, 0x87, 0xc, 0xb0, 0x0,
    0x0, 0x7f, 0x20, 0x0, 0x0, 0x0, 0x0, 0xcb,
    0x0, 0x0, 0x7, 0xf2, 0x0, 0x0, 0x0, 0x0,
    0xc, 0xb0, 0x0, 0x0, 0x7f, 0x20, 0x0, 0x0,
    0x0, 0x0, 0xcb, 0x36, 0x66, 0x6a, 0xf7, 0x66,
    0x66, 0x50, 0x0, 0xd, 0xb6, 0xee, 0xee, 0xee,
    0xee, 0xee, 0xeb, 0x0, 0x0, 0xdc, 0x0, 0x0,
    0x0, 0x0, 0x0, 0x0, 0x0,

    /* U+5931 "失" */
    0x0, 0x0, 0x0, 0x0, 0x10, 0x0, 0x0, 0x0,
    0x0, 0x0, 0x0, 0x0, 0x0, 0xfc, 0x0, 0x0,
    0x0, 0x0, 0x0, 0x7, 0x60, 0x0, 0xea, 0x0,
    0x0, 0x0, 0x0, 0x0, 0xd, 0xd0, 0x0, 0xea,
    0x0, 0x0, 0x0, 0x0, 0x0, 0x3f, 0x50, 0x0,
    0xe9, 0x0, 0x0, 0x0, 0x0, 0x0, 0xbf, 0xff,
    0xff, 0xff, 0xff, 0xff, 0xff, 0x0, 0x4, 0xf9,
    0x66, 0x66, 0xfc, 0x66, 0x66, 0x66, 0x0, 0xd,
    0xd0, 0x0, 0x0, 0xf8, 0x0, 0x0, 0x0, 0x0,
    0x5f, 0x40, 0x0, 0x0, 0xf8, 0x0, 0x0, 0x0,
    0x0, 0x1, 0x0, 0x0, 0x1, 0xf7, 0x0, 0x0,
    0x0, 0x0, 0xdf, 0xff, 0xff, 0xff, 0xff, 0xff,
    0xff, 0xff, 0xf2, 0x56, 0x66, 0x66, 0x6b, 0xff,
    0x86, 0x66, 0x66, 0x61, 0x0, 0x0, 0x0, 0xe,
    0xce, 0xb0, 0x0, 0x0, 0x0, 0x0, 0x0, 0x0,
    0x9f, 0x35, 0xf8, 0x0, 0x0, 0x0, 0x0, 0x0,
    0x8, 0xf7, 0x0, 0x8f, 0xa1, 0x0, 0x0, 0x0,
    0x1, 0xbf, 0x90, 0x0, 0x7, 0xff, 0x81, 0x0,
    0x1, 0x7f, 0xf7, 0x0, 0x0, 0x0, 0x3d, 0xff,
    0xb4, 0x8f, 0xfc, 0x30, 0x0, 0x0, 0x0, 0x0,
    0x6e, 0xf2, 0x2c, 0x50, 0x0, 0x0, 0x0, 0x0,
    0x0, 0x0, 0x30,

    /* U+5B50 "子" */
    0x0, 0x0, 0x0, 0x0, 0x0, 0x0, 0x0, 0x0,
    0x0, 0x0, 0xef, 0xff, 0xff, 0xff, 0xff, 0xff,
    0xfd, 0x0, 0x0, 0x44, 0x44, 0x44, 0x44, 0x44,
    0xbf, 0xf7, 0x0, 0x0, 0x0, 0x0, 0x0, 0x0,
    0x3d, 0xf8, 0x10, 0x0, 0x0, 0x0, 0x0, 0x0,
    0x2a, 0xfb, 0x20, 0x0, 0x0, 0x0, 0x0, 0x0,
    0x0, 0xee, 0x50, 0x0, 0x0, 0x0, 0x0, 0x0,
    0x0, 0x0, 0xdb, 0x0, 0x0, 0x0, 0x0, 0x22,
    0x22, 0x22, 0x22, 0xdc, 0x22, 0x22, 0x22, 0x23,
    0xef, 0xff, 0xff, 0xff, 0xff, 0xff, 0xff, 0xff,
    0xff, 0x22, 0x22, 0x22, 0x22, 0xdc, 0x22, 0x22,
    0x21, 0x11, 0x0, 0x0, 0x0, 0x0, 0xdb, 0x0,
    0x0, 0x0, 0x0, 0x0, 0x0, 0x0, 0x0, 0xdb,
    0x0, 0x0, 0x0, 0x0, 0x0, 0x0, 0x0, 0x0,
    0xdb, 0x0, 0x0, 0x0, 0x0, 0x0, 0x0, 0x0,
    0x0, 0xdb, 0x0, 0x0, 0x0, 0x0, 0x0, 0x0,
    0x0, 0x0, 0xdb, 0x0, 0x0, 0x0, 0x0, 0x0,
    0x0, 0x0, 0x2, 0xfb, 0x0, 0x0, 0x0, 0x0,
    0x0, 0x0, 0x4, 0xff, 0xf8, 0x0, 0x0, 0x0,
    0x0, 0x0, 0x0, 0x0, 0xa8, 0x50, 0x0, 0x0,
    0x0, 0x0,

    /* U+5B57 "字" */
    0x0, 0x0, 0x0, 0x0, 0x20, 0x0, 0x0, 0x0,
    0x0, 0x0, 0x0, 0x0, 0xc, 0xe1, 0x0, 0x0,
    0x0, 0x0, 0x0, 0x0, 0x0, 0x3, 0xfb, 0x0,
    0x0, 0x0, 0x0, 0xe, 0xff, 0xff, 0xff, 0xff,
    0xff, 0xff, 0xff, 0xf2, 0xe, 0xb4, 0x44, 0x44,
    0x44, 0x44, 0x44, 0x49, 0xf1, 0xf, 0x90, 0x0,
    0x0, 0x0, 0x0, 0x0, 0x6, 0xf1, 0x7, 0x43,
    0x55, 0x55, 0x55, 0x55, 0x55, 0x22, 0x61, 0x0,
    0x8, 0xff, 0xff, 0xff, 0xff, 0xff, 0x80, 0x0,
    0x0, 0x0, 0x0, 0x0, 0x0, 0x1b, 0xfa, 0x10,
    0x0, 0x0, 0x0, 0x0, 0x0, 0x6, 0xed, 0x40,
    0x0, 0x0, 0x0, 0x0, 0x0, 0x0, 0xaf, 0x90,
    0x0, 0x0, 0x0, 0x36, 0x66, 0x66, 0x66, 0xcf,
    0x66, 0x66, 0x66, 0x66, 0x7f, 0xff, 0xff, 0xff,
    0xff, 0xff, 0xff, 0xff, 0xfe, 0x0, 0x0, 0x0,
    0x0, 0x9f, 0x10, 0x0, 0x0, 0x1, 0x0, 0x0,
    0x0, 0x0, 0x9f, 0x10, 0x0, 0x0, 0x0, 0x0,
    0x0, 0x0, 0x0, 0x9f, 0x10, 0x0, 0x0, 0x0,
    0x0, 0x0, 0x0, 0x0, 0x9f, 0x0, 0x0, 0x0,
    0x0, 0x0, 0x0, 0x1, 0xba, 0xff, 0x0, 0x0,
    0x0, 0x0, 0x0, 0x0, 0x0, 0xdf, 0xd6, 0x0,
    0x0, 0x0, 0x0, 0x0, 0x0, 0x0, 0x0, 0x0,
    0x0, 0x0, 0x0, 0x0,

    /* U+5B58 "存" */
    0x0, 0x0, 0x0, 0x0, 0x10, 0x0, 0x0, 0x0,
    0x0, 0x0, 0x0, 0x0, 0x0, 0xc, 0xe2, 0x0,
    0x0, 0x0, 0x0, 0x0, 0x0, 0x0, 0x1, 0xfa,
    0x0, 0x0, 0x0, 0x0, 0x0, 0x7, 0x77, 0x77,
    0xaf, 0x97, 0x77, 0x77, 0x77, 0x80, 0x0, 0xde,
    0xee, 0xef, 0xfe, 0xee, 0xee, 0xee, 0xee, 0x10,
    0x0, 0x0, 0x5, 0xf3, 0x0, 0x0, 0x0, 0x0,
    0x0, 0x0, 0x0, 0x1, 0xe9, 0x0, 0x0, 0x0,
    0x0, 0x0, 0x0, 0x0, 0x5, 0xbd, 0xa, 0xff,
    0xff, 0xff, 0xff, 0x80, 0x0, 0x0, 0xaf, 0x30,
    0x46, 0x66, 0x66, 0x9f, 0xf6, 0x0, 0x0, 0x7f,
    0xd0, 0x0, 0x0, 0x0, 0x5f, 0xc3, 0x0, 0x0,
    0x8f, 0xed, 0x0, 0x0, 0x0, 0x9f, 0x80, 0x0,
    0x0, 0xaf, 0x89, 0xd0, 0x33, 0x22, 0x2a, 0xf2,
    0x22, 0x33, 0x2, 0x70, 0x9d, 0xf, 0xff, 0xff,
    0xff, 0xff, 0xff, 0xe0, 0x0, 0x9, 0xd0, 0x33,
    0x22, 0x29, 0xf2, 0x22, 0x33, 0x0, 0x0, 0x9d,
    0x0, 0x0, 0x0, 0x8f, 0x0, 0x0, 0x0, 0x0,
    0x9, 0xd0, 0x0, 0x0, 0x8, 0xf0, 0x0, 0x0,
    0x0, 0x0, 0x9d, 0x0, 0x0, 0x0, 0x8f, 0x0,
    0x0, 0x0, 0x0, 0x9, 0xe0, 0x0, 0x6, 0xbf,
    0xe0, 0x0, 0x0, 0x0, 0x0, 0x9e, 0x0, 0x0,
    0x4e, 0xb4, 0x0, 0x0, 0x0,

    /* U+5B8C "完" */
    0x0, 0x0, 0x0, 0x0, 0x3, 0x0, 0x0, 0x0,
    0x0, 0x0, 0x0, 0x0, 0x0, 0xa, 0xf3, 0x0,
    0x0, 0x0, 0x0, 0x0, 0x11, 0x11, 0x11, 0x3f,
    0xd1, 0x11, 0x11, 0x11, 0x0, 0x9f, 0xff, 0xff,
    0xff, 0xff, 0xff, 0xff, 0xff, 0xf3, 0x8, 0xf6,
    0x44, 0x44, 0x44, 0x44, 0x44, 0x44, 0x9f, 0x10,
    0x9f, 0x30, 0x0, 0x0, 0x0, 0x0, 0x0, 0x7,
    0xf2, 0x6, 0xb2, 0x59, 0x88, 0x88, 0x88, 0x89,
    0x80, 0x5b, 0x20, 0x0, 0x8, 0xee, 0xee, 0xee,
    0xee, 0xed, 0x0, 0x0, 0x0, 0x0, 0x0, 0x0,
    0x0, 0x0, 0x0, 0x0, 0x0, 0x0, 0x10, 0x0,
    0x0, 0x0, 0x0, 0x0, 0x0, 0x0, 0x11, 0xe,
    0xff, 0xff, 0xff, 0xff, 0xff, 0xff, 0xff, 0xff,
    0xd0, 0x55, 0x44, 0x4b, 0xf6, 0x44, 0xfb, 0x44,
    0x45, 0x54, 0x0, 0x0, 0x0, 0xbf, 0x0, 0xf,
    0xa0, 0x0, 0x0, 0x0, 0x0, 0x0, 0xe, 0xe0,
    0x0, 0xfa, 0x0, 0x0, 0x0, 0x0, 0x0, 0x2,
    0xf9, 0x0, 0xf, 0xa0, 0x0, 0x0, 0x0, 0x0,
    0x0, 0xbf, 0x30, 0x0, 0xfa, 0x0, 0x3, 0x50,
    0x0, 0x0, 0xaf, 0x90, 0x0, 0xf, 0xa0, 0x0,
    0x7f, 0xb0, 0x5, 0xdf, 0xb0, 0x0, 0x0, 0xfe,
    0x66, 0x7e, 0xf5, 0xd, 0xff, 0x70, 0x0, 0x0,
    0x8, 0xff, 0xff, 0xf7, 0x0, 0x39, 0x20, 0x0,
    0x0, 0x0, 0x0, 0x0, 0x0, 0x0,

    /* U+5BF9 "对" */
    0x0, 0x0, 0x0, 0x0, 0x0, 0x0, 0x0, 0xe,
    0xa0, 0x0, 0x0, 0x0, 0x0, 0x0, 0x0, 0x0,
    0x0, 0xf, 0xa0, 0x0, 0x0, 0x21, 0x11, 0x11,
    0x10, 0x0, 0x0, 0xe, 0xa0, 0x0, 0x5, 0xff,
    0xff, 0xff, 0xb0, 0x0, 0x0, 0xe, 0xa0, 0x0,
    0x1, 0x32, 0x22, 0x2e, 0x85, 0x66, 0x66, 0x6f,
    0xc6, 0x61, 0x0, 0x0, 0x0, 0x1f, 0x5d, 0xee,
    0xee, 0xef, 0xfe, 0xe3, 0x0, 0xa4, 0x0, 0x4f,
    0x20, 0x0, 0x0, 0xe, 0xa0, 0x0, 0x0, 0xcf,
    0x30, 0x8e, 0x0, 0x20, 0x0, 0xe, 0xa0, 0x0,
    0x0, 0x1c, 0xe2, 0xd9, 0x3, 0xf4, 0x0, 0xe,
    0xa0, 0x0, 0x0, 0x1, 0xee, 0xf4, 0x0, 0xdc,
    0x0, 0xe, 0xa0, 0x0, 0x0, 0x0, 0x2f, 0xf0,
    0x0, 0x5f, 0x50, 0xe, 0xa0, 0x0, 0x0, 0x0,
    0x4f, 0xf7, 0x0, 0xe, 0xc0, 0xe, 0xa0, 0x0,
    0x0, 0x0, 0xdc, 0x9f, 0x30, 0x6, 0x30, 0xe,
    0xa0, 0x0, 0x0, 0x9, 0xf3, 0xe, 0xd0, 0x0,
    0x0, 0xe, 0xa0, 0x0, 0x0, 0x7f, 0x60, 0x4,
    0xf8, 0x0, 0x0, 0xe, 0xa0, 0x0, 0x8, 0xf8,
    0x0, 0x0, 0x82, 0x0, 0x0, 0xf, 0xa0, 0x0,
    0x1c, 0x90, 0x0, 0x0, 0x0, 0x0, 0x29, 0xcf,
    0x80, 0x0, 0x0, 0x0, 0x0, 0x0, 0x0, 0x0,
    0xf, 0xe9, 0x10, 0x0, 0x0, 0x0, 0x0, 0x0,
    0x0, 0x0, 0x0, 0x0, 0x0, 0x0,

    /* U+5C3E "尾" */
    0x0, 0x16, 0x66, 0x66, 0x66, 0x66, 0x66, 0x66,
    0x60, 0x0, 0x4, 0xfe, 0xdd, 0xdd, 0xdd, 0xdd,
    0xdd, 0xef, 0x10, 0x0, 0x3f, 0x50, 0x0, 0x0,
    0x0, 0x0, 0x6, 0xf1, 0x0, 0x3, 0xf8, 0x55,
    0x55, 0x55, 0x55, 0x55, 0x9f, 0x10, 0x0, 0x3f,
    0xff, 0xff, 0xff, 0xff, 0xff, 0xff, 0xf1, 0x0,
    0x3, 0xf5, 0x0, 0x0, 0x0, 0x0, 0x1, 0x20,
    0x0, 0x0, 0x3f, 0x50, 0x12, 0x35, 0x79, 0xbe,
    0xfd, 0x0, 0x0, 0x3, 0xf5, 0xcf, 0xff, 0xff,
    0xea, 0x86, 0x51, 0x0, 0x0, 0x4f, 0x43, 0x42,
    0x10, 0xe9, 0x0, 0x0, 0x0, 0x0, 0x5, 0xf4,
    0x2, 0x34, 0x5f, 0xc9, 0xac, 0xec, 0x0, 0x0,
    0x6f, 0x37, 0xff, 0xff, 0xfe, 0xba, 0x87, 0x50,
    0x0, 0x7, 0xf2, 0x13, 0x20, 0xe, 0x90, 0x0,
    0x0, 0x10, 0x0, 0x9f, 0x0, 0x12, 0x35, 0xfd,
    0xab, 0xde, 0xfb, 0x0, 0xb, 0xd4, 0xff, 0xff,
    0xff, 0xeb, 0x98, 0x65, 0x30, 0x0, 0xea, 0x29,
    0x75, 0x31, 0xe9, 0x0, 0x0, 0x1, 0x0, 0x3f,
    0x70, 0x0, 0x0, 0xe, 0x90, 0x0, 0x0, 0xda,
    0x9, 0xf2, 0x0, 0x0, 0x0, 0xed, 0x44, 0x44,
    0x7f, 0x90, 0xdd, 0x0, 0x0, 0x0, 0x6, 0xff,
    0xff, 0xff, 0xb1, 0x0, 0x40, 0x0, 0x0, 0x0,
    0x0, 0x0, 0x0, 0x0, 0x0,

    /* U+5C4F "屏" */
    0x0, 0xd, 0xee, 0xee, 0xee, 0xee, 0xee, 0xee,
    0xe3, 0x0, 0x0, 0xea, 0x44, 0x44, 0x44, 0x44,
    0x44, 0x5f, 0x30, 0x0, 0xe, 0x80, 0x0, 0x0,
    0x0, 0x0, 0x2, 0xf3, 0x0, 0x0, 0xea, 0x33,
    0x33, 0x33, 0x33, 0x33, 0x5f, 0x30, 0x0, 0xe,
    0xff, 0xff, 0xff, 0xff, 0xff, 0xff, 0xf3, 0x0,
    0x0, 0xe8, 0x0, 0x7, 0x10, 0x0, 0x8, 0x10,
    0x0, 0x0, 0xe, 0x80, 0x2, 0xdb, 0x0, 0x5,
    0xf4, 0x0, 0x0, 0x0, 0xf7, 0x12, 0x24, 0xc3,
    0x22, 0xcb, 0x22, 0x20, 0x0, 0xf, 0x77, 0xff,
    0xff, 0xff, 0xff, 0xff, 0xff, 0x0, 0x1, 0xf6,
    0x12, 0x26, 0xf2, 0x22, 0x8e, 0x22, 0x20, 0x0,
    0x3f, 0x40, 0x0, 0x5f, 0x0, 0x7, 0xe0, 0x0,
    0x0, 0x5, 0xf3, 0x55, 0x58, 0xf5, 0x55, 0xaf,
    0x55, 0x54, 0x0, 0x9f, 0x1d, 0xdd, 0xef, 0xdd,
    0xde, 0xfd, 0xdd, 0xa0, 0xe, 0xd0, 0x0, 0x8,
    0xe0, 0x0, 0x7e, 0x0, 0x0, 0x4, 0xf8, 0x0,
    0x0, 0xda, 0x0, 0x7, 0xe0, 0x0, 0x0, 0xcf,
    0x20, 0x0, 0x8f, 0x40, 0x0, 0x7e, 0x0, 0x0,
    0xa, 0xb0, 0x0, 0x9f, 0x90, 0x0, 0x8, 0xf0,
    0x0, 0x0, 0x0, 0x0, 0x4e, 0xa0, 0x0, 0x0,
    0x8f, 0x0, 0x0, 0x0, 0x0, 0x0, 0x10, 0x0,
    0x0, 0x0, 0x0, 0x0, 0x0,

    /* U+5DF2 "已" */
    0x0, 0x0, 0x0, 0x0, 0x0, 0x0, 0x0, 0x0,
    0xc, 0xff, 0xff, 0xff, 0xff, 0xff, 0xff, 0xfa,
    0x0, 0x67, 0x77, 0x77, 0x77, 0x77, 0x77, 0x7f,
    0xa0, 0x0, 0x0, 0x0, 0x0, 0x0, 0x0, 0x0,
    0xf9, 0x0, 0x0, 0x0, 0x0, 0x0, 0x0, 0x0,
    0xf, 0x90, 0x0, 0x97, 0x0, 0x0, 0x0, 0x0,
    0x0, 0xf9, 0x0, 0xf, 0xc0, 0x0, 0x0, 0x0,
    0x0, 0xf, 0x90, 0x0, 0xfd, 0x66, 0x66, 0x66,
    0x66, 0x66, 0xf9, 0x0, 0xf, 0xff, 0xff, 0xff,
    0xff, 0xff, 0xff, 0xa0, 0x0, 0xfa, 0x0, 0x0,
    0x0, 0x0, 0x0, 0xe9, 0x0, 0xf, 0xa0, 0x0,
    0x0, 0x0, 0x0, 0x0, 0x0, 0x0, 0xfa, 0x0,
    0x0, 0x0, 0x0, 0x0, 0x0, 0x0, 0xf, 0xa0,
    0x0, 0x0, 0x0, 0x0, 0x0, 0x0, 0x0, 0xfa,
    0x0, 0x0, 0x0, 0x0, 0x0, 0x2, 0xb3, 0xf,
    0xa0, 0x0, 0x0, 0x0, 0x0, 0x0, 0x4f, 0xb0,
    0xfd, 0x0, 0x0, 0x0, 0x0, 0x0, 0x9, 0xf7,
    0xd, 0xfc, 0x99, 0x99, 0x99, 0x99, 0x9b, 0xff,
    0x10, 0x3c, 0xee, 0xee, 0xee, 0xee, 0xee, 0xed,
    0x50,

    /* U+5E55 "幕" */
    0x0, 0x0, 0x0, 0x34, 0x0, 0x1, 0x51, 0x0,
    0x0, 0x0, 0x0, 0x0, 0x0, 0xad, 0x0, 0x3,
    0xf3, 0x0, 0x0, 0x0, 0x2, 0xed, 0xdd, 0xef,
    0xdd, 0xdd, 0xfd, 0xdd, 0xdc, 0x0, 0x0, 0x43,
    0x33, 0xad, 0x33, 0x35, 0xf5, 0x33, 0x33, 0x0,
    0x0, 0x0, 0x22, 0xad, 0x22, 0x24, 0xf4, 0x21,
    0x0, 0x0, 0x0, 0x2, 0xfe, 0xdd, 0xdd, 0xdd,
    0xdd, 0xfc, 0x0, 0x0, 0x0, 0x1, 0xf7, 0x11,
    0x11, 0x11, 0x11, 0xcb, 0x0, 0x0, 0x0, 0x1,
    0xfe, 0xdd, 0xdd, 0xdd, 0xdd, 0xfb, 0x0, 0x0,
    0x0, 0x1, 0xf7, 0x22, 0x22, 0x22, 0x22, 0xcb,
    0x0, 0x0, 0x0, 0x1, 0xcc, 0xcd, 0xfe, 0xcc,
    0xcc, 0xc9, 0x0, 0x0, 0x4, 0x44, 0x44, 0x4b,
    0xf5, 0x44, 0x44, 0x44, 0x45, 0x10, 0xb, 0xcc,
    0xcc, 0xff, 0xcc, 0xcc, 0xfe, 0xcc, 0xcc, 0x20,
    0x0, 0x0, 0x5c, 0xd3, 0x9, 0x90, 0x5e, 0xa3,
    0x0, 0x0, 0x28, 0xbf, 0xef, 0xdd, 0xdf, 0xfd,
    0xdd, 0xff, 0xfc, 0x90, 0xb, 0xa3, 0x5f, 0x42,
    0x2b, 0xb2, 0x22, 0xe9, 0x59, 0x50, 0x0, 0x0,
    0x5f, 0x20, 0xb, 0xb0, 0x0, 0xd8, 0x0, 0x0,
    0x0, 0x0, 0x5f, 0x20, 0xb, 0xb0, 0x27, 0xf7,
    0x0, 0x0, 0x0, 0x0, 0x3a, 0x10, 0xb, 0xb0,
    0x3f, 0xd2, 0x0, 0x0, 0x0, 0x0, 0x0, 0x0,
    0xc, 0xc0, 0x1, 0x0, 0x0, 0x0,

    /* U+5EA6 "度" */
    0x0, 0x0, 0x0, 0x0, 0x0, 0x40, 0x0, 0x0,
    0x0, 0x0, 0x0, 0x0, 0x0, 0x0, 0x8, 0xf4,
    0x0, 0x0, 0x0, 0x0, 0x0, 0x2, 0x22, 0x22,
    0x24, 0xfb, 0x22, 0x22, 0x22, 0x0, 0x0, 0x3f,
    0xff, 0xff, 0xff, 0xff, 0xff, 0xff, 0xfd, 0x0,
    0x0, 0x3f, 0x51, 0x13, 0x52, 0x11, 0x15, 0x61,
    0x22, 0x0, 0x0, 0x3f, 0x40, 0x4, 0xf3, 0x0,
    0x9, 0xf0, 0x0, 0x0, 0x0, 0x3f, 0x45, 0x57,
    0xf7, 0x44, 0x4b, 0xf4, 0x55, 0x0, 0x0, 0x3f,
    0x4e, 0xee, 0xfe, 0xee, 0xef, 0xfe, 0xed, 0x0,
    0x0, 0x3f, 0x40, 0x4, 0xf3, 0x0, 0x9, 0xe0,
    0x0, 0x0, 0x0, 0x4f, 0x30, 0x4, 0xf7, 0x55,
    0x5b, 0xe0, 0x0, 0x0, 0x0, 0x4f, 0x20, 0x4,
    0xee, 0xee, 0xee, 0xe0, 0x0, 0x0, 0x0, 0x5f,
    0x11, 0x32, 0x22, 0x22, 0x22, 0x22, 0x0, 0x0,
    0x0, 0x7f, 0x8, 0xff, 0xff, 0xff, 0xff, 0xfd,
    0x0, 0x0, 0x0, 0x9d, 0x0, 0x3, 0xf5, 0x0,
    0x9, 0xf3, 0x0, 0x0, 0x0, 0xda, 0x0, 0x0,
    0x8f, 0x30, 0x5f, 0x60, 0x0, 0x0, 0x2, 0xf6,
    0x0, 0x0, 0xb, 0xf9, 0xf7, 0x0, 0x0, 0x0,
    0x8, 0xf2, 0x0, 0x0, 0x6, 0xff, 0xe4, 0x0,
    0x0, 0x0, 0xf, 0xb0, 0x45, 0x8b, 0xff, 0xa6,
    0xcf, 0xfd, 0xb9, 0x70, 0x4, 0x30, 0x9f, 0xc9,
    0x50, 0x0, 0x1, 0x59, 0xce, 0x60, 0x0, 0x0,
    0x0, 0x0, 0x0, 0x0, 0x0, 0x0, 0x0, 0x0,

    /* U+5EFA "建" */
    0x0, 0x0, 0x0, 0x0, 0x0, 0x3, 0x60, 0x0,
    0x0, 0x0, 0x0, 0x0, 0x0, 0x0, 0x0, 0x8,
    0xf0, 0x0, 0x0, 0x0, 0x1, 0x55, 0x44, 0x20,
    0x99, 0x8c, 0xf8, 0x88, 0x81, 0x0, 0x3, 0xee,
    0xef, 0x30, 0xba, 0xad, 0xfa, 0xac, 0xf1, 0x0,
    0x0, 0x0, 0x9c, 0x1, 0x0, 0x8, 0xe0, 0x5,
    0xf1, 0x10, 0x0, 0x0, 0xf5, 0xf, 0xff, 0xff,
    0xff, 0xff, 0xff, 0xf0, 0x0, 0x7, 0xe0, 0x3,
    0x22, 0x28, 0xe2, 0x26, 0xf3, 0x30, 0x0, 0x1e,
    0x70, 0x0, 0x43, 0x39, 0xf3, 0x37, 0xf1, 0x0,
    0x0, 0xdf, 0xcc, 0x80, 0xef, 0xff, 0xff, 0xff,
    0xf1, 0x0, 0x0, 0x77, 0x6f, 0x90, 0x0, 0x7,
    0xe0, 0x0, 0x0, 0x0, 0x0, 0x40, 0x1f, 0x64,
    0xee, 0xde, 0xfd, 0xde, 0xe0, 0x0, 0x3, 0xf4,
    0x4f, 0x31, 0x55, 0x5a, 0xf5, 0x55, 0x50, 0x0,
    0x0, 0xcc, 0x8f, 0x0, 0x0, 0x7, 0xe0, 0x0,
    0x0, 0x0, 0x0, 0x4f, 0xea, 0xd, 0xff, 0xff,
    0xff, 0xff, 0xff, 0x0, 0x0, 0xa, 0xf6, 0x4,
    0x54, 0x4a, 0xf4, 0x44, 0x55, 0x0, 0x0, 0xe,
    0xff, 0x40, 0x0, 0x8, 0xf0, 0x0, 0x0, 0x0,
    0x0, 0x9f, 0x29, 0xfa, 0x40, 0x4, 0x80, 0x0,
    0x0, 0x0, 0x7, 0xf7, 0x0, 0x5e, 0xff, 0xb9,
    0x87, 0x77, 0x9b, 0xd0, 0xa, 0xb0, 0x0, 0x0,
    0x48, 0xbd, 0xff, 0xff, 0xff, 0xb0, 0x0, 0x0,
    0x0, 0x0, 0x0, 0x0, 0x0, 0x0, 0x0, 0x0,

    /* U+5F00 "开" */
    0x1, 0x55, 0x55, 0x55, 0x55, 0x55, 0x55, 0x55,
    0x50, 0x4, 0xff, 0xff, 0xff, 0xff, 0xff, 0xff,
    0xff, 0xe0, 0x0, 0x21, 0x11, 0xeb, 0x11, 0x19,
    0xf2, 0x12, 0x20, 0x0, 0x0, 0x0, 0xeb, 0x0,
    0x9, 0xf1, 0x0, 0x0, 0x0, 0x0, 0x0, 0xeb,
    0x0, 0x9, 0xf1, 0x0, 0x0, 0x0, 0x0, 0x0,
    0xeb, 0x0, 0x9, 0xf1, 0x0, 0x0, 0x0, 0x0,
    0x0, 0xeb, 0x0, 0x9, 0xf1, 0x0, 0x0, 0x22,
    0x22, 0x22, 0xec, 0x22, 0x29, 0xf3, 0x22, 0x22,
    0xbf, 0xff, 0xff, 0xff, 0xff, 0xff, 0xff, 0xff,
    0xfe, 0x45, 0x43, 0x34, 0xfb, 0x33, 0x3a, 0xf4,
    0x34, 0x45, 0x0, 0x0, 0x3, 0xf6, 0x0, 0x9,
    0xf1, 0x0, 0x0, 0x0, 0x0, 0x8, 0xf3, 0x0,
    0x9, 0xf1, 0x0, 0x0, 0x0, 0x0, 0xe, 0xe0,
    0x0, 0x9, 0xf1, 0x0, 0x0, 0x0, 0x0, 0x8f,
    0x80, 0x0, 0x9, 0xf1, 0x0, 0x0, 0x0, 0x4,
    0xfe, 0x0, 0x0, 0x9, 0xf1, 0x0, 0x0, 0x0,
    0x5f, 0xf4, 0x0, 0x0, 0x9, 0xf1, 0x0, 0x0,
    0xb, 0xff, 0x50, 0x0, 0x0, 0x9, 0xf1, 0x0,
    0x0, 0x2, 0xc4, 0x0, 0x0, 0x0, 0xa, 0xf2,
    0x0, 0x0,

    /* U+5F55 "录" */
    0x0, 0x4, 0x33, 0x22, 0x22, 0x22, 0x22, 0x22,
    0x0, 0x0, 0x0, 0xef, 0xff, 0xff, 0xff, 0xff,
    0xff, 0xf2, 0x0, 0x0, 0x2, 0x21, 0x11, 0x11,
    0x11, 0x11, 0x8f, 0x10, 0x0, 0x0, 0x3, 0x33,
    0x33, 0x33, 0x33, 0x3a, 0xf0, 0x0, 0x0, 0x2,
    0xff, 0xff, 0xff, 0xff, 0xff, 0xfe, 0x0, 0x0,
    0x0, 0x2, 0x22, 0x22, 0x22, 0x22, 0x2c, 0xc0,
    0x0, 0x2, 0x22, 0x22, 0x22, 0x22, 0x22, 0x22,
    0xdc, 0x22, 0x30, 0xef, 0xff, 0xff, 0xff, 0xff,
    0xff, 0xff, 0xff, 0xfe, 0x2, 0x22, 0x11, 0x11,
    0x1b, 0xf1, 0x11, 0x11, 0x12, 0x20, 0x0, 0xb8,
    0x0, 0x0, 0xbf, 0x0, 0x1, 0xb3, 0x0, 0x0,
    0x7, 0xfb, 0x10, 0xb, 0xf7, 0x2, 0xdf, 0x90,
    0x0, 0x0, 0x4, 0xf8, 0x3, 0xbf, 0xf9, 0xfc,
    0x30, 0x0, 0x0, 0x0, 0x3, 0x4c, 0xeb, 0xf9,
    0xfb, 0x0, 0x0, 0x0, 0x0, 0x4, 0xcf, 0xb2,
    0xbf, 0xa, 0xf7, 0x0, 0x0, 0x2, 0x7d, 0xfc,
    0x30, 0xb, 0xf0, 0x8, 0xfc, 0x50, 0x0, 0xbf,
    0xd4, 0x0, 0x0, 0xcf, 0x0, 0x4, 0xef, 0xf9,
    0x1, 0x60, 0x0, 0x7, 0xcf, 0xd0, 0x0, 0x0,
    0x7e, 0x30, 0x0, 0x0, 0x0, 0x5e, 0xa3, 0x0,
    0x0, 0x0, 0x0, 0x0, 0x0, 0x0, 0x0, 0x0,
    0x0, 0x0, 0x0, 0x0, 0x0,

    /* U+5F85 "待" */
    0x0, 0x0, 0x1, 0x0, 0x0, 0x1, 0x51, 0x0,
    0x0, 0x0, 0x0, 0x0, 0xe, 0xb0, 0x0, 0x4,
    0xf4, 0x0, 0x0, 0x0, 0x0, 0x0, 0x9f, 0x50,
    0x0, 0x4, 0xf3, 0x0, 0x0, 0x0, 0x0, 0x6,
    0xf7, 0x0, 0x66, 0x58, 0xf8, 0x56, 0x72, 0x0,
    0x0, 0x5f, 0xa0, 0x1, 0xff, 0xee, 0xfe, 0xee,
    0xe5, 0x0, 0x5, 0xfc, 0x2, 0x60, 0x0, 0x4,
    0xf3, 0x0, 0x0, 0x0, 0x2, 0xb0, 0xb, 0xf3,
    0x0, 0x4, 0xf3, 0x0, 0x0, 0x0, 0x0, 0x0,
    0x6f, 0x76, 0x66, 0x68, 0xf8, 0x66, 0x66, 0x60,
    0x0, 0x2, 0xfc, 0xd, 0xfe, 0xee, 0xee, 0xef,
    0xee, 0xf1, 0x0, 0x1d, 0xf7, 0x0, 0x0, 0x0,
    0x0, 0x7f, 0x0, 0x0, 0x1, 0xce, 0xf7, 0x2,
    0x11, 0x11, 0x11, 0x8f, 0x21, 0x20, 0xc, 0xf3,
    0xf7, 0xf, 0xff, 0xff, 0xff, 0xff, 0xff, 0xd0,
    0x6, 0x40, 0xf7, 0x4, 0x45, 0x33, 0x33, 0x9f,
    0x44, 0x30, 0x0, 0x0, 0xf7, 0x0, 0x3e, 0x60,
    0x0, 0x7f, 0x0, 0x0, 0x0, 0x0, 0xf7, 0x0,
    0x1e, 0xf2, 0x0, 0x7f, 0x0, 0x0, 0x0, 0x0,
    0xf7, 0x0, 0x4, 0xf8, 0x0, 0x7f, 0x0, 0x0,
    0x0, 0x0, 0xf7, 0x0, 0x0, 0x30, 0x1, 0xaf,
    0x0, 0x0, 0x0, 0x0, 0xf8, 0x0, 0x0, 0x0,
    0x8f, 0xfd, 0x0, 0x0, 0x0, 0x1, 0xf8, 0x0,
    0x0, 0x0, 0x2b, 0x71, 0x0, 0x0,

    /* U+6210 "成" */
    0x0, 0x0, 0x0, 0x0, 0x0, 0x3, 0x10, 0x10,
    0x0, 0x0, 0x0, 0x0, 0x0, 0x0, 0x0, 0x1f,
    0x90, 0xcc, 0x10, 0x0, 0x0, 0x0, 0x0, 0x0,
    0x0, 0x1f, 0x80, 0x5f, 0xd1, 0x0, 0x0, 0x0,
    0x0, 0x0, 0x0, 0xf, 0x80, 0x5, 0xf4, 0x0,
    0x0, 0x17, 0x77, 0x77, 0x77, 0x7f, 0xc7, 0x77,
    0x98, 0x30, 0x0, 0x2f, 0xee, 0xee, 0xee, 0xef,
    0xfe, 0xee, 0xee, 0x60, 0x0, 0x2f, 0x60, 0x0,
    0x0, 0xc, 0xb0, 0x0, 0x0, 0x0, 0x0, 0x2f,
    0x60, 0x0, 0x0, 0xb, 0xc0, 0x2, 0x91, 0x0,
    0x0, 0x2f, 0xa7, 0x77, 0x72, 0x9, 0xe0, 0x8,
    0xf8, 0x0, 0x0, 0x2f, 0xff, 0xff, 0xf4, 0x7,
    0xf0, 0xd, 0xe0, 0x0, 0x0, 0x2f, 0x50, 0x5,
    0xf2, 0x4, 0xf4, 0x5f, 0x60, 0x0, 0x0, 0x3f,
    0x50, 0x6, 0xf1, 0x1, 0xf8, 0xdd, 0x0, 0x0,
    0x0, 0x5f, 0x40, 0x7, 0xf0, 0x0, 0xdf, 0xf4,
    0x0, 0x0, 0x0, 0x7f, 0x20, 0x8, 0xe0, 0x0,
    0x8f, 0xa0, 0x0, 0x0, 0x0, 0xbf, 0x0, 0xb,
    0xd0, 0x2, 0xff, 0xa0, 0x4, 0x40, 0x0, 0xfc,
    0xb, 0xef, 0xa0, 0x4f, 0xe9, 0xf5, 0x8, 0xf3,
    0x6, 0xf6, 0x6, 0xb8, 0x28, 0xfd, 0x10, 0xdf,
    0x5c, 0xf0, 0x1f, 0xe0, 0x0, 0x4, 0xdf, 0xa0,
    0x0, 0x3e, 0xff, 0xb0, 0x5, 0x50, 0x0, 0x2,
    0xc5, 0x0, 0x0, 0x2, 0xac, 0x30, 0x0, 0x0,
    0x0, 0x0, 0x0, 0x0, 0x0, 0x0, 0x0, 0x0,

    /* U+6253 "打" */
    0x0, 0x0, 0x35, 0x0, 0x0, 0x0, 0x0, 0x0,
    0x0, 0x0, 0x0, 0x0, 0xaf, 0x0, 0x0, 0x0,
    0x0, 0x0, 0x0, 0x0, 0x0, 0x0, 0xaf, 0x0,
    0x5, 0x33, 0x33, 0x33, 0x34, 0x50, 0x0, 0x0,
    0xaf, 0x0, 0xf, 0xff, 0xff, 0xff, 0xff, 0xf1,
    0x1, 0x0, 0xaf, 0x0, 0x13, 0x33, 0x39, 0xf5,
    0x33, 0x30, 0xc, 0xff, 0xff, 0xff, 0xf0, 0x0,
    0x7, 0xf2, 0x0, 0x0, 0x5, 0x55, 0xbf, 0x45,
    0x50, 0x0, 0x7, 0xf2, 0x0, 0x0, 0x0, 0x0,
    0xaf, 0x0, 0x0, 0x0, 0x7, 0xf2, 0x0, 0x0,
    0x0, 0x0, 0xaf, 0x0, 0x10, 0x0, 0x7, 0xf2,
    0x0, 0x0, 0x0, 0x0, 0xaf, 0x7c, 0xb0, 0x0,
    0x7, 0xf2, 0x0, 0x0, 0x0, 0x27, 0xdf, 0xe9,
    0x30, 0x0, 0x7, 0xf2, 0x0, 0x0, 0xe, 0xff,
    0xef, 0x0, 0x0, 0x0, 0x7, 0xf2, 0x0, 0x0,
    0x8, 0x60, 0xaf, 0x0, 0x0, 0x0, 0x7, 0xf2,
    0x0, 0x0, 0x0, 0x0, 0xaf, 0x0, 0x0, 0x0,
    0x7, 0xf2, 0x0, 0x0, 0x0, 0x0, 0xaf, 0x0,
    0x0, 0x0, 0x7, 0xf2, 0x0, 0x0, 0x0, 0x0,
    0xaf, 0x0, 0x0, 0x0, 0x7, 0xf2, 0x0, 0x0,
    0x0, 0x0, 0xbe, 0x0, 0x0, 0x0, 0xa, 0xf2,
    0x0, 0x0, 0x0, 0xaf, 0xfb, 0x0, 0x0, 0xb,
    0xef, 0xf0, 0x0, 0x0, 0x0, 0x5a, 0x61, 0x0,
    0x0, 0x7, 0xc9, 0x20, 0x0, 0x0,

    /* U+6362 "换" */
    0x0, 0x1, 0x41, 0x0, 0x0, 0x0, 0x0, 0x0,
    0x0, 0x0, 0x0, 0x3, 0xf3, 0x0, 0x0, 0x7e,
    0x10, 0x0, 0x0, 0x0, 0x0, 0x2, 0xf2, 0x0,
    0x0, 0xea, 0x0, 0x0, 0x0, 0x0, 0x0, 0x2,
    0xf2, 0x0, 0x8, 0xff, 0xff, 0xff, 0x30, 0x0,
    0x0, 0x2, 0xf2, 0x0, 0x3f, 0x92, 0x23, 0xfa,
    0x0, 0x0, 0xe, 0xdd, 0xfd, 0xe4, 0xdd, 0x0,
    0x8, 0xe1, 0x0, 0x0, 0x7, 0x78, 0xf8, 0x7e,
    0xf6, 0x33, 0x4f, 0x93, 0x31, 0x0, 0x0, 0x2,
    0xf2, 0x4, 0xcf, 0xff, 0xff, 0xff, 0xf6, 0x0,
    0x0, 0x2, 0xf2, 0x0, 0x6e, 0x0, 0xca, 0x0,
    0xe6, 0x0, 0x0, 0x2, 0xf8, 0xe1, 0x6e, 0x0,
    0xd9, 0x0, 0xe6, 0x0, 0x0, 0x19, 0xfe, 0x60,
    0x6e, 0x0, 0xe9, 0x0, 0xe6, 0x0, 0xb, 0xfe,
    0xf2, 0x3, 0x8e, 0x22, 0xf9, 0x22, 0xe8, 0x30,
    0x9, 0x63, 0xf2, 0x3f, 0xff, 0xff, 0xff, 0xff,
    0xff, 0xf2, 0x0, 0x2, 0xf2, 0x0, 0x0, 0x6,
    0xff, 0x50, 0x0, 0x10, 0x0, 0x2, 0xf2, 0x0,
    0x0, 0x1e, 0x9a, 0xd0, 0x0, 0x0, 0x0, 0x2,
    0xf2, 0x0, 0x2, 0xde, 0x11, 0xec, 0x0, 0x0,
    0x0, 0x3, 0xf2, 0x0, 0x6f, 0xd2, 0x0, 0x3f,
    0xd4, 0x0, 0x2, 0xbd, 0xf0, 0x6e, 0xfa, 0x0,
    0x0, 0x4, 0xef, 0xb0, 0x0, 0xba, 0x30, 0x2b,
    0x30, 0x0, 0x0, 0x0, 0x2b, 0x30,

    /* U+6389 "掉" */
    0x0, 0x0, 0x10, 0x0, 0x0, 0x0, 0x20, 0x0,
    0x0, 0x0, 0x0, 0x4, 0xf5, 0x0, 0x0, 0x5,
    0xf4, 0x0, 0x0, 0x0, 0x0, 0x3, 0xf5, 0x0,
    0x0, 0x4, 0xf7, 0x44, 0x45, 0x20, 0x0, 0x2,
    0xf5, 0x0, 0x0, 0x4, 0xff, 0xff, 0xff, 0x70,
    0x1, 0x3, 0xf5, 0x0, 0x0, 0x4, 0xf3, 0x0,
    0x0, 0x0, 0xf, 0xff, 0xff, 0xf6, 0xcd, 0xde,
    0xfe, 0xdd, 0xdd, 0x0, 0x5, 0x56, 0xf8, 0x52,
    0xdc, 0x66, 0x66, 0x66, 0xae, 0x0, 0x0, 0x2,
    0xf5, 0x0, 0xda, 0x0, 0x0, 0x0, 0x7e, 0x0,
    0x0, 0x2, 0xf5, 0x32, 0xdf, 0xff, 0xff, 0xff,
    0xfe, 0x0, 0x0, 0x3, 0xfe, 0xf5, 0xdb, 0x44,
    0x44, 0x44, 0xae, 0x0, 0x7, 0xcf, 0xfb, 0x40,
    0xea, 0x0, 0x0, 0x0, 0x7e, 0x0, 0xc, 0xe9,
    0xf5, 0x0, 0xef, 0xff, 0xff, 0xff, 0xff, 0x0,
    0x3, 0x2, 0xf5, 0x0, 0x45, 0x55, 0xfa, 0x55,
    0x54, 0x0, 0x0, 0x2, 0xf5, 0x0, 0x0, 0x0,
    0xf8, 0x0, 0x0, 0x0, 0x0, 0x2, 0xf5, 0x7f,
    0xff, 0xff, 0xff, 0xff, 0xff, 0xf1, 0x0, 0x2,
    0xf5, 0x35, 0x54, 0x44, 0xfa, 0x44, 0x45, 0x60,
    0x2, 0x48, 0xf4, 0x0, 0x0, 0x0, 0xf8, 0x0,
    0x0, 0x0, 0x5, 0xff, 0xf1, 0x0, 0x0, 0x0,
    0xf9, 0x0, 0x0, 0x0, 0x1, 0x74, 0x0, 0x0,
    0x0, 0x0, 0xfa, 0x0, 0x0, 0x0,

    /* U+6392 "排" */
    0x0, 0x1, 0x20, 0x0, 0x0, 0x1, 0x0, 0x0,
    0x0, 0x0, 0x0, 0x7, 0xf2, 0x0, 0x0, 0x5f,
    0x30, 0xf9, 0x0, 0x0, 0x0, 0x6, 0xf1, 0x0,
    0x0, 0x4f, 0x30, 0xe9, 0x0, 0x0, 0x0, 0x6,
    0xf1, 0x0, 0x0, 0x4f, 0x30, 0xe9, 0x0, 0x0,
    0x0, 0x6, 0xf1, 0x3, 0x98, 0xaf, 0x30, 0xec,
    0x88, 0x90, 0xe, 0xff, 0xff, 0xf6, 0xcc, 0xdf,
    0x30, 0xee, 0xcc, 0xb0, 0x5, 0x59, 0xf5, 0x50,
    0x0, 0x4f, 0x30, 0xe9, 0x0, 0x0, 0x0, 0x6,
    0xf1, 0x0, 0x0, 0x4f, 0x30, 0xe9, 0x0, 0x0,
    0x0, 0x6, 0xf1, 0x0, 0x33, 0x7f, 0x30, 0xea,
    0x33, 0x10, 0x0, 0x6, 0xf3, 0x83, 0xff, 0xff,
    0x30, 0xef, 0xff, 0x70, 0x0, 0x2a, 0xff, 0xd2,
    0x32, 0x6f, 0x30, 0xe9, 0x22, 0x10, 0x1d, 0xff,
    0xf4, 0x0, 0x0, 0x4f, 0x30, 0xe9, 0x0, 0x0,
    0xa, 0x56, 0xf1, 0x0, 0x0, 0x4f, 0x30, 0xe9,
    0x0, 0x0, 0x0, 0x6, 0xf1, 0x6, 0x65, 0x8f,
    0x30, 0xeb, 0x56, 0x60, 0x0, 0x6, 0xf1, 0xf,
    0xff, 0xff, 0x30, 0xef, 0xff, 0xf1, 0x0, 0x6,
    0xf1, 0x0, 0x0, 0x4f, 0x30, 0xe9, 0x0, 0x0,
    0x0, 0x6, 0xf1, 0x0, 0x0, 0x4f, 0x30, 0xe9,
    0x0, 0x0, 0x3, 0x9d, 0xf0, 0x0, 0x0, 0x5f,
    0x30, 0xe9, 0x0, 0x0, 0x0, 0xfe, 0x80, 0x0,
    0x0, 0x5f, 0x30, 0xe9, 0x0, 0x0, 0x0, 0x10,
    0x0, 0x0, 0x0, 0x0, 0x0, 0x0, 0x0, 0x0,

    /* U+63A5 "接" */
    0x0, 0x0, 0x0, 0x0, 0x0, 0x0, 0x42, 0x0,
    0x0, 0x0, 0x0, 0x6, 0xf2, 0x0, 0x0, 0x1,
    0xf9, 0x0, 0x0, 0x0, 0x0, 0x5, 0xf1, 0x1,
    0x54, 0x44, 0xee, 0x44, 0x45, 0x20, 0x0, 0x5,
    0xf1, 0x4, 0xff, 0xff, 0xff, 0xff, 0xff, 0x70,
    0x7, 0x68, 0xf6, 0x60, 0x0, 0x20, 0x0, 0x37,
    0x0, 0x0, 0x1f, 0xff, 0xff, 0xf0, 0x8, 0xf1,
    0x0, 0x7f, 0x40, 0x0, 0x0, 0x5, 0xf1, 0x0,
    0x2, 0xfa, 0x0, 0xcc, 0x0, 0x0, 0x0, 0x5,
    0xf1, 0x2, 0x43, 0x95, 0x34, 0xf8, 0x34, 0x20,
    0x0, 0x5, 0xf1, 0x7, 0xff, 0xff, 0xff, 0xff,
    0xff, 0x70, 0x0, 0x5, 0xf9, 0xd0, 0x0, 0x9,
    0x50, 0x0, 0x0, 0x0, 0x1, 0x6c, 0xfe, 0x70,
    0x0, 0x2f, 0xb0, 0x0, 0x0, 0x0, 0x1f, 0xfe,
    0xf1, 0xe, 0xff, 0xff, 0xff, 0xff, 0xff, 0xf1,
    0x8, 0x35, 0xf1, 0x5, 0x45, 0xfa, 0x44, 0x9f,
    0x54, 0x50, 0x0, 0x5, 0xf1, 0x0, 0x8, 0xf1,
    0x0, 0xca, 0x0, 0x0, 0x0, 0x5, 0xf1, 0x0,
    0xb, 0xfd, 0x77, 0xf2, 0x0, 0x0, 0x0, 0x5,
    0xf1, 0x0, 0x0, 0x29, 0xff, 0xd2, 0x0, 0x0,
    0x0, 0x7, 0xf1, 0x0, 0x0, 0x3b, 0xfa, 0xff,
    0xa2, 0x0, 0x5, 0xdf, 0xe0, 0x7, 0xbe, 0xfc,
    0x40, 0x19, 0xff, 0x70, 0x1, 0xeb, 0x30, 0x9,
    0xc8, 0x30, 0x0, 0x0, 0x3b, 0x10, 0x0, 0x0,
    0x0, 0x0, 0x0, 0x0, 0x0, 0x0, 0x0, 0x0,

    /* U+63D0 "提" */
    0x0, 0x2, 0x40, 0x0, 0x0, 0x0, 0x0, 0x0,
    0x0, 0x0, 0x0, 0x8, 0xf0, 0x0, 0x5e, 0xee,
    0xee, 0xee, 0xe7, 0x0, 0x0, 0x7, 0xf0, 0x0,
    0x6f, 0x76, 0x66, 0x66, 0xf7, 0x0, 0x0, 0x7,
    0xf0, 0x0, 0x5f, 0x10, 0x0, 0x0, 0xf6, 0x0,
    0x0, 0x7, 0xf0, 0x0, 0x5f, 0xff, 0xff, 0xff,
    0xf6, 0x0, 0xe, 0xff, 0xff, 0xf5, 0x5f, 0x65,
    0x55, 0x55, 0xf6, 0x0, 0x5, 0x5a, 0xf5, 0x52,
    0x5f, 0x21, 0x11, 0x11, 0xf6, 0x0, 0x0, 0x7,
    0xf0, 0x0, 0x6f, 0xff, 0xff, 0xff, 0xf7, 0x0,
    0x0, 0x7, 0xf0, 0x0, 0x12, 0x22, 0x22, 0x22,
    0x21, 0x0, 0x0, 0x7, 0xf6, 0xc3, 0x66, 0x66,
    0x66, 0x66, 0x66, 0x61, 0x0, 0x2b, 0xfe, 0x67,
    0xee, 0xee, 0xff, 0xee, 0xee, 0xe2, 0x2d, 0xff,
    0xf1, 0x0, 0x0, 0x0, 0x9e, 0x0, 0x0, 0x0,
    0xa, 0x47, 0xf0, 0x0, 0x6e, 0x30, 0x9e, 0x0,
    0x0, 0x0, 0x0, 0x7, 0xf0, 0x0, 0x8f, 0x0,
    0x9f, 0xff, 0xf9, 0x0, 0x0, 0x7, 0xf0, 0x0,
    0xcd, 0x0, 0x9f, 0x44, 0x53, 0x0, 0x0, 0x7,
    0xf0, 0x1, 0xff, 0x50, 0x9e, 0x0, 0x0, 0x0,
    0x0, 0x7, 0xf0, 0x9, 0xfe, 0xf7, 0xae, 0x0,
    0x0, 0x0, 0x2, 0x6c, 0xf0, 0x4f, 0xb0, 0xaf,
    0xff, 0x98, 0x78, 0xa2, 0x1, 0xff, 0x92, 0xfd,
    0x10, 0x4, 0xad, 0xff, 0xff, 0xe0, 0x0, 0x52,
    0x0, 0x51, 0x0, 0x0, 0x0, 0x0, 0x0, 0x0,

    /* U+63D2 "插" */
    0x0, 0x1, 0x20, 0x0, 0x0, 0x0, 0x0, 0x0,
    0x0, 0x0, 0x0, 0x7f, 0x0, 0x2, 0x23, 0x56,
    0x8a, 0xdf, 0x90, 0x0, 0x6, 0xf0, 0x2, 0xff,
    0xff, 0xff, 0xc9, 0x75, 0x0, 0x0, 0x6e, 0x0,
    0x4, 0x42, 0x1e, 0x70, 0x0, 0x0, 0x5, 0x59,
    0xf5, 0x40, 0x0, 0x0, 0xe7, 0x0, 0x0, 0x0,
    0xdf, 0xff, 0xfb, 0xef, 0xff, 0xff, 0xff, 0xff,
    0xfd, 0x1, 0x6, 0xe0, 0x6, 0x66, 0x66, 0xfa,
    0x66, 0x66, 0x50, 0x0, 0x6e, 0x0, 0x0, 0x0,
    0xe, 0x70, 0x0, 0x0, 0x0, 0x6, 0xe0, 0x0,
    0x28, 0xc0, 0xe7, 0x15, 0x44, 0x10, 0x0, 0x6f,
    0xbb, 0x2f, 0xe7, 0x1e, 0x73, 0xee, 0xf4, 0x3,
    0x8d, 0xfb, 0x42, 0xf3, 0x0, 0xe7, 0x0, 0x2f,
    0x40, 0xee, 0xce, 0x0, 0x1f, 0x30, 0xe, 0x70,
    0x2, 0xf4, 0x3, 0x6, 0xe0, 0x1, 0xff, 0xf6,
    0xe7, 0x2f, 0xff, 0x40, 0x0, 0x6e, 0x0, 0x1f,
    0x64, 0x2e, 0x70, 0x45, 0xf4, 0x0, 0x6, 0xe0,
    0x1, 0xf3, 0x0, 0xe7, 0x0, 0x2f, 0x40, 0x0,
    0x6e, 0x0, 0x1f, 0x30, 0xe, 0x70, 0x2, 0xf4,
    0x0, 0x9, 0xe0, 0x1, 0xff, 0xff, 0xff, 0xff,
    0xff, 0x40, 0x3f, 0xfc, 0x0, 0x1f, 0x74, 0x44,
    0x44, 0x46, 0xf4, 0x0, 0xda, 0x20, 0x2, 0xf3,
    0x0, 0x0, 0x0, 0x2f, 0x50, 0x0, 0x0, 0x0,
    0x2, 0x0, 0x0, 0x0, 0x0, 0x0,

    /* U+6587 "文" */
    0x0, 0x0, 0x0, 0x1, 0x0, 0x0, 0x0, 0x0,
    0x0, 0x0, 0x0, 0x0, 0x2e, 0x50, 0x0, 0x0,
    0x0, 0x0, 0x0, 0x0, 0x0, 0xd, 0xe1, 0x0,
    0x0, 0x0, 0x0, 0x0, 0x0, 0x0, 0x4, 0xf9,
    0x0, 0x0, 0x0, 0x0, 0x11, 0x0, 0x0, 0x0,
    0x95, 0x0, 0x0, 0x0, 0x11, 0xef, 0xff, 0xff,
    0xff, 0xff, 0xff, 0xff, 0xff, 0xfd, 0x76, 0x58,
    0xfa, 0x77, 0x77, 0x79, 0xfa, 0x77, 0x76, 0x0,
    0x0, 0xf8, 0x0, 0x0, 0x7, 0xf3, 0x0, 0x0,
    0x0, 0x0, 0xbc, 0x0, 0x0, 0xb, 0xf0, 0x0,
    0x0, 0x0, 0x0, 0x5f, 0x20, 0x0, 0x1f, 0x90,
    0x0, 0x0, 0x0, 0x0, 0xe, 0x90, 0x0, 0x7f,
    0x30, 0x0, 0x0, 0x0, 0x0, 0x7, 0xf3, 0x1,
    0xfb, 0x0, 0x0, 0x0, 0x0, 0x0, 0x0, 0xdd,
    0x1a, 0xf2, 0x0, 0x0, 0x0, 0x0, 0x0, 0x0,
    0x3f, 0xef, 0x70, 0x0, 0x0, 0x0, 0x0, 0x0,
    0x0, 0xb, 0xff, 0x30, 0x0, 0x0, 0x0, 0x0,
    0x0, 0x2, 0xcf, 0x9d, 0xf8, 0x10, 0x0, 0x0,
    0x0, 0x4, 0xaf, 0xe4, 0x0, 0x9f, 0xfa, 0x40,
    0x0, 0x5a, 0xef, 0xe7, 0x0, 0x0, 0x2, 0xaf,
    0xff, 0xc7, 0x5f, 0xc6, 0x0, 0x0, 0x0, 0x0,
    0x1, 0x6c, 0xf2, 0x1, 0x0, 0x0, 0x0, 0x0,
    0x0, 0x0, 0x0, 0x0,

    /* U+65F6 "时" */
    0x0, 0x0, 0x0, 0x0, 0x0, 0x0, 0x0, 0x44,
    0x0, 0x0, 0x0, 0x0, 0x0, 0x0, 0x0, 0x0,
    0xe, 0xc0, 0x0, 0x24, 0x44, 0x44, 0x30, 0x0,
    0x0, 0x0, 0xdb, 0x0, 0x8, 0xff, 0xff, 0xfb,
    0x0, 0x0, 0x0, 0xd, 0xb0, 0x0, 0x8f, 0x10,
    0xe, 0xa0, 0x0, 0x0, 0x0, 0xdb, 0x0, 0x8,
    0xf1, 0x0, 0xea, 0x6f, 0xff, 0xff, 0xff, 0xff,
    0xf3, 0x8f, 0x10, 0xe, 0xa2, 0x66, 0x66, 0x66,
    0xed, 0x66, 0x17, 0xf5, 0x44, 0xfa, 0x0, 0x0,
    0x0, 0xd, 0xb0, 0x0, 0x7f, 0xff, 0xff, 0xa0,
    0x4, 0x10, 0x0, 0xdb, 0x0, 0x7, 0xf1, 0x0,
    0xea, 0x3, 0xf9, 0x0, 0xd, 0xb0, 0x0, 0x7f,
    0x10, 0xe, 0xa0, 0xa, 0xf2, 0x0, 0xdb, 0x0,
    0x8, 0xf1, 0x0, 0xea, 0x0, 0x2f, 0xb0, 0xd,
    0xb0, 0x0, 0x8f, 0x21, 0x1e, 0xa0, 0x0, 0x73,
    0x0, 0xdb, 0x0, 0x8, 0xff, 0xff, 0xfa, 0x0,
    0x0, 0x0, 0xd, 0xb0, 0x0, 0x8f, 0x54, 0x4f,
    0xa0, 0x0, 0x0, 0x0, 0xdb, 0x0, 0x8, 0xf1,
    0x0, 0xb8, 0x0, 0x0, 0x0, 0xd, 0xb0, 0x0,
    0x7d, 0x10, 0x0, 0x0, 0x0, 0x0, 0x0, 0xeb,
    0x0, 0x0, 0x0, 0x0, 0x0, 0x0, 0x0, 0x2e,
    0xff, 0x80, 0x0, 0x0, 0x0, 0x0, 0x0, 0x0,
    0x0, 0x8a, 0x60, 0x0, 0x0,

    /* U+660E "明" */
    0x0, 0x0, 0x0, 0x0, 0x5, 0x99, 0x99, 0x99,
    0x91, 0xf, 0xff, 0xff, 0xf3, 0x8, 0xfc, 0xcc,
    0xcd, 0xf1, 0xf, 0xa6, 0x68, 0xf3, 0x8, 0xf1,
    0x0, 0x7, 0xf1, 0xf, 0x70, 0x3, 0xf3, 0x7,
    0xf1, 0x0, 0x7, 0xf1, 0xf, 0x70, 0x3, 0xf2,
    0x7, 0xf1, 0x0, 0x7, 0xf1, 0xf, 0x81, 0x14,
    0xf2, 0x7, 0xff, 0xff, 0xff, 0xf1, 0xf, 0xff,
    0xff, 0xf2, 0x7, 0xf7, 0x66, 0x6a, 0xf1, 0xf,
    0x92, 0x25, 0xf2, 0x7, 0xf1, 0x0, 0x7, 0xf1,
    0xf, 0x70, 0x3, 0xf2, 0x8, 0xf1, 0x0, 0x7,
    0xf1, 0xf, 0x70, 0x3, 0xf2, 0x8, 0xf7, 0x66,
    0x6b, 0xf1, 0xf, 0x70, 0x3, 0xf2, 0x9, 0xfe,
    0xee, 0xef, 0xf1, 0xf, 0xff, 0xff, 0xf2, 0xc,
    0xe0, 0x0, 0x7, 0xf1, 0xf, 0xb6, 0x68, 0xf3,
    0xf, 0xb0, 0x0, 0x7, 0xf1, 0xf, 0x70, 0x2,
    0x82, 0x3f, 0x70, 0x0, 0x7, 0xf1, 0x9, 0x40,
    0x0, 0x0, 0xaf, 0x20, 0x0, 0x7, 0xf1, 0x0,
    0x0, 0x0, 0x2, 0xfc, 0x0, 0x1, 0x1a, 0xf1,
    0x0, 0x0, 0x0, 0xc, 0xf5, 0x0, 0x7, 0xff,
    0xe0, 0x0, 0x0, 0x0, 0x8, 0xb0, 0x0, 0x1,
    0xa7, 0x10, 0x0, 0x0, 0x0, 0x0, 0x0, 0x0,
    0x0, 0x0, 0x0,

    /* U+663E "显" */
    0x0, 0x3, 0x66, 0x66, 0x66, 0x66, 0x66, 0x66,
    0x0, 0x0, 0x0, 0x8f, 0xff, 0xff, 0xff, 0xff,
    0xff, 0xf2, 0x0, 0x0, 0x8, 0xf1, 0x0, 0x0,
    0x0, 0x0, 0x7f, 0x10, 0x0, 0x0, 0x7f, 0x10,
    0x0, 0x0, 0x0, 0x8, 0xf1, 0x0, 0x0, 0x7,
    0xff, 0xff, 0xff, 0xff, 0xff, 0xff, 0x10, 0x0,
    0x0, 0x7f, 0x66, 0x66, 0x66, 0x66, 0x6a, 0xf1,
    0x0, 0x0, 0x8, 0xf1, 0x0, 0x0, 0x0, 0x0,
    0x7f, 0x10, 0x0, 0x0, 0x8f, 0xff, 0xff, 0xff,
    0xff, 0xff, 0xf2, 0x0, 0x0, 0x4, 0x77, 0x77,
    0x77, 0x77, 0x77, 0x77, 0x10, 0x0, 0x0, 0x0,
    0x3, 0x71, 0x0, 0x65, 0x0, 0x0, 0x0, 0x0,
    0x1, 0x0, 0x8f, 0x10, 0xe, 0xc0, 0x0, 0x0,
    0x0, 0x1d, 0xb0, 0x8, 0xf1, 0x0, 0xdb, 0x0,
    0x5d, 0x40, 0x0, 0xaf, 0x40, 0x7f, 0x10, 0xd,
    0xb0, 0xc, 0xf2, 0x0, 0x1, 0xfd, 0x7, 0xf1,
    0x0, 0xdb, 0x5, 0xf9, 0x0, 0x0, 0x7, 0xf5,
    0x7f, 0x10, 0xd, 0xb0, 0xee, 0x0, 0x0, 0x0,
    0xb, 0x37, 0xf1, 0x0, 0xdb, 0x1c, 0x40, 0x0,
    0x7, 0x66, 0x66, 0xbf, 0x76, 0x6e, 0xd6, 0x66,
    0x67, 0x41, 0xff, 0xee, 0xee, 0xee, 0xee, 0xee,
    0xee, 0xee, 0xfa,

    /* U+66F4 "更" */
    0x0, 0x0, 0x0, 0x0, 0x0, 0x0, 0x0, 0x0,
    0x0, 0x1f, 0xff, 0xff, 0xff, 0xff, 0xff, 0xff,
    0xff, 0xf3, 0x5, 0x54, 0x44, 0x44, 0xbf, 0x44,
    0x44, 0x44, 0x51, 0x0, 0x0, 0x0, 0x0, 0x9e,
    0x0, 0x0, 0x0, 0x0, 0x0, 0x8f, 0xff, 0xff,
    0xff, 0xff, 0xff, 0xf8, 0x0, 0x0, 0x8f, 0x43,
    0x33, 0xaf, 0x33, 0x34, 0xf8, 0x0, 0x0, 0x7f,
    0x32, 0x22, 0x9e, 0x22, 0x23, 0xf7, 0x0, 0x0,
    0x7f, 0xff, 0xff, 0xff, 0xff, 0xff, 0xf7, 0x0,
    0x0, 0x7f, 0x21, 0x11, 0xae, 0x11, 0x12, 0xf7,
    0x0, 0x0, 0x8f, 0x32, 0x22, 0xbe, 0x22, 0x23,
    0xf8, 0x0, 0x0, 0x8f, 0xff, 0xff, 0xff, 0xff,
    0xff, 0xf8, 0x0, 0x0, 0x15, 0xd4, 0x22, 0xea,
    0x22, 0x22, 0x21, 0x0, 0x0, 0x2, 0xed, 0x22,
    0xf5, 0x0, 0x0, 0x0, 0x0, 0x0, 0x0, 0x1c,
    0xfc, 0xe0, 0x0, 0x0, 0x0, 0x0, 0x0, 0x0,
    0x0, 0xcf, 0xe5, 0x0, 0x0, 0x0, 0x0, 0x0,
    0x0, 0x4b, 0xf9, 0xbf, 0xfa, 0x63, 0x0, 0x0,
    0x59, 0xbf, 0xfc, 0x30, 0x2, 0x8d, 0xff, 0xfe,
    0xe7, 0x5e, 0xb7, 0x30, 0x0, 0x0, 0x0, 0x14,
    0x79, 0xb2, 0x0, 0x0, 0x0, 0x0, 0x0, 0x0,
    0x0, 0x0, 0x0,

    /* U+66FF "替" */
    0x0, 0x0, 0x0, 0x0, 0x0, 0x0, 0x0, 0x0,
    0x0, 0x0, 0x0, 0x0, 0xd8, 0x0, 0x0, 0x6,
    0xd2, 0x0, 0x0, 0x0, 0x22, 0x2e, 0x82, 0x20,
    0x22, 0x8f, 0x22, 0x30, 0x0, 0xe, 0xff, 0xff,
    0xfd, 0xe, 0xff, 0xff, 0xff, 0x40, 0x0, 0x22,
    0x1f, 0x52, 0x20, 0x22, 0xad, 0x12, 0x20, 0x0,
    0x45, 0x56, 0xf7, 0x55, 0x25, 0x5c, 0xd5, 0x55,
    0x50, 0xd, 0xee, 0xff, 0xee, 0xf7, 0xfe, 0xff,
    0xee, 0xef, 0x20, 0x0, 0xd, 0xfa, 0x0, 0x0,
    0x5f, 0xcb, 0x0, 0x0, 0x0, 0x9, 0xf6, 0xed,
    0x20, 0x4f, 0xb0, 0xdb, 0x10, 0x0, 0x9, 0xf6,
    0x1, 0xa1, 0x6f, 0xc1, 0x2, 0xef, 0x91, 0x1d,
    0xf7, 0x24, 0x44, 0x45, 0xb5, 0x44, 0x42, 0x9b,
    0x0, 0x35, 0x7, 0xff, 0xff, 0xff, 0xff, 0xff,
    0x40, 0x0, 0x0, 0x0, 0x6f, 0x0, 0x0, 0x0,
    0x2, 0xf4, 0x0, 0x0, 0x0, 0x6, 0xf6, 0x66,
    0x66, 0x66, 0x7f, 0x40, 0x0, 0x0, 0x0, 0x6f,
    0xff, 0xff, 0xff, 0xff, 0xf4, 0x0, 0x0, 0x0,
    0x6, 0xf0, 0x0, 0x0, 0x0, 0x2f, 0x40, 0x0,
    0x0, 0x0, 0x6f, 0x44, 0x44, 0x44, 0x46, 0xf4,
    0x0, 0x0, 0x0, 0x6, 0xff, 0xff, 0xff, 0xff,
    0xff, 0x40, 0x0, 0x0, 0x0, 0x7f, 0x0, 0x0,
    0x0, 0x2, 0xf5, 0x0, 0x0,

    /* U+672A "未" */
    0x0, 0x0, 0x0, 0x0, 0x5, 0x30, 0x0, 0x0,
    0x0, 0x0, 0x0, 0x0, 0x0, 0x0, 0xf, 0x90,
    0x0, 0x0, 0x0, 0x0, 0x0, 0x0, 0x0, 0x0,
    0xf, 0x80, 0x0, 0x0, 0x0, 0x0, 0x0, 0x0,
    0x0, 0x0, 0xf, 0x80, 0x0, 0x0, 0x0, 0x0,
    0x0, 0x5f, 0xff, 0xff, 0xff, 0xff, 0xff, 0xff,
    0xc0, 0x0, 0x0, 0x15, 0x44, 0x44, 0x4f, 0xa4,
    0x44, 0x45, 0x40, 0x0, 0x0, 0x0, 0x0, 0x0,
    0xf, 0x80, 0x0, 0x0, 0x0, 0x0, 0x0, 0x0,
    0x0, 0x0, 0xf, 0x80, 0x0, 0x0, 0x0, 0x0,
    0x5, 0x66, 0x66, 0x66, 0x6f, 0xb6, 0x66, 0x66,
    0x66, 0x20, 0xc, 0xee, 0xee, 0xee, 0xff, 0xff,
    0xee, 0xee, 0xee, 0x50, 0x0, 0x0, 0x0, 0xb,
    0xff, 0xfe, 0x10, 0x0, 0x0, 0x0, 0x0, 0x0,
    0x0, 0x7f, 0x6f, 0xaf, 0xb0, 0x0, 0x0, 0x0,
    0x0, 0x0, 0x4, 0xfa, 0xf, 0x86, 0xf9, 0x0,
    0x0, 0x0, 0x0, 0x0, 0x5f, 0xd1, 0xf, 0x80,
    0xaf, 0x90, 0x0, 0x0, 0x0, 0x7, 0xfe, 0x20,
    0xf, 0x80, 0xb, 0xfc, 0x30, 0x0, 0x2, 0xbf,
    0xc1, 0x0, 0xf, 0x80, 0x0, 0x9f, 0xfb, 0x60,
    0xd, 0xfa, 0x0, 0x0, 0xf, 0x80, 0x0, 0x4,
    0xdf, 0x80, 0x1, 0x60, 0x0, 0x0, 0x1f, 0x90,
    0x0, 0x0, 0x5, 0x0, 0x0, 0x0, 0x0, 0x0,
    0x2f, 0x90, 0x0, 0x0, 0x0, 0x0,

    /* U+673A "机" */
    0x0, 0x0, 0xea, 0x0, 0x0, 0x0, 0x0, 0x0,
    0x0, 0x0, 0x0, 0x0, 0xfa, 0x0, 0x3, 0xff,
    0xff, 0xff, 0x0, 0x0, 0x0, 0x0, 0xfa, 0x0,
    0x3, 0xf9, 0x66, 0xcf, 0x0, 0x0, 0x1, 0x0,
    0xfa, 0x1, 0x2, 0xf5, 0x0, 0xae, 0x0, 0x0,
    0xd, 0xff, 0xff, 0xff, 0x72, 0xf5, 0x0, 0xae,
    0x0, 0x0, 0x4, 0x47, 0xfb, 0x34, 0x22, 0xf4,
    0x0, 0xae, 0x0, 0x0, 0x0, 0x8, 0xfa, 0x0,
    0x2, 0xf4, 0x0, 0xae, 0x0, 0x0, 0x0, 0xc,
    0xfa, 0x20, 0x2, 0xf4, 0x0, 0xae, 0x0, 0x0,
    0x0, 0x2f, 0xfd, 0xf5, 0x3, 0xf3, 0x0, 0xae,
    0x0, 0x0, 0x0, 0x8f, 0xfa, 0xce, 0x14, 0xf3,
    0x0, 0xae, 0x0, 0x0, 0x0, 0xea, 0xfa, 0x3f,
    0x55, 0xf1, 0x0, 0xae, 0x0, 0x0, 0x8, 0xf4,
    0xfa, 0x2, 0x7, 0xf0, 0x0, 0xae, 0x0, 0x0,
    0x2f, 0xc0, 0xfa, 0x0, 0x9, 0xd0, 0x0, 0xae,
    0x0, 0x0, 0xb, 0x40, 0xfa, 0x0, 0xe, 0x90,
    0x0, 0xae, 0x0, 0x0, 0x0, 0x0, 0xfa, 0x0,
    0x4f, 0x50, 0x0, 0xae, 0x2, 0x30, 0x0, 0x0,
    0xfa, 0x0, 0xde, 0x0, 0x0, 0xaf, 0x5, 0xf4,
    0x0, 0x0, 0xfa, 0x9, 0xf6, 0x0, 0x0, 0x9f,
    0x8b, 0xf1, 0x0, 0x0, 0xfb, 0x9, 0xb0, 0x0,
    0x0, 0x4e, 0xff, 0x90, 0x0, 0x0, 0x0, 0x0,
    0x0, 0x0, 0x0, 0x0, 0x0, 0x0,

    /* U+6784 "构" */
    0x0, 0x0, 0x11, 0x0, 0x0, 0x21, 0x0, 0x0,
    0x0, 0x0, 0x0, 0xe, 0xa0, 0x0, 0xa, 0xf2,
    0x0, 0x0, 0x0, 0x0, 0x0, 0xda, 0x0, 0x0,
    0xeb, 0x0, 0x0, 0x0, 0x0, 0x0, 0xd, 0xa0,
    0x0, 0x4f, 0x40, 0x0, 0x0, 0x0, 0x2, 0x33,
    0xdb, 0x33, 0xa, 0xfe, 0xee, 0xee, 0xee, 0x90,
    0x9f, 0xff, 0xff, 0xd2, 0xf9, 0x77, 0x77, 0x77,
    0xfa, 0x1, 0x15, 0xfa, 0x11, 0xae, 0x0, 0x0,
    0x0, 0xe, 0x90, 0x0, 0x8f, 0xa0, 0x3f, 0x63,
    0x70, 0x0, 0x0, 0xe8, 0x0, 0xe, 0xfa, 0x40,
    0x40, 0x8f, 0x50, 0x0, 0xe, 0x80, 0x5, 0xff,
    0xdf, 0x60, 0xd, 0xb0, 0x0, 0x0, 0xf8, 0x0,
    0xdc, 0xda, 0xce, 0x4, 0xf3, 0x1d, 0x90, 0xf,
    0x80, 0x8f, 0x3d, 0xa5, 0xc1, 0xbb, 0x0, 0xde,
    0x0, 0xf7, 0x3f, 0xa0, 0xda, 0x0, 0x5f, 0x31,
    0x2a, 0xf3, 0xf, 0x71, 0xc1, 0xd, 0xa0, 0xe,
    0xff, 0xff, 0xff, 0x71, 0xf6, 0x0, 0x0, 0xda,
    0x0, 0x8b, 0x74, 0x21, 0xf9, 0x2f, 0x50, 0x0,
    0xd, 0xa0, 0x0, 0x0, 0x0, 0x2, 0x3, 0xf4,
    0x0, 0x0, 0xda, 0x0, 0x0, 0x0, 0x0, 0x0,
    0x8f, 0x20, 0x0, 0xe, 0xa0, 0x0, 0x0, 0x0,
    0x6c, 0xdf, 0xd0, 0x0, 0x0, 0xeb, 0x0, 0x0,
    0x0, 0x2, 0xfe, 0xa2, 0x0, 0x0, 0x0, 0x0,
    0x0, 0x0, 0x0, 0x0, 0x0, 0x0,

    /* U+6B62 "止" */
    0x0, 0x0, 0x0, 0x0, 0xc, 0x70, 0x0, 0x0,
    0x0, 0x0, 0x0, 0x0, 0x0, 0x0, 0xf9, 0x0,
    0x0, 0x0, 0x0, 0x0, 0x0, 0x0, 0x0, 0xf,
    0x90, 0x0, 0x0, 0x0, 0x0, 0x0, 0x0, 0x0,
    0x0, 0xf9, 0x0, 0x0, 0x0, 0x0, 0x0, 0xa,
    0x90, 0x0, 0xf, 0x90, 0x0, 0x0, 0x0, 0x0,
    0x0, 0xed, 0x0, 0x0, 0xfa, 0x22, 0x22, 0x32,
    0x0, 0x0, 0xe, 0xc0, 0x0, 0xf, 0xff, 0xff,
    0xff, 0xa0, 0x0, 0x0, 0xdc, 0x0, 0x0, 0xfa,
    0x44, 0x44, 0x43, 0x0, 0x0, 0xd, 0xc0, 0x0,
    0xf, 0x90, 0x0, 0x0, 0x0, 0x0, 0x0, 0xdc,
    0x0, 0x0, 0xf9, 0x0, 0x0, 0x0, 0x0, 0x0,
    0xd, 0xc0, 0x0, 0xf, 0x90, 0x0, 0x0, 0x0,
    0x0, 0x0, 0xdc, 0x0, 0x0, 0xf9, 0x0, 0x0,
    0x0, 0x0, 0x0, 0xd, 0xc0, 0x0, 0xf, 0x90,
    0x0, 0x0, 0x0, 0x0, 0x0, 0xdc, 0x0, 0x0,
    0xf9, 0x0, 0x0, 0x0, 0x0, 0x0, 0xd, 0xc0,
    0x0, 0xf, 0x90, 0x0, 0x0, 0x0, 0xf, 0xff,
    0xff, 0xff, 0xff, 0xff, 0xff, 0xff, 0xff, 0xf1,
    0x88, 0x77, 0x77, 0x77, 0x77, 0x77, 0x77, 0x77,
    0x78, 0x0,

    /* U+6B63 "正" */
    0x4, 0x77, 0x77, 0x77, 0x77, 0x77, 0x77, 0x77,
    0x50, 0x9, 0xff, 0xff, 0xff, 0xff, 0xff, 0xff,
    0xff, 0xa0, 0x0, 0x0, 0x0, 0x0, 0x7f, 0x10,
    0x0, 0x0, 0x0, 0x0, 0x0, 0x0, 0x0, 0x7f,
    0x10, 0x0, 0x0, 0x0, 0x0, 0x0, 0x0, 0x0,
    0x7f, 0x10, 0x0, 0x0, 0x0, 0x0, 0xc, 0x90,
    0x0, 0x7f, 0x10, 0x0, 0x0, 0x0, 0x0, 0xf,
    0xb0, 0x0, 0x7f, 0x32, 0x22, 0x22, 0x0, 0x0,
    0xe, 0xb0, 0x0, 0x7f, 0xff, 0xff, 0xff, 0x40,
    0x0, 0xe, 0xb0, 0x0, 0x7f, 0x43, 0x33, 0x33,
    0x10, 0x0, 0xe, 0xb0, 0x0, 0x7f, 0x10, 0x0,
    0x0, 0x0, 0x0, 0xe, 0xb0, 0x0, 0x7f, 0x10,
    0x0, 0x0, 0x0, 0x0, 0xe, 0xb0, 0x0, 0x7f,
    0x10, 0x0, 0x0, 0x0, 0x0, 0xe, 0xb0, 0x0,
    0x7f, 0x10, 0x0, 0x0, 0x0, 0x0, 0xe, 0xb0,
    0x0, 0x7f, 0x10, 0x0, 0x0, 0x0, 0x78, 0x7f,
    0xd7, 0x77, 0xbf, 0x87, 0x77, 0x78, 0x83, 0xdf,
    0xee, 0xee, 0xee, 0xee, 0xee, 0xee, 0xef, 0xf5,

    /* U+6B65 "步" */
    0x0, 0x0, 0x0, 0x0, 0xe, 0x90, 0x0, 0x0,
    0x0, 0x0, 0x0, 0x0, 0x0, 0x0, 0xf9, 0x0,
    0x0, 0x0, 0x0, 0x0, 0x0, 0x9f, 0x0, 0xf,
    0xb4, 0x44, 0x45, 0x10, 0x0, 0x0, 0x9, 0xf0,
    0x0, 0xef, 0xff, 0xff, 0xf5, 0x0, 0x0, 0x0,
    0x9e, 0x0, 0xe, 0x90, 0x0, 0x0, 0x0, 0x0,
    0x0, 0x9, 0xe0, 0x0, 0xe9, 0x0, 0x0, 0x0,
    0x0, 0x36, 0x66, 0xbf, 0x66, 0x6f, 0xb6, 0x66,
    0x66, 0x66, 0x7, 0xff, 0xff, 0xff, 0xff, 0xff,
    0xff, 0xff, 0xff, 0xf1, 0x0, 0x0, 0x0, 0x0,
    0x7, 0x50, 0x0, 0x0, 0x0, 0x0, 0x0, 0x0,
    0x84, 0x0, 0xf9, 0x0, 0x0, 0x10, 0x0, 0x0,
    0x0, 0x6f, 0xb0, 0xf, 0x90, 0x0, 0xc, 0xd2,
    0x0, 0x0, 0x5f, 0xb0, 0x0, 0xe9, 0x0, 0x9,
    0xfa, 0x0, 0x0, 0x5f, 0xb0, 0x0, 0xe, 0x90,
    0x9, 0xfa, 0x0, 0x0, 0x6f, 0xb0, 0x0, 0x0,
    0xe9, 0x1b, 0xf9, 0x0, 0x0, 0x1, 0x80, 0x0,
    0x0, 0xe, 0xce, 0xf6, 0x0, 0x0, 0x0, 0x0,
    0x0, 0x1, 0x49, 0xff, 0xa1, 0x0, 0x0, 0x0,
    0x19, 0x9a, 0xce, 0xff, 0xd8, 0x10, 0x0, 0x0,
    0x0, 0x0, 0xbe, 0xda, 0x85, 0x20, 0x0, 0x0,
    0x0, 0x0, 0x0, 0x0, 0x0, 0x0, 0x0, 0x0,
    0x0, 0x0, 0x0, 0x0, 0x0,

    /* U+6D4F "浏" */
    0x0, 0x0, 0x0, 0x0, 0x31, 0x0, 0x0, 0x0,
    0x6, 0x30, 0xb, 0x40, 0x0, 0x4f, 0x70, 0x0,
    0x0, 0x0, 0xf8, 0x1, 0xdf, 0x80, 0x0, 0xfc,
    0x0, 0x0, 0x0, 0xe, 0x70, 0x0, 0xba, 0x0,
    0xa, 0xa0, 0x0, 0x8f, 0x20, 0xe7, 0x0, 0x0,
    0x4, 0x44, 0x44, 0x44, 0x37, 0xf1, 0xe, 0x70,
    0x0, 0x0, 0xef, 0xff, 0xff, 0xf9, 0x7f, 0x10,
    0xe7, 0x4, 0x30, 0x1, 0x11, 0x16, 0xf1, 0x17,
    0xf1, 0xe, 0x70, 0xdf, 0x90, 0x2, 0x0, 0x6e,
    0x0, 0x7f, 0x10, 0xe7, 0x1, 0x9f, 0x34, 0xf9,
    0x7, 0xd0, 0x7, 0xf1, 0xe, 0x70, 0x0, 0x20,
    0xa, 0xf6, 0x9b, 0x0, 0x7f, 0x10, 0xe7, 0x0,
    0x0, 0x0, 0xc, 0xfe, 0x80, 0x7, 0xf1, 0xe,
    0x70, 0x0, 0xd5, 0x0, 0x2f, 0xf5, 0x0, 0x7f,
    0x10, 0xe7, 0x0, 0x3f, 0x60, 0x0, 0xbf, 0xb0,
    0x8, 0xf1, 0xe, 0x70, 0x8, 0xf1, 0x0, 0x4f,
    0xdf, 0x70, 0x8f, 0x10, 0xe7, 0x0, 0xea, 0x0,
    0x1e, 0xe0, 0xdf, 0x35, 0x91, 0xe, 0x70, 0x4f,
    0x50, 0x1d, 0xf4, 0x4, 0xf5, 0x0, 0x0, 0xe7,
    0xc, 0xf0, 0x2e, 0xf7, 0x0, 0x3, 0x0, 0x0,
    0xf, 0x72, 0xdb, 0x0, 0x58, 0x0, 0x0, 0x0,
    0x2, 0xce, 0xf6, 0x0, 0x20, 0x0, 0x0, 0x0,
    0x0, 0x0, 0xb, 0xea, 0x0, 0x0, 0x0, 0x0,
    0x0, 0x0, 0x0, 0x0, 0x0, 0x0,

    /* U+70B9 "点" */
    0x0, 0x0, 0x0, 0x0, 0x0, 0x0, 0x0, 0x0,
    0x0, 0x0, 0x0, 0x0, 0x0, 0x2f, 0x90, 0x0,
    0x0, 0x0, 0x0, 0x0, 0x0, 0x0, 0x1, 0xf9,
    0x0, 0x0, 0x0, 0x0, 0x0, 0x0, 0x0, 0x0,
    0x1f, 0xc7, 0x77, 0x77, 0x78, 0x10, 0x0, 0x0,
    0x0, 0x1, 0xff, 0xee, 0xee, 0xee, 0xe2, 0x0,
    0x0, 0x0, 0x0, 0x1f, 0x90, 0x0, 0x0, 0x0,
    0x0, 0x0, 0x1, 0x11, 0x12, 0xf9, 0x11, 0x11,
    0x10, 0x0, 0x0, 0x1, 0xff, 0xff, 0xff, 0xff,
    0xff, 0xff, 0x80, 0x0, 0x0, 0x1f, 0xb4, 0x44,
    0x44, 0x44, 0x44, 0xf8, 0x0, 0x0, 0x0, 0xf9,
    0x0, 0x0, 0x0, 0x0, 0x1f, 0x80, 0x0, 0x0,
    0xf, 0x90, 0x0, 0x0, 0x0, 0x1, 0xf7, 0x0,
    0x0, 0x0, 0xf9, 0x0, 0x0, 0x0, 0x0, 0x1f,
    0x80, 0x0, 0x0, 0x1f, 0xff, 0xff, 0xff, 0xff,
    0xff, 0xf8, 0x0, 0x0, 0x0, 0x55, 0x55, 0x55,
    0x55, 0x55, 0x55, 0x20, 0x0, 0x0, 0xb6, 0x0,
    0x30, 0x0, 0x23, 0x0, 0x6, 0x10, 0x0, 0x5f,
    0x70, 0x6f, 0x30, 0xe, 0xc0, 0x3, 0xf9, 0x0,
    0xc, 0xf1, 0x1, 0xfa, 0x0, 0x7f, 0x50, 0xa,
    0xf4, 0x5, 0xf8, 0x0, 0xb, 0xf1, 0x0, 0xee,
    0x0, 0x1f, 0xd0, 0x3b, 0x10, 0x0, 0x57, 0x0,
    0x6, 0x50, 0x0, 0x87, 0x0,

    /* U+70ED "热" */
    0x0, 0x2, 0x40, 0x0, 0x0, 0x10, 0x0, 0x0,
    0x0, 0x0, 0x0, 0x7f, 0x0, 0x0, 0xa, 0xe0,
    0x0, 0x0, 0x0, 0x0, 0x6, 0xe0, 0x0, 0x0,
    0xad, 0x0, 0x0, 0x0, 0x0, 0x0, 0x6e, 0x0,
    0x0, 0x1a, 0xd2, 0x23, 0x0, 0x0, 0x4f, 0xff,
    0xff, 0xf3, 0xef, 0xff, 0xff, 0xf2, 0x0, 0x1,
    0x44, 0x8f, 0x34, 0x2, 0x1a, 0xc0, 0x6f, 0x0,
    0x0, 0x0, 0x6, 0xe0, 0x0, 0x0, 0xba, 0x7,
    0xf0, 0x0, 0x0, 0x0, 0x7f, 0xae, 0x3d, 0x8d,
    0x80, 0x6e, 0x0, 0x0, 0x6c, 0xff, 0xfa, 0x61,
    0x8f, 0xf5, 0x6, 0xf0, 0x0, 0x4, 0xb7, 0x8e,
    0x0, 0x0, 0x9f, 0xe4, 0x4f, 0x0, 0x0, 0x0,
    0x6, 0xe0, 0x0, 0x1e, 0xaa, 0xf8, 0xf4, 0x3d,
    0x20, 0x0, 0x7e, 0x0, 0xb, 0xe1, 0x9, 0x2d,
    0xb9, 0xf0, 0x4, 0xef, 0xb0, 0xa, 0xf5, 0x0,
    0x0, 0x4f, 0xf8, 0x0, 0x9, 0x61, 0x2, 0xc7,
    0x0, 0x0, 0x0, 0x35, 0x0, 0x0, 0x81, 0x0,
    0x10, 0x0, 0x42, 0x0, 0x8d, 0x0, 0x0, 0x6f,
    0x60, 0x6f, 0x10, 0xe, 0xa0, 0x2, 0xf7, 0x0,
    0xe, 0xc0, 0x1, 0xf7, 0x0, 0x8f, 0x20, 0x9,
    0xf1, 0x7, 0xf4, 0x0, 0xb, 0xd0, 0x2, 0xf8,
    0x0, 0x1f, 0x90, 0x5a, 0x0, 0x0, 0x45, 0x0,
    0x5, 0x10, 0x0, 0x51, 0x0,

    /* U+751F "生" */
    0x0, 0x0, 0x0, 0x0, 0x3, 0x20, 0x0, 0x0,
    0x0, 0x0, 0x0, 0x10, 0x0, 0x0, 0xfc, 0x0,
    0x0, 0x0, 0x0, 0x0, 0x6, 0xf6, 0x0, 0xe,
    0xb0, 0x0, 0x0, 0x0, 0x0, 0x0, 0xaf, 0x30,
    0x0, 0xeb, 0x0, 0x0, 0x0, 0x0, 0x0, 0xe,
    0xc0, 0x0, 0xe, 0xb0, 0x0, 0x0, 0x0, 0x0,
    0x5, 0xfc, 0x88, 0x88, 0xfd, 0x88, 0x88, 0x89,
    0x0, 0x0, 0xcf, 0xee, 0xee, 0xef, 0xfe, 0xee,
    0xee, 0xe0, 0x0, 0x4f, 0x80, 0x0, 0x0, 0xeb,
    0x0, 0x0, 0x0, 0x0, 0xd, 0xf1, 0x0, 0x0,
    0xe, 0xb0, 0x0, 0x0, 0x0, 0x1, 0x77, 0x0,
    0x0, 0x0, 0xeb, 0x0, 0x0, 0x0, 0x0, 0x0,
    0x0, 0x98, 0x88, 0x8f, 0xd8, 0x88, 0x87, 0x0,
    0x0, 0x0, 0x1e, 0xee, 0xee, 0xff, 0xee, 0xee,
    0xb0, 0x0, 0x0, 0x0, 0x0, 0x0, 0xe, 0xb0,
    0x0, 0x0, 0x0, 0x0, 0x0, 0x0, 0x0, 0x0,
    0xeb, 0x0, 0x0, 0x0, 0x0, 0x0, 0x0, 0x0,
    0x0, 0xe, 0xb0, 0x0, 0x0, 0x0, 0x0, 0x0,
    0x0, 0x0, 0x0, 0xeb, 0x0, 0x0, 0x0, 0x0,
    0x4, 0x77, 0x77, 0x77, 0x7f, 0xd7, 0x77, 0x77,
    0x78, 0x20, 0x8e, 0xee, 0xee, 0xee, 0xee, 0xee,
    0xee, 0xee, 0xe4,

    /* U+7528 "用" */
    0x0, 0x4, 0x44, 0x44, 0x44, 0x44, 0x44, 0x44,
    0x40, 0x0, 0xe, 0xff, 0xff, 0xff, 0xff, 0xff,
    0xff, 0xf0, 0x0, 0xe, 0xa0, 0x0, 0xe, 0xa0,
    0x0, 0x9, 0xf0, 0x0, 0xd, 0xa0, 0x0, 0xe,
    0xa0, 0x0, 0x9, 0xf0, 0x0, 0xd, 0xa0, 0x0,
    0xe, 0xa0, 0x0, 0x9, 0xf0, 0x0, 0xd, 0xff,
    0xff, 0xff, 0xff, 0xff, 0xff, 0xf0, 0x0, 0xd,
    0xb3, 0x33, 0x3e, 0xb3, 0x33, 0x3a, 0xf0, 0x0,
    0xd, 0xa0, 0x0, 0xe, 0xa0, 0x0, 0x9, 0xf0,
    0x0, 0xd, 0xa0, 0x0, 0xe, 0xa0, 0x0, 0x9,
    0xf0, 0x0, 0xe, 0xb4, 0x44, 0x4e, 0xc4, 0x44,
    0x4b, 0xf0, 0x0, 0xe, 0xff, 0xff, 0xff, 0xff,
    0xff, 0xff, 0xf0, 0x0, 0xf, 0x80, 0x0, 0xe,
    0xa0, 0x0, 0x9, 0xf0, 0x0, 0x2f, 0x60, 0x0,
    0xe, 0xa0, 0x0, 0x9, 0xf0, 0x0, 0x6f, 0x20,
    0x0, 0xe, 0xa0, 0x0, 0x9, 0xf0, 0x0, 0xbe,
    0x0, 0x0, 0xe, 0xa0, 0x0, 0x9, 0xf0, 0x2,
    0xf8, 0x0, 0x0, 0xe, 0xa0, 0x2, 0x4c, 0xe0,
    0xb, 0xf2, 0x0, 0x0, 0xf, 0xb0, 0x6, 0xff,
    0x80, 0x3, 0x70, 0x0, 0x0, 0x1, 0x10, 0x1,
    0x62, 0x0,

    /* U+7535 "电" */
    0x0, 0x0, 0x0, 0x23, 0x0, 0x0, 0x0, 0x0,
    0x0, 0x0, 0x0, 0x0, 0xbf, 0x0, 0x0, 0x0,
    0x0, 0x0, 0x0, 0x0, 0x0, 0xae, 0x0, 0x0,
    0x0, 0x0, 0x0, 0x0, 0x0, 0x0, 0xae, 0x0,
    0x0, 0x0, 0x0, 0x0, 0xef, 0xff, 0xff, 0xff,
    0xff, 0xff, 0xff, 0x40, 0x0, 0xee, 0x55, 0x55,
    0xcf, 0x55, 0x55, 0x8f, 0x40, 0x0, 0xed, 0x0,
    0x0, 0xae, 0x0, 0x0, 0x5f, 0x40, 0x0, 0xed,
    0x0, 0x0, 0xae, 0x0, 0x0, 0x5f, 0x40, 0x0,
    0xef, 0xff, 0xff, 0xff, 0xff, 0xff, 0xff, 0x40,
    0x0, 0xee, 0x44, 0x44, 0xbf, 0x44, 0x44, 0x8f,
    0x40, 0x0, 0xed, 0x0, 0x0, 0xae, 0x0, 0x0,
    0x5f, 0x40, 0x0, 0xed, 0x0, 0x0, 0xae, 0x0,
    0x0, 0x5f, 0x40, 0x0, 0xee, 0x66, 0x66, 0xcf,
    0x66, 0x66, 0x9f, 0x40, 0x0, 0xef, 0xff, 0xff,
    0xff, 0xff, 0xff, 0xff, 0x40, 0x0, 0xed, 0x0,
    0x0, 0xae, 0x0, 0x0, 0x0, 0x0, 0x0, 0x65,
    0x0, 0x0, 0xae, 0x0, 0x0, 0x0, 0x6, 0x40,
    0x0, 0x0, 0x0, 0xaf, 0x0, 0x0, 0x0, 0xb,
    0xf2, 0x0, 0x0, 0x0, 0x8f, 0xb6, 0x66, 0x66,
    0x8f, 0xc0, 0x0, 0x0, 0x0, 0x1b, 0xee, 0xee,
    0xee, 0xec, 0x30,

    /* U+754C "界" */
    0x0, 0xe, 0xff, 0xff, 0xff, 0xff, 0xff, 0xff,
    0xe0, 0x0, 0x0, 0xe, 0xb2, 0x22, 0x2e, 0x92,
    0x22, 0x2b, 0xe0, 0x0, 0x0, 0xe, 0xb0, 0x0,
    0xe, 0x90, 0x0, 0xa, 0xe0, 0x0, 0x0, 0xe,
    0xff, 0xff, 0xff, 0xff, 0xff, 0xff, 0xe0, 0x0,
    0x0, 0xe, 0xb2, 0x22, 0x2e, 0x92, 0x22, 0x2a,
    0xe0, 0x0, 0x0, 0xe, 0xb1, 0x11, 0x1e, 0x91,
    0x11, 0x1a, 0xf0, 0x0, 0x0, 0xe, 0xff, 0xff,
    0xff, 0xff, 0xff, 0xff, 0xf0, 0x0, 0x0, 0x0,
    0x0, 0x0, 0x19, 0x20, 0x0, 0x0, 0x0, 0x0,
    0x0, 0x0, 0x0, 0x2, 0xdf, 0xd1, 0x0, 0x0,
    0x0, 0x0, 0x0, 0x0, 0x0, 0x7f, 0xe6, 0xde,
    0x70, 0x0, 0x0, 0x0, 0x0, 0x1, 0x7e, 0xf8,
    0x0, 0x9, 0xfe, 0x93, 0x0, 0x0, 0x7, 0xcf,
    0xf9, 0x71, 0x0, 0x0, 0x6f, 0xff, 0xea, 0x71,
    0x5, 0xc6, 0x11, 0xf6, 0x0, 0x0, 0x8f, 0x37,
    0xcf, 0xb0, 0x0, 0x0, 0x2, 0xf3, 0x0, 0x0,
    0x7f, 0x10, 0x0, 0x10, 0x0, 0x0, 0x6, 0xf0,
    0x0, 0x0, 0x7f, 0x10, 0x0, 0x0, 0x0, 0x0,
    0x1e, 0xa0, 0x0, 0x0, 0x7f, 0x10, 0x0, 0x0,
    0x0, 0x2, 0xde, 0x10, 0x0, 0x0, 0x8f, 0x10,
    0x0, 0x0, 0x0, 0x9, 0xe2, 0x0, 0x0, 0x0,
    0x8f, 0x20, 0x0, 0x0, 0x0, 0x0, 0x10, 0x0,
    0x0, 0x0, 0x0, 0x0, 0x0, 0x0,

    /* U+793A "示" */
    0x0, 0x0, 0x0, 0x0, 0x0, 0x0, 0x0, 0x0,
    0x0, 0x0, 0x1f, 0xff, 0xff, 0xff, 0xff, 0xff,
    0xf8, 0x0, 0x0, 0x6, 0x66, 0x66, 0x66, 0x66,
    0x66, 0x63, 0x0, 0x0, 0x0, 0x0, 0x0, 0x0,
    0x0, 0x0, 0x0, 0x0, 0x0, 0x0, 0x0, 0x0,
    0x0, 0x0, 0x0, 0x0, 0x0, 0x0, 0x0, 0x0,
    0x0, 0x0, 0x0, 0x0, 0x0, 0x0, 0x36, 0x66,
    0x66, 0x66, 0x66, 0x66, 0x66, 0x66, 0x64, 0x7f,
    0xff, 0xff, 0xff, 0xff, 0xff, 0xff, 0xff, 0xfa,
    0x0, 0x0, 0x0, 0x0, 0x6f, 0x10, 0x0, 0x0,
    0x0, 0x0, 0x0, 0x10, 0x0, 0x6f, 0x10, 0x0,
    0x0, 0x0, 0x0, 0x0, 0xdc, 0x0, 0x6f, 0x10,
    0x9c, 0x0, 0x0, 0x0, 0x7, 0xf7, 0x0, 0x6f,
    0x10, 0x4f, 0x90, 0x0, 0x0, 0x1e, 0xd0, 0x0,
    0x6f, 0x10, 0x8, 0xf6, 0x0, 0x0, 0xaf, 0x30,
    0x0, 0x6f, 0x10, 0x0, 0xbf, 0x30, 0x6, 0xf8,
    0x0, 0x0, 0x6f, 0x10, 0x0, 0x1e, 0xe1, 0x2f,
    0xd0, 0x0, 0x0, 0x6f, 0x10, 0x0, 0x4, 0xe3,
    0x2, 0x20, 0x0, 0x78, 0xdf, 0x10, 0x0, 0x0,
    0x0, 0x0, 0x0, 0x0, 0x7f, 0xe6, 0x0, 0x0,
    0x0, 0x0, 0x0, 0x0, 0x0, 0x12, 0x0, 0x0,
    0x0, 0x0, 0x0,

    /* U+79BB "离" */
    0x0, 0x0, 0x0, 0x0, 0x1, 0x0, 0x0, 0x0,
    0x0, 0x0, 0x0, 0x0, 0x0, 0xfc, 0x0, 0x0,
    0x0, 0x0, 0x15, 0x55, 0x55, 0x55, 0xcf, 0x65,
    0x55, 0x55, 0x54, 0x4d, 0xcc, 0xcc, 0xcc, 0xcc,
    0xcc, 0xcc, 0xcd, 0xdb, 0x0, 0x0, 0x4, 0x94,
    0x0, 0x1a, 0xd3, 0x0, 0x0, 0x0, 0x7c, 0x5,
    0x9e, 0xea, 0xfc, 0x40, 0xb, 0x50, 0x0, 0x8e,
    0x0, 0x27, 0xee, 0xfd, 0x60, 0xf, 0x60, 0x0,
    0x8e, 0xb, 0xfc, 0x50, 0x29, 0xfc, 0xf, 0x60,
    0x0, 0x8e, 0x35, 0x63, 0x33, 0x33, 0x64, 0x3f,
    0x60, 0x0, 0x8f, 0xff, 0xff, 0xff, 0xff, 0xff,
    0xff, 0x60, 0x0, 0x0, 0x0, 0x0, 0xd7, 0x0,
    0x0, 0x0, 0x0, 0x2, 0x33, 0x33, 0x38, 0xf8,
    0x33, 0x33, 0x33, 0x31, 0xb, 0xff, 0xff, 0xff,
    0xff, 0xff, 0xff, 0xff, 0xf6, 0xa, 0xb0, 0x0,
    0x9e, 0x10, 0x1, 0x60, 0x0, 0xf6, 0xa, 0xb0,
    0x8, 0xf4, 0x0, 0x7, 0xf5, 0x0, 0xf6, 0xa,
    0xb0, 0x6f, 0xe8, 0xab, 0xde, 0xfe, 0x10, 0xf6,
    0xa, 0xb0, 0x3f, 0xda, 0x85, 0x42, 0x2b, 0x20,
    0xf6, 0xb, 0xb0, 0x0, 0x0, 0x0, 0x0, 0x1,
    0x9a, 0xf6, 0xb, 0xb0, 0x0, 0x0, 0x0, 0x0,
    0x0, 0xdf, 0xc1, 0x0, 0x0, 0x0, 0x0, 0x0,
    0x0, 0x0, 0x0, 0x0,

    /* U+7B49 "等" */
    0x0, 0x3, 0x82, 0x0, 0x0, 0x0, 0x53, 0x0,
    0x0, 0x0, 0x0, 0xb, 0xf2, 0x0, 0x0, 0x1,
    0xfb, 0x0, 0x0, 0x0, 0x0, 0x4f, 0xff, 0xff,
    0xff, 0x39, 0xfe, 0xee, 0xee, 0xe2, 0x1, 0xed,
    0x26, 0xf7, 0x22, 0x6f, 0x83, 0x5f, 0x94, 0x40,
    0xc, 0xf2, 0x0, 0xec, 0x7, 0xa8, 0x0, 0xb,
    0xf1, 0x0, 0x1, 0x30, 0x0, 0x20, 0xe, 0xb0,
    0x0, 0x3, 0x71, 0x0, 0x0, 0xb, 0xff, 0xff,
    0xff, 0xff, 0xff, 0xff, 0xb0, 0x0, 0x0, 0x3,
    0x43, 0x33, 0x3e, 0xc3, 0x33, 0x33, 0x30, 0x0,
    0x0, 0x0, 0x0, 0x0, 0xd, 0xb0, 0x0, 0x0,
    0x0, 0x0, 0x26, 0x66, 0x66, 0x66, 0x6e, 0xd6,
    0x66, 0x66, 0x66, 0x61, 0x5e, 0xee, 0xee, 0xee,
    0xee, 0xee, 0xef, 0xfe, 0xee, 0xf2, 0x0, 0x0,
    0x0, 0x0, 0x0, 0x0, 0xf, 0xb0, 0x0, 0x0,
    0x0, 0x34, 0x33, 0x33, 0x33, 0x33, 0x3f, 0xc3,
    0x34, 0x0, 0x0, 0xdf, 0xff, 0xff, 0xff, 0xff,
    0xff, 0xff, 0xff, 0x0, 0x0, 0x10, 0x7, 0x50,
    0x0, 0x0, 0xf, 0xb0, 0x11, 0x0, 0x0, 0x0,
    0xd, 0xf2, 0x0, 0x0, 0xf, 0xb0, 0x0, 0x0,
    0x0, 0x0, 0x1, 0xfc, 0x0, 0x0, 0xf, 0xa0,
    0x0, 0x0, 0x0, 0x0, 0x0, 0x42, 0x0, 0x4b,
    0xdf, 0x90, 0x0, 0x0, 0x0, 0x0, 0x0, 0x0,
    0x0, 0xd, 0xb7, 0x0, 0x0, 0x0,

    /* U+7EBF "线" */
    0x0, 0x0, 0x0, 0x0, 0x0, 0x0, 0x0, 0x0,
    0x0, 0x0, 0x0, 0x0, 0xd8, 0x0, 0x0, 0x6e,
    0x70, 0x10, 0x0, 0x0, 0x0, 0x5, 0xf7, 0x0,
    0x0, 0x5f, 0x61, 0xe8, 0x0, 0x0, 0x0, 0xd,
    0xb0, 0x0, 0x0, 0x3f, 0x50, 0x7f, 0x30, 0x0,
    0x0, 0x5f, 0x20, 0x73, 0x0, 0x3f, 0x50, 0x3,
    0x13, 0x0, 0x1, 0xe8, 0x3, 0xfc, 0x0, 0x3f,
    0x87, 0xad, 0xfd, 0x0, 0x1d, 0xd2, 0x2b, 0xe3,
    0x8b, 0xef, 0xfc, 0x96, 0x42, 0x0, 0x2f, 0xff,
    0xff, 0x51, 0xea, 0x7f, 0x60, 0x0, 0x0, 0x0,
    0x6, 0x41, 0xbb, 0x0, 0x0, 0xf, 0x70, 0x25,
    0x9d, 0xb0, 0x0, 0x4, 0xf2, 0x0, 0x24, 0x7f,
    0xef, 0xff, 0xc9, 0x50, 0x0, 0x1e, 0x70, 0x0,
    0xff, 0xdd, 0xe5, 0x20, 0x30, 0x0, 0x3, 0xde,
    0x56, 0x73, 0x30, 0x6, 0xf0, 0x9, 0xf7, 0x0,
    0x8, 0xff, 0xfe, 0xd3, 0x0, 0x3, 0xf4, 0x8f,
    0xb1, 0x0, 0x2, 0x52, 0x0, 0x0, 0x0, 0x0,
    0xee, 0xfa, 0x0, 0x0, 0x0, 0x0, 0x2, 0x69,
    0x0, 0x1, 0xcf, 0xb0, 0x0, 0x0, 0x8, 0xac,
    0xff, 0xeb, 0x0, 0x3d, 0xfd, 0xe1, 0x5, 0x81,
    0xa, 0xfa, 0x62, 0x0, 0x2a, 0xfd, 0x22, 0xfd,
    0x3b, 0xf2, 0x1, 0x0, 0x0, 0x5, 0xff, 0x80,
    0x0, 0x3e, 0xff, 0x90, 0x0, 0x0, 0x0, 0x0,
    0x72, 0x0, 0x0, 0x2, 0xa9, 0x0, 0x0, 0x0,
    0x0, 0x0, 0x0, 0x0, 0x0, 0x0, 0x0, 0x0,

    /* U+7EDC "络" */
    0x0, 0x0, 0x0, 0x0, 0x0, 0x11, 0x0, 0x0,
    0x0, 0x0, 0x0, 0x1, 0x60, 0x0, 0x0, 0x6f,
    0x60, 0x0, 0x0, 0x0, 0x0, 0x5, 0xf7, 0x0,
    0x0, 0xbe, 0x0, 0x0, 0x0, 0x0, 0x0, 0xb,
    0xe0, 0x0, 0x1, 0xff, 0xff, 0xff, 0xfb, 0x0,
    0x0, 0x2f, 0x60, 0x20, 0x9, 0xfb, 0x44, 0x4b,
    0xf4, 0x0, 0x0, 0x9e, 0x1, 0xf7, 0x1f, 0xfe,
    0x0, 0x1f, 0xb0, 0x0, 0x2, 0xf6, 0x7, 0xf3,
    0xbe, 0x3f, 0x70, 0x9f, 0x20, 0x0, 0x1d, 0xf5,
    0x5e, 0x93, 0xf5, 0xa, 0xf6, 0xf7, 0x0, 0x0,
    0xf, 0xfd, 0xef, 0x10, 0x20, 0x1, 0xff, 0xb0,
    0x0, 0x0, 0x2, 0x0, 0xe7, 0x0, 0x0, 0x3b,
    0xff, 0xe7, 0x10, 0x0, 0x0, 0x8, 0xd0, 0x2,
    0x7c, 0xfc, 0x30, 0x8f, 0xfc, 0x81, 0x0, 0x4f,
    0x40, 0x26, 0xfe, 0x94, 0x44, 0x45, 0xbe, 0xe0,
    0x4, 0xff, 0xdf, 0xf2, 0x28, 0xff, 0xff, 0xff,
    0xf2, 0x10, 0x4, 0xeb, 0x86, 0x40, 0x7, 0xf0,
    0x0, 0x6, 0xf0, 0x0, 0x0, 0x0, 0x0, 0x1,
    0x7, 0xf0, 0x0, 0x6, 0xf0, 0x0, 0x0, 0x14,
    0x7b, 0xf8, 0x7, 0xf0, 0x0, 0x6, 0xf0, 0x0,
    0x7, 0xff, 0xe9, 0x40, 0x7, 0xfe, 0xee, 0xef,
    0xf0, 0x0, 0x2, 0xc5, 0x0, 0x0, 0x7, 0xf5,
    0x55, 0x59, 0xf0, 0x0, 0x0, 0x0, 0x0, 0x0,
    0x8, 0xf0, 0x0, 0x6, 0xf1, 0x0, 0x0, 0x0,
    0x0, 0x0, 0x1, 0x20, 0x0, 0x0, 0x0, 0x0,

    /* U+7F13 "缓" */
    0x0, 0x0, 0x0, 0x0, 0x0, 0x0, 0x0, 0x0,
    0x0, 0x0, 0x0, 0x9b, 0x10, 0x0, 0x12, 0x34,
    0x67, 0xae, 0x70, 0x0, 0xd, 0xe0, 0x5, 0xff,
    0xff, 0xfd, 0xca, 0x86, 0x0, 0x4, 0xf5, 0x0,
    0x5, 0x52, 0x46, 0x0, 0x84, 0x0, 0x0, 0xbc,
    0x0, 0xa1, 0x7e, 0x8, 0xf1, 0x1f, 0x90, 0x0,
    0x4f, 0x40, 0x6f, 0x83, 0xf2, 0x4f, 0x47, 0xf1,
    0x0, 0x1e, 0xf8, 0x7e, 0x91, 0x47, 0x33, 0x33,
    0xdb, 0x33, 0x0, 0xec, 0xaf, 0xc0, 0x3e, 0xee,
    0xfe, 0xee, 0xee, 0xb0, 0x0, 0x6, 0xf2, 0x0,
    0x0, 0x4f, 0x20, 0x0, 0x0, 0x0, 0x3, 0xf6,
    0x0, 0xef, 0xff, 0xff, 0xff, 0xff, 0xf7, 0x1,
    0xea, 0x0, 0x4, 0x33, 0xf9, 0x33, 0x33, 0x34,
    0x20, 0xef, 0xef, 0xf3, 0x0, 0x4f, 0x52, 0x22,
    0x22, 0x0, 0xa, 0xb9, 0x87, 0x10, 0xb, 0xff,
    0xff, 0xff, 0xe1, 0x0, 0x0, 0x0, 0x0, 0x5,
    0xff, 0x50, 0x3, 0xf6, 0x0, 0x0, 0x25, 0x8b,
    0x91, 0xe9, 0x5f, 0x30, 0xdb, 0x0, 0x3, 0xff,
    0xfe, 0xb7, 0xde, 0x10, 0xaf, 0xbe, 0x10, 0x0,
    0xa, 0x62, 0x1, 0xdf, 0x30, 0x5, 0xff, 0xc4,
    0x0, 0x0, 0x0, 0x0, 0x5f, 0x42, 0x7d, 0xf9,
    0x5d, 0xff, 0xe4, 0x0, 0x0, 0x0, 0x10, 0x2e,
    0x92, 0x0, 0x3, 0x8b, 0x0, 0x0, 0x0, 0x0,
    0x0, 0x0, 0x0, 0x0, 0x0, 0x0,

    /* U+7F51 "网" */
    0x15, 0x55, 0x55, 0x55, 0x55, 0x55, 0x55, 0x55,
    0x51, 0x2f, 0xff, 0xff, 0xff, 0xff, 0xff, 0xff,
    0xff, 0xf2, 0x1f, 0x70, 0x0, 0x0, 0x0, 0x0,
    0x0, 0x7, 0xf1, 0x1f, 0x70, 0x0, 0x5, 0x40,
    0x0, 0x6, 0x7, 0xf1, 0x1f, 0x77, 0x80, 0xb,
    0xe1, 0x0, 0x1f, 0x97, 0xf1, 0x1f, 0x78, 0xf2,
    0xf, 0x88, 0xa0, 0x5f, 0x37, 0xf1, 0x1f, 0x70,
    0xdb, 0x3f, 0x38, 0xf3, 0xad, 0x7, 0xf1, 0x1f,
    0x70, 0x4f, 0xcd, 0x0, 0xdb, 0xe8, 0x7, 0xf1,
    0x1f, 0x70, 0xb, 0xf8, 0x0, 0x5f, 0xf2, 0x7,
    0xf1, 0x1f, 0x70, 0x7, 0xf7, 0x0, 0xe, 0xe0,
    0x7, 0xf1, 0x1f, 0x70, 0xe, 0xff, 0x10, 0x4f,
    0xf5, 0x7, 0xf1, 0x1f, 0x70, 0x6f, 0x4f, 0xa0,
    0xdc, 0xdd, 0x7, 0xf1, 0x1f, 0x71, 0xe9, 0x8,
    0x69, 0xf3, 0x5f, 0x67, 0xf1, 0x1f, 0x7a, 0xf1,
    0x0, 0x6f, 0x90, 0xc, 0x77, 0xf1, 0x1f, 0x8b,
    0x60, 0x0, 0x8d, 0x0, 0x0, 0x7, 0xf1, 0x1f,
    0x70, 0x0, 0x0, 0x0, 0x0, 0x0, 0x8, 0xf1,
    0x1f, 0x70, 0x0, 0x0, 0x0, 0x0, 0x8, 0xbf,
    0xf0, 0x3f, 0x70, 0x0, 0x0, 0x0, 0x0, 0x5,
    0xeb, 0x60,

    /* U+7F6E "置" */
    0x0, 0x44, 0x44, 0x44, 0x44, 0x44, 0x44, 0x44,
    0x10, 0x2, 0xfd, 0xcc, 0xed, 0xcc, 0xdf, 0xcc,
    0xcf, 0x60, 0x1, 0xf6, 0x0, 0xa7, 0x0, 0x7d,
    0x0, 0x2f, 0x50, 0x2, 0xff, 0xff, 0xff, 0xff,
    0xff, 0xff, 0xff, 0x60, 0x0, 0x11, 0x11, 0x11,
    0x66, 0x11, 0x11, 0x11, 0x0, 0x5, 0x54, 0x44,
    0x44, 0xcf, 0x54, 0x44, 0x45, 0x40, 0xe, 0xee,
    0xee, 0xee, 0xff, 0xee, 0xee, 0xee, 0xb0, 0x0,
    0x1, 0x22, 0x22, 0xf9, 0x22, 0x22, 0x10, 0x0,
    0x0, 0x8, 0xff, 0xff, 0xff, 0xff, 0xff, 0x90,
    0x0, 0x0, 0x7, 0xc0, 0x0, 0x0, 0x0, 0xb,
    0x90, 0x0, 0x0, 0x7, 0xff, 0xff, 0xff, 0xff,
    0xff, 0x80, 0x0, 0x0, 0x7, 0xc0, 0x0, 0x0,
    0x0, 0xb, 0x80, 0x0, 0x0, 0x7, 0xff, 0xff,
    0xff, 0xff, 0xff, 0x80, 0x0, 0x0, 0x7, 0xd3,
    0x33, 0x33, 0x33, 0x3c, 0x80, 0x0, 0x0, 0x7,
    0xff, 0xff, 0xff, 0xff, 0xff, 0x80, 0x0, 0x0,
    0x7, 0xc0, 0x0, 0x0, 0x0, 0xb, 0x80, 0x0,
    0xcf, 0xff, 0xff, 0xff, 0xff, 0xff, 0xff, 0xff,
    0xfd, 0x11, 0x11, 0x11, 0x11, 0x11, 0x11, 0x11,
    0x11, 0x11,

    /* U+85CF "藏" */
    0x0, 0x0, 0x0, 0x28, 0x10, 0x4, 0xa0, 0x0,
    0x0, 0x0, 0x0, 0x0, 0x0, 0x3f, 0x20, 0x6,
    0xf0, 0x0, 0x0, 0x0, 0x7, 0xed, 0xdd, 0xdf,
    0xdd, 0xde, 0xfd, 0xdd, 0xde, 0xa0, 0x3, 0x54,
    0x44, 0x6f, 0x54, 0x48, 0xf4, 0x44, 0xa5, 0x40,
    0x0, 0x0, 0x0, 0x29, 0x10, 0x1, 0x58, 0x32,
    0xf8, 0x0, 0x2, 0xd1, 0x1, 0x11, 0x11, 0x11,
    0x2f, 0x71, 0x73, 0x10, 0x2, 0xf1, 0x6f, 0xff,
    0xff, 0xff, 0xff, 0xff, 0xff, 0x80, 0x2, 0xf0,
    0x6f, 0x3, 0x33, 0x33, 0x1d, 0x70, 0x0, 0x0,
    0x2, 0xfe, 0xef, 0xf, 0xff, 0xff, 0x6b, 0x90,
    0x69, 0x10, 0x1, 0x55, 0x9f, 0xf, 0x45, 0xf0,
    0x9, 0xb0, 0x9f, 0x0, 0x0, 0x0, 0x6f, 0xf,
    0x66, 0xf2, 0x17, 0xd0, 0xcb, 0x0, 0x19, 0x88,
    0xbf, 0xf, 0xff, 0xff, 0x84, 0xf1, 0xf6, 0x0,
    0x1a, 0xfc, 0xcf, 0xf, 0x40, 0xc, 0x81, 0xf9,
    0xf1, 0x0, 0x0, 0xe6, 0x7e, 0xf, 0xff, 0xff,
    0x80, 0xcf, 0xa0, 0x0, 0x1, 0xf3, 0x9d, 0xf,
    0x66, 0xf2, 0x10, 0x9f, 0x40, 0x0, 0x6, 0xf0,
    0xca, 0xf, 0x77, 0xf3, 0x13, 0xff, 0x70, 0x40,
    0x1e, 0x91, 0xf6, 0xf, 0xff, 0xff, 0xbe, 0xc9,
    0xf4, 0xf3, 0x19, 0x17, 0xf1, 0x0, 0x0, 0x9,
    0xfb, 0x1, 0xdf, 0xf0, 0x0, 0xc, 0xb0, 0x0,
    0x0, 0x9, 0x80, 0x0, 0x2c, 0x90, 0x0, 0x0,
    0x10, 0x0, 0x0, 0x0, 0x0, 0x0, 0x0, 0x0,

    /* U+89C8 "览" */
    0x0, 0x0, 0x0, 0x0, 0x0, 0x2, 0x0, 0x0,
    0x0, 0x0, 0x0, 0x37, 0x0, 0x8e, 0x0, 0xb,
    0xe1, 0x0, 0x0, 0x0, 0x0, 0x7f, 0x10, 0x8f,
    0x0, 0xf, 0x90, 0x0, 0x0, 0x0, 0x0, 0x6f,
    0x0, 0x7e, 0x0, 0x5f, 0xdd, 0xdd, 0xdd, 0xb0,
    0x0, 0x6f, 0x0, 0x7e, 0x0, 0xdd, 0x77, 0x77,
    0x77, 0x70, 0x0, 0x6f, 0x0, 0x7e, 0x5, 0xf4,
    0xb, 0x70, 0x0, 0x0, 0x0, 0x7f, 0x0, 0x8f,
    0xd, 0xc0, 0x8, 0xfb, 0x10, 0x0, 0x0, 0x7f,
    0x10, 0x8f, 0x0, 0x10, 0x0, 0x5f, 0xa0, 0x0,
    0x0, 0x0, 0x0, 0x23, 0x0, 0x0, 0x0, 0x2,
    0x0, 0x0, 0x0, 0x0, 0xef, 0xff, 0xff, 0xff,
    0xff, 0xf6, 0x0, 0x0, 0x0, 0x0, 0xec, 0x33,
    0x33, 0x33, 0x34, 0xf5, 0x0, 0x0, 0x0, 0x0,
    0xdb, 0x0, 0x32, 0x0, 0x1, 0xf5, 0x0, 0x0,
    0x0, 0x0, 0xdb, 0x0, 0x9f, 0x30, 0x1, 0xf5,
    0x0, 0x0, 0x0, 0x0, 0xdb, 0x0, 0xdd, 0x1,
    0x1, 0xf5, 0x0, 0x0, 0x0, 0x0, 0xfb, 0x4,
    0xf7, 0x8f, 0x1, 0xe5, 0x0, 0x0, 0x0, 0x0,
    0x32, 0x1e, 0xe0, 0x7e, 0x0, 0x0, 0x5, 0x70,
    0x0, 0x0, 0x3, 0xdf, 0x30, 0x7f, 0x0, 0x0,
    0x7, 0xf4, 0x0, 0x36, 0xbf, 0xd3, 0x0, 0x7f,
    0x62, 0x22, 0x5e, 0xe0, 0xa, 0xff, 0xe7, 0x0,
    0x0, 0x1c, 0xff, 0xff, 0xfd, 0x40, 0x1, 0x73,
    0x0, 0x0, 0x0, 0x0, 0x0, 0x0, 0x0, 0x0,

    /* U+8BBE "设" */
    0x0, 0x0, 0x0, 0x0, 0x0, 0x0, 0x0, 0x0,
    0x0, 0x0, 0x0, 0x5c, 0x10, 0x0, 0x14, 0x44,
    0x44, 0x40, 0x0, 0x0, 0x0, 0x4f, 0xc0, 0x0,
    0x4f, 0xff, 0xff, 0xf1, 0x0, 0x0, 0x0, 0x5,
    0xfb, 0x0, 0x4f, 0x30, 0x7, 0xf1, 0x0, 0x0,
    0x0, 0x0, 0x7a, 0x0, 0x6f, 0x10, 0x7, 0xf1,
    0x0, 0x0, 0x0, 0x0, 0x0, 0x0, 0xae, 0x0,
    0x7, 0xf1, 0x0, 0x0, 0x3, 0x22, 0x20, 0x3,
    0xf9, 0x0, 0x7, 0xf6, 0x23, 0x20, 0x2f, 0xff,
    0xf2, 0x4e, 0xd0, 0x0, 0x5, 0xff, 0xff, 0x70,
    0x3, 0x27, 0xf1, 0x8, 0x10, 0x0, 0x0, 0x23,
    0x33, 0x10, 0x0, 0x6, 0xf1, 0xe, 0xff, 0xff,
    0xff, 0xff, 0x90, 0x0, 0x0, 0x6, 0xf1, 0x4,
    0xaf, 0x54, 0x44, 0xaf, 0x30, 0x0, 0x0, 0x6,
    0xf1, 0x0, 0x3f, 0x40, 0x0, 0xec, 0x0, 0x0,
    0x0, 0x6, 0xf1, 0x0, 0xc, 0xc0, 0x6, 0xf4,
    0x0, 0x0, 0x0, 0x6, 0xf1, 0xb1, 0x3, 0xf7,
    0x2f, 0xb0, 0x0, 0x0, 0x0, 0x6, 0xfc, 0xf5,
    0x0, 0x9f, 0xee, 0x10, 0x0, 0x0, 0x0, 0x7,
    0xff, 0x70, 0x0, 0x3f, 0xf9, 0x0, 0x0, 0x0,
    0x0, 0xd, 0xf7, 0x0, 0x19, 0xfc, 0x9f, 0xd7,
    0x20, 0x0, 0x0, 0x5, 0xa1, 0x6b, 0xfe, 0x50,
    0x2, 0xaf, 0xff, 0xa0, 0x0, 0x0, 0x0, 0x9b,
    0x50, 0x0, 0x0, 0x1, 0x6a, 0x30,

    /* U+8BF4 "说" */
    0x0, 0x0, 0x0, 0x0, 0x0, 0x0, 0x0, 0x10,
    0x0, 0x0, 0x58, 0x0, 0x0, 0x8b, 0x0, 0x0,
    0x3f, 0x80, 0x0, 0x8, 0xfb, 0x0, 0x3, 0xf5,
    0x0, 0x8, 0xf4, 0x0, 0x0, 0x7, 0xfc, 0x0,
    0xa, 0xe0, 0x0, 0xec, 0x0, 0x0, 0x0, 0x7,
    0x90, 0x0, 0x3b, 0x10, 0x4f, 0x40, 0x0, 0x0,
    0x0, 0x0, 0x0, 0xcc, 0xcc, 0xce, 0xfc, 0xc6,
    0x0, 0x66, 0x65, 0x0, 0xf, 0xb7, 0x77, 0x77,
    0x7f, 0x70, 0xe, 0xff, 0xf0, 0x0, 0xf7, 0x0,
    0x0, 0x0, 0xf6, 0x0, 0x0, 0x7e, 0x0, 0xf,
    0x70, 0x0, 0x0, 0xf, 0x60, 0x0, 0x7, 0xe0,
    0x0, 0xf7, 0x0, 0x0, 0x0, 0xf6, 0x0, 0x0,
    0x7e, 0x0, 0xf, 0xff, 0xff, 0xff, 0xff, 0x70,
    0x0, 0x7, 0xe0, 0x0, 0x44, 0xdc, 0x4a, 0xf4,
    0x42, 0x0, 0x0, 0x7e, 0x0, 0x0, 0xe, 0x90,
    0x7e, 0x0, 0x0, 0x0, 0x7, 0xe0, 0x68, 0x1,
    0xf7, 0x7, 0xe0, 0x0, 0x0, 0x0, 0x7e, 0x5f,
    0xc0, 0x5f, 0x30, 0x7e, 0x0, 0x0, 0x0, 0x8,
    0xff, 0xc0, 0xc, 0xe0, 0x7, 0xe0, 0x2, 0x30,
    0x0, 0xcf, 0xc0, 0x7, 0xf7, 0x0, 0x7e, 0x0,
    0x6f, 0x60, 0x7, 0xc0, 0x7, 0xfc, 0x0, 0x7,
    0xf7, 0x6d, 0xf2, 0x0, 0x0, 0x2c, 0xfb, 0x0,
    0x0, 0x2e, 0xff, 0xf7, 0x0, 0x0, 0x0, 0x58,
    0x0, 0x0, 0x0, 0x0, 0x0, 0x0,

    /* U+8C61 "象" */
    0x0, 0x0, 0x0, 0x66, 0x10, 0x0, 0x0, 0x0,
    0x0, 0x0, 0x0, 0x0, 0x2, 0xfd, 0x20, 0x0,
    0x0, 0x0, 0x0, 0x0, 0x0, 0x0, 0x1d, 0xfe,
    0xdd, 0xdd, 0xdd, 0x40, 0x0, 0x0, 0x0, 0x2,
    0xde, 0x44, 0x44, 0x48, 0xfa, 0x0, 0x0, 0x0,
    0x0, 0x4e, 0xd2, 0x0, 0x0, 0xd, 0xd0, 0x0,
    0x0, 0x0, 0x9, 0xff, 0xff, 0xff, 0xff, 0xff,
    0xff, 0xff, 0xe0, 0x0, 0x1, 0x8a, 0xe2, 0x22,
    0x2b, 0xd2, 0x22, 0x29, 0xe0, 0x0, 0x0, 0xa,
    0xe0, 0x0, 0x1f, 0x60, 0x0, 0x9, 0xe0, 0x0,
    0x0, 0xb, 0xff, 0xff, 0xff, 0xff, 0xff, 0xff,
    0xf0, 0x0, 0x0, 0x1, 0x22, 0x6e, 0xf6, 0x22,
    0x22, 0x44, 0x20, 0x0, 0x0, 0x1, 0x6c, 0xfb,
    0xcd, 0x10, 0x2, 0xee, 0x10, 0x0, 0x0, 0xcf,
    0xfb, 0x32, 0xcf, 0xc0, 0x7f, 0xd3, 0x0, 0x0,
    0x0, 0x36, 0x10, 0x6f, 0xc4, 0xff, 0xff, 0x30,
    0x0, 0x0, 0x0, 0x3, 0x7d, 0xf7, 0x8, 0xff,
    0x1b, 0xc0, 0x0, 0x0, 0x4, 0xff, 0xd7, 0x12,
    0xbf, 0xaf, 0x12, 0xf9, 0x0, 0x0, 0x0, 0x63,
    0x1, 0x9f, 0xb2, 0x5f, 0x20, 0x6f, 0xb4, 0x0,
    0x0, 0x26, 0xbf, 0xb4, 0x0, 0x9f, 0x10, 0x5,
    0xff, 0xd1, 0x2, 0xff, 0x92, 0x1, 0xac, 0xfb,
    0x0, 0x0, 0x19, 0x50, 0x0, 0x20, 0x0, 0x0,
    0xcc, 0x70, 0x0, 0x0, 0x0, 0x0,

    /* U+8D25 "败" */
    0x0, 0x0, 0x0, 0x0, 0x0, 0x0, 0x6a, 0x20,
    0x0, 0x0, 0x0, 0x33, 0x33, 0x33, 0x31, 0x0,
    0xaf, 0x0, 0x0, 0x0, 0x0, 0xff, 0xff, 0xff,
    0xf7, 0x0, 0xe9, 0x0, 0x0, 0x0, 0x0, 0xf7,
    0x0, 0x0, 0xe6, 0x3, 0xf6, 0x33, 0x33, 0x30,
    0x0, 0xf7, 0x9, 0x50, 0xe6, 0x8, 0xff, 0xff,
    0xff, 0xf1, 0x0, 0xf7, 0xe, 0x80, 0xe6, 0xe,
    0x80, 0x2, 0xf3, 0x0, 0x0, 0xf7, 0xe, 0x80,
    0xe6, 0x7f, 0x70, 0x4, 0xf1, 0x0, 0x0, 0xf7,
    0xe, 0x70, 0xe8, 0xff, 0xa0, 0x5, 0xf0, 0x0,
    0x0, 0xf7, 0xe, 0x70, 0xe7, 0x98, 0xd0, 0x7,
    0xd0, 0x0, 0x0, 0xf7, 0xf, 0x60, 0xe6, 0x3,
    0xf1, 0xa, 0xb0, 0x0, 0x0, 0xf7, 0xf, 0x50,
    0xe6, 0x0, 0xf6, 0xe, 0x70, 0x0, 0x0, 0xf7,
    0x2f, 0x20, 0xe7, 0x0, 0xac, 0x3f, 0x30, 0x0,
    0x0, 0x83, 0x6f, 0x0, 0x63, 0x0, 0x3f, 0xcd,
    0x0, 0x0, 0x0, 0x0, 0xc9, 0x8a, 0x0, 0x0,
    0xc, 0xf6, 0x0, 0x0, 0x0, 0x8, 0xf2, 0x3f,
    0x90, 0x0, 0x3e, 0xf8, 0x0, 0x0, 0x0, 0x9f,
    0x60, 0x5, 0xf7, 0x5, 0xfb, 0x8f, 0x90, 0x0,
    0x1c, 0xf7, 0x0, 0x0, 0x84, 0xbf, 0x90, 0x7,
    0xfd, 0x50, 0x5, 0x40, 0x0, 0x0, 0xc, 0xe4,
    0x0, 0x0, 0x4d, 0xb0, 0x0, 0x0, 0x0, 0x0,
    0x1, 0x0, 0x0, 0x0, 0x0, 0x0,

    /* U+8FDE "连" */
    0x0, 0x0, 0x0, 0x0, 0x0, 0x0, 0x0, 0x0,
    0x0, 0x0, 0x0, 0x0, 0x0, 0x0, 0x0, 0x6b,
    0x30, 0x0, 0x0, 0x0, 0x1, 0xd9, 0x0, 0x0,
    0x0, 0xbe, 0x0, 0x0, 0x0, 0x0, 0x0, 0x9f,
    0x40, 0x66, 0x66, 0xfb, 0x66, 0x66, 0x66, 0x10,
    0x0, 0xd, 0xd0, 0xde, 0xdf, 0xfd, 0xdd, 0xdd,
    0xde, 0x20, 0x0, 0x4, 0xe3, 0x0, 0x2f, 0x60,
    0x73, 0x0, 0x0, 0x0, 0x0, 0x0, 0x0, 0x0,
    0xcc, 0x0, 0xf7, 0x0, 0x0, 0x0, 0x2, 0x22,
    0x20, 0xa, 0xf4, 0x22, 0xf8, 0x22, 0x21, 0x0,
    0xc, 0xff, 0xf0, 0xf, 0xff, 0xff, 0xff, 0xff,
    0xf9, 0x0, 0x2, 0x29, 0xf0, 0x3, 0x21, 0x11,
    0xf7, 0x12, 0x22, 0x0, 0x0, 0x9, 0xf0, 0x0,
    0x0, 0x0, 0xf6, 0x0, 0x0, 0x0, 0x0, 0x9,
    0xf0, 0x55, 0x54, 0x44, 0xf9, 0x44, 0x44, 0x30,
    0x0, 0x9, 0xf0, 0xef, 0xff, 0xff, 0xff, 0xff,
    0xff, 0x90, 0x0, 0x9, 0xf0, 0x0, 0x0, 0x0,
    0xf6, 0x0, 0x0, 0x0, 0x0, 0x9, 0xf0, 0x0,
    0x0, 0x0, 0xf6, 0x0, 0x0, 0x0, 0x0, 0xb,
    0xf5, 0x0, 0x0, 0x0, 0xf7, 0x0, 0x0, 0x0,
    0x0, 0xaf, 0xff, 0xa3, 0x0, 0x0, 0xc6, 0x0,
    0x0, 0x0, 0xb, 0xf8, 0x16, 0xef, 0xea, 0x98,
    0x77, 0x88, 0x9a, 0xb1, 0x6, 0x80, 0x0, 0x4,
    0x8b, 0xde, 0xff, 0xff, 0xff, 0xc0,

    /* U+9000 "退" */
    0x0, 0x0, 0x0, 0x0, 0x0, 0x0, 0x0, 0x0,
    0x0, 0x0, 0x0, 0x4d, 0x50, 0x8, 0xff, 0xff,
    0xff, 0xff, 0xf2, 0x0, 0x0, 0x1f, 0xb0, 0x8,
    0xf5, 0x55, 0x55, 0x59, 0xf2, 0x0, 0x0, 0xa,
    0xf1, 0x7, 0xf1, 0x0, 0x0, 0x6, 0xf1, 0x0,
    0x0, 0x5, 0xf5, 0x7, 0xff, 0xff, 0xff, 0xff,
    0xf1, 0x0, 0x0, 0x0, 0x0, 0x7, 0xf6, 0x66,
    0x66, 0x69, 0xf1, 0x0, 0x0, 0x0, 0x0, 0x7,
    0xf1, 0x0, 0x0, 0x6, 0xf2, 0x0, 0x6, 0x88,
    0x80, 0x7, 0xff, 0xff, 0xff, 0xff, 0xf2, 0x0,
    0xc, 0xff, 0xf0, 0x7, 0xf7, 0x66, 0x66, 0x66,
    0x71, 0x0, 0x0, 0x9, 0xf0, 0x7, 0xf1, 0x17,
    0x0, 0x1, 0xe8, 0x0, 0x0, 0x9, 0xe0, 0x7,
    0xf1, 0x7f, 0xd3, 0xc, 0xf7, 0x0, 0x0, 0x9,
    0xe0, 0x7, 0xf1, 0x6, 0xff, 0xce, 0x30, 0x0,
    0x0, 0x9, 0xe0, 0x7, 0xf1, 0x3, 0x3e, 0xfb,
    0x0, 0x0, 0x0, 0x9, 0xe0, 0x8, 0xf4, 0xbf,
    0x11, 0xcf, 0xd2, 0x0, 0x0, 0x9, 0xe0, 0xc,
    0xff, 0xf9, 0x10, 0x9, 0xff, 0x40, 0x0, 0x9,
    0xf4, 0xd, 0xfa, 0x20, 0x0, 0x0, 0x7c, 0x0,
    0x0, 0x8f, 0xff, 0xa7, 0x30, 0x0, 0x0, 0x0,
    0x0, 0x11, 0xb, 0xfc, 0x59, 0xff, 0xfc, 0xaa,
    0x9a, 0xab, 0xdf, 0xf1, 0x8, 0xb0, 0x0, 0x5,
    0x9b, 0xde, 0xff, 0xfe, 0xdc, 0xb0, 0x0, 0x0,
    0x0, 0x0, 0x0, 0x0, 0x0, 0x0, 0x0, 0x0,

    /* U+907F "避" */
    0x0, 0x0, 0x0, 0x0, 0x0, 0x0, 0x0, 0x44,
    0x0, 0x0, 0x0, 0x40, 0x0, 0x33, 0x33, 0x30,
    0x0, 0xfb, 0x0, 0x0, 0x7, 0xf5, 0x3, 0xff,
    0xff, 0xf1, 0x43, 0xde, 0x34, 0x10, 0x0, 0xee,
    0x3, 0xf5, 0x17, 0xf4, 0xff, 0xff, 0xff, 0x60,
    0x0, 0x6f, 0x52, 0xf4, 0x6, 0xf0, 0x25, 0x11,
    0x76, 0x10, 0x0, 0x4, 0x2, 0xf4, 0x6, 0xf0,
    0x7f, 0x20, 0xdd, 0x0, 0x0, 0x0, 0x3, 0xff,
    0xff, 0xf0, 0xe, 0xa0, 0xf7, 0x0, 0x27, 0x76,
    0x23, 0xf6, 0x55, 0x50, 0x18, 0x64, 0xf3, 0x10,
    0x4f, 0xff, 0x45, 0xf1, 0x0, 0x5, 0xff, 0xff,
    0xff, 0xd0, 0x2, 0x3f, 0x37, 0xf5, 0x55, 0x53,
    0x87, 0xcf, 0x78, 0x60, 0x0, 0x1f, 0x3a, 0xff,
    0xee, 0xf2, 0x0, 0x9e, 0x0, 0x0, 0x0, 0x1f,
    0x3f, 0xcf, 0x23, 0xf3, 0x55, 0xbf, 0x55, 0x20,
    0x0, 0x1f, 0x9f, 0x7f, 0x23, 0xf4, 0xfe, 0xff,
    0xee, 0x60, 0x0, 0x1f, 0xfc, 0x4f, 0x23, 0xf1,
    0x0, 0x9e, 0x0, 0x0, 0x0, 0x1f, 0x64, 0x5f,
    0xff, 0xf2, 0x0, 0x9e, 0x0, 0x0, 0x0, 0x5f,
    0xc1, 0x26, 0x66, 0x60, 0x0, 0x9e, 0x0, 0x0,
    0x1, 0xef, 0xfe, 0x70, 0x0, 0x0, 0x0, 0x7a,
    0x0, 0x0, 0xc, 0xf4, 0x3b, 0xff, 0xc9, 0x76,
    0x66, 0x77, 0x89, 0xa3, 0x1b, 0x70, 0x0, 0x38,
    0xbd, 0xff, 0xff, 0xff, 0xff, 0xf0, 0x0, 0x0,
    0x0, 0x0, 0x0, 0x0, 0x0, 0x0, 0x1, 0x10,

    /* U+914D "配" */
    0x18, 0x77, 0x77, 0x77, 0x77, 0x46, 0x98, 0x88,
    0x88, 0x10, 0x2e, 0xee, 0xfe, 0xef, 0xee, 0x79,
    0xdd, 0xcc, 0xdf, 0x30, 0x0, 0x0, 0xd6, 0x5e,
    0x0, 0x0, 0x0, 0x0, 0x5f, 0x20, 0x0, 0x0,
    0xd6, 0x5e, 0x0, 0x0, 0x0, 0x0, 0x5f, 0x20,
    0x7, 0xff, 0xff, 0xff, 0xff, 0x60, 0x0, 0x0,
    0x5f, 0x20, 0x7, 0xf3, 0xe8, 0x7e, 0x3f, 0x60,
    0x0, 0x0, 0x5f, 0x20, 0x6, 0xe0, 0xe5, 0x5d,
    0xf, 0x60, 0x0, 0x0, 0x5f, 0x20, 0x6, 0xe0,
    0xf4, 0x5d, 0xf, 0x63, 0xff, 0xff, 0xff, 0x30,
    0x6, 0xe3, 0xf2, 0x5e, 0xf, 0x63, 0xf7, 0x44,
    0x44, 0x0, 0x6, 0xea, 0xe0, 0x3f, 0xdf, 0x62,
    0xf3, 0x0, 0x0, 0x0, 0x6, 0xfb, 0x80, 0x4,
    0x6f, 0x62, 0xf3, 0x0, 0x0, 0x0, 0x6, 0xe0,
    0x0, 0x0, 0xf, 0x62, 0xf3, 0x0, 0x0, 0x0,
    0x6, 0xff, 0xff, 0xff, 0xff, 0x62, 0xf3, 0x0,
    0x0, 0x0, 0x6, 0xe2, 0x22, 0x22, 0x2f, 0x62,
    0xf3, 0x0, 0x0, 0x0, 0x6, 0xe1, 0x11, 0x11,
    0x1f, 0x62, 0xf3, 0x0, 0x4, 0xc3, 0x7, 0xff,
    0xff, 0xff, 0xff, 0x62, 0xf3, 0x0, 0x6, 0xf3,
    0x7, 0xe2, 0x22, 0x22, 0x2f, 0x62, 0xf9, 0x44,
    0x4c, 0xe0, 0x7, 0xe0, 0x0, 0x0, 0xf, 0x70,
    0xcf, 0xff, 0xff, 0x70, 0x0, 0x0, 0x0, 0x0,
    0x0, 0x0, 0x1, 0x11, 0x10, 0x0,

    /* U+95ED "闭" */
    0x0, 0x3, 0x0, 0x0, 0x0, 0x0, 0x0, 0x0,
    0x0, 0x0, 0x4f, 0xb0, 0x1, 0x76, 0x66, 0x66,
    0x66, 0x63, 0x0, 0x9, 0xf7, 0x3, 0xff, 0xff,
    0xff, 0xff, 0xf8, 0x0, 0x0, 0xc7, 0x0, 0x10,
    0x0, 0x0, 0x1, 0xf8, 0x0, 0x0, 0x0, 0x0,
    0x2, 0xe8, 0x0, 0x1, 0xf7, 0xe, 0x90, 0x0,
    0x0, 0x1, 0xf8, 0x0, 0x1, 0xf7, 0xf, 0x90,
    0x0, 0x0, 0x1, 0xf7, 0x0, 0x1, 0xf7, 0xf,
    0x94, 0xff, 0xff, 0xff, 0xff, 0xff, 0x71, 0xf7,
    0xf, 0x92, 0x87, 0x77, 0xaf, 0xfb, 0x77, 0x31,
    0xf7, 0xf, 0x90, 0x0, 0x0, 0xce, 0xf7, 0x0,
    0x1, 0xf7, 0xf, 0x90, 0x0, 0x5, 0xf7, 0xf7,
    0x0, 0x1, 0xf7, 0xf, 0x90, 0x0, 0x2f, 0xc1,
    0xf7, 0x0, 0x1, 0xf7, 0xf, 0x90, 0x2, 0xef,
    0x21, 0xf7, 0x0, 0x1, 0xf7, 0xf, 0x90, 0x4e,
    0xf5, 0x1, 0xf7, 0x0, 0x1, 0xf7, 0xf, 0x99,
    0xff, 0x50, 0x1, 0xf7, 0x0, 0x1, 0xf7, 0xf,
    0x94, 0xd3, 0x0, 0x3, 0xf7, 0x0, 0x1, 0xf7,
    0xf, 0x90, 0x0, 0x2, 0xcf, 0xf5, 0x0, 0x2,
    0xf7, 0xf, 0x90, 0x0, 0x0, 0xdc, 0x70, 0x6,
    0xce, 0xf5, 0x1f, 0x90, 0x0, 0x0, 0x0, 0x0,
    0x2, 0xfd, 0x90, 0x0, 0x0, 0x0, 0x0, 0x0,
    0x0, 0x0, 0x0, 0x0,

    /* U+961F "队" */
    0x0, 0x0, 0x0, 0x0, 0x0, 0x0, 0x0, 0x0,
    0x0, 0x0, 0x22, 0x22, 0x22, 0x10, 0x4, 0xe8,
    0x0, 0x0, 0x0, 0xf, 0xff, 0xff, 0xf9, 0x0,
    0x3f, 0x80, 0x0, 0x0, 0x0, 0xf9, 0x22, 0x7f,
    0x40, 0x3, 0xf7, 0x0, 0x0, 0x0, 0xf, 0x70,
    0x9, 0xf0, 0x0, 0x2f, 0x70, 0x0, 0x0, 0x0,
    0xf7, 0x0, 0xea, 0x0, 0x2, 0xf8, 0x0, 0x0,
    0x0, 0xf, 0x70, 0x4f, 0x40, 0x0, 0x3f, 0x90,
    0x0, 0x0, 0x0, 0xf7, 0xa, 0xe0, 0x0, 0x4,
    0xfb, 0x0, 0x0, 0x0, 0xf, 0x70, 0x9f, 0x20,
    0x0, 0x6f, 0xe0, 0x0, 0x0, 0x0, 0xf7, 0x1,
    0xeb, 0x0, 0x9, 0xef, 0x40, 0x0, 0x0, 0xf,
    0x70, 0x7, 0xf3, 0x0, 0xda, 0xc9, 0x0, 0x0,
    0x0, 0xf7, 0x0, 0x1f, 0x80, 0x1f, 0x67, 0xf1,
    0x0, 0x0, 0xf, 0x70, 0x0, 0xf9, 0x7, 0xf1,
    0x1f, 0x80, 0x0, 0x0, 0xf7, 0x24, 0x9f, 0x60,
    0xeb, 0x0, 0x9f, 0x10, 0x0, 0xf, 0x77, 0xff,
    0xc0, 0x7f, 0x30, 0x1, 0xfb, 0x0, 0x0, 0xf7,
    0x18, 0x40, 0x4f, 0x90, 0x0, 0x7, 0xf7, 0x0,
    0xf, 0x70, 0x0, 0x4f, 0xd0, 0x0, 0x0, 0xb,
    0xf6, 0x0, 0xf7, 0x0, 0x6f, 0xe2, 0x0, 0x0,
    0x0, 0x1d, 0xf3, 0x1f, 0x70, 0x1, 0xb2, 0x0,
    0x0, 0x0, 0x0, 0x16, 0x0,

    /* U+9690 "隐" */
    0x0, 0x0, 0x0, 0x0, 0x1, 0x0, 0x0, 0x0,
    0x0, 0x0, 0x0, 0x0, 0x0, 0x0, 0xaf, 0x50,
    0x0, 0x0, 0x0, 0x6b, 0xbb, 0xb9, 0x0, 0x3f,
    0xe5, 0x55, 0x51, 0x0, 0x8, 0xf6, 0x6f, 0x90,
    0xc, 0xfc, 0xcc, 0xfd, 0x0, 0x0, 0x7e, 0x2,
    0xf4, 0xa, 0xf4, 0x0, 0x5f, 0x30, 0x0, 0x7,
    0xe0, 0x5e, 0xa, 0xfb, 0x44, 0x4c, 0xc4, 0x42,
    0x0, 0x7e, 0xa, 0xa0, 0x89, 0xed, 0xdd, 0xdd,
    0xdf, 0x80, 0x7, 0xe0, 0xe7, 0x0, 0x0, 0x0,
    0x0, 0x0, 0xe7, 0x0, 0x7e, 0xc, 0xc0, 0x9,
    0xff, 0xff, 0xff, 0xff, 0x70, 0x7, 0xe0, 0x3f,
    0x50, 0x12, 0x22, 0x22, 0x22, 0xe7, 0x0, 0x7e,
    0x0, 0xbc, 0x2, 0x44, 0x44, 0x44, 0x4f, 0x80,
    0x7, 0xe0, 0x8, 0xe0, 0x9f, 0xee, 0xee, 0xee,
    0xe8, 0x0, 0x7e, 0x0, 0xae, 0x0, 0x0, 0x0,
    0x10, 0x0, 0x0, 0x7, 0xe5, 0xff, 0x90, 0x0,
    0x0, 0xba, 0x0, 0x23, 0x0, 0x7e, 0xb, 0x60,
    0xd8, 0x3e, 0x35, 0xf1, 0xc, 0xd0, 0x7, 0xe0,
    0x0, 0x3f, 0x53, 0xf3, 0x1a, 0x20, 0x3f, 0x60,
    0x7e, 0x0, 0xa, 0xd0, 0x3f, 0x30, 0x5, 0xc2,
    0xae, 0x8, 0xe0, 0x3, 0xf5, 0x3, 0xf9, 0x44,
    0xcf, 0x2, 0x40, 0x8e, 0x0, 0x4, 0x0, 0xd,
    0xff, 0xfe, 0x60, 0x0, 0x0, 0x0, 0x0, 0x0,
    0x0, 0x0, 0x0, 0x0, 0x0, 0x0,

    /* U+96C6 "集" */
    0x0, 0x0, 0x4, 0x0, 0x0, 0x51, 0x0, 0x0,
    0x0, 0x0, 0x0, 0x0, 0x1f, 0xc0, 0x2, 0xfd,
    0x0, 0x0, 0x0, 0x0, 0x0, 0x0, 0x9f, 0x30,
    0x0, 0x4d, 0x30, 0x0, 0x0, 0x0, 0x0, 0x4,
    0xff, 0xdd, 0xdd, 0xdd, 0xdd, 0xdd, 0xdd, 0x0,
    0x0, 0x1e, 0xf7, 0x55, 0x57, 0xf9, 0x55, 0x55,
    0x55, 0x0, 0x0, 0xcf, 0xf7, 0x66, 0x67, 0xfa,
    0x66, 0x66, 0x40, 0x0, 0x9, 0xf9, 0xfd, 0xcc,
    0xcd, 0xfe, 0xcc, 0xcd, 0x80, 0x0, 0x7, 0x84,
    0xf2, 0x0, 0x2, 0xf6, 0x0, 0x0, 0x0, 0x0,
    0x0, 0x4, 0xff, 0xff, 0xff, 0xff, 0xff, 0xff,
    0xf0, 0x0, 0x0, 0x4, 0xf5, 0x33, 0x35, 0xf8,
    0x33, 0x33, 0x40, 0x0, 0x0, 0x4, 0xf6, 0x44,
    0x46, 0xf9, 0x44, 0x44, 0x54, 0x0, 0x0, 0x5,
    0xfe, 0xee, 0xef, 0xfe, 0xee, 0xee, 0xeb, 0x0,
    0x0, 0x0, 0x10, 0x0, 0xb, 0xc0, 0x0, 0x0,
    0x0, 0x0, 0x7, 0xff, 0xff, 0xff, 0xff, 0xff,
    0xff, 0xff, 0xff, 0x80, 0x1, 0x33, 0x33, 0x6f,
    0xbc, 0xd9, 0xf9, 0x33, 0x33, 0x10, 0x0, 0x0,
    0x6, 0xec, 0xb, 0xc0, 0x8f, 0xb4, 0x0, 0x0,
    0x0, 0x38, 0xef, 0xa0, 0xb, 0xc0, 0x4, 0xdf,
    0xe9, 0x50, 0x7, 0xff, 0xd4, 0x0, 0xb, 0xd0,
    0x0, 0x6, 0xdf, 0x90, 0x0, 0x94, 0x0, 0x0,
    0xc, 0xe0, 0x0, 0x0, 0x3, 0x10,

    /* U+9700 "需" */
    0x0, 0x0, 0x0, 0x0, 0x0, 0x0, 0x0, 0x0,
    0x0, 0x0, 0xbf, 0xff, 0xff, 0xff, 0xff, 0xff,
    0xff, 0x30, 0x0, 0x34, 0x33, 0x33, 0xaf, 0x33,
    0x33, 0x34, 0x10, 0x23, 0x33, 0x33, 0x33, 0xaf,
    0x33, 0x33, 0x33, 0x31, 0x9f, 0xff, 0xff, 0xff,
    0xff, 0xff, 0xff, 0xff, 0xf9, 0x9f, 0x0, 0x0,
    0x0, 0x9e, 0x0, 0x0, 0x0, 0xe9, 0x9f, 0xd,
    0xee, 0xb0, 0x9e, 0xf, 0xff, 0x90, 0xe9, 0x13,
    0x0, 0x0, 0x0, 0x9f, 0x1, 0x11, 0x10, 0x21,
    0x0, 0x1f, 0xff, 0xa0, 0x9f, 0xf, 0xff, 0xb0,
    0x0, 0x0, 0x2, 0x22, 0x10, 0x23, 0x0, 0x0,
    0x0, 0x0, 0x26, 0x55, 0x55, 0x55, 0x55, 0x55,
    0x55, 0x55, 0x63, 0x5e, 0xdd, 0xdd, 0xdd, 0xff,
    0xdd, 0xdd, 0xdd, 0xd8, 0x0, 0x0, 0x0, 0x1,
    0xf7, 0x0, 0x0, 0x0, 0x0, 0x3, 0xff, 0xff,
    0xff, 0xff, 0xff, 0xff, 0xff, 0x50, 0x3, 0xf5,
    0x33, 0xeb, 0x33, 0xae, 0x33, 0x4f, 0x50, 0x3,
    0xf2, 0x0, 0xea, 0x0, 0x9e, 0x0, 0x1f, 0x50,
    0x3, 0xf2, 0x0, 0xea, 0x0, 0x9e, 0x0, 0x1f,
    0x50, 0x3, 0xf2, 0x0, 0xea, 0x0, 0x9e, 0x6,
    0xdf, 0x40, 0x4, 0xf2, 0x0, 0x21, 0x0, 0x12,
    0x4, 0xfb, 0x0, 0x0, 0x0, 0x0, 0x0, 0x0,
    0x0, 0x0, 0x0, 0x0,

    /* U+9759 "静" */
    0x0, 0x0, 0x1, 0x0, 0x0, 0x1, 0x20, 0x0,
    0x0, 0x0, 0x0, 0x0, 0x8f, 0x0, 0x0, 0x9,
    0xf3, 0x0, 0x0, 0x0, 0x4, 0x33, 0x9f, 0x33,
    0x42, 0xe, 0xb1, 0x11, 0x0, 0x0, 0xd, 0xee,
    0xef, 0xee, 0xe7, 0x5f, 0xff, 0xff, 0x90, 0x0,
    0x0, 0x0, 0x7e, 0x0, 0x0, 0xdb, 0x0, 0x8f,
    0x10, 0x0, 0x4, 0xee, 0xef, 0xee, 0x79, 0xf1,
    0x0, 0xe9, 0x0, 0x0, 0x1, 0x33, 0x9f, 0x33,
    0x2e, 0xda, 0x9b, 0xfa, 0x88, 0x0, 0x6, 0x55,
    0xaf, 0x55, 0x55, 0x8c, 0xcf, 0xdc, 0xdf, 0x0,
    0x1d, 0xcc, 0xcc, 0xcc, 0xd5, 0x0, 0xe, 0x60,
    0x5f, 0x0, 0x0, 0x22, 0x22, 0x22, 0x11, 0x32,
    0x2e, 0x72, 0x7f, 0x31, 0x5, 0xff, 0xff, 0xff,
    0x87, 0xff, 0xff, 0xff, 0xff, 0xf5, 0x4, 0xf0,
    0x0, 0xe, 0x80, 0x0, 0xe, 0x60, 0x5f, 0x0,
    0x4, 0xff, 0xff, 0xff, 0x70, 0x21, 0x1e, 0x71,
    0x6f, 0x0, 0x4, 0xf2, 0x22, 0x2e, 0x70, 0xff,
    0xff, 0xff, 0xff, 0x0, 0x4, 0xf3, 0x33, 0x3f,
    0x70, 0x32, 0x2e, 0x72, 0x7f, 0x0, 0x4, 0xfe,
    0xee, 0xef, 0x70, 0x0, 0xe, 0x60, 0x0, 0x0,
    0x4, 0xf0, 0x0, 0xe, 0x70, 0x0, 0xe, 0x60,
    0x0, 0x0, 0x4, 0xf0, 0x1, 0x8f, 0x60, 0x17,
    0x8f, 0x50, 0x0, 0x0, 0x5, 0xf0, 0x0, 0xfc,
    0x10, 0xe, 0xfc, 0x0, 0x0, 0x0, 0x0, 0x0,
    0x0, 0x0, 0x0, 0x2, 0x10, 0x0, 0x0, 0x0,

    /* U+9762 "面" */
    0x32, 0x22, 0x22, 0x22, 0x22, 0x22, 0x22, 0x22,
    0x31, 0xef, 0xff, 0xff, 0xff, 0xff, 0xff, 0xff,
    0xff, 0xf6, 0x33, 0x22, 0x22, 0x2c, 0xd2, 0x22,
    0x22, 0x22, 0x31, 0x0, 0x0, 0x0, 0xf, 0x70,
    0x0, 0x0, 0x0, 0x0, 0x1, 0x22, 0x22, 0x7f,
    0x42, 0x22, 0x22, 0x22, 0x0, 0x8, 0xff, 0xff,
    0xff, 0xff, 0xff, 0xff, 0xff, 0x0, 0x8, 0xf1,
    0x16, 0xf1, 0x11, 0x8d, 0x11, 0x8f, 0x0, 0x7,
    0xf0, 0x5, 0xf0, 0x0, 0x8d, 0x0, 0x8f, 0x0,
    0x7, 0xf0, 0x5, 0xff, 0xff, 0xfd, 0x0, 0x8f,
    0x0, 0x7, 0xf0, 0x5, 0xf3, 0x33, 0x9d, 0x0,
    0x8f, 0x0, 0x7, 0xf0, 0x5, 0xf0, 0x0, 0x8d,
    0x0, 0x8f, 0x0, 0x7, 0xf0, 0x5, 0xf3, 0x33,
    0x9d, 0x0, 0x8f, 0x0, 0x7, 0xf0, 0x5, 0xff,
    0xff, 0xfd, 0x0, 0x8f, 0x0, 0x7, 0xf0, 0x5,
    0xf0, 0x0, 0x8d, 0x0, 0x8f, 0x0, 0x7, 0xf0,
    0x5, 0xf0, 0x0, 0x8d, 0x0, 0x8f, 0x0, 0x7,
    0xfe, 0xef, 0xfe, 0xee, 0xff, 0xee, 0xff, 0x0,
    0x8, 0xf5, 0x55, 0x55, 0x55, 0x55, 0x55, 0xaf,
    0x0, 0x8, 0xf0, 0x0, 0x0, 0x0, 0x0, 0x0,
    0x8f, 0x0,

    /* U+97F3 "音" */
    0x0, 0x0, 0x0, 0x0, 0x42, 0x0, 0x0, 0x0,
    0x0, 0x0, 0x0, 0x0, 0x2, 0xfa, 0x0, 0x0,
    0x0, 0x0, 0x2, 0x22, 0x22, 0x22, 0xde, 0x22,
    0x22, 0x22, 0x10, 0xa, 0xff, 0xff, 0xff, 0xff,
    0xff, 0xff, 0xff, 0x90, 0x1, 0x10, 0x28, 0x0,
    0x0, 0x0, 0x82, 0x1, 0x0, 0x0, 0x0, 0x6f,
    0x70, 0x0, 0x3, 0xfa, 0x0, 0x0, 0x0, 0x0,
    0xc, 0xf1, 0x0, 0x9, 0xf1, 0x0, 0x0, 0x25,
    0x54, 0x49, 0xc5, 0x44, 0x4f, 0xb4, 0x44, 0x55,
    0x7e, 0xee, 0xee, 0xee, 0xee, 0xee, 0xee, 0xee,
    0xed, 0x0, 0x0, 0x0, 0x0, 0x0, 0x0, 0x0,
    0x0, 0x0, 0x0, 0x4, 0x55, 0x55, 0x55, 0x55,
    0x55, 0x50, 0x0, 0x0, 0xb, 0xfe, 0xee, 0xee,
    0xee, 0xef, 0xf1, 0x0, 0x0, 0xb, 0xe0, 0x0,
    0x0, 0x0, 0x9, 0xf0, 0x0, 0x0, 0xb, 0xe3,
    0x33, 0x33, 0x33, 0x3b, 0xf0, 0x0, 0x0, 0xb,
    0xff, 0xff, 0xff, 0xff, 0xff, 0xf0, 0x0, 0x0,
    0xb, 0xe0, 0x0, 0x0, 0x0, 0x9, 0xf0, 0x0,
    0x0, 0xb, 0xe3, 0x33, 0x33, 0x33, 0x3b, 0xf0,
    0x0, 0x0, 0xb, 0xff, 0xff, 0xff, 0xff, 0xff,
    0xf1, 0x0, 0x0, 0xc, 0xe0, 0x0, 0x0, 0x0,
    0x9, 0xf1, 0x0, 0x0, 0x0, 0x10, 0x0, 0x0,
    0x0, 0x0, 0x0, 0x0,

    /* U+FF08 "（" */
    0x0, 0x0, 0x85, 0x0, 0x9, 0xf5, 0x0, 0x7f,
    0x30, 0x3, 0xf4, 0x0, 0xc, 0x90, 0x0, 0x3f,
    0x10, 0x0, 0x8c, 0x0, 0x0, 0xb9, 0x0, 0x0,
    0xb8, 0x0, 0x0, 0xa9, 0x0, 0x0, 0x8c, 0x0,
    0x0, 0x4f, 0x10, 0x0, 0xd, 0x90, 0x0, 0x5,
    0xf4, 0x0, 0x0, 0xaf, 0x30, 0x0, 0xb, 0xf5,
    0x0, 0x0, 0x83,

    /* U+FF09 "）" */
    0x49, 0x0, 0x0, 0x4e, 0xa0, 0x0, 0x2, 0xe9,
    0x0, 0x0, 0x3f, 0x40, 0x0, 0x8, 0xd0, 0x0,
    0x1, 0xf5, 0x0, 0x0, 0xa9, 0x0, 0x0, 0x8c,
    0x0, 0x0, 0x7c, 0x0, 0x0, 0x8c, 0x0, 0x0,
    0xb9, 0x0, 0x1, 0xf5, 0x0, 0x8, 0xe0, 0x0,
    0x3f, 0x60, 0x2, 0xeb, 0x0, 0x4e, 0xc0, 0x0,
    0x29, 0x0, 0x0,

    /* U+FF0C "，" */
    0x6f, 0xf6, 0x6f, 0xf6, 0x6f, 0xf6, 0x0, 0xf5,
    0x6, 0xe0, 0x1d, 0x30, 0x0, 0x0,

    /* U+FF1A "：" */
    0x9, 0x94, 0x1f, 0xf8, 0x1f, 0xf8, 0x0, 0x0,
    0x0, 0x0, 0x9, 0x94, 0x1f, 0xf8, 0x1f, 0xf8
};


/*---------------------
 *  GLYPH DESCRIPTION
 *--------------------*/

static const lv_font_fmt_txt_glyph_dsc_t glyph_dsc[] = {
    {.bitmap_index = 0, .adv_w = 0, .box_w = 0, .box_h = 0, .ofs_x = 0, .ofs_y = 0} /* id = 0 reserved */,
    {.bitmap_index = 0, .adv_w = 160, .box_w = 0, .box_h = 0, .ofs_x = 0, .ofs_y = 0},
    {.bitmap_index = 0, .adv_w = 160, .box_w = 10, .box_h = 14, .ofs_x = 0, .ofs_y = 0},
    {.bitmap_index = 70, .adv_w = 160, .box_w = 6, .box_h = 18, .ofs_x = 4, .ofs_y = -2},
    {.bitmap_index = 124, .adv_w = 160, .box_w = 6, .box_h = 18, .ofs_x = 0, .ofs_y = -2},
    {.bitmap_index = 178, .adv_w = 160, .box_w = 10, .box_h = 9, .ofs_x = 0, .ofs_y = 3},
    {.bitmap_index = 223, .adv_w = 160, .box_w = 3, .box_h = 4, .ofs_x = 1, .ofs_y = -2},
    {.bitmap_index = 229, .adv_w = 160, .box_w = 10, .box_h = 3, .ofs_x = 0, .ofs_y = 6},
    {.bitmap_index = 244, .adv_w = 160, .box_w = 3, .box_h = 2, .ofs_x = 1, .ofs_y = 0},
    {.bitmap_index = 247, .adv_w = 160, .box_w = 10, .box_h = 16, .ofs_x = 0, .ofs_y = -1},
    {.bitmap_index = 327, .adv_w = 160, .box_w = 10, .box_h = 14, .ofs_x = 0, .ofs_y = -1},
    {.bitmap_index = 397, .adv_w = 160, .box_w = 5, .box_h = 13, .ofs_x = 1, .ofs_y = 0},
    {.bitmap_index = 430, .adv_w = 160, .box_w = 9, .box_h = 14, .ofs_x = 0, .ofs_y = 0},
    {.bitmap_index = 493, .adv_w = 160, .box_w = 9, .box_h = 14, .ofs_x = 0, .ofs_y = 0},
    {.bitmap_index = 556, .adv_w = 160, .box_w = 10, .box_h = 13, .ofs_x = 0, .ofs_y = 0},
    {.bitmap_index = 621, .adv_w = 160, .box_w = 9, .box_h = 13, .ofs_x = 0, .ofs_y = 0},
    {.bitmap_index = 680, .adv_w = 160, .box_w = 10, .box_h = 13, .ofs_x = 0, .ofs_y = 0},
    {.bitmap_index = 745, .adv_w = 160, .box_w = 10, .box_h = 13, .ofs_x = 0, .ofs_y = 0},
    {.bitmap_index = 810, .adv_w = 160, .box_w = 9, .box_h = 13, .ofs_x = 0, .ofs_y = 0},
    {.bitmap_index = 869, .adv_w = 160, .box_w = 9, .box_h = 13, .ofs_x = 0, .ofs_y = 0},
    {.bitmap_index = 928, .adv_w = 160, .box_w = 3, .box_h = 9, .ofs_x = 3, .ofs_y = 0},
    {.bitmap_index = 942, .adv_w = 160, .box_w = 10, .box_h = 13, .ofs_x = 0, .ofs_y = 0},
    {.bitmap_index = 1007, .adv_w = 160, .box_w = 10, .box_h = 13, .ofs_x = 0, .ofs_y = 0},
    {.bitmap_index = 1072, .adv_w = 160, .box_w = 10, .box_h = 13, .ofs_x = 0, .ofs_y = 0},
    {.bitmap_index = 1137, .adv_w = 160, .box_w = 10, .box_h = 13, .ofs_x = 0, .ofs_y = 0},
    {.bitmap_index = 1202, .adv_w = 160, .box_w = 9, .box_h = 13, .ofs_x = 1, .ofs_y = 0},
    {.bitmap_index = 1261, .adv_w = 160, .box_w = 10, .box_h = 13, .ofs_x = 0, .ofs_y = 0},
    {.bitmap_index = 1326, .adv_w = 160, .box_w = 9, .box_h = 13, .ofs_x = 0, .ofs_y = 0},
    {.bitmap_index = 1385, .adv_w = 160, .box_w = 9, .box_h = 13, .ofs_x = 0, .ofs_y = 0},
    {.bitmap_index = 1444, .adv_w = 160, .box_w = 3, .box_h = 13, .ofs_x = 3, .ofs_y = 0},
    {.bitmap_index = 1464, .adv_w = 160, .box_w = 8, .box_h = 13, .ofs_x = 1, .ofs_y = 0},
    {.bitmap_index = 1516, .adv_w = 160, .box_w = 10, .box_h = 13, .ofs_x = 0, .ofs_y = 0},
    {.bitmap_index = 1581, .adv_w = 160, .box_w = 10, .box_h = 13, .ofs_x = 0, .ofs_y = 0},
    {.bitmap_index = 1646, .adv_w = 160, .box_w = 10, .box_h = 13, .ofs_x = 0, .ofs_y = 0},
    {.bitmap_index = 1711, .adv_w = 160, .box_w = 9, .box_h = 13, .ofs_x = 0, .ofs_y = 0},
    {.bitmap_index = 1770, .adv_w = 160, .box_w = 10, .box_h = 13, .ofs_x = 0, .ofs_y = 0},
    {.bitmap_index = 1835, .adv_w = 160, .box_w = 9, .box_h = 13, .ofs_x = 1, .ofs_y = 0},
    {.bitmap_index = 1894, .adv_w = 160, .box_w = 10, .box_h = 14, .ofs_x = 0, .ofs_y = -1},
    {.bitmap_index = 1964, .adv_w = 160, .box_w = 10, .box_h = 13, .ofs_x = 0, .ofs_y = 0},
    {.bitmap_index = 2029, .adv_w = 160, .box_w = 10, .box_h = 13, .ofs_x = 0, .ofs_y = 0},
    {.bitmap_index = 2094, .adv_w = 160, .box_w = 9, .box_h = 13, .ofs_x = 0, .ofs_y = 0},
    {.bitmap_index = 2153, .adv_w = 160, .box_w = 9, .box_h = 13, .ofs_x = 0, .ofs_y = 0},
    {.bitmap_index = 2212, .adv_w = 160, .box_w = 10, .box_h = 13, .ofs_x = 0, .ofs_y = 0},
    {.bitmap_index = 2277, .adv_w = 160, .box_w = 10, .box_h = 13, .ofs_x = 0, .ofs_y = 0},
    {.bitmap_index = 2342, .adv_w = 160, .box_w = 10, .box_h = 13, .ofs_x = 0, .ofs_y = 0},
    {.bitmap_index = 2407, .adv_w = 160, .box_w = 10, .box_h = 13, .ofs_x = 0, .ofs_y = 0},
    {.bitmap_index = 2472, .adv_w = 160, .box_w = 10, .box_h = 13, .ofs_x = 0, .ofs_y = 0},
    {.bitmap_index = 2537, .adv_w = 160, .box_w = 9, .box_h = 9, .ofs_x = 0, .ofs_y = 0},
    {.bitmap_index = 2578, .adv_w = 160, .box_w = 9, .box_h = 13, .ofs_x = 0, .ofs_y = 0},
    {.bitmap_index = 2637, .adv_w = 160, .box_w = 9, .box_h = 9, .ofs_x = 0, .ofs_y = 0},
    {.bitmap_index = 2678, .adv_w = 160, .box_w = 9, .box_h = 13, .ofs_x = 0, .ofs_y = 0},
    {.bitmap_index = 2737, .adv_w = 160, .box_w = 9, .box_h = 9, .ofs_x = 0, .ofs_y = 0},
    {.bitmap_index = 2778, .adv_w = 160, .box_w = 9, .box_h = 13, .ofs_x = 0, .ofs_y = 0},
    {.bitmap_index = 2837, .adv_w = 160, .box_w = 10, .box_h = 12, .ofs_x = 0, .ofs_y = -2},
    {.bitmap_index = 2897, .adv_w = 160, .box_w = 8, .box_h = 13, .ofs_x = 1, .ofs_y = 0},
    {.bitmap_index = 2949, .adv_w = 160, .box_w = 2, .box_h = 13, .ofs_x = 4, .ofs_y = 0},
    {.bitmap_index = 2962, .adv_w = 160, .box_w = 7, .box_h = 15, .ofs_x = 1, .ofs_y = -2},
    {.bitmap_index = 3015, .adv_w = 160, .box_w = 9, .box_h = 13, .ofs_x = 1, .ofs_y = 0},
    {.bitmap_index = 3074, .adv_w = 160, .box_w = 2, .box_h = 13, .ofs_x = 4, .ofs_y = 0},
    {.bitmap_index = 3087, .adv_w = 160, .box_w = 10, .box_h = 9, .ofs_x = 0, .ofs_y = 0},
    {.bitmap_index = 3132, .adv_w = 160, .box_w = 8, .box_h = 9, .ofs_x = 1, .ofs_y = 0},
    {.bitmap_index = 3168, .adv_w = 160, .box_w = 10, .box_h = 9, .ofs_x = 0, .ofs_y = 0},
    {.bitmap_index = 3213, .adv_w = 160, .box_w = 9, .box_h = 11, .ofs_x = 0, .ofs_y = -2},
    {.bitmap_index = 3263, .adv_w = 160, .box_w = 9, .box_h = 11, .ofs_x = 0, .ofs_y = -2},
    {.bitmap_index = 3313, .adv_w = 160, .box_w = 6, .box_h = 9, .ofs_x = 2, .ofs_y = 0},
    {.bitmap_index = 3340, .adv_w = 160, .box_w = 8, .box_h = 9, .ofs_x = 1, .ofs_y = 0},
    {.bitmap_index = 3376, .adv_w = 160, .box_w = 9, .box_h = 12, .ofs_x = 0, .ofs_y = 0},
    {.bitmap_index = 3430, .adv_w = 160, .box_w = 8, .box_h = 9, .ofs_x = 1, .ofs_y = 0},
    {.bitmap_index = 3466, .adv_w = 160, .box_w = 9, .box_h = 9, .ofs_x = 0, .ofs_y = 0},
    {.bitmap_index = 3507, .adv_w = 160, .box_w = 10, .box_h = 9, .ofs_x = 0, .ofs_y = 0},
    {.bitmap_index = 3552, .adv_w = 160, .box_w = 9, .box_h = 9, .ofs_x = 0, .ofs_y = 0},
    {.bitmap_index = 3593, .adv_w = 160, .box_w = 10, .box_h = 11, .ofs_x = 0, .ofs_y = -2},
    {.bitmap_index = 3648, .adv_w = 160, .box_w = 8, .box_h = 9, .ofs_x = 1, .ofs_y = 0},
    {.bitmap_index = 3684, .adv_w = 320, .box_w = 17, .box_h = 3, .ofs_x = 1, .ofs_y = 6},
    {.bitmap_index = 3710, .adv_w = 320, .box_w = 6, .box_h = 6, .ofs_x = 2, .ofs_y = -1},
    {.bitmap_index = 3728, .adv_w = 320, .box_w = 18, .box_h = 17, .ofs_x = 1, .ofs_y = -1},
    {.bitmap_index = 3881, .adv_w = 320, .box_w = 18, .box_h = 18, .ofs_x = 1, .ofs_y = -2},
    {.bitmap_index = 4043, .adv_w = 320, .box_w = 19, .box_h = 19, .ofs_x = 1, .ofs_y = -3},
    {.bitmap_index = 4224, .adv_w = 320, .box_w = 16, .box_h = 19, .ofs_x = 2, .ofs_y = -2},
    {.bitmap_index = 4376, .adv_w = 320, .box_w = 18, .box_h = 19, .ofs_x = 1, .ofs_y = -2},
    {.bitmap_index = 4547, .adv_w = 320, .box_w = 18, .box_h = 20, .ofs_x = 1, .ofs_y = -3},
    {.bitmap_index = 4727, .adv_w = 320, .box_w = 20, .box_h = 19, .ofs_x = 0, .ofs_y = -2},
    {.bitmap_index = 4917, .adv_w = 320, .box_w = 19, .box_h = 20, .ofs_x = 0, .ofs_y = -3},
    {.bitmap_index = 5107, .adv_w = 320, .box_w = 20, .box_h = 19, .ofs_x = 0, .ofs_y = -2},
    {.bitmap_index = 5297, .adv_w = 320, .box_w = 20, .box_h = 20, .ofs_x = 0, .ofs_y = -3},
    {.bitmap_index = 5497, .adv_w = 320, .box_w = 20, .box_h = 20, .ofs_x = 0, .ofs_y = -3},
    {.bitmap_index = 5697, .adv_w = 320, .box_w = 20, .box_h = 20, .ofs_x = 0, .ofs_y = -3},
    {.bitmap_index = 5897, .adv_w = 320, .box_w = 20, .box_h = 19, .ofs_x = 0, .ofs_y = -2},
    {.bitmap_index = 6087, .adv_w = 320, .box_w = 18, .box_h = 19, .ofs_x = 1, .ofs_y = -2},
    {.bitmap_index = 6258, .adv_w = 320, .box_w = 17, .box_h = 20, .ofs_x = 2, .ofs_y = -3},
    {.bitmap_index = 6428, .adv_w = 320, .box_w = 19, .box_h = 19, .ofs_x = 0, .ofs_y = -2},
    {.bitmap_index = 6609, .adv_w = 320, .box_w = 18, .box_h = 18, .ofs_x = 1, .ofs_y = -2},
    {.bitmap_index = 6771, .adv_w = 320, .box_w = 18, .box_h = 19, .ofs_x = 0, .ofs_y = -2},
    {.bitmap_index = 6942, .adv_w = 320, .box_w = 19, .box_h = 19, .ofs_x = 0, .ofs_y = -3},
    {.bitmap_index = 7123, .adv_w = 320, .box_w = 19, .box_h = 19, .ofs_x = 0, .ofs_y = -2},
    {.bitmap_index = 7304, .adv_w = 320, .box_w = 18, .box_h = 18, .ofs_x = 1, .ofs_y = -3},
    {.bitmap_index = 7466, .adv_w = 320, .box_w = 18, .box_h = 19, .ofs_x = 1, .ofs_y = -3},
    {.bitmap_index = 7637, .adv_w = 320, .box_w = 19, .box_h = 19, .ofs_x = 0, .ofs_y = -3},
    {.bitmap_index = 7818, .adv_w = 320, .box_w = 18, .box_h = 19, .ofs_x = 0, .ofs_y = -2},
    {.bitmap_index = 7989, .adv_w = 320, .box_w = 19, .box_h = 19, .ofs_x = 1, .ofs_y = -3},
    {.bitmap_index = 8170, .adv_w = 320, .box_w = 19, .box_h = 19, .ofs_x = 0, .ofs_y = -2},
    {.bitmap_index = 8351, .adv_w = 320, .box_w = 18, .box_h = 19, .ofs_x = 1, .ofs_y = -2},
    {.bitmap_index = 8522, .adv_w = 320, .box_w = 18, .box_h = 18, .ofs_x = 1, .ofs_y = -2},
    {.bitmap_index = 8684, .adv_w = 320, .box_w = 18, .box_h = 20, .ofs_x = 1, .ofs_y = -3},
    {.bitmap_index = 8864, .adv_w = 320, .box_w = 19, .box_h = 19, .ofs_x = 0, .ofs_y = -2},
    {.bitmap_index = 9045, .adv_w = 320, .box_w = 19, .box_h = 20, .ofs_x = 0, .ofs_y = -3},
    {.bitmap_index = 9235, .adv_w = 320, .box_w = 20, .box_h = 19, .ofs_x = 0, .ofs_y = -3},
    {.bitmap_index = 9425, .adv_w = 320, .box_w = 19, .box_h = 19, .ofs_x = 0, .ofs_y = -3},
    {.bitmap_index = 9606, .adv_w = 320, .box_w = 19, .box_h = 19, .ofs_x = 0, .ofs_y = -3},
    {.bitmap_index = 9787, .adv_w = 320, .box_w = 17, .box_h = 18, .ofs_x = 2, .ofs_y = -2},
    {.bitmap_index = 9940, .adv_w = 320, .box_w = 20, .box_h = 19, .ofs_x = 0, .ofs_y = -2},
    {.bitmap_index = 10130, .adv_w = 320, .box_w = 20, .box_h = 20, .ofs_x = 0, .ofs_y = -3},
    {.bitmap_index = 10330, .adv_w = 320, .box_w = 20, .box_h = 20, .ofs_x = 0, .ofs_y = -3},
    {.bitmap_index = 10530, .adv_w = 320, .box_w = 18, .box_h = 18, .ofs_x = 1, .ofs_y = -2},
    {.bitmap_index = 10692, .adv_w = 320, .box_w = 19, .box_h = 19, .ofs_x = 0, .ofs_y = -3},
    {.bitmap_index = 10873, .adv_w = 320, .box_w = 20, .box_h = 19, .ofs_x = 0, .ofs_y = -2},
    {.bitmap_index = 11063, .adv_w = 320, .box_w = 20, .box_h = 20, .ofs_x = 0, .ofs_y = -3},
    {.bitmap_index = 11263, .adv_w = 320, .box_w = 20, .box_h = 19, .ofs_x = 0, .ofs_y = -2},
    {.bitmap_index = 11453, .adv_w = 320, .box_w = 20, .box_h = 19, .ofs_x = 0, .ofs_y = -2},
    {.bitmap_index = 11643, .adv_w = 320, .box_w = 20, .box_h = 19, .ofs_x = 0, .ofs_y = -2},
    {.bitmap_index = 11833, .adv_w = 320, .box_w = 20, .box_h = 20, .ofs_x = 0, .ofs_y = -3},
    {.bitmap_index = 12033, .adv_w = 320, .box_w = 20, .box_h = 20, .ofs_x = 0, .ofs_y = -3},
    {.bitmap_index = 12233, .adv_w = 320, .box_w = 20, .box_h = 20, .ofs_x = 0, .ofs_y = -3},
    {.bitmap_index = 12433, .adv_w = 320, .box_w = 19, .box_h = 20, .ofs_x = 0, .ofs_y = -3},
    {.bitmap_index = 12623, .adv_w = 320, .box_w = 18, .box_h = 20, .ofs_x = 1, .ofs_y = -3},
    {.bitmap_index = 12803, .adv_w = 320, .box_w = 19, .box_h = 19, .ofs_x = 1, .ofs_y = -2},
    {.bitmap_index = 12984, .adv_w = 320, .box_w = 18, .box_h = 19, .ofs_x = 1, .ofs_y = -3},
    {.bitmap_index = 13155, .adv_w = 320, .box_w = 19, .box_h = 18, .ofs_x = 0, .ofs_y = -2},
    {.bitmap_index = 13326, .adv_w = 320, .box_w = 18, .box_h = 19, .ofs_x = 1, .ofs_y = -3},
    {.bitmap_index = 13497, .adv_w = 320, .box_w = 19, .box_h = 19, .ofs_x = 0, .ofs_y = -2},
    {.bitmap_index = 13678, .adv_w = 320, .box_w = 20, .box_h = 19, .ofs_x = 0, .ofs_y = -2},
    {.bitmap_index = 13868, .adv_w = 320, .box_w = 20, .box_h = 19, .ofs_x = 0, .ofs_y = -3},
    {.bitmap_index = 14058, .adv_w = 320, .box_w = 19, .box_h = 20, .ofs_x = 0, .ofs_y = -3},
    {.bitmap_index = 14248, .adv_w = 320, .box_w = 19, .box_h = 17, .ofs_x = 1, .ofs_y = -1},
    {.bitmap_index = 14410, .adv_w = 320, .box_w = 18, .box_h = 16, .ofs_x = 1, .ofs_y = -1},
    {.bitmap_index = 14554, .adv_w = 320, .box_w = 19, .box_h = 19, .ofs_x = 1, .ofs_y = -3},
    {.bitmap_index = 14735, .adv_w = 320, .box_w = 19, .box_h = 20, .ofs_x = 0, .ofs_y = -3},
    {.bitmap_index = 14925, .adv_w = 320, .box_w = 19, .box_h = 19, .ofs_x = 1, .ofs_y = -2},
    {.bitmap_index = 15106, .adv_w = 320, .box_w = 19, .box_h = 19, .ofs_x = 1, .ofs_y = -2},
    {.bitmap_index = 15287, .adv_w = 320, .box_w = 19, .box_h = 18, .ofs_x = 0, .ofs_y = -1},
    {.bitmap_index = 15458, .adv_w = 320, .box_w = 18, .box_h = 18, .ofs_x = 0, .ofs_y = -2},
    {.bitmap_index = 15620, .adv_w = 320, .box_w = 18, .box_h = 19, .ofs_x = 2, .ofs_y = -2},
    {.bitmap_index = 15791, .adv_w = 320, .box_w = 20, .box_h = 19, .ofs_x = 0, .ofs_y = -3},
    {.bitmap_index = 15981, .adv_w = 320, .box_w = 18, .box_h = 19, .ofs_x = 1, .ofs_y = -3},
    {.bitmap_index = 16152, .adv_w = 320, .box_w = 18, .box_h = 20, .ofs_x = 1, .ofs_y = -3},
    {.bitmap_index = 16332, .adv_w = 320, .box_w = 20, .box_h = 19, .ofs_x = 0, .ofs_y = -2},
    {.bitmap_index = 16522, .adv_w = 320, .box_w = 20, .box_h = 20, .ofs_x = 0, .ofs_y = -3},
    {.bitmap_index = 16722, .adv_w = 320, .box_w = 20, .box_h = 20, .ofs_x = 0, .ofs_y = -3},
    {.bitmap_index = 16922, .adv_w = 320, .box_w = 19, .box_h = 20, .ofs_x = 0, .ofs_y = -3},
    {.bitmap_index = 17112, .adv_w = 320, .box_w = 18, .box_h = 18, .ofs_x = 1, .ofs_y = -2},
    {.bitmap_index = 17274, .adv_w = 320, .box_w = 18, .box_h = 18, .ofs_x = 1, .ofs_y = -2},
    {.bitmap_index = 17436, .adv_w = 320, .box_w = 20, .box_h = 20, .ofs_x = 0, .ofs_y = -3},
    {.bitmap_index = 17636, .adv_w = 320, .box_w = 20, .box_h = 20, .ofs_x = 0, .ofs_y = -3},
    {.bitmap_index = 17836, .adv_w = 320, .box_w = 20, .box_h = 19, .ofs_x = 0, .ofs_y = -2},
    {.bitmap_index = 18026, .adv_w = 320, .box_w = 19, .box_h = 20, .ofs_x = 1, .ofs_y = -3},
    {.bitmap_index = 18216, .adv_w = 320, .box_w = 20, .box_h = 19, .ofs_x = 0, .ofs_y = -2},
    {.bitmap_index = 18406, .adv_w = 320, .box_w = 20, .box_h = 19, .ofs_x = 0, .ofs_y = -3},
    {.bitmap_index = 18596, .adv_w = 320, .box_w = 20, .box_h = 19, .ofs_x = 0, .ofs_y = -2},
    {.bitmap_index = 18786, .adv_w = 320, .box_w = 20, .box_h = 20, .ofs_x = 0, .ofs_y = -3},
    {.bitmap_index = 18986, .adv_w = 320, .box_w = 20, .box_h = 20, .ofs_x = 0, .ofs_y = -3},
    {.bitmap_index = 19186, .adv_w = 320, .box_w = 20, .box_h = 19, .ofs_x = 0, .ofs_y = -3},
    {.bitmap_index = 19376, .adv_w = 320, .box_w = 18, .box_h = 20, .ofs_x = 1, .ofs_y = -3},
    {.bitmap_index = 19556, .adv_w = 320, .box_w = 19, .box_h = 19, .ofs_x = 1, .ofs_y = -2},
    {.bitmap_index = 19737, .adv_w = 320, .box_w = 19, .box_h = 20, .ofs_x = 1, .ofs_y = -3},
    {.bitmap_index = 19927, .adv_w = 320, .box_w = 20, .box_h = 19, .ofs_x = 0, .ofs_y = -2},
    {.bitmap_index = 20117, .adv_w = 320, .box_w = 18, .box_h = 20, .ofs_x = 1, .ofs_y = -3},
    {.bitmap_index = 20297, .adv_w = 320, .box_w = 20, .box_h = 20, .ofs_x = 0, .ofs_y = -3},
    {.bitmap_index = 20497, .adv_w = 320, .box_w = 18, .box_h = 18, .ofs_x = 1, .ofs_y = -2},
    {.bitmap_index = 20659, .adv_w = 320, .box_w = 18, .box_h = 20, .ofs_x = 1, .ofs_y = -3},
    {.bitmap_index = 20839, .adv_w = 320, .box_w = 6, .box_h = 17, .ofs_x = 12, .ofs_y = -1},
    {.bitmap_index = 20890, .adv_w = 320, .box_w = 6, .box_h = 17, .ofs_x = 2, .ofs_y = -1},
    {.bitmap_index = 20941, .adv_w = 320, .box_w = 4, .box_h = 7, .ofs_x = 2, .ofs_y = -4},
    {.bitmap_index = 20955, .adv_w = 320, .box_w = 4, .box_h = 8, .ofs_x = 3, .ofs_y = 0}
};

/*---------------------
 *  CHARACTER MAPPING
 *--------------------*/

static const uint16_t unicode_list_0[] = {
    0x0, 0x5, 0x8, 0x9
};

static const uint16_t unicode_list_4[] = {
    0x0, 0xfdc, 0x2de4, 0x2de7, 0x2dfc, 0x2e07, 0x2e0e, 0x2e88,
    0x2e9f, 0x2efa, 0x2f2d, 0x2f33, 0x2f59, 0x3036, 0x3082, 0x314d,
    0x315f, 0x318c, 0x31f1, 0x31f5, 0x3243, 0x333b, 0x33c9, 0x33e6,
    0x33e8, 0x3409, 0x3642, 0x3702, 0x390b, 0x3b2a, 0x3b31, 0x3b32,
    0x3b66, 0x3bd3, 0x3c18, 0x3c29, 0x3dcc, 0x3e2f, 0x3e80, 0x3ed4,
    0x3eda, 0x3f2f, 0x3f5f, 0x41ea, 0x422d, 0x433c, 0x4363, 0x436c,
    0x437f, 0x43aa, 0x43ac, 0x4561, 0x45d0, 0x45e8, 0x4618, 0x46ce,
    0x46d9, 0x4704, 0x4714, 0x475e, 0x4b3c, 0x4b3d, 0x4b3f, 0x4d29,
    0x5093, 0x50c7, 0x54f9, 0x5502, 0x550f, 0x5526, 0x5914, 0x5995,
    0x5b23, 0x5e99, 0x5eb6, 0x5eed, 0x5f2b, 0x5f48, 0x65a9, 0x69a2,
    0x6b98, 0x6bce, 0x6c3b, 0x6cff, 0x6fb8, 0x6fda, 0x7059, 0x7127,
    0x75c7, 0x75f9, 0x766a, 0x76a0, 0x76da, 0x7733, 0x773c, 0x77cd,
    0xdee2, 0xdee3, 0xdee6, 0xdef4
};

/*Collect the unicode lists and glyph_id offsets*/
static const lv_font_fmt_txt_cmap_t cmaps[] =
{
    {
        .range_start = 32, .range_length = 10, .glyph_id_start = 1,
        .unicode_list = unicode_list_0, .glyph_id_ofs_list = NULL, .list_length = 4, .type = LV_FONT_FMT_TXT_CMAP_SPARSE_TINY
    },
    {
        .range_start = 43, .range_length = 16, .glyph_id_start = 5,
        .unicode_list = NULL, .glyph_id_ofs_list = NULL, .list_length = 0, .type = LV_FONT_FMT_TXT_CMAP_FORMAT0_TINY
    },
    {
        .range_start = 65, .range_length = 26, .glyph_id_start = 21,
        .unicode_list = NULL, .glyph_id_ofs_list = NULL, .list_length = 0, .type = LV_FONT_FMT_TXT_CMAP_FORMAT0_TINY
    },
    {
        .range_start = 97, .range_length = 26, .glyph_id_start = 47,
        .unicode_list = NULL, .glyph_id_ofs_list = NULL, .list_length = 0, .type = LV_FONT_FMT_TXT_CMAP_FORMAT0_TINY
    },
    {
        .range_start = 8230, .range_length = 57077, .glyph_id_start = 73,
        .unicode_list = unicode_list_4, .glyph_id_ofs_list = NULL, .list_length = 100, .type = LV_FONT_FMT_TXT_CMAP_SPARSE_TINY
    }
};



/*--------------------
 *  ALL CUSTOM DATA
 *--------------------*/

#if LVGL_VERSION_MAJOR == 8
/*Store all the custom data of the font*/
static  lv_font_fmt_txt_glyph_cache_t cache;
#endif

#if LVGL_VERSION_MAJOR >= 8
static const lv_font_fmt_txt_dsc_t font_dsc = {
#else
static lv_font_fmt_txt_dsc_t font_dsc = {
#endif
    .glyph_bitmap = glyph_bitmap,
    .glyph_dsc = glyph_dsc,
    .cmaps = cmaps,
    .kern_dsc = NULL,
    .kern_scale = 0,
    .cmap_num = 5,
    .bpp = 4,
    .kern_classes = 0,
    .bitmap_format = 0,
#if LVGL_VERSION_MAJOR == 8
    .cache = &cache
#endif
};



/*-----------------
 *  PUBLIC FONT
 *----------------*/

/*Initialize a public general font descriptor*/
#if LVGL_VERSION_MAJOR >= 8
const lv_font_t pulse_cjk_20 = {
#else
lv_font_t pulse_cjk_20 = {
#endif
    .get_glyph_dsc = lv_font_get_glyph_dsc_fmt_txt,    /*Function pointer to get glyph's data*/
    .get_glyph_bitmap = lv_font_get_bitmap_fmt_txt,    /*Function pointer to get glyph's bitmap*/
    .line_height = 21,          /*The maximum line height required by the font*/
    .base_line = 4,             /*Baseline measured from the bottom of the line*/
#if !(LVGL_VERSION_MAJOR == 6 && LVGL_VERSION_MINOR == 0)
    .subpx = LV_FONT_SUBPX_NONE,
#endif
#if LV_VERSION_CHECK(7, 4, 0) || LVGL_VERSION_MAJOR >= 8
    .underline_position = -2,
    .underline_thickness = 1,
#endif
    .dsc = &font_dsc,          /*The custom font data. Will be accessed by `get_glyph_bitmap/dsc` */
#if LV_VERSION_CHECK(8, 2, 0) || LVGL_VERSION_MAJOR >= 9
    .fallback = NULL,
#endif
    .user_data = NULL,
};



#endif /*#if PULSE_CJK_20*/

