/*******************************************************************************
 * Size: 28 px
 * Bpp: 4
 * Opts: --font C:/Windows/Fonts/simhei.ttf --size 28 --bpp 4 --format lvgl --lv-include lvgl.h --symbols …。上不丢中临亮仅传体余使停储关内冲列创剩卡可同后启器在失子字存完对尾屏已幕度建开录待成打换掉排接提插文时明显更替未机构止正步浏点热生用电界示离等线络缓网置藏览设说象败连退避配闭队隐集需静面音（），：abcdefghijklmnopqrstuvwxyzABCDEFGHIJKLMNOPQRSTUVWXYZ0123456789:%-+.,/()  --no-compress --output pulse_cjk_28.c
 ******************************************************************************/

#ifdef LV_LVGL_H_INCLUDE_SIMPLE
#include "lvgl.h"
#else
#include "lvgl.h"
#endif

#ifndef PULSE_CJK_28
#define PULSE_CJK_28 1
#endif

#if PULSE_CJK_28

/*-----------------
 *    BITMAPS
 *----------------*/

/*Store the image of the glyphs*/
static LV_ATTRIBUTE_LARGE_CONST const uint8_t glyph_bitmap[] = {
    /* U+0020 " " */

    /* U+0025 "%" */
    0x0, 0x0, 0x0, 0x0, 0x0, 0x0, 0x0, 0x0,
    0x0, 0x0, 0x0, 0x0, 0xa4, 0x0, 0x2, 0xcf,
    0xa1, 0x0, 0x2, 0xd0, 0x0, 0xe, 0xfb, 0xfa,
    0x0, 0x9, 0x70, 0x0, 0x3f, 0x80, 0xcf, 0x0,
    0x1e, 0x0, 0x0, 0x4f, 0x60, 0xaf, 0x10, 0x78,
    0x0, 0x0, 0x5f, 0x60, 0xaf, 0x10, 0xe1, 0x0,
    0x0, 0x4f, 0x70, 0xaf, 0x5, 0xa0, 0x0, 0x0,
    0x1f, 0xb1, 0xee, 0xc, 0x30, 0x0, 0x0, 0xb,
    0xff, 0xf7, 0x4c, 0x0, 0x0, 0x0, 0x0, 0x69,
    0x40, 0xb5, 0x2c, 0xe8, 0x0, 0x0, 0x0, 0x2,
    0xd0, 0xef, 0xcf, 0x70, 0x0, 0x0, 0x9, 0x63,
    0xf7, 0xe, 0xc0, 0x0, 0x0, 0x1e, 0x6, 0xf5,
    0xc, 0xf0, 0x0, 0x0, 0x78, 0x6, 0xf4, 0xb,
    0xf0, 0x0, 0x0, 0xe1, 0x6, 0xf4, 0xb, 0xf0,
    0x0, 0x6, 0xa0, 0x6, 0xf5, 0xc, 0xf0, 0x0,
    0xd, 0x20, 0x3, 0xf7, 0xe, 0xc0, 0x0, 0x4b,
    0x0, 0x0, 0xef, 0xcf, 0x70, 0x0, 0x94, 0x0,
    0x0, 0x2c, 0xe8, 0x0,

    /* U+0028 "(" */
    0x0, 0x0, 0x7, 0x30, 0x0, 0x0, 0x6f, 0xb0,
    0x0, 0x4, 0xfd, 0x10, 0x0, 0x1e, 0xe2, 0x0,
    0x0, 0xaf, 0x50, 0x0, 0x2, 0xfb, 0x0, 0x0,
    0x9, 0xf2, 0x0, 0x0, 0xf, 0xc0, 0x0, 0x0,
    0x3f, 0x70, 0x0, 0x0, 0x6f, 0x30, 0x0, 0x0,
    0x9f, 0x10, 0x0, 0x0, 0xaf, 0x0, 0x0, 0x0,
    0xaf, 0x0, 0x0, 0x0, 0x9f, 0x0, 0x0, 0x0,
    0x7f, 0x20, 0x0, 0x0, 0x5f, 0x50, 0x0, 0x0,
    0x1f, 0xa0, 0x0, 0x0, 0xb, 0xf0, 0x0, 0x0,
    0x5, 0xf8, 0x0, 0x0, 0x0, 0xcf, 0x20, 0x0,
    0x0, 0x3f, 0xc0, 0x0, 0x0, 0x7, 0xfa, 0x0,
    0x0, 0x0, 0xaf, 0x90, 0x0, 0x0, 0xb, 0x60,
    0x0, 0x0, 0x0, 0x0,

    /* U+0029 ")" */
    0x7, 0x30, 0x0, 0x0, 0x1f, 0xe2, 0x0, 0x0,
    0x4, 0xfd, 0x10, 0x0, 0x0, 0x6f, 0xa0, 0x0,
    0x0, 0xa, 0xf4, 0x0, 0x0, 0x1, 0xfd, 0x0,
    0x0, 0x0, 0x8f, 0x40, 0x0, 0x0, 0x1f, 0xa0,
    0x0, 0x0, 0xc, 0xe0, 0x0, 0x0, 0x9, 0xf1,
    0x0, 0x0, 0x6, 0xf3, 0x0, 0x0, 0x5, 0xf4,
    0x0, 0x0, 0x5, 0xf4, 0x0, 0x0, 0x6, 0xf4,
    0x0, 0x0, 0x8, 0xf2, 0x0, 0x0, 0xb, 0xf0,
    0x0, 0x0, 0xf, 0xb0, 0x0, 0x0, 0x5f, 0x60,
    0x0, 0x0, 0xde, 0x0, 0x0, 0x7, 0xf7, 0x0,
    0x0, 0x2f, 0xd0, 0x0, 0x1, 0xef, 0x30, 0x0,
    0x1d, 0xf5, 0x0, 0x0, 0xb, 0x60, 0x0, 0x0,
    0x0, 0x0, 0x0, 0x0,

    /* U+002B "+" */
    0x0, 0x0, 0x0, 0x75, 0x0, 0x0, 0x0, 0x0,
    0x0, 0x1, 0xfc, 0x0, 0x0, 0x0, 0x0, 0x0,
    0x1, 0xfc, 0x0, 0x0, 0x0, 0x0, 0x0, 0x1,
    0xfc, 0x0, 0x0, 0x0, 0x0, 0x0, 0x1, 0xfc,
    0x0, 0x0, 0x0, 0x0, 0x0, 0x1, 0xfc, 0x0,
    0x0, 0x0, 0x7f, 0xff, 0xff, 0xff, 0xff, 0xff,
    0xf2, 0x5c, 0xcc, 0xcc, 0xff, 0xcc, 0xcc, 0xc1,
    0x0, 0x0, 0x1, 0xfc, 0x0, 0x0, 0x0, 0x0,
    0x0, 0x1, 0xfc, 0x0, 0x0, 0x0, 0x0, 0x0,
    0x1, 0xfc, 0x0, 0x0, 0x0, 0x0, 0x0, 0x1,
    0xfc, 0x0, 0x0, 0x0, 0x0, 0x0, 0x1, 0xfc,
    0x0, 0x0, 0x0,

    /* U+002C "," */
    0x46, 0x5b, 0xfd, 0xbf, 0xd0, 0xc9, 0x2f, 0x18,
    0xa0,

    /* U+002D "-" */
    0x5c, 0xcc, 0xcc, 0xcc, 0xcc, 0xcc, 0xc0, 0x7f,
    0xff, 0xff, 0xff, 0xff, 0xff, 0xf0,

    /* U+002E "." */
    0x56, 0x4d, 0xfb, 0xdf, 0xb0,

    /* U+002F "/" */
    0x0, 0x0, 0x0, 0x0, 0x0, 0x1, 0x40, 0x0,
    0x0, 0x0, 0x0, 0x0, 0x8, 0xe0, 0x0, 0x0,
    0x0, 0x0, 0x0, 0x2f, 0x50, 0x0, 0x0, 0x0,
    0x0, 0x0, 0xac, 0x0, 0x0, 0x0, 0x0, 0x0,
    0x3, 0xf3, 0x0, 0x0, 0x0, 0x0, 0x0, 0xc,
    0xa0, 0x0, 0x0, 0x0, 0x0, 0x0, 0x5f, 0x20,
    0x0, 0x0, 0x0, 0x0, 0x0, 0xe8, 0x0, 0x0,
    0x0, 0x0, 0x0, 0x7, 0xe0, 0x0, 0x0, 0x0,
    0x0, 0x0, 0x1f, 0x60, 0x0, 0x0, 0x0, 0x0,
    0x0, 0x9d, 0x0, 0x0, 0x0, 0x0, 0x0, 0x2,
    0xf4, 0x0, 0x0, 0x0, 0x0, 0x0, 0xb, 0xb0,
    0x0, 0x0, 0x0, 0x0, 0x0, 0x4f, 0x20, 0x0,
    0x0, 0x0, 0x0, 0x0, 0xd9, 0x0, 0x0, 0x0,
    0x0, 0x0, 0x6, 0xf1, 0x0, 0x0, 0x0, 0x0,
    0x0, 0xe, 0x70, 0x0, 0x0, 0x0, 0x0, 0x0,
    0x8e, 0x0, 0x0, 0x0, 0x0, 0x0, 0x2, 0xf5,
    0x0, 0x0, 0x0, 0x0, 0x0, 0xa, 0xc0, 0x0,
    0x0, 0x0, 0x0, 0x0, 0x3f, 0x30, 0x0, 0x0,
    0x0, 0x0, 0x0, 0x27, 0x0, 0x0, 0x0, 0x0,
    0x0, 0x0,

    /* U+0030 "0" */
    0x0, 0x0, 0x5c, 0xff, 0xb3, 0x0, 0x0, 0x0,
    0x8f, 0xff, 0xff, 0xf4, 0x0, 0x0, 0x6f, 0xf9,
    0x22, 0xaf, 0xe1, 0x0, 0x1e, 0xfa, 0x0, 0x0,
    0xcf, 0x90, 0x6, 0xff, 0x10, 0x0, 0x5, 0xfe,
    0x0, 0xaf, 0xb0, 0x0, 0x0, 0xf, 0xf3, 0xd,
    0xf7, 0x0, 0x0, 0x0, 0xdf, 0x50, 0xff, 0x50,
    0x0, 0x0, 0xb, 0xf7, 0xf, 0xf4, 0x0, 0x0,
    0x0, 0xaf, 0x80, 0xff, 0x30, 0x0, 0x0, 0xa,
    0xf8, 0xf, 0xf2, 0x0, 0x0, 0x0, 0x9f, 0x80,
    0xff, 0x40, 0x0, 0x0, 0xa, 0xf7, 0xe, 0xf6,
    0x0, 0x0, 0x0, 0xcf, 0x60, 0xaf, 0x90, 0x0,
    0x0, 0xf, 0xf3, 0x6, 0xfe, 0x0, 0x0, 0x4,
    0xff, 0x0, 0x1f, 0xf7, 0x0, 0x0, 0xbf, 0xa0,
    0x0, 0x8f, 0xf6, 0x0, 0x9f, 0xf3, 0x0, 0x0,
    0xbf, 0xff, 0xff, 0xf8, 0x0, 0x0, 0x0, 0x7e,
    0xff, 0xe6, 0x0, 0x0, 0x0, 0x0, 0x2, 0x20,
    0x0, 0x0,

    /* U+0031 "1" */
    0x0, 0x0, 0x7f, 0x50, 0x0, 0x5f, 0xf5, 0x0,
    0x5f, 0xff, 0x50, 0x9f, 0xef, 0xf5, 0x7f, 0xd2,
    0xef, 0x57, 0x80, 0xe, 0xf5, 0x0, 0x0, 0xef,
    0x50, 0x0, 0xe, 0xf5, 0x0, 0x0, 0xef, 0x50,
    0x0, 0xe, 0xf5, 0x0, 0x0, 0xef, 0x50, 0x0,
    0xe, 0xf5, 0x0, 0x0, 0xef, 0x50, 0x0, 0xe,
    0xf5, 0x0, 0x0, 0xef, 0x50, 0x0, 0xe, 0xf5,
    0x0, 0x0, 0xef, 0x50, 0x0, 0xe, 0xf5,

    /* U+0032 "2" */
    0x0, 0x0, 0x0, 0x0, 0x0, 0x0, 0x0, 0x0,
    0x2a, 0xef, 0xfe, 0x80, 0x0, 0x0, 0x5f, 0xff,
    0xcd, 0xff, 0xd1, 0x0, 0x2f, 0xfa, 0x10, 0x3,
    0xff, 0x90, 0xa, 0xfb, 0x0, 0x0, 0x7, 0xff,
    0x0, 0xad, 0x20, 0x0, 0x0, 0x3f, 0xf1, 0x0,
    0x0, 0x0, 0x0, 0x5, 0xff, 0x0, 0x0, 0x0,
    0x0, 0x0, 0xaf, 0xc0, 0x0, 0x0, 0x0, 0x0,
    0x2f, 0xf5, 0x0, 0x0, 0x0, 0x0, 0xc, 0xfb,
    0x0, 0x0, 0x0, 0x0, 0x8, 0xfe, 0x20, 0x0,
    0x0, 0x0, 0x4, 0xff, 0x40, 0x0, 0x0, 0x0,
    0x2, 0xff, 0x70, 0x0, 0x0, 0x0, 0x1, 0xef,
    0xa0, 0x0, 0x0, 0x0, 0x1, 0xdf, 0xb0, 0x0,
    0x0, 0x0, 0x1, 0xcf, 0xd0, 0x0, 0x0, 0x0,
    0x0, 0xcf, 0xd1, 0x0, 0x0, 0x0, 0x0, 0x6f,
    0xff, 0xff, 0xff, 0xff, 0xf5, 0xa, 0xff, 0xff,
    0xff, 0xff, 0xff, 0x50,

    /* U+0033 "3" */
    0x0, 0x0, 0x1, 0x10, 0x0, 0x0, 0x0, 0x19,
    0xff, 0xff, 0xa1, 0x0, 0x1, 0xdf, 0xfc, 0xcf,
    0xfe, 0x10, 0xa, 0xfb, 0x10, 0x3, 0xef, 0xa0,
    0x2f, 0xe1, 0x0, 0x0, 0x6f, 0xf0, 0x6e, 0x70,
    0x0, 0x0, 0x2f, 0xf1, 0x0, 0x0, 0x0, 0x0,
    0x4f, 0xf0, 0x0, 0x0, 0x0, 0x0, 0xbf, 0xa0,
    0x0, 0x0, 0x0, 0x3b, 0xfd, 0x10, 0x0, 0x0,
    0x5f, 0xff, 0xc1, 0x0, 0x0, 0x0, 0x4c, 0xff,
    0xf7, 0x0, 0x0, 0x0, 0x0, 0x18, 0xff, 0x70,
    0x0, 0x0, 0x0, 0x0, 0x8f, 0xf1, 0x0, 0x0,
    0x0, 0x0, 0x1f, 0xf4, 0x14, 0x0, 0x0, 0x0,
    0xf, 0xf5, 0xcf, 0x70, 0x0, 0x0, 0x1f, 0xf3,
    0x7f, 0xe2, 0x0, 0x0, 0x9f, 0xe0, 0xe, 0xfe,
    0x62, 0x28, 0xff, 0x70, 0x3, 0xef, 0xff, 0xff,
    0xf8, 0x0, 0x0, 0x19, 0xdf, 0xeb, 0x40, 0x0,

    /* U+0034 "4" */
    0x0, 0x0, 0x0, 0x0, 0x3f, 0xd0, 0x0, 0x0,
    0x0, 0x0, 0x0, 0xdf, 0xd0, 0x0, 0x0, 0x0,
    0x0, 0xa, 0xff, 0xd0, 0x0, 0x0, 0x0, 0x0,
    0x6f, 0xff, 0xd0, 0x0, 0x0, 0x0, 0x2, 0xff,
    0x8f, 0xd0, 0x0, 0x0, 0x0, 0xd, 0xf8, 0x4f,
    0xd0, 0x0, 0x0, 0x0, 0x9f, 0xc0, 0x4f, 0xd0,
    0x0, 0x0, 0x5, 0xfe, 0x10, 0x4f, 0xd0, 0x0,
    0x0, 0x2f, 0xf4, 0x0, 0x4f, 0xd0, 0x0, 0x0,
    0xcf, 0x80, 0x0, 0x4f, 0xd0, 0x0, 0x9, 0xfb,
    0x0, 0x0, 0x4f, 0xd0, 0x0, 0x4f, 0xe1, 0x0,
    0x0, 0x4f, 0xd0, 0x0, 0xaf, 0xff, 0xff, 0xff,
    0xff, 0xff, 0xf7, 0x9d, 0xdd, 0xdd, 0xdd, 0xef,
    0xfd, 0xd6, 0x0, 0x0, 0x0, 0x0, 0x4f, 0xd0,
    0x0, 0x0, 0x0, 0x0, 0x0, 0x4f, 0xd0, 0x0,
    0x0, 0x0, 0x0, 0x0, 0x4f, 0xd0, 0x0, 0x0,
    0x0, 0x0, 0x0, 0x4f, 0xd0, 0x0,

    /* U+0035 "5" */
    0x0, 0xf, 0xff, 0xff, 0xff, 0xfb, 0x0, 0x4,
    0xff, 0xff, 0xff, 0xff, 0xa0, 0x0, 0x7f, 0x90,
    0x0, 0x0, 0x0, 0x0, 0xb, 0xf6, 0x0, 0x0,
    0x0, 0x0, 0x0, 0xef, 0x20, 0x0, 0x0, 0x0,
    0x0, 0x2f, 0xe0, 0x0, 0x0, 0x0, 0x0, 0x6,
    0xfd, 0xad, 0xfe, 0xb5, 0x0, 0x0, 0x9f, 0xff,
    0xcb, 0xef, 0xfb, 0x0, 0xd, 0xfb, 0x20, 0x0,
    0x6f, 0xf8, 0x0, 0x35, 0x0, 0x0, 0x0, 0x7f,
    0xf0, 0x0, 0x0, 0x0, 0x0, 0x0, 0xff, 0x40,
    0x0, 0x0, 0x0, 0x0, 0xe, 0xf6, 0x0, 0x0,
    0x0, 0x0, 0x0, 0xff, 0x55, 0xe9, 0x0, 0x0,
    0x0, 0x3f, 0xf2, 0x3f, 0xf1, 0x0, 0x0, 0xb,
    0xfd, 0x0, 0xcf, 0xc1, 0x0, 0xa, 0xff, 0x40,
    0x2, 0xef, 0xfd, 0xcf, 0xff, 0x60, 0x0, 0x1,
    0x8d, 0xfe, 0xc8, 0x10, 0x0,

    /* U+0036 "6" */
    0x0, 0x0, 0x0, 0xa, 0xfc, 0x0, 0x0, 0x0,
    0x0, 0x0, 0x5f, 0xf2, 0x0, 0x0, 0x0, 0x0,
    0x1, 0xff, 0x70, 0x0, 0x0, 0x0, 0x0, 0xb,
    0xfc, 0x0, 0x0, 0x0, 0x0, 0x0, 0x6f, 0xf2,
    0x0, 0x0, 0x0, 0x0, 0x2, 0xff, 0x60, 0x0,
    0x0, 0x0, 0x0, 0xc, 0xfe, 0x79, 0x85, 0x0,
    0x0, 0x0, 0x6f, 0xff, 0xcb, 0xef, 0xe4, 0x0,
    0x0, 0xef, 0xb1, 0x0, 0x6, 0xff, 0x30, 0x7,
    0xff, 0x10, 0x0, 0x0, 0x8f, 0xc0, 0xb, 0xfa,
    0x0, 0x0, 0x0, 0x2f, 0xf1, 0xe, 0xf7, 0x0,
    0x0, 0x0, 0x1f, 0xf3, 0xd, 0xf7, 0x0, 0x0,
    0x0, 0x2f, 0xf3, 0xb, 0xfa, 0x0, 0x0, 0x0,
    0x5f, 0xf1, 0x7, 0xff, 0x20, 0x0, 0x0, 0xcf,
    0xc0, 0x0, 0xef, 0xe4, 0x0, 0x3c, 0xff, 0x40,
    0x0, 0x2d, 0xff, 0xff, 0xff, 0xf7, 0x0, 0x0,
    0x0, 0x6b, 0xef, 0xeb, 0x40, 0x0,

    /* U+0037 "7" */
    0xcf, 0xff, 0xff, 0xff, 0xff, 0xfe, 0xcf, 0xff,
    0xff, 0xff, 0xff, 0xfe, 0x0, 0x0, 0x0, 0x0,
    0xb, 0xf8, 0x0, 0x0, 0x0, 0x0, 0x4f, 0xe0,
    0x0, 0x0, 0x0, 0x0, 0xdf, 0x50, 0x0, 0x0,
    0x0, 0x6, 0xfc, 0x0, 0x0, 0x0, 0x0, 0xe,
    0xf4, 0x0, 0x0, 0x0, 0x0, 0x6f, 0xc0, 0x0,
    0x0, 0x0, 0x0, 0xdf, 0x50, 0x0, 0x0, 0x0,
    0x5, 0xfd, 0x0, 0x0, 0x0, 0x0, 0xc, 0xf6,
    0x0, 0x0, 0x0, 0x0, 0x2f, 0xf1, 0x0, 0x0,
    0x0, 0x0, 0x8f, 0xb0, 0x0, 0x0, 0x0, 0x0,
    0xef, 0x50, 0x0, 0x0, 0x0, 0x4, 0xff, 0x0,
    0x0, 0x0, 0x0, 0x8, 0xfc, 0x0, 0x0, 0x0,
    0x0, 0xd, 0xf8, 0x0, 0x0, 0x0, 0x0, 0x2f,
    0xf4, 0x0, 0x0, 0x0,

    /* U+0038 "8" */
    0x0, 0x4, 0xbd, 0xfe, 0xc7, 0x0, 0x0, 0x7,
    0xff, 0xff, 0xff, 0xfd, 0x10, 0x3, 0xff, 0x61,
    0x1, 0x6f, 0xfa, 0x0, 0x9f, 0x90, 0x0, 0x0,
    0x6f, 0xe0, 0x9, 0xf7, 0x0, 0x0, 0x4, 0xfe,
    0x0, 0x6f, 0xd0, 0x0, 0x0, 0xaf, 0xb0, 0x0,
    0xdf, 0xd6, 0x46, 0xbf, 0xf2, 0x0, 0x1, 0xcf,
    0xff, 0xff, 0xb2, 0x0, 0x0, 0x7f, 0xff, 0xff,
    0xff, 0x90, 0x0, 0x5f, 0xff, 0xec, 0xdf, 0xff,
    0xb0, 0xd, 0xff, 0x50, 0x0, 0x3d, 0xff, 0x32,
    0xff, 0x60, 0x0, 0x0, 0x1f, 0xf7, 0x3f, 0xf1,
    0x0, 0x0, 0x0, 0xbf, 0x82, 0xff, 0x0, 0x0,
    0x0, 0xb, 0xf7, 0xf, 0xf3, 0x0, 0x0, 0x0,
    0xef, 0x30, 0x9f, 0xb0, 0x0, 0x0, 0x9f, 0xc0,
    0x0, 0xcf, 0xd8, 0x78, 0xdf, 0xe1, 0x0, 0x0,
    0x6b, 0xef, 0xfd, 0x81, 0x0,

    /* U+0039 "9" */
    0x0, 0x3, 0x9d, 0xfe, 0xb4, 0x0, 0x0, 0x8,
    0xff, 0xff, 0xff, 0xf9, 0x0, 0x6, 0xff, 0xc5,
    0x35, 0xdf, 0xf8, 0x0, 0xef, 0xc0, 0x0, 0x0,
    0xcf, 0xf1, 0x4f, 0xf4, 0x0, 0x0, 0x4, 0xff,
    0x46, 0xff, 0x0, 0x0, 0x0, 0x2f, 0xf5, 0x6f,
    0xe0, 0x0, 0x0, 0x2, 0xff, 0x34, 0xff, 0x0,
    0x0, 0x0, 0x6f, 0xe0, 0xe, 0xf7, 0x0, 0x0,
    0xd, 0xf8, 0x0, 0x5f, 0xf5, 0x0, 0x2b, 0xff,
    0x10, 0x0, 0x4d, 0xfe, 0xef, 0xff, 0x70, 0x0,
    0x0, 0x2, 0x44, 0xdf, 0xe0, 0x0, 0x0, 0x0,
    0x0, 0x4f, 0xf5, 0x0, 0x0, 0x0, 0x0, 0xc,
    0xfb, 0x0, 0x0, 0x0, 0x0, 0x5, 0xff, 0x20,
    0x0, 0x0, 0x0, 0x1, 0xef, 0x70, 0x0, 0x0,
    0x0, 0x0, 0x9f, 0xd0, 0x0, 0x0, 0x0, 0x0,
    0x3f, 0xf3, 0x0, 0x0, 0x0,

    /* U+003A ":" */
    0x8f, 0xf8, 0xff, 0x36, 0x60, 0x0, 0x0, 0x0,
    0x0, 0x0, 0x0, 0x0, 0x0, 0x3, 0x66, 0x8f,
    0xf8, 0xff,

    /* U+0041 "A" */
    0x0, 0x0, 0x5, 0xff, 0x20, 0x0, 0x0, 0x0,
    0x0, 0xa, 0xff, 0x70, 0x0, 0x0, 0x0, 0x0,
    0xf, 0xff, 0xb0, 0x0, 0x0, 0x0, 0x0, 0x4f,
    0xff, 0xf1, 0x0, 0x0, 0x0, 0x0, 0x9f, 0xcf,
    0xf5, 0x0, 0x0, 0x0, 0x0, 0xdf, 0x6a, 0xfa,
    0x0, 0x0, 0x0, 0x2, 0xff, 0x15, 0xff, 0x0,
    0x0, 0x0, 0x7, 0xfc, 0x0, 0xff, 0x40, 0x0,
    0x0, 0xc, 0xf7, 0x0, 0xbf, 0x90, 0x0, 0x0,
    0x1f, 0xf2, 0x0, 0x6f, 0xd0, 0x0, 0x0, 0x6f,
    0xff, 0xff, 0xff, 0xf2, 0x0, 0x0, 0xbf, 0xff,
    0xff, 0xff, 0xf7, 0x0, 0x0, 0xff, 0x61, 0x11,
    0x19, 0xfc, 0x0, 0x4, 0xff, 0x10, 0x0, 0x5,
    0xff, 0x10, 0x9, 0xfd, 0x0, 0x0, 0x1, 0xff,
    0x60, 0xe, 0xf9, 0x0, 0x0, 0x0, 0xdf, 0xb0,
    0x3f, 0xf5, 0x0, 0x0, 0x0, 0x9f, 0xf0, 0x8f,
    0xf1, 0x0, 0x0, 0x0, 0x4f, 0xf4,

    /* U+0042 "B" */
    0xcf, 0xff, 0xff, 0xfd, 0x91, 0x0, 0xcf, 0xff,
    0xff, 0xff, 0xff, 0x30, 0xcf, 0xb1, 0x11, 0x26,
    0xff, 0xd0, 0xcf, 0xb0, 0x0, 0x0, 0x6f, 0xf3,
    0xcf, 0xb0, 0x0, 0x0, 0x3f, 0xf5, 0xcf, 0xb0,
    0x0, 0x0, 0x6f, 0xf2, 0xcf, 0xb0, 0x0, 0x16,
    0xff, 0xb0, 0xcf, 0xff, 0xff, 0xff, 0xf9, 0x0,
    0xcf, 0xff, 0xff, 0xff, 0xe7, 0x0, 0xcf, 0xb1,
    0x11, 0x38, 0xff, 0xc0, 0xcf, 0xb0, 0x0, 0x0,
    0x3f, 0xf8, 0xcf, 0xb0, 0x0, 0x0, 0xd, 0xfd,
    0xcf, 0xb0, 0x0, 0x0, 0xb, 0xfe, 0xcf, 0xb0,
    0x0, 0x0, 0xd, 0xfd, 0xcf, 0xb0, 0x0, 0x0,
    0x3f, 0xf9, 0xcf, 0xb1, 0x11, 0x38, 0xff, 0xf3,
    0xcf, 0xff, 0xff, 0xff, 0xff, 0x70, 0xcf, 0xff,
    0xff, 0xfd, 0x92, 0x0,

    /* U+0043 "C" */
    0x0, 0x0, 0x2a, 0xef, 0xe9, 0x10, 0x0, 0x0,
    0x6, 0xff, 0xff, 0xff, 0xe3, 0x0, 0x0, 0x4f,
    0xfc, 0x41, 0x4d, 0xfe, 0x10, 0x0, 0xdf, 0xd0,
    0x0, 0x2, 0xff, 0x70, 0x4, 0xff, 0x40, 0x0,
    0x0, 0xbf, 0xb0, 0x9, 0xff, 0x0, 0x0, 0x0,
    0x9f, 0xd0, 0xc, 0xfc, 0x0, 0x0, 0x0, 0x48,
    0x70, 0xe, 0xfa, 0x0, 0x0, 0x0, 0x0, 0x0,
    0xf, 0xfa, 0x0, 0x0, 0x0, 0x0, 0x0, 0xf,
    0xf9, 0x0, 0x0, 0x0, 0x0, 0x0, 0xf, 0xfa,
    0x0, 0x0, 0x0, 0x13, 0x30, 0xe, 0xfb, 0x0,
    0x0, 0x0, 0x8f, 0xf0, 0xb, 0xfe, 0x0, 0x0,
    0x0, 0x9f, 0xd0, 0x7, 0xff, 0x20, 0x0, 0x0,
    0xdf, 0xa0, 0x1, 0xff, 0xb0, 0x0, 0x4, 0xff,
    0x50, 0x0, 0x8f, 0xfb, 0x31, 0x6f, 0xfd, 0x0,
    0x0, 0x9, 0xff, 0xff, 0xff, 0xe2, 0x0, 0x0,
    0x0, 0x4b, 0xef, 0xd8, 0x10, 0x0,

    /* U+0044 "D" */
    0xcf, 0xff, 0xfe, 0xb6, 0x0, 0x0, 0xcf, 0xff,
    0xff, 0xff, 0xe3, 0x0, 0xcf, 0xb1, 0x24, 0xaf,
    0xff, 0x20, 0xcf, 0xb0, 0x0, 0x5, 0xff, 0xc0,
    0xcf, 0xb0, 0x0, 0x0, 0xaf, 0xf2, 0xcf, 0xb0,
    0x0, 0x0, 0x4f, 0xf6, 0xcf, 0xb0, 0x0, 0x0,
    0xf, 0xf9, 0xcf, 0xb0, 0x0, 0x0, 0xe, 0xfb,
    0xcf, 0xb0, 0x0, 0x0, 0xd, 0xfc, 0xcf, 0xb0,
    0x0, 0x0, 0xd, 0xfc, 0xcf, 0xb0, 0x0, 0x0,
    0xe, 0xfb, 0xcf, 0xb0, 0x0, 0x0, 0xf, 0xf9,
    0xcf, 0xb0, 0x0, 0x0, 0x3f, 0xf6, 0xcf, 0xb0,
    0x0, 0x0, 0x9f, 0xf2, 0xcf, 0xb0, 0x0, 0x4,
    0xff, 0xa0, 0xcf, 0xb1, 0x14, 0x9f, 0xfe, 0x10,
    0xcf, 0xff, 0xff, 0xff, 0xc2, 0x0, 0xcf, 0xff,
    0xfd, 0xa5, 0x0, 0x0,

    /* U+0045 "E" */
    0x7f, 0xff, 0xff, 0xff, 0xff, 0xf2, 0x7f, 0xff,
    0xff, 0xff, 0xff, 0xf2, 0x7f, 0xf1, 0x11, 0x11,
    0x11, 0x10, 0x7f, 0xf0, 0x0, 0x0, 0x0, 0x0,
    0x7f, 0xf0, 0x0, 0x0, 0x0, 0x0, 0x7f, 0xf0,
    0x0, 0x0, 0x0, 0x0, 0x7f, 0xf0, 0x0, 0x0,
    0x0, 0x0, 0x7f, 0xff, 0xff, 0xff, 0xff, 0x70,
    0x7f, 0xff, 0xff, 0xff, 0xff, 0x70, 0x7f, 0xf1,
    0x11, 0x11, 0x11, 0x0, 0x7f, 0xf0, 0x0, 0x0,
    0x0, 0x0, 0x7f, 0xf0, 0x0, 0x0, 0x0, 0x0,
    0x7f, 0xf0, 0x0, 0x0, 0x0, 0x0, 0x7f, 0xf0,
    0x0, 0x0, 0x0, 0x0, 0x7f, 0xf0, 0x0, 0x0,
    0x0, 0x0, 0x7f, 0xf1, 0x11, 0x11, 0x11, 0x10,
    0x7f, 0xff, 0xff, 0xff, 0xff, 0xfb, 0x7f, 0xff,
    0xff, 0xff, 0xff, 0xfb,

    /* U+0046 "F" */
    0xbf, 0xff, 0xff, 0xff, 0xff, 0xfc, 0xbf, 0xff,
    0xff, 0xff, 0xff, 0xfc, 0xbf, 0xd1, 0x11, 0x11,
    0x11, 0x10, 0xbf, 0xd0, 0x0, 0x0, 0x0, 0x0,
    0xbf, 0xd0, 0x0, 0x0, 0x0, 0x0, 0xbf, 0xd0,
    0x0, 0x0, 0x0, 0x0, 0xbf, 0xd0, 0x0, 0x0,
    0x0, 0x0, 0xbf, 0xd1, 0x11, 0x11, 0x10, 0x0,
    0xbf, 0xff, 0xff, 0xff, 0xf9, 0x0, 0xbf, 0xff,
    0xff, 0xff, 0xf9, 0x0, 0xbf, 0xd0, 0x0, 0x0,
    0x0, 0x0, 0xbf, 0xd0, 0x0, 0x0, 0x0, 0x0,
    0xbf, 0xd0, 0x0, 0x0, 0x0, 0x0, 0xbf, 0xd0,
    0x0, 0x0, 0x0, 0x0, 0xbf, 0xd0, 0x0, 0x0,
    0x0, 0x0, 0xbf, 0xd0, 0x0, 0x0, 0x0, 0x0,
    0xbf, 0xd0, 0x0, 0x0, 0x0, 0x0, 0xbf, 0xd0,
    0x0, 0x0, 0x0, 0x0,

    /* U+0047 "G" */
    0x0, 0x0, 0x5b, 0xef, 0xd7, 0x0, 0x0, 0x0,
    0x9f, 0xff, 0xff, 0xfd, 0x10, 0x0, 0x6f, 0xf9,
    0x22, 0x7f, 0xfa, 0x0, 0xe, 0xfa, 0x0, 0x0,
    0x7f, 0xf1, 0x5, 0xff, 0x30, 0x0, 0x1, 0xff,
    0x50, 0x9f, 0xe0, 0x0, 0x0, 0xb, 0xb5, 0xc,
    0xfc, 0x0, 0x0, 0x0, 0x0, 0x0, 0xef, 0xa0,
    0x0, 0x0, 0x0, 0x0, 0xf, 0xfa, 0x0, 0x1f,
    0xff, 0xff, 0x70, 0xff, 0x90, 0x1, 0xff, 0xff,
    0xf7, 0xf, 0xfa, 0x0, 0x1, 0x11, 0xbf, 0x70,
    0xef, 0xb0, 0x0, 0x0, 0xb, 0xf7, 0xb, 0xfe,
    0x0, 0x0, 0x0, 0xcf, 0x70, 0x8f, 0xf3, 0x0,
    0x0, 0xf, 0xf7, 0x2, 0xff, 0xb0, 0x0, 0x6,
    0xff, 0x70, 0x8, 0xff, 0xb3, 0x16, 0xff, 0xf7,
    0x0, 0xa, 0xff, 0xff, 0xff, 0xdf, 0x70, 0x0,
    0x5, 0xcf, 0xfb, 0x37, 0xf7,

    /* U+0048 "H" */
    0xcf, 0xb0, 0x0, 0x0, 0xf, 0xf7, 0xcf, 0xb0,
    0x0, 0x0, 0xf, 0xf7, 0xcf, 0xb0, 0x0, 0x0,
    0xf, 0xf7, 0xcf, 0xb0, 0x0, 0x0, 0xf, 0xf7,
    0xcf, 0xb0, 0x0, 0x0, 0xf, 0xf7, 0xcf, 0xb0,
    0x0, 0x0, 0xf, 0xf7, 0xcf, 0xb0, 0x0, 0x0,
    0xf, 0xf7, 0xcf, 0xff, 0xff, 0xff, 0xff, 0xf7,
    0xcf, 0xff, 0xff, 0xff, 0xff, 0xf7, 0xcf, 0xb1,
    0x11, 0x11, 0x1f, 0xf7, 0xcf, 0xb0, 0x0, 0x0,
    0xf, 0xf7, 0xcf, 0xb0, 0x0, 0x0, 0xf, 0xf7,
    0xcf, 0xb0, 0x0, 0x0, 0xf, 0xf7, 0xcf, 0xb0,
    0x0, 0x0, 0xf, 0xf7, 0xcf, 0xb0, 0x0, 0x0,
    0xf, 0xf7, 0xcf, 0xb0, 0x0, 0x0, 0xf, 0xf7,
    0xcf, 0xb0, 0x0, 0x0, 0xf, 0xf7, 0xcf, 0xb0,
    0x0, 0x0, 0xf, 0xf7,

    /* U+0049 "I" */
    0x6f, 0xf1, 0x6f, 0xf1, 0x6f, 0xf1, 0x6f, 0xf1,
    0x6f, 0xf1, 0x6f, 0xf1, 0x6f, 0xf1, 0x6f, 0xf1,
    0x6f, 0xf1, 0x6f, 0xf1, 0x6f, 0xf1, 0x6f, 0xf1,
    0x6f, 0xf1, 0x6f, 0xf1, 0x6f, 0xf1, 0x6f, 0xf1,
    0x6f, 0xf1, 0x6f, 0xf1,

    /* U+004A "J" */
    0x0, 0x0, 0x0, 0x0, 0x4f, 0xf4, 0x0, 0x0,
    0x0, 0x0, 0x4f, 0xf4, 0x0, 0x0, 0x0, 0x0,
    0x4f, 0xf4, 0x0, 0x0, 0x0, 0x0, 0x4f, 0xf4,
    0x0, 0x0, 0x0, 0x0, 0x4f, 0xf4, 0x0, 0x0,
    0x0, 0x0, 0x4f, 0xf4, 0x0, 0x0, 0x0, 0x0,
    0x4f, 0xf4, 0x0, 0x0, 0x0, 0x0, 0x4f, 0xf4,
    0x0, 0x0, 0x0, 0x0, 0x4f, 0xf4, 0x0, 0x0,
    0x0, 0x0, 0x4f, 0xf4, 0x12, 0x20, 0x0, 0x0,
    0x4f, 0xf4, 0x9f, 0xf0, 0x0, 0x0, 0x4f, 0xf3,
    0x8f, 0xf0, 0x0, 0x0, 0x4f, 0xf3, 0x7f, 0xf1,
    0x0, 0x0, 0x6f, 0xf1, 0x3f, 0xf7, 0x0, 0x0,
    0xcf, 0xe0, 0xd, 0xff, 0x95, 0x6c, 0xff, 0x70,
    0x2, 0xef, 0xff, 0xff, 0xfb, 0x0, 0x0, 0x18,
    0xdf, 0xfc, 0x60, 0x0,

    /* U+004B "K" */
    0xcf, 0xb0, 0x0, 0x0, 0x7f, 0xf7, 0xc, 0xfb,
    0x0, 0x0, 0x4f, 0xfa, 0x0, 0xcf, 0xb0, 0x0,
    0x1e, 0xfc, 0x0, 0xc, 0xfb, 0x0, 0xc, 0xfe,
    0x10, 0x0, 0xcf, 0xb0, 0xa, 0xff, 0x30, 0x0,
    0xc, 0xfb, 0x7, 0xff, 0x60, 0x0, 0x0, 0xcf,
    0xb4, 0xff, 0x80, 0x0, 0x0, 0xc, 0xfd, 0xef,
    0xf5, 0x0, 0x0, 0x0, 0xcf, 0xff, 0xff, 0xe0,
    0x0, 0x0, 0xc, 0xff, 0xf7, 0xff, 0x80, 0x0,
    0x0, 0xcf, 0xf5, 0xb, 0xff, 0x10, 0x0, 0xc,
    0xfb, 0x0, 0x2f, 0xfa, 0x0, 0x0, 0xcf, 0xb0,
    0x0, 0x9f, 0xf3, 0x0, 0xc, 0xfb, 0x0, 0x1,
    0xff, 0xc0, 0x0, 0xcf, 0xb0, 0x0, 0x7, 0xff,
    0x50, 0xc, 0xfb, 0x0, 0x0, 0xd, 0xfe, 0x0,
    0xcf, 0xb0, 0x0, 0x0, 0x5f, 0xf7, 0xc, 0xfb,
    0x0, 0x0, 0x0, 0xcf, 0xf1,

    /* U+004C "L" */
    0xbf, 0xd0, 0x0, 0x0, 0x0, 0x0, 0xbf, 0xd0,
    0x0, 0x0, 0x0, 0x0, 0xbf, 0xd0, 0x0, 0x0,
    0x0, 0x0, 0xbf, 0xd0, 0x0, 0x0, 0x0, 0x0,
    0xbf, 0xd0, 0x0, 0x0, 0x0, 0x0, 0xbf, 0xd0,
    0x0, 0x0, 0x0, 0x0, 0xbf, 0xd0, 0x0, 0x0,
    0x0, 0x0, 0xbf, 0xd0, 0x0, 0x0, 0x0, 0x0,
    0xbf, 0xd0, 0x0, 0x0, 0x0, 0x0, 0xbf, 0xd0,
    0x0, 0x0, 0x0, 0x0, 0xbf, 0xd0, 0x0, 0x0,
    0x0, 0x0, 0xbf, 0xd0, 0x0, 0x0, 0x0, 0x0,
    0xbf, 0xd0, 0x0, 0x0, 0x0, 0x0, 0xbf, 0xd0,
    0x0, 0x0, 0x0, 0x0, 0xbf, 0xd0, 0x0, 0x0,
    0x0, 0x0, 0xbf, 0xd1, 0x11, 0x11, 0x11, 0x10,
    0xbf, 0xff, 0xff, 0xff, 0xff, 0xfb, 0xbf, 0xff,
    0xff, 0xff, 0xff, 0xfb,

    /* U+004D "M" */
    0xf, 0xff, 0x70, 0x0, 0xb, 0xff, 0xc0, 0xff,
    0xfa, 0x0, 0x0, 0xef, 0xfc, 0xf, 0xff, 0xe0,
    0x0, 0x1f, 0xff, 0xc0, 0xff, 0xff, 0x10, 0x5,
    0xff, 0xfc, 0xf, 0xff, 0xf4, 0x0, 0x8f, 0xff,
    0xc0, 0xff, 0xdf, 0x80, 0xb, 0xfd, 0xfc, 0xf,
    0xf8, 0xfb, 0x0, 0xef, 0x8f, 0xc0, 0xff, 0x5f,
    0xe0, 0x2f, 0xf6, 0xfc, 0xf, 0xf2, 0xff, 0x25,
    0xfb, 0x6f, 0xc0, 0xff, 0x2c, 0xf5, 0x8f, 0x86,
    0xfc, 0xf, 0xf2, 0x8f, 0x8c, 0xf5, 0x6f, 0xc0,
    0xff, 0x25, 0xfc, 0xff, 0x16, 0xfc, 0xf, 0xf2,
    0x2f, 0xff, 0xe0, 0x6f, 0xc0, 0xff, 0x20, 0xef,
    0xfb, 0x6, 0xfc, 0xf, 0xf2, 0xb, 0xff, 0x70,
    0x6f, 0xc0, 0xff, 0x20, 0x8f, 0xf4, 0x6, 0xfc,
    0xf, 0xf2, 0x4, 0xff, 0x10, 0x6f, 0xc0, 0xff,
    0x20, 0x1f, 0xd0, 0x6, 0xfc,

    /* U+004E "N" */
    0xef, 0xf1, 0x0, 0x0, 0xf, 0xf7, 0xef, 0xf8,
    0x0, 0x0, 0xf, 0xf7, 0xef, 0xfe, 0x0, 0x0,
    0xf, 0xf7, 0xef, 0xff, 0x70, 0x0, 0xf, 0xf7,
    0xef, 0xff, 0xe0, 0x0, 0xf, 0xf7, 0xef, 0xaf,
    0xf5, 0x0, 0xf, 0xf7, 0xef, 0x99, 0xfd, 0x0,
    0xf, 0xf7, 0xef, 0x91, 0xff, 0x40, 0xf, 0xf7,
    0xef, 0x90, 0xaf, 0xb0, 0xf, 0xf7, 0xef, 0x90,
    0x3f, 0xf3, 0xf, 0xf7, 0xef, 0x90, 0xb, 0xfa,
    0xf, 0xf7, 0xef, 0x90, 0x4, 0xff, 0x2f, 0xf7,
    0xef, 0x90, 0x0, 0xcf, 0xaf, 0xf7, 0xef, 0x90,
    0x0, 0x5f, 0xff, 0xf7, 0xef, 0x90, 0x0, 0xd,
    0xff, 0xf7, 0xef, 0x90, 0x0, 0x6, 0xff, 0xf7,
    0xef, 0x90, 0x0, 0x0, 0xef, 0xf7, 0xef, 0x90,
    0x0, 0x0, 0x7f, 0xf7,

    /* U+004F "O" */
    0x0, 0x0, 0x8d, 0xff, 0xc6, 0x0, 0x0, 0x2,
    0xef, 0xff, 0xff, 0xfb, 0x0, 0x0, 0xdf, 0xf7,
    0x22, 0xaf, 0xf9, 0x0, 0x6f, 0xf6, 0x0, 0x0,
    0xaf, 0xf1, 0xb, 0xfe, 0x0, 0x0, 0x3, 0xff,
    0x60, 0xef, 0xa0, 0x0, 0x0, 0xf, 0xf9, 0x1f,
    0xf8, 0x0, 0x0, 0x0, 0xdf, 0xc2, 0xff, 0x60,
    0x0, 0x0, 0xc, 0xfd, 0x3f, 0xf6, 0x0, 0x0,
    0x0, 0xbf, 0xe3, 0xff, 0x60, 0x0, 0x0, 0xb,
    0xfe, 0x2f, 0xf7, 0x0, 0x0, 0x0, 0xcf, 0xd1,
    0xff, 0x80, 0x0, 0x0, 0xd, 0xfc, 0xe, 0xfa,
    0x0, 0x0, 0x0, 0xff, 0x90, 0xbf, 0xe0, 0x0,
    0x0, 0x3f, 0xf6, 0x5, 0xff, 0x60, 0x0, 0xb,
    0xff, 0x10, 0xc, 0xff, 0x72, 0x2a, 0xff, 0x80,
    0x0, 0x1d, 0xff, 0xff, 0xff, 0xb0, 0x0, 0x0,
    0x8, 0xdf, 0xfc, 0x60, 0x0,

    /* U+0050 "P" */
    0x9f, 0xff, 0xff, 0xfd, 0x92, 0x0, 0x9f, 0xff,
    0xff, 0xff, 0xff, 0x50, 0x9f, 0xf1, 0x11, 0x36,
    0xdf, 0xf2, 0x9f, 0xf0, 0x0, 0x0, 0x1f, 0xf9,
    0x9f, 0xf0, 0x0, 0x0, 0xb, 0xfd, 0x9f, 0xf0,
    0x0, 0x0, 0xa, 0xfe, 0x9f, 0xf0, 0x0, 0x0,
    0xb, 0xfd, 0x9f, 0xf0, 0x0, 0x0, 0x1f, 0xf9,
    0x9f, 0xf1, 0x11, 0x26, 0xdf, 0xf2, 0x9f, 0xff,
    0xff, 0xff, 0xff, 0x50, 0x9f, 0xff, 0xff, 0xfd,
    0x92, 0x0, 0x9f, 0xf0, 0x0, 0x0, 0x0, 0x0,
    0x9f, 0xf0, 0x0, 0x0, 0x0, 0x0, 0x9f, 0xf0,
    0x0, 0x0, 0x0, 0x0, 0x9f, 0xf0, 0x0, 0x0,
    0x0, 0x0, 0x9f, 0xf0, 0x0, 0x0, 0x0, 0x0,
    0x9f, 0xf0, 0x0, 0x0, 0x0, 0x0, 0x9f, 0xf0,
    0x0, 0x0, 0x0, 0x0,

    /* U+0051 "Q" */
    0x0, 0x0, 0x8d, 0xff, 0xc6, 0x0, 0x0, 0x2,
    0xef, 0xff, 0xff, 0xfb, 0x0, 0x0, 0xdf, 0xf7,
    0x22, 0xaf, 0xf9, 0x0, 0x6f, 0xf6, 0x0, 0x0,
    0xaf, 0xf1, 0xb, 0xfe, 0x0, 0x0, 0x3, 0xff,
    0x60, 0xef, 0xa0, 0x0, 0x0, 0xf, 0xf9, 0x1f,
    0xf8, 0x0, 0x0, 0x0, 0xdf, 0xc2, 0xff, 0x60,
    0x0, 0x0, 0xc, 0xfd, 0x3f, 0xf6, 0x0, 0x0,
    0x0, 0xbf, 0xe3, 0xff, 0x60, 0x0, 0x0, 0xb,
    0xfe, 0x2f, 0xf7, 0x0, 0x0, 0x20, 0xcf, 0xd1,
    0xff, 0x80, 0x0, 0x8d, 0xd, 0xfc, 0xe, 0xfa,
    0x0, 0x1f, 0xf6, 0xff, 0x90, 0xbf, 0xe0, 0x0,
    0x8f, 0xff, 0xf5, 0x5, 0xff, 0x60, 0x0, 0xef,
    0xff, 0x0, 0xc, 0xff, 0x72, 0x2b, 0xff, 0x70,
    0x0, 0x1d, 0xff, 0xff, 0xff, 0xfa, 0x0, 0x0,
    0x8, 0xdf, 0xeb, 0xaf, 0xe0, 0x0, 0x0, 0x0,
    0x0, 0x0, 0xd2, 0x0, 0x0, 0x0, 0x0, 0x0,
    0x0, 0x0,

    /* U+0052 "R" */
    0xcf, 0xff, 0xff, 0xfc, 0x81, 0x0, 0xc, 0xff,
    0xff, 0xff, 0xff, 0xf4, 0x0, 0xcf, 0xb1, 0x11,
    0x38, 0xff, 0xf1, 0xc, 0xfb, 0x0, 0x0, 0x6,
    0xff, 0x60, 0xcf, 0xb0, 0x0, 0x0, 0xf, 0xf8,
    0xc, 0xfb, 0x0, 0x0, 0x0, 0xff, 0x80, 0xcf,
    0xb0, 0x0, 0x0, 0x5f, 0xf6, 0xc, 0xfb, 0x11,
    0x12, 0x7f, 0xfe, 0x10, 0xcf, 0xff, 0xff, 0xff,
    0xfe, 0x30, 0xc, 0xff, 0xff, 0xff, 0xf7, 0x10,
    0x0, 0xcf, 0xb0, 0x3, 0xff, 0x60, 0x0, 0xc,
    0xfb, 0x0, 0xb, 0xfd, 0x0, 0x0, 0xcf, 0xb0,
    0x0, 0x3f, 0xf6, 0x0, 0xc, 0xfb, 0x0, 0x0,
    0xbf, 0xd0, 0x0, 0xcf, 0xb0, 0x0, 0x3, 0xff,
    0x60, 0xc, 0xfb, 0x0, 0x0, 0xb, 0xfd, 0x0,
    0xcf, 0xb0, 0x0, 0x0, 0x3f, 0xf6, 0xc, 0xfb,
    0x0, 0x0, 0x0, 0xbf, 0xd0,

    /* U+0053 "S" */
    0x0, 0x1, 0x8d, 0xff, 0xc6, 0x0, 0x0, 0x3,
    0xef, 0xff, 0xff, 0xfb, 0x0, 0x0, 0xef, 0xe7,
    0x35, 0xbf, 0xf6, 0x0, 0x6f, 0xf4, 0x0, 0x0,
    0xcf, 0xd0, 0x8, 0xff, 0x0, 0x0, 0x7, 0xff,
    0x10, 0x7f, 0xf2, 0x0, 0x0, 0x2, 0x20, 0x2,
    0xff, 0xc2, 0x0, 0x0, 0x0, 0x0, 0x5, 0xff,
    0xfa, 0x40, 0x0, 0x0, 0x0, 0x2, 0xbf, 0xff,
    0xd5, 0x0, 0x0, 0x0, 0x0, 0x29, 0xff, 0xfb,
    0x0, 0x0, 0x0, 0x0, 0x1, 0x9f, 0xfc, 0x0,
    0x0, 0x0, 0x0, 0x0, 0x7f, 0xf6, 0xd, 0xd6,
    0x0, 0x0, 0x0, 0xef, 0xa0, 0xff, 0xa0, 0x0,
    0x0, 0xe, 0xfa, 0xc, 0xfe, 0x10, 0x0, 0x4,
    0xff, 0x70, 0x4f, 0xfd, 0x52, 0x27, 0xff, 0xe1,
    0x0, 0x7f, 0xff, 0xff, 0xff, 0xe3, 0x0, 0x0,
    0x3a, 0xef, 0xfd, 0x81, 0x0,

    /* U+0054 "T" */
    0xcf, 0xff, 0xff, 0xff, 0xff, 0xf7, 0xcf, 0xff,
    0xff, 0xff, 0xff, 0xf7, 0x1, 0x11, 0x7f, 0xf2,
    0x11, 0x10, 0x0, 0x0, 0x6f, 0xf1, 0x0, 0x0,
    0x0, 0x0, 0x6f, 0xf1, 0x0, 0x0, 0x0, 0x0,
    0x6f, 0xf1, 0x0, 0x0, 0x0, 0x0, 0x6f, 0xf1,
    0x0, 0x0, 0x0, 0x0, 0x6f, 0xf1, 0x0, 0x0,
    0x0, 0x0, 0x6f, 0xf1, 0x0, 0x0, 0x0, 0x0,
    0x6f, 0xf1, 0x0, 0x0, 0x0, 0x0, 0x6f, 0xf1,
    0x0, 0x0, 0x0, 0x0, 0x6f, 0xf1, 0x0, 0x0,
    0x0, 0x0, 0x6f, 0xf1, 0x0, 0x0, 0x0, 0x0,
    0x6f, 0xf1, 0x0, 0x0, 0x0, 0x0, 0x6f, 0xf1,
    0x0, 0x0, 0x0, 0x0, 0x6f, 0xf1, 0x0, 0x0,
    0x0, 0x0, 0x6f, 0xf1, 0x0, 0x0, 0x0, 0x0,
    0x6f, 0xf1, 0x0, 0x0,

    /* U+0055 "U" */
    0xcf, 0xb0, 0x0, 0x0, 0xf, 0xf9, 0xcf, 0xb0,
    0x0, 0x0, 0xf, 0xf9, 0xcf, 0xb0, 0x0, 0x0,
    0xf, 0xf9, 0xcf, 0xb0, 0x0, 0x0, 0xf, 0xf9,
    0xcf, 0xb0, 0x0, 0x0, 0xf, 0xf9, 0xcf, 0xb0,
    0x0, 0x0, 0xf, 0xf9, 0xcf, 0xb0, 0x0, 0x0,
    0xf, 0xf9, 0xcf, 0xb0, 0x0, 0x0, 0xf, 0xf9,
    0xcf, 0xb0, 0x0, 0x0, 0xf, 0xf9, 0xcf, 0xb0,
    0x0, 0x0, 0xf, 0xf9, 0xcf, 0xb0, 0x0, 0x0,
    0xf, 0xf9, 0xcf, 0xb0, 0x0, 0x0, 0xf, 0xf9,
    0xcf, 0xb0, 0x0, 0x0, 0xf, 0xf9, 0xbf, 0xd0,
    0x0, 0x0, 0x1f, 0xf8, 0x8f, 0xf3, 0x0, 0x0,
    0x7f, 0xf4, 0x2f, 0xfe, 0x62, 0x27, 0xff, 0xe0,
    0x6, 0xff, 0xff, 0xff, 0xff, 0x30, 0x0, 0x3a,
    0xef, 0xfd, 0x92, 0x0,

    /* U+0056 "V" */
    0xaf, 0xf0, 0x0, 0x0, 0x0, 0x6f, 0xf3, 0x5f,
    0xf4, 0x0, 0x0, 0x0, 0xbf, 0xe0, 0xf, 0xf8,
    0x0, 0x0, 0x0, 0xff, 0x90, 0xb, 0xfd, 0x0,
    0x0, 0x4, 0xff, 0x40, 0x6, 0xff, 0x20, 0x0,
    0x9, 0xff, 0x0, 0x1, 0xff, 0x60, 0x0, 0xd,
    0xfa, 0x0, 0x0, 0xcf, 0xb0, 0x0, 0x2f, 0xf5,
    0x0, 0x0, 0x8f, 0xf0, 0x0, 0x6f, 0xf1, 0x0,
    0x0, 0x3f, 0xf4, 0x0, 0xbf, 0xc0, 0x0, 0x0,
    0xe, 0xf8, 0x0, 0xff, 0x70, 0x0, 0x0, 0x9,
    0xfd, 0x4, 0xff, 0x20, 0x0, 0x0, 0x4, 0xff,
    0x29, 0xfd, 0x0, 0x0, 0x0, 0x0, 0xff, 0x6d,
    0xf8, 0x0, 0x0, 0x0, 0x0, 0xaf, 0xdf, 0xf3,
    0x0, 0x0, 0x0, 0x0, 0x6f, 0xff, 0xe0, 0x0,
    0x0, 0x0, 0x0, 0x1f, 0xff, 0xa0, 0x0, 0x0,
    0x0, 0x0, 0xc, 0xff, 0x50, 0x0, 0x0, 0x0,
    0x0, 0x7, 0xff, 0x0, 0x0, 0x0,

    /* U+0057 "W" */
    0xdf, 0x90, 0x8, 0xff, 0x0, 0xf, 0xf6, 0xbf,
    0xa0, 0xa, 0xff, 0x30, 0x1f, 0xf4, 0x8f, 0xc0,
    0xc, 0xff, 0x50, 0x3f, 0xf1, 0x6f, 0xe0, 0xf,
    0xff, 0x80, 0x5f, 0xf0, 0x4f, 0xf0, 0x1f, 0xff,
    0xa0, 0x7f, 0xd0, 0x2f, 0xf1, 0x3f, 0x9f, 0xc0,
    0x8f, 0xb0, 0xf, 0xf3, 0x6f, 0x6d, 0xf0, 0xaf,
    0x90, 0xe, 0xf5, 0x8f, 0x4b, 0xf1, 0xcf, 0x70,
    0xc, 0xf7, 0xbf, 0x29, 0xf4, 0xef, 0x50, 0x9,
    0xf8, 0xdf, 0x6, 0xf6, 0xff, 0x20, 0x7, 0xfa,
    0xfd, 0x4, 0xfa, 0xff, 0x0, 0x5, 0xff, 0xfa,
    0x1, 0xff, 0xfe, 0x0, 0x3, 0xff, 0xf8, 0x0,
    0xff, 0xfc, 0x0, 0x1, 0xff, 0xf6, 0x0, 0xdf,
    0xfa, 0x0, 0x0, 0xff, 0xf3, 0x0, 0xaf, 0xf8,
    0x0, 0x0, 0xdf, 0xf1, 0x0, 0x8f, 0xf6, 0x0,
    0x0, 0xbf, 0xe0, 0x0, 0x5f, 0xf3, 0x0, 0x0,
    0x8f, 0xc0, 0x0, 0x3f, 0xf1, 0x0,

    /* U+0058 "X" */
    0xb, 0xfd, 0x0, 0x0, 0x4, 0xff, 0x40, 0x3,
    0xff, 0x50, 0x0, 0xc, 0xfc, 0x0, 0x0, 0xaf,
    0xd0, 0x0, 0x4f, 0xf3, 0x0, 0x0, 0x2f, 0xf4,
    0x0, 0xbf, 0xb0, 0x0, 0x0, 0x9, 0xfc, 0x3,
    0xff, 0x20, 0x0, 0x0, 0x1, 0xff, 0x4b, 0xf9,
    0x0, 0x0, 0x0, 0x0, 0x8f, 0xdf, 0xf1, 0x0,
    0x0, 0x0, 0x0, 0xe, 0xff, 0x80, 0x0, 0x0,
    0x0, 0x0, 0x8, 0xff, 0x10, 0x0, 0x0, 0x0,
    0x0, 0xe, 0xff, 0x80, 0x0, 0x0, 0x0, 0x0,
    0x7f, 0xef, 0xf1, 0x0, 0x0, 0x0, 0x1, 0xff,
    0x5c, 0xf9, 0x0, 0x0, 0x0, 0x9, 0xfd, 0x4,
    0xff, 0x20, 0x0, 0x0, 0x2f, 0xf5, 0x0, 0xcf,
    0xa0, 0x0, 0x0, 0xaf, 0xd0, 0x0, 0x4f, 0xf3,
    0x0, 0x3, 0xff, 0x50, 0x0, 0xc, 0xfc, 0x0,
    0xb, 0xfd, 0x0, 0x0, 0x4, 0xff, 0x40, 0x4f,
    0xf5, 0x0, 0x0, 0x0, 0xcf, 0xd0,

    /* U+0059 "Y" */
    0x4f, 0xf3, 0x0, 0x0, 0x0, 0x8f, 0xe0, 0xc,
    0xfb, 0x0, 0x0, 0x1, 0xff, 0x70, 0x4, 0xff,
    0x30, 0x0, 0x8, 0xfe, 0x0, 0x0, 0xbf, 0xb0,
    0x0, 0x1f, 0xf6, 0x0, 0x0, 0x3f, 0xf3, 0x0,
    0x8f, 0xd0, 0x0, 0x0, 0xb, 0xfb, 0x1, 0xff,
    0x50, 0x0, 0x0, 0x3, 0xff, 0x38, 0xfd, 0x0,
    0x0, 0x0, 0x0, 0xaf, 0xbf, 0xf5, 0x0, 0x0,
    0x0, 0x0, 0x2f, 0xff, 0xc0, 0x0, 0x0, 0x0,
    0x0, 0xa, 0xff, 0x40, 0x0, 0x0, 0x0, 0x0,
    0x6, 0xff, 0x10, 0x0, 0x0, 0x0, 0x0, 0x6,
    0xff, 0x10, 0x0, 0x0, 0x0, 0x0, 0x6, 0xff,
    0x10, 0x0, 0x0, 0x0, 0x0, 0x6, 0xff, 0x10,
    0x0, 0x0, 0x0, 0x0, 0x6, 0xff, 0x10, 0x0,
    0x0, 0x0, 0x0, 0x6, 0xff, 0x10, 0x0, 0x0,
    0x0, 0x0, 0x6, 0xff, 0x10, 0x0, 0x0, 0x0,
    0x0, 0x6, 0xff, 0x10, 0x0, 0x0,

    /* U+005A "Z" */
    0x5, 0xff, 0xff, 0xff, 0xff, 0xff, 0x50, 0x5f,
    0xff, 0xff, 0xff, 0xff, 0xf5, 0x0, 0x11, 0x11,
    0x11, 0x17, 0xff, 0x20, 0x0, 0x0, 0x0, 0x1,
    0xff, 0x70, 0x0, 0x0, 0x0, 0x0, 0xbf, 0xc0,
    0x0, 0x0, 0x0, 0x0, 0x5f, 0xf2, 0x0, 0x0,
    0x0, 0x0, 0x1e, 0xf8, 0x0, 0x0, 0x0, 0x0,
    0xa, 0xfd, 0x0, 0x0, 0x0, 0x0, 0x4, 0xff,
    0x40, 0x0, 0x0, 0x0, 0x0, 0xdf, 0x90, 0x0,
    0x0, 0x0, 0x0, 0x8f, 0xe1, 0x0, 0x0, 0x0,
    0x0, 0x3f, 0xf5, 0x0, 0x0, 0x0, 0x0, 0xc,
    0xfb, 0x0, 0x0, 0x0, 0x0, 0x7, 0xff, 0x10,
    0x0, 0x0, 0x0, 0x2, 0xff, 0x60, 0x0, 0x0,
    0x0, 0x0, 0xbf, 0xc1, 0x11, 0x11, 0x11, 0x10,
    0xf, 0xff, 0xff, 0xff, 0xff, 0xff, 0xb0, 0xff,
    0xff, 0xff, 0xff, 0xff, 0xfb,

    /* U+0061 "a" */
    0x0, 0x18, 0xdf, 0xfd, 0x80, 0x0, 0x3, 0xff,
    0xff, 0xff, 0xfd, 0x0, 0xd, 0xfd, 0x30, 0x4,
    0xff, 0x70, 0x1b, 0xb3, 0x0, 0x0, 0x9f, 0xa0,
    0x0, 0x0, 0x0, 0x26, 0xef, 0xb0, 0x0, 0x49,
    0xdf, 0xff, 0xff, 0xb0, 0xb, 0xff, 0xb8, 0x62,
    0x7f, 0xb0, 0x8f, 0xe1, 0x0, 0x0, 0x7f, 0xb0,
    0xcf, 0xa0, 0x0, 0x1, 0xef, 0xb0, 0xbf, 0xe3,
    0x1, 0x6e, 0xff, 0xb0, 0x4f, 0xff, 0xff, 0xff,
    0xbf, 0xd0, 0x3, 0xae, 0xfe, 0x92, 0x4f, 0xf4,

    /* U+0062 "b" */
    0xbf, 0x80, 0x0, 0x0, 0x0, 0x0, 0xbf, 0x80,
    0x0, 0x0, 0x0, 0x0, 0xbf, 0x80, 0x0, 0x0,
    0x0, 0x0, 0xbf, 0x80, 0x0, 0x0, 0x0, 0x0,
    0xbf, 0x80, 0x0, 0x0, 0x0, 0x0, 0xbf, 0x80,
    0x0, 0x0, 0x0, 0x0, 0xbf, 0x82, 0xae, 0xfc,
    0x60, 0x0, 0xbf, 0xaf, 0xff, 0xff, 0xfb, 0x0,
    0xbf, 0xfd, 0x40, 0x18, 0xff, 0x80, 0xbf, 0xf3,
    0x0, 0x0, 0xaf, 0xf0, 0xbf, 0xb0, 0x0, 0x0,
    0x4f, 0xf3, 0xbf, 0x90, 0x0, 0x0, 0x1f, 0xf5,
    0xbf, 0x80, 0x0, 0x0, 0x1f, 0xf5, 0xbf, 0xb0,
    0x0, 0x0, 0x3f, 0xf3, 0xbf, 0xf2, 0x0, 0x0,
    0xaf, 0xf0, 0xbf, 0xfd, 0x30, 0x17, 0xff, 0x80,
    0xbf, 0xbf, 0xff, 0xff, 0xfc, 0x0, 0xbf, 0x83,
    0xbf, 0xfc, 0x60, 0x0,

    /* U+0063 "c" */
    0x0, 0x1, 0x8d, 0xff, 0xd8, 0x0, 0x0, 0x3,
    0xef, 0xff, 0xff, 0xfd, 0x10, 0x1, 0xef, 0xe5,
    0x0, 0x5e, 0xfb, 0x0, 0x8f, 0xf1, 0x0, 0x0,
    0x6f, 0xf1, 0xd, 0xf9, 0x0, 0x0, 0x0, 0x11,
    0x0, 0xff, 0x60, 0x0, 0x0, 0x0, 0x0, 0xf,
    0xf6, 0x0, 0x0, 0x0, 0x0, 0x0, 0xdf, 0x90,
    0x0, 0x0, 0xe, 0xe6, 0x8, 0xfe, 0x10, 0x0,
    0x4, 0xff, 0x40, 0x1e, 0xfd, 0x50, 0x5, 0xef,
    0xc0, 0x0, 0x3e, 0xff, 0xff, 0xff, 0xd2, 0x0,
    0x0, 0x18, 0xdf, 0xfc, 0x70, 0x0,

    /* U+0064 "d" */
    0x0, 0x0, 0x0, 0x0, 0x2, 0xff, 0x0, 0x0,
    0x0, 0x0, 0x0, 0x2f, 0xf0, 0x0, 0x0, 0x0,
    0x0, 0x2, 0xff, 0x0, 0x0, 0x0, 0x0, 0x0,
    0x2f, 0xf0, 0x0, 0x0, 0x0, 0x0, 0x2, 0xff,
    0x0, 0x0, 0x0, 0x0, 0x0, 0x2f, 0xf0, 0x0,
    0x3, 0xbe, 0xfc, 0x52, 0xff, 0x0, 0x6, 0xff,
    0xff, 0xff, 0x9f, 0xf0, 0x3, 0xff, 0xb2, 0x1,
    0xaf, 0xff, 0x0, 0xaf, 0xf0, 0x0, 0x0, 0xdf,
    0xf0, 0xd, 0xf9, 0x0, 0x0, 0x6, 0xff, 0x0,
    0xff, 0x70, 0x0, 0x0, 0x3f, 0xf0, 0xf, 0xf7,
    0x0, 0x0, 0x3, 0xff, 0x0, 0xef, 0x90, 0x0,
    0x0, 0x5f, 0xf0, 0xa, 0xfe, 0x0, 0x0, 0xd,
    0xff, 0x0, 0x3f, 0xfb, 0x20, 0x1a, 0xff, 0xf0,
    0x0, 0x7f, 0xff, 0xff, 0xfb, 0xff, 0x0, 0x0,
    0x4b, 0xef, 0xd6, 0x2f, 0xf0,

    /* U+0065 "e" */
    0x0, 0x7, 0xcf, 0xfd, 0x80, 0x0, 0x2, 0xdf,
    0xfe, 0xef, 0xfd, 0x10, 0xe, 0xfa, 0x10, 0x3,
    0xdf, 0xb0, 0x7f, 0xd0, 0x0, 0x0, 0x5f, 0xf1,
    0xbf, 0xff, 0xff, 0xff, 0xff, 0xf4, 0xdf, 0xec,
    0xcc, 0xcc, 0xcc, 0xc4, 0xdf, 0x80, 0x0, 0x0,
    0x0, 0x0, 0xbf, 0xb0, 0x0, 0x0, 0x5, 0x52,
    0x7f, 0xf2, 0x0, 0x0, 0x3f, 0xf4, 0xe, 0xfe,
    0x51, 0x4, 0xef, 0xd0, 0x2, 0xef, 0xff, 0xff,
    0xfe, 0x20, 0x0, 0x17, 0xcf, 0xfd, 0x80, 0x0,

    /* U+0066 "f" */
    0x0, 0x0, 0x3, 0xbe, 0xfe, 0xb3, 0x0, 0x0,
    0x5f, 0xff, 0xff, 0xf7, 0x0, 0x0, 0xdf, 0xa1,
    0x0, 0x44, 0x0, 0x0, 0xff, 0x20, 0x0, 0x0,
    0x0, 0x1, 0xff, 0x10, 0x0, 0x0, 0x0, 0x1,
    0xff, 0x10, 0x0, 0x0, 0xcf, 0xff, 0xff, 0xff,
    0xff, 0x90, 0x9c, 0xcc, 0xff, 0xcc, 0xcc, 0x70,
    0x0, 0x1, 0xff, 0x10, 0x0, 0x0, 0x0, 0x1,
    0xff, 0x10, 0x0, 0x0, 0x0, 0x1, 0xff, 0x10,
    0x0, 0x0, 0x0, 0x1, 0xff, 0x10, 0x0, 0x0,
    0x0, 0x1, 0xff, 0x10, 0x0, 0x0, 0x0, 0x1,
    0xff, 0x10, 0x0, 0x0, 0x0, 0x1, 0xff, 0x10,
    0x0, 0x0, 0x0, 0x1, 0xff, 0x10, 0x0, 0x0,
    0x0, 0x1, 0xff, 0x10, 0x0, 0x0, 0x0, 0x1,
    0xff, 0x10, 0x0, 0x0,

    /* U+0067 "g" */
    0x0, 0x0, 0x0, 0x0, 0x0, 0x0, 0x0, 0x1,
    0x9e, 0xfe, 0x81, 0x8e, 0xf0, 0x1, 0xef, 0xfe,
    0xff, 0xfd, 0xdf, 0x0, 0xaf, 0xc1, 0x1, 0xdf,
    0x60, 0x0, 0xe, 0xf5, 0x0, 0x7, 0xfc, 0x0,
    0x0, 0xdf, 0x50, 0x0, 0x7f, 0xc0, 0x0, 0x8,
    0xfc, 0x10, 0x1d, 0xf8, 0x0, 0x0, 0xe, 0xff,
    0xef, 0xfd, 0x10, 0x0, 0xa, 0xf9, 0xef, 0xe9,
    0x10, 0x0, 0x4, 0xfa, 0x0, 0x0, 0x0, 0x0,
    0x0, 0x4f, 0xe4, 0x0, 0x0, 0x0, 0x0, 0x0,
    0xcf, 0xff, 0xff, 0xec, 0x81, 0x0, 0x7, 0xfd,
    0xdf, 0xff, 0xff, 0xe2, 0x8, 0xf7, 0x0, 0x0,
    0x3, 0xdf, 0x80, 0xdf, 0x40, 0x0, 0x0, 0xb,
    0xf7, 0x7, 0xff, 0xb9, 0x88, 0xad, 0xfd, 0x10,
    0x4, 0xad, 0xff, 0xfd, 0xa5, 0x0, 0x0,

    /* U+0068 "h" */
    0x7f, 0xb0, 0x0, 0x0, 0x0, 0x0, 0x7f, 0xb0,
    0x0, 0x0, 0x0, 0x0, 0x7f, 0xb0, 0x0, 0x0,
    0x0, 0x0, 0x7f, 0xb0, 0x0, 0x0, 0x0, 0x0,
    0x7f, 0xb0, 0x0, 0x0, 0x0, 0x0, 0x7f, 0xb0,
    0x0, 0x0, 0x0, 0x0, 0x7f, 0xb0, 0x3b, 0xef,
    0xd7, 0x0, 0x7f, 0xb6, 0xff, 0xce, 0xff, 0x80,
    0x7f, 0xef, 0xa1, 0x0, 0xaf, 0xf0, 0x7f, 0xfb,
    0x0, 0x0, 0x1f, 0xf3, 0x7f, 0xf2, 0x0, 0x0,
    0xf, 0xf4, 0x7f, 0xd0, 0x0, 0x0, 0xf, 0xf4,
    0x7f, 0xb0, 0x0, 0x0, 0xf, 0xf4, 0x7f, 0xb0,
    0x0, 0x0, 0xf, 0xf4, 0x7f, 0xb0, 0x0, 0x0,
    0xf, 0xf4, 0x7f, 0xb0, 0x0, 0x0, 0xf, 0xf4,
    0x7f, 0xb0, 0x0, 0x0, 0xf, 0xf4, 0x7f, 0xb0,
    0x0, 0x0, 0xf, 0xf4,

    /* U+0069 "i" */
    0x5f, 0xe5, 0xfe, 0x4d, 0xb0, 0x0, 0x0, 0x0,
    0x0, 0x5f, 0xe5, 0xfe, 0x5f, 0xe5, 0xfe, 0x5f,
    0xe5, 0xfe, 0x5f, 0xe5, 0xfe, 0x5f, 0xe5, 0xfe,
    0x5f, 0xe5, 0xfe,

    /* U+006A "j" */
    0x0, 0x0, 0x2, 0xff, 0x10, 0x0, 0x0, 0x2f,
    0xf1, 0x0, 0x0, 0x1, 0xdd, 0x0, 0x0, 0x0,
    0x0, 0x0, 0x0, 0x0, 0x0, 0x0, 0x0, 0x0,
    0x0, 0x0, 0x0, 0x0, 0x0, 0x2, 0xff, 0x10,
    0x0, 0x0, 0x2f, 0xf1, 0x0, 0x0, 0x2, 0xff,
    0x10, 0x0, 0x0, 0x2f, 0xf1, 0x0, 0x0, 0x2,
    0xff, 0x10, 0x0, 0x0, 0x2f, 0xf1, 0x0, 0x0,
    0x2, 0xff, 0x10, 0x0, 0x0, 0x2f, 0xf1, 0x0,
    0x0, 0x2, 0xff, 0x10, 0x0, 0x0, 0x2f, 0xf1,
    0x0, 0x0, 0x2, 0xff, 0x10, 0x0, 0x0, 0x2f,
    0xf0, 0x0, 0x0, 0x3, 0xff, 0x4, 0x40, 0x1,
    0xaf, 0xc0, 0x7f, 0xff, 0xff, 0xf3, 0x4, 0xcf,
    0xfe, 0xb3, 0x0,

    /* U+006B "k" */
    0x5f, 0xd0, 0x0, 0x0, 0x0, 0x0, 0x5f, 0xd0,
    0x0, 0x0, 0x0, 0x0, 0x5f, 0xd0, 0x0, 0x0,
    0x0, 0x0, 0x5f, 0xd0, 0x0, 0x0, 0x0, 0x0,
    0x5f, 0xd0, 0x0, 0x0, 0x0, 0x0, 0x5f, 0xd0,
    0x0, 0x0, 0x0, 0x0, 0x5f, 0xd0, 0x0, 0x4,
    0xff, 0x80, 0x5f, 0xd0, 0x0, 0x4f, 0xf7, 0x0,
    0x5f, 0xd0, 0x4, 0xff, 0x60, 0x0, 0x5f, 0xd0,
    0x4f, 0xf6, 0x0, 0x0, 0x5f, 0xd5, 0xff, 0xf1,
    0x0, 0x0, 0x5f, 0xff, 0xfc, 0xfa, 0x0, 0x0,
    0x5f, 0xff, 0x41, 0xff, 0x40, 0x0, 0x5f, 0xf3,
    0x0, 0x6f, 0xe0, 0x0, 0x5f, 0xd0, 0x0, 0xd,
    0xf9, 0x0, 0x5f, 0xd0, 0x0, 0x3, 0xff, 0x30,
    0x5f, 0xd0, 0x0, 0x0, 0xaf, 0xd0, 0x5f, 0xd0,
    0x0, 0x0, 0x1e, 0xf7,

    /* U+006C "l" */
    0x3f, 0xf3, 0xff, 0x3f, 0xf3, 0xff, 0x3f, 0xf3,
    0xff, 0x3f, 0xf3, 0xff, 0x3f, 0xf3, 0xff, 0x3f,
    0xf3, 0xff, 0x3f, 0xf3, 0xff, 0x3f, 0xf3, 0xff,
    0x3f, 0xf3, 0xff,

    /* U+006D "m" */
    0x9f, 0xa3, 0xcf, 0xc2, 0x1b, 0xfe, 0x60, 0x9f,
    0xcf, 0xff, 0xfc, 0xdf, 0xff, 0xf2, 0x9f, 0xfa,
    0x28, 0xff, 0xe4, 0x3f, 0xf4, 0x9f, 0xe0, 0x3,
    0xff, 0x40, 0xe, 0xf5, 0x9f, 0xa0, 0x3, 0xff,
    0x0, 0xd, 0xf5, 0x9f, 0xa0, 0x3, 0xff, 0x0,
    0xd, 0xf5, 0x9f, 0xa0, 0x3, 0xff, 0x0, 0xd,
    0xf5, 0x9f, 0xa0, 0x3, 0xff, 0x0, 0xd, 0xf5,
    0x9f, 0xa0, 0x3, 0xff, 0x0, 0xd, 0xf5, 0x9f,
    0xa0, 0x3, 0xff, 0x0, 0xd, 0xf5, 0x9f, 0xa0,
    0x3, 0xff, 0x0, 0xd, 0xf5, 0x9f, 0xa0, 0x3,
    0xff, 0x0, 0xd, 0xf5,

    /* U+006E "n" */
    0x7f, 0xb0, 0x3b, 0xef, 0xd7, 0x0, 0x7f, 0xb6,
    0xff, 0xce, 0xff, 0x80, 0x7f, 0xef, 0xa1, 0x0,
    0xaf, 0xf0, 0x7f, 0xfb, 0x0, 0x0, 0x1f, 0xf3,
    0x7f, 0xf2, 0x0, 0x0, 0xf, 0xf4, 0x7f, 0xd0,
    0x0, 0x0, 0xf, 0xf4, 0x7f, 0xb0, 0x0, 0x0,
    0xf, 0xf4, 0x7f, 0xb0, 0x0, 0x0, 0xf, 0xf4,
    0x7f, 0xb0, 0x0, 0x0, 0xf, 0xf4, 0x7f, 0xb0,
    0x0, 0x0, 0xf, 0xf4, 0x7f, 0xb0, 0x0, 0x0,
    0xf, 0xf4, 0x7f, 0xb0, 0x0, 0x0, 0xf, 0xf4,

    /* U+006F "o" */
    0x0, 0x0, 0x7d, 0xff, 0xc6, 0x0, 0x0, 0x2,
    0xdf, 0xff, 0xff, 0xfc, 0x10, 0x1, 0xef, 0xe4,
    0x0, 0x6f, 0xfb, 0x0, 0x8f, 0xf2, 0x0, 0x0,
    0x4f, 0xf4, 0xd, 0xf9, 0x0, 0x0, 0x0, 0xdf,
    0x90, 0xff, 0x60, 0x0, 0x0, 0xa, 0xfc, 0xf,
    0xf6, 0x0, 0x0, 0x0, 0xaf, 0xc0, 0xdf, 0x90,
    0x0, 0x0, 0xd, 0xf9, 0x8, 0xff, 0x10, 0x0,
    0x4, 0xff, 0x40, 0x1e, 0xfe, 0x50, 0x17, 0xff,
    0xb0, 0x0, 0x2e, 0xff, 0xff, 0xff, 0xc1, 0x0,
    0x0, 0x7, 0xdf, 0xfc, 0x60, 0x0,

    /* U+0070 "p" */
    0xbf, 0x83, 0xbf, 0xfc, 0x60, 0x0, 0xbf, 0xbf,
    0xff, 0xff, 0xfb, 0x0, 0xbf, 0xfd, 0x30, 0x17,
    0xff, 0x80, 0xbf, 0xf2, 0x0, 0x0, 0xaf, 0xf0,
    0xbf, 0xb0, 0x0, 0x0, 0x3f, 0xf3, 0xbf, 0x80,
    0x0, 0x0, 0x1f, 0xf5, 0xbf, 0x90, 0x0, 0x0,
    0x1f, 0xf5, 0xbf, 0xb0, 0x0, 0x0, 0x4f, 0xf3,
    0xbf, 0xf3, 0x0, 0x0, 0xaf, 0xf0, 0xbf, 0xfd,
    0x40, 0x18, 0xff, 0x80, 0xbf, 0xaf, 0xff, 0xff,
    0xfb, 0x0, 0xbf, 0x82, 0xbe, 0xfc, 0x60, 0x0,
    0xbf, 0x80, 0x0, 0x0, 0x0, 0x0, 0xbf, 0x80,
    0x0, 0x0, 0x0, 0x0, 0xbf, 0x80, 0x0, 0x0,
    0x0, 0x0, 0xbf, 0x80, 0x0, 0x0, 0x0, 0x0,

    /* U+0071 "q" */
    0x0, 0x3, 0xbe, 0xfd, 0x62, 0xff, 0x0, 0x7,
    0xff, 0xff, 0xff, 0xbf, 0xf0, 0x3, 0xff, 0xb2,
    0x1, 0xaf, 0xff, 0x0, 0xaf, 0xe0, 0x0, 0x0,
    0xdf, 0xf0, 0xe, 0xf9, 0x0, 0x0, 0x6, 0xff,
    0x0, 0xff, 0x70, 0x0, 0x0, 0x3f, 0xf0, 0xf,
    0xf7, 0x0, 0x0, 0x3, 0xff, 0x0, 0xef, 0x90,
    0x0, 0x0, 0x6f, 0xf0, 0xa, 0xff, 0x0, 0x0,
    0xd, 0xff, 0x0, 0x3f, 0xfb, 0x20, 0x1a, 0xff,
    0xf0, 0x0, 0x6f, 0xff, 0xff, 0xf9, 0xff, 0x0,
    0x0, 0x3b, 0xef, 0xc5, 0x2f, 0xf0, 0x0, 0x0,
    0x0, 0x0, 0x2, 0xff, 0x0, 0x0, 0x0, 0x0,
    0x0, 0x2f, 0xf0, 0x0, 0x0, 0x0, 0x0, 0x2,
    0xff, 0x0, 0x0, 0x0, 0x0, 0x0, 0x2f, 0xf0,

    /* U+0072 "r" */
    0x2f, 0xf0, 0x3, 0x9d, 0xe2, 0xff, 0x8, 0xff,
    0xff, 0x2f, 0xf8, 0xfb, 0x41, 0x12, 0xff, 0xf8,
    0x0, 0x0, 0x2f, 0xfc, 0x0, 0x0, 0x2, 0xff,
    0x30, 0x0, 0x0, 0x2f, 0xf0, 0x0, 0x0, 0x2,
    0xff, 0x0, 0x0, 0x0, 0x2f, 0xf0, 0x0, 0x0,
    0x2, 0xff, 0x0, 0x0, 0x0, 0x2f, 0xf0, 0x0,
    0x0, 0x2, 0xff, 0x0, 0x0, 0x0,

    /* U+0073 "s" */
    0x0, 0x29, 0xdf, 0xfd, 0x71, 0x0, 0x3, 0xff,
    0xfe, 0xef, 0xfe, 0x10, 0xc, 0xfc, 0x10, 0x2,
    0xdf, 0x80, 0xd, 0xf6, 0x0, 0x0, 0x47, 0x50,
    0x9, 0xfd, 0x30, 0x0, 0x0, 0x0, 0x1, 0xcf,
    0xff, 0xc9, 0x50, 0x0, 0x0, 0x3, 0x7a, 0xdf,
    0xfe, 0x20, 0x0, 0x0, 0x0, 0x1, 0xcf, 0xc0,
    0x2e, 0xd0, 0x0, 0x0, 0x5f, 0xf0, 0xf, 0xf9,
    0x10, 0x1, 0xbf, 0xe0, 0x5, 0xff, 0xfe, 0xef,
    0xff, 0x50, 0x0, 0x3a, 0xdf, 0xfd, 0x92, 0x0,

    /* U+0074 "t" */
    0x0, 0x0, 0x48, 0x50, 0x0, 0x0, 0x0, 0x0,
    0x8, 0xfa, 0x0, 0x0, 0x0, 0x0, 0x0, 0x8f,
    0xa0, 0x0, 0x0, 0x0, 0x0, 0x8, 0xfa, 0x0,
    0x0, 0x0, 0x0, 0x0, 0x8f, 0xa0, 0x0, 0x0,
    0x3, 0xff, 0xff, 0xff, 0xff, 0xff, 0x20, 0x2c,
    0xcc, 0xef, 0xec, 0xcc, 0xc1, 0x0, 0x0, 0x8,
    0xfa, 0x0, 0x0, 0x0, 0x0, 0x0, 0x8f, 0xa0,
    0x0, 0x0, 0x0, 0x0, 0x8, 0xfa, 0x0, 0x0,
    0x0, 0x0, 0x0, 0x8f, 0xa0, 0x0, 0x0, 0x0,
    0x0, 0x8, 0xfa, 0x0, 0x0, 0x0, 0x0, 0x0,
    0x8f, 0xa0, 0x0, 0x0, 0x0, 0x0, 0x7, 0xfb,
    0x0, 0x0, 0x0, 0x0, 0x0, 0x4f, 0xf4, 0x0,
    0x27, 0x0, 0x0, 0x0, 0xbf, 0xff, 0xff, 0xf0,
    0x0, 0x0, 0x0, 0x7d, 0xff, 0xe9, 0x0,

    /* U+0075 "u" */
    0x7f, 0xb0, 0x0, 0x0, 0xf, 0xf4, 0x7f, 0xb0,
    0x0, 0x0, 0xf, 0xf4, 0x7f, 0xb0, 0x0, 0x0,
    0xf, 0xf4, 0x7f, 0xb0, 0x0, 0x0, 0xf, 0xf4,
    0x7f, 0xb0, 0x0, 0x0, 0xf, 0xf4, 0x7f, 0xb0,
    0x0, 0x0, 0xf, 0xf4, 0x7f, 0xb0, 0x0, 0x0,
    0x1f, 0xf4, 0x7f, 0xb0, 0x0, 0x0, 0x6f, 0xf4,
    0x6f, 0xe0, 0x0, 0x1, 0xef, 0xf4, 0x4f, 0xf7,
    0x0, 0x2c, 0xef, 0xf4, 0xc, 0xff, 0xdc, 0xfe,
    0x3f, 0xf4, 0x1, 0x9e, 0xfe, 0x92, 0xf, 0xf4,

    /* U+0076 "v" */
    0xd, 0xf7, 0x0, 0x0, 0x0, 0xef, 0x60, 0x7f,
    0xd0, 0x0, 0x0, 0x4f, 0xf0, 0x1, 0xff, 0x30,
    0x0, 0xa, 0xf9, 0x0, 0xa, 0xf9, 0x0, 0x1,
    0xff, 0x30, 0x0, 0x4f, 0xe0, 0x0, 0x6f, 0xd0,
    0x0, 0x0, 0xef, 0x50, 0xc, 0xf7, 0x0, 0x0,
    0x8, 0xfb, 0x2, 0xff, 0x10, 0x0, 0x0, 0x2f,
    0xf1, 0x8f, 0xb0, 0x0, 0x0, 0x0, 0xcf, 0x7e,
    0xf5, 0x0, 0x0, 0x0, 0x6, 0xff, 0xfe, 0x0,
    0x0, 0x0, 0x0, 0xf, 0xff, 0x80, 0x0, 0x0,
    0x0, 0x0, 0x9f, 0xf2, 0x0, 0x0,

    /* U+0077 "w" */
    0xcf, 0x70, 0x8, 0xff, 0x10, 0xe, 0xf5, 0x8f,
    0xa0, 0xb, 0xff, 0x40, 0x1f, 0xf1, 0x5f, 0xd0,
    0xe, 0xff, 0x70, 0x4f, 0xe0, 0x1f, 0xf0, 0x1f,
    0x9f, 0xa0, 0x7f, 0xa0, 0xd, 0xf3, 0x5f, 0x5d,
    0xd0, 0xaf, 0x60, 0xa, 0xf6, 0x8f, 0x29, 0xf1,
    0xdf, 0x30, 0x6, 0xf9, 0xbf, 0x6, 0xf5, 0xff,
    0x0, 0x2, 0xfd, 0xec, 0x3, 0xfb, 0xfb, 0x0,
    0x0, 0xff, 0xf9, 0x0, 0xff, 0xf8, 0x0, 0x0,
    0xbf, 0xf6, 0x0, 0xdf, 0xf4, 0x0, 0x0, 0x8f,
    0xf3, 0x0, 0xaf, 0xf1, 0x0, 0x0, 0x4f, 0xf0,
    0x0, 0x7f, 0xd0, 0x0,

    /* U+0078 "x" */
    0x5, 0xff, 0x40, 0x0, 0xb, 0xfd, 0x0, 0xa,
    0xfd, 0x0, 0x5, 0xff, 0x30, 0x0, 0xd, 0xf8,
    0x0, 0xef, 0x70, 0x0, 0x0, 0x3f, 0xf2, 0x9f,
    0xc0, 0x0, 0x0, 0x0, 0x8f, 0xdf, 0xf2, 0x0,
    0x0, 0x0, 0x0, 0xcf, 0xf6, 0x0, 0x0, 0x0,
    0x0, 0x1e, 0xff, 0x80, 0x0, 0x0, 0x0, 0xb,
    0xfc, 0xff, 0x40, 0x0, 0x0, 0x7, 0xfe, 0x17,
    0xfe, 0x10, 0x0, 0x3, 0xff, 0x50, 0xc, 0xfb,
    0x0, 0x0, 0xdf, 0xa0, 0x0, 0x2f, 0xf7, 0x0,
    0xaf, 0xe1, 0x0, 0x0, 0x6f, 0xf3,

    /* U+0079 "y" */
    0xe, 0xf7, 0x0, 0x0, 0x0, 0xef, 0x70, 0x8f,
    0xd0, 0x0, 0x0, 0x4f, 0xf1, 0x2, 0xff, 0x30,
    0x0, 0x9, 0xfb, 0x0, 0xc, 0xf9, 0x0, 0x0,
    0xff, 0x50, 0x0, 0x6f, 0xe0, 0x0, 0x5f, 0xe0,
    0x0, 0x0, 0xff, 0x50, 0xb, 0xf8, 0x0, 0x0,
    0x9, 0xfb, 0x1, 0xff, 0x20, 0x0, 0x0, 0x3f,
    0xf1, 0x6f, 0xc0, 0x0, 0x0, 0x0, 0xdf, 0x6c,
    0xf6, 0x0, 0x0, 0x0, 0x7, 0xfe, 0xff, 0x0,
    0x0, 0x0, 0x0, 0x1f, 0xff, 0x90, 0x0, 0x0,
    0x0, 0x0, 0xaf, 0xf3, 0x0, 0x0, 0x0, 0x0,
    0x6, 0xfd, 0x0, 0x0, 0x0, 0x4, 0x12, 0xdf,
    0x70, 0x0, 0x0, 0x0, 0xdf, 0xff, 0xd0, 0x0,
    0x0, 0x0, 0xa, 0xff, 0xb2, 0x0, 0x0, 0x0,

    /* U+007A "z" */
    0xf, 0xff, 0xff, 0xff, 0xff, 0x90, 0xc, 0xcc,
    0xcc, 0xcc, 0xff, 0x90, 0x0, 0x0, 0x0, 0xa,
    0xfd, 0x10, 0x0, 0x0, 0x0, 0x9f, 0xe2, 0x0,
    0x0, 0x0, 0x7, 0xff, 0x30, 0x0, 0x0, 0x0,
    0x5f, 0xf5, 0x0, 0x0, 0x0, 0x3, 0xff, 0x60,
    0x0, 0x0, 0x0, 0x2e, 0xf8, 0x0, 0x0, 0x0,
    0x1, 0xdf, 0xa0, 0x0, 0x0, 0x0, 0xc, 0xfc,
    0x0, 0x0, 0x0, 0x0, 0x7f, 0xfd, 0xcc, 0xcc,
    0xcc, 0xc1, 0x7f, 0xff, 0xff, 0xff, 0xff, 0xf2,

    /* U+2026 "…" */
    0x14, 0x44, 0x30, 0x0, 0x0, 0x44, 0x44, 0x0,
    0x0, 0x4, 0x44, 0x40, 0x6f, 0xff, 0xe0, 0x0,
    0x3, 0xff, 0xff, 0x10, 0x0, 0x3f, 0xff, 0xf0,
    0x6f, 0xff, 0xe0, 0x0, 0x3, 0xff, 0xff, 0x10,
    0x0, 0x3f, 0xff, 0xf0, 0x6f, 0xff, 0xe0, 0x0,
    0x3, 0xff, 0xff, 0x10, 0x0, 0x3f, 0xff, 0xf0,
    0x6f, 0xff, 0xe0, 0x0, 0x3, 0xff, 0xff, 0x10,
    0x0, 0x3f, 0xff, 0xf0,

    /* U+3002 "。" */
    0x0, 0x2, 0x10, 0x0, 0x2, 0xdf, 0xfc, 0x20,
    0xe, 0xb2, 0x3d, 0xc0, 0x4f, 0x10, 0x3, 0xf1,
    0x5f, 0x0, 0x2, 0xf2, 0x1f, 0x80, 0xa, 0xd0,
    0x5, 0xfe, 0xff, 0x30, 0x0, 0x15, 0x51, 0x0,

    /* U+4E0A "上" */
    0x0, 0x0, 0x0, 0x0, 0x0, 0x3, 0x30, 0x0,
    0x0, 0x0, 0x0, 0x0, 0x0, 0x0, 0x0, 0x0,
    0x0, 0x0, 0x4f, 0xf3, 0x0, 0x0, 0x0, 0x0,
    0x0, 0x0, 0x0, 0x0, 0x0, 0x0, 0x0, 0x3f,
    0xf2, 0x0, 0x0, 0x0, 0x0, 0x0, 0x0, 0x0,
    0x0, 0x0, 0x0, 0x0, 0x3f, 0xf2, 0x0, 0x0,
    0x0, 0x0, 0x0, 0x0, 0x0, 0x0, 0x0, 0x0,
    0x0, 0x3f, 0xf1, 0x0, 0x0, 0x0, 0x0, 0x0,
    0x0, 0x0, 0x0, 0x0, 0x0, 0x0, 0x3f, 0xf1,
    0x0, 0x0, 0x0, 0x0, 0x0, 0x0, 0x0, 0x0,
    0x0, 0x0, 0x0, 0x3f, 0xf1, 0x0, 0x0, 0x0,
    0x0, 0x0, 0x0, 0x0, 0x0, 0x0, 0x0, 0x0,
    0x3f, 0xf1, 0x0, 0x0, 0x0, 0x0, 0x0, 0x0,
    0x0, 0x0, 0x0, 0x0, 0x0, 0x3f, 0xf3, 0x11,
    0x11, 0x11, 0x22, 0x31, 0x0, 0x0, 0x0, 0x0,
    0x0, 0x0, 0x3f, 0xff, 0xff, 0xff, 0xff, 0xff,
    0xf8, 0x0, 0x0, 0x0, 0x0, 0x0, 0x0, 0x3f,
    0xff, 0xff, 0xff, 0xff, 0xff, 0xf8, 0x0, 0x0,
    0x0, 0x0, 0x0, 0x0, 0x3f, 0xf2, 0x11, 0x11,
    0x11, 0x12, 0x21, 0x0, 0x0, 0x0, 0x0, 0x0,
    0x0, 0x3f, 0xf1, 0x0, 0x0, 0x0, 0x0, 0x0,
    0x0, 0x0, 0x0, 0x0, 0x0, 0x0, 0x3f, 0xf1,
    0x0, 0x0, 0x0, 0x0, 0x0, 0x0, 0x0, 0x0,
    0x0, 0x0, 0x0, 0x3f, 0xf1, 0x0, 0x0, 0x0,
    0x0, 0x0, 0x0, 0x0, 0x0, 0x0, 0x0, 0x0,
    0x3f, 0xf1, 0x0, 0x0, 0x0, 0x0, 0x0, 0x0,
    0x0, 0x0, 0x0, 0x0, 0x0, 0x3f, 0xf1, 0x0,
    0x0, 0x0, 0x0, 0x0, 0x0, 0x0, 0x0, 0x0,
    0x0, 0x0, 0x3f, 0xf1, 0x0, 0x0, 0x0, 0x0,
    0x0, 0x0, 0x0, 0x0, 0x0, 0x0, 0x0, 0x3f,
    0xf1, 0x0, 0x0, 0x0, 0x0, 0x0, 0x0, 0x0,
    0x0, 0x0, 0x0, 0x0, 0x3f, 0xf1, 0x0, 0x0,
    0x0, 0x0, 0x0, 0x0, 0x0, 0x0, 0x0, 0x0,
    0x0, 0x3f, 0xf1, 0x0, 0x0, 0x0, 0x0, 0x0,
    0x0, 0x0, 0x0, 0x0, 0x0, 0x0, 0x3f, 0xf1,
    0x0, 0x0, 0x0, 0x0, 0x0, 0x0, 0x7f, 0xff,
    0xff, 0xff, 0xff, 0xff, 0xff, 0xff, 0xff, 0xff,
    0xff, 0xff, 0xf9, 0x7f, 0xff, 0xff, 0xff, 0xff,
    0xff, 0xff, 0xff, 0xff, 0xff, 0xff, 0xff, 0xf9,
    0x13, 0x22, 0x22, 0x22, 0x22, 0x22, 0x22, 0x22,
    0x22, 0x22, 0x22, 0x22, 0x32,

    /* U+4E0D "不" */
    0xa, 0xdc, 0xcc, 0xcc, 0xcc, 0xcc, 0xcc, 0xcc,
    0xcc, 0xcc, 0xcc, 0xcc, 0xd1, 0xc, 0xff, 0xff,
    0xff, 0xff, 0xff, 0xff, 0xff, 0xff, 0xff, 0xff,
    0xff, 0xf1, 0x3, 0x44, 0x33, 0x33, 0x33, 0x33,
    0x8f, 0xf4, 0x33, 0x33, 0x33, 0x33, 0x40, 0x0,
    0x0, 0x0, 0x0, 0x0, 0x0, 0xef, 0x80, 0x0,
    0x0, 0x0, 0x0, 0x0, 0x0, 0x0, 0x0, 0x0,
    0x0, 0x8, 0xfe, 0x10, 0x0, 0x0, 0x0, 0x0,
    0x0, 0x0, 0x0, 0x0, 0x0, 0x0, 0x3f, 0xf7,
    0x0, 0x0, 0x0, 0x0, 0x0, 0x0, 0x0, 0x0,
    0x0, 0x0, 0x0, 0xdf, 0xf6, 0x0, 0x0, 0x0,
    0x0, 0x0, 0x0, 0x0, 0x0, 0x0, 0x0, 0x9,
    0xff, 0xf6, 0x0, 0x73, 0x0, 0x0, 0x0, 0x0,
    0x0, 0x0, 0x0, 0x0, 0x6f, 0xfe, 0xf6, 0x5,
    0xff, 0x30, 0x0, 0x0, 0x0, 0x0, 0x0, 0x0,
    0x4, 0xff, 0x6d, 0xf6, 0x1, 0xcf, 0xf4, 0x0,
    0x0, 0x0, 0x0, 0x0, 0x0, 0x5f, 0xf8, 0xd,
    0xf6, 0x0, 0x1d, 0xff, 0x50, 0x0, 0x0, 0x0,
    0x0, 0x6, 0xff, 0xa0, 0xd, 0xf6, 0x0, 0x1,
    0xdf, 0xf6, 0x0, 0x0, 0x0, 0x0, 0x8f, 0xfa,
    0x0, 0xd, 0xf6, 0x0, 0x0, 0x1e, 0xff, 0x60,
    0x0, 0x0, 0x1c, 0xff, 0x90, 0x0, 0xd, 0xf6,
    0x0, 0x0, 0x2, 0xef, 0xf5, 0x0, 0x6, 0xef,
    0xf6, 0x0, 0x0, 0xd, 0xf6, 0x0, 0x0, 0x0,
    0x3f, 0xff, 0x50, 0x4f, 0xfe, 0x40, 0x0, 0x0,
    0xd, 0xf6, 0x0, 0x0, 0x0, 0x4, 0xfe, 0x30,
    0x6, 0xb1, 0x0, 0x0, 0x0, 0xd, 0xf6, 0x0,
    0x0, 0x0, 0x0, 0x52, 0x0, 0x0, 0x0, 0x0,
    0x0, 0x0, 0xd, 0xf6, 0x0, 0x0, 0x0, 0x0,
    0x0, 0x0, 0x0, 0x0, 0x0, 0x0, 0x0, 0xd,
    0xf6, 0x0, 0x0, 0x0, 0x0, 0x0, 0x0, 0x0,
    0x0, 0x0, 0x0, 0x0, 0xd, 0xf6, 0x0, 0x0,
    0x0, 0x0, 0x0, 0x0, 0x0, 0x0, 0x0, 0x0,
    0x0, 0xd, 0xf6, 0x0, 0x0, 0x0, 0x0, 0x0,
    0x0, 0x0, 0x0, 0x0, 0x0, 0x0, 0xd, 0xf6,
    0x0, 0x0, 0x0, 0x0, 0x0, 0x0, 0x0, 0x0,
    0x0, 0x0, 0x0, 0xe, 0xf6, 0x0, 0x0, 0x0,
    0x0, 0x0, 0x0, 0x0, 0x0, 0x0, 0x0, 0x0,
    0xe, 0xf7, 0x0, 0x0, 0x0, 0x0, 0x0, 0x0,

    /* U+4E22 "丢" */
    0x0, 0x0, 0x0, 0x0, 0x0, 0x0, 0x0, 0x0,
    0x0, 0x3, 0x79, 0x0, 0x0, 0x0, 0x0, 0x0,
    0x0, 0x12, 0x24, 0x56, 0x79, 0xbd, 0xff, 0xff,
    0x50, 0x0, 0x0, 0xe, 0xff, 0xff, 0xff, 0xff,
    0xff, 0xff, 0xff, 0xec, 0xb9, 0x70, 0x0, 0x0,
    0x8, 0xed, 0xcb, 0xaa, 0x98, 0xff, 0x52, 0x10,
    0x0, 0x0, 0x0, 0x0, 0x0, 0x0, 0x0, 0x0,
    0x0, 0x0, 0xff, 0x10, 0x0, 0x0, 0x0, 0x0,
    0x0, 0x0, 0x0, 0x0, 0x0, 0x0, 0x0, 0xff,
    0x10, 0x0, 0x0, 0x0, 0x0, 0x0, 0x0, 0x2,
    0x10, 0x0, 0x0, 0x0, 0xff, 0x20, 0x0, 0x0,
    0x11, 0x10, 0x0, 0x0, 0xf, 0xff, 0xff, 0xff,
    0xff, 0xff, 0xff, 0xff, 0xff, 0xff, 0x80, 0x0,
    0x0, 0xc, 0xcb, 0xbb, 0xbb, 0xbb, 0xff, 0xbb,
    0xbb, 0xbb, 0xcc, 0x60, 0x0, 0x0, 0x0, 0x0,
    0x0, 0x0, 0x0, 0xff, 0x10, 0x0, 0x0, 0x0,
    0x0, 0x0, 0x0, 0x0, 0x0, 0x0, 0x0, 0x0,
    0xff, 0x10, 0x0, 0x0, 0x0, 0x0, 0x0, 0x0,
    0x0, 0x0, 0x0, 0x0, 0x0, 0xff, 0x10, 0x0,
    0x0, 0x0, 0x0, 0x0, 0x7f, 0xfe, 0xee, 0xee,
    0xee, 0xee, 0xff, 0xee, 0xee, 0xee, 0xee, 0xef,
    0xf7, 0x7f, 0xff, 0xff, 0xff, 0xff, 0xff, 0xff,
    0xff, 0xff, 0xff, 0xff, 0xff, 0xf7, 0x0, 0x0,
    0x0, 0x0, 0x0, 0xcc, 0x0, 0x0, 0x0, 0x0,
    0x0, 0x0, 0x0, 0x0, 0x0, 0x0, 0x0, 0x6,
    0xff, 0x60, 0x0, 0x0, 0x0, 0x0, 0x0, 0x0,
    0x0, 0x0, 0x0, 0x0, 0x1e, 0xf8, 0x0, 0x0,
    0x19, 0x0, 0x0, 0x0, 0x0, 0x0, 0x0, 0x0,
    0x0, 0xcf, 0xa0, 0x0, 0x0, 0xdf, 0xa0, 0x0,
    0x0, 0x0, 0x0, 0x0, 0x0, 0x9, 0xfb, 0x0,
    0x0, 0x0, 0x5f, 0xf9, 0x0, 0x0, 0x0, 0x0,
    0x0, 0x0, 0x7f, 0xd1, 0x0, 0x0, 0x0, 0x6,
    0xff, 0x70, 0x0, 0x0, 0x0, 0x0, 0x8, 0xfe,
    0x20, 0x0, 0x0, 0x0, 0x0, 0x8f, 0xf6, 0x0,
    0x0, 0x0, 0x0, 0xdf, 0xfd, 0xaa, 0xbb, 0xcc,
    0xdd, 0xee, 0xff, 0xff, 0x50, 0x0, 0x0, 0x0,
    0x8f, 0xff, 0xff, 0xff, 0xff, 0xfe, 0xdc, 0xcb,
    0xdf, 0xf3, 0x0, 0x0, 0x0, 0x3a, 0x76, 0x43,
    0x21, 0x0, 0x0, 0x0, 0x0, 0x1d, 0xe4, 0x0,
    0x0, 0x0, 0x0, 0x0, 0x0, 0x0, 0x0, 0x0,
    0x0, 0x0, 0x2, 0x10, 0x0,

    /* U+4E2D "中" */
    0x0, 0x0, 0x0, 0x0, 0x5, 0xcc, 0x0, 0x0,
    0x0, 0x0, 0x0, 0x0, 0x0, 0x0, 0x0, 0x7,
    0xff, 0x0, 0x0, 0x0, 0x0, 0x0, 0x0, 0x0,
    0x0, 0x0, 0x7, 0xff, 0x0, 0x0, 0x0, 0x0,
    0x0, 0x0, 0x0, 0x0, 0x0, 0x6, 0xff, 0x0,
    0x0, 0x0, 0x0, 0x0, 0x0, 0x0, 0x0, 0x0,
    0x6, 0xfe, 0x0, 0x0, 0x0, 0x0, 0x0, 0x0,
    0x0, 0x0, 0x0, 0x6, 0xfe, 0x0, 0x0, 0x0,
    0x0, 0x0, 0xdf, 0xff, 0xff, 0xff, 0xff, 0xff,
    0xff, 0xff, 0xff, 0xff, 0xf8, 0xdf, 0xec, 0xcc,
    0xcc, 0xcd, 0xff, 0xcc, 0xcc, 0xcc, 0xcf, 0xf8,
    0xdf, 0x70, 0x0, 0x0, 0x6, 0xfe, 0x0, 0x0,
    0x0, 0xd, 0xf7, 0xdf, 0x70, 0x0, 0x0, 0x6,
    0xfe, 0x0, 0x0, 0x0, 0xd, 0xf7, 0xdf, 0x70,
    0x0, 0x0, 0x6, 0xfe, 0x0, 0x0, 0x0, 0xd,
    0xf7, 0xdf, 0x70, 0x0, 0x0, 0x6, 0xfe, 0x0,
    0x0, 0x0, 0xd, 0xf7, 0xdf, 0x70, 0x0, 0x0,
    0x6, 0xfe, 0x0, 0x0, 0x0, 0xd, 0xf7, 0xdf,
    0x70, 0x0, 0x0, 0x6, 0xfe, 0x0, 0x0, 0x0,
    0xd, 0xf7, 0xdf, 0xdc, 0xcc, 0xcc, 0xcd, 0xff,
    0xcc, 0xcc, 0xcc, 0xcf, 0xf7, 0xdf, 0xff, 0xff,
    0xff, 0xff, 0xff, 0xff, 0xff, 0xff, 0xff, 0xf8,
    0xdf, 0x70, 0x0, 0x0, 0x6, 0xfe, 0x0, 0x0,
    0x0, 0xd, 0xf8, 0x9a, 0x40, 0x0, 0x0, 0x6,
    0xfe, 0x0, 0x0, 0x0, 0x8, 0xa5, 0x0, 0x0,
    0x0, 0x0, 0x6, 0xfe, 0x0, 0x0, 0x0, 0x0,
    0x0, 0x0, 0x0, 0x0, 0x0, 0x6, 0xfe, 0x0,
    0x0, 0x0, 0x0, 0x0, 0x0, 0x0, 0x0, 0x0,
    0x6, 0xfe, 0x0, 0x0, 0x0, 0x0, 0x0, 0x0,
    0x0, 0x0, 0x0, 0x6, 0xfe, 0x0, 0x0, 0x0,
    0x0, 0x0, 0x0, 0x0, 0x0, 0x0, 0x6, 0xff,
    0x0, 0x0, 0x0, 0x0, 0x0, 0x0, 0x0, 0x0,
    0x0, 0x6, 0xff, 0x0, 0x0, 0x0, 0x0, 0x0,
    0x0, 0x0, 0x0, 0x0, 0x7, 0xff, 0x0, 0x0,
    0x0, 0x0, 0x0, 0x0, 0x0, 0x0, 0x0, 0x8,
    0xff, 0x0, 0x0, 0x0, 0x0, 0x0,

    /* U+4E34 "临" */
    0x0, 0x0, 0x1, 0x44, 0x10, 0x0, 0x0, 0x10,
    0x0, 0x0, 0x0, 0x0, 0x0, 0x0, 0x0, 0x2,
    0xff, 0x50, 0x0, 0x0, 0xec, 0x50, 0x0, 0x0,
    0x0, 0x0, 0x0, 0x0, 0x0, 0xff, 0x30, 0x0,
    0x4, 0xff, 0xc0, 0x0, 0x0, 0x0, 0x0, 0x0,
    0x0, 0x0, 0xff, 0x30, 0x0, 0xa, 0xfe, 0x10,
    0x0, 0x0, 0x0, 0x0, 0x2, 0x21, 0x0, 0xef,
    0x20, 0x0, 0x1f, 0xf7, 0x0, 0x0, 0x0, 0x0,
    0x0, 0x1f, 0xf5, 0x0, 0xef, 0x20, 0x0, 0x9f,
    0xe1, 0x0, 0x0, 0x0, 0x12, 0x30, 0xf, 0xf3,
    0x0, 0xef, 0x20, 0x2, 0xff, 0xff, 0xff, 0xff,
    0xff, 0xff, 0xf1, 0xf, 0xf2, 0x0, 0xef, 0x20,
    0xb, 0xff, 0xbb, 0xbb, 0xbb, 0xbb, 0xcd, 0xe1,
    0xe, 0xf2, 0x0, 0xef, 0x20, 0x5f, 0xf6, 0x4,
    0xe5, 0x0, 0x0, 0x0, 0x0, 0xe, 0xf2, 0x0,
    0xef, 0x22, 0xff, 0xb0, 0x7, 0xff, 0x60, 0x0,
    0x0, 0x0, 0xe, 0xf2, 0x0, 0xef, 0x3d, 0xfe,
    0x10, 0x0, 0x7f, 0xf7, 0x0, 0x0, 0x0, 0xe,
    0xf2, 0x0, 0xef, 0x26, 0xf3, 0x0, 0x0, 0x7,
    0xff, 0x70, 0x0, 0x0, 0xe, 0xf2, 0x0, 0xef,
    0x20, 0x0, 0x0, 0x0, 0x0, 0x9f, 0xb0, 0x0,
    0x0, 0xe, 0xf2, 0x0, 0xef, 0x20, 0x0, 0x0,
    0x0, 0x0, 0x6, 0x0, 0x0, 0x0, 0xe, 0xf2,
    0x0, 0xef, 0x20, 0x2f, 0xff, 0xff, 0xff, 0xff,
    0xff, 0xff, 0xf0, 0xe, 0xf2, 0x0, 0xef, 0x20,
    0x2f, 0xfb, 0xbb, 0xcf, 0xfb, 0xbb, 0xdf, 0xf0,
    0xe, 0xf2, 0x0, 0xef, 0x20, 0x1f, 0xf1, 0x0,
    0x4f, 0xe0, 0x0, 0x6f, 0xf0, 0xe, 0xf2, 0x0,
    0xef, 0x20, 0x1f, 0xf1, 0x0, 0x4f, 0xe0, 0x0,
    0x6f, 0xf0, 0xe, 0xf2, 0x0, 0xef, 0x20, 0x1f,
    0xf1, 0x0, 0x4f, 0xe0, 0x0, 0x6f, 0xe0, 0xf,
    0xf2, 0x0, 0xef, 0x20, 0x1f, 0xf1, 0x0, 0x4f,
    0xe0, 0x0, 0x6f, 0xe0, 0xf, 0xf3, 0x0, 0xef,
    0x20, 0x1f, 0xf1, 0x0, 0x4f, 0xe0, 0x0, 0x6f,
    0xe0, 0xf, 0xf4, 0x0, 0xef, 0x20, 0x1f, 0xf1,
    0x0, 0x4f, 0xe0, 0x0, 0x6f, 0xe0, 0x1f, 0xf5,
    0x0, 0xef, 0x20, 0x1f, 0xff, 0xff, 0xff, 0xff,
    0xff, 0xff, 0xf0, 0x3, 0x31, 0x0, 0xff, 0x20,
    0x1f, 0xfc, 0xcc, 0xcc, 0xcc, 0xcc, 0xdf, 0xf0,
    0x0, 0x0, 0x0, 0xff, 0x30, 0x2f, 0xf1, 0x0,
    0x0, 0x0, 0x0, 0x4f, 0xf0, 0x0, 0x0, 0x1,
    0xff, 0x30, 0x2f, 0xf1, 0x0, 0x0, 0x0, 0x0,
    0x3c, 0xc0,

    /* U+4EAE "亮" */
    0x0, 0x0, 0x0, 0x0, 0x0, 0x0, 0x31, 0x0,
    0x0, 0x0, 0x0, 0x0, 0x0, 0x0, 0x0, 0x0,
    0x0, 0x0, 0xe, 0xf7, 0x0, 0x0, 0x0, 0x0,
    0x0, 0x0, 0x0, 0x0, 0x0, 0x0, 0x0, 0x9,
    0xfd, 0x0, 0x0, 0x0, 0x0, 0x0, 0x0, 0x4,
    0xcb, 0xba, 0xaa, 0xaa, 0xac, 0xff, 0xba, 0xaa,
    0xaa, 0xab, 0xbc, 0x70, 0x6, 0xff, 0xff, 0xff,
    0xff, 0xff, 0xff, 0xff, 0xff, 0xff, 0xff, 0xff,
    0x90, 0x1, 0x21, 0x11, 0x11, 0x11, 0x11, 0x11,
    0x11, 0x11, 0x11, 0x11, 0x22, 0x10, 0x0, 0x0,
    0x0, 0x0, 0x0, 0x0, 0x0, 0x0, 0x0, 0x0,
    0x0, 0x0, 0x0, 0x0, 0x0, 0x4, 0x99, 0x99,
    0x99, 0x99, 0x99, 0x99, 0x99, 0x60, 0x0, 0x0,
    0x0, 0x0, 0x6, 0xff, 0xff, 0xff, 0xff, 0xff,
    0xff, 0xff, 0x90, 0x0, 0x0, 0x0, 0x0, 0x6,
    0xfe, 0x0, 0x0, 0x0, 0x0, 0x0, 0xdf, 0x90,
    0x0, 0x0, 0x0, 0x0, 0x6, 0xfe, 0x0, 0x0,
    0x0, 0x0, 0x0, 0xdf, 0x90, 0x0, 0x0, 0x0,
    0x0, 0x6, 0xff, 0xff, 0xff, 0xff, 0xff, 0xff,
    0xff, 0x90, 0x0, 0x0, 0x0, 0x0, 0x3, 0x77,
    0x77, 0x77, 0x77, 0x77, 0x77, 0x77, 0x50, 0x0,
    0x0, 0x0, 0x0, 0x0, 0x0, 0x0, 0x0, 0x0,
    0x0, 0x0, 0x0, 0x0, 0x0, 0x0, 0x1b, 0xbb,
    0xbb, 0xbb, 0xbb, 0xbb, 0xbb, 0xbb, 0xbb, 0xbb,
    0xbb, 0xbb, 0xb2, 0x1f, 0xff, 0xff, 0xff, 0xff,
    0xff, 0xff, 0xff, 0xff, 0xff, 0xff, 0xff, 0xf2,
    0xf, 0xf4, 0x0, 0x0, 0x0, 0x0, 0x0, 0x0,
    0x0, 0x0, 0x0, 0x3f, 0xf2, 0x1f, 0xf4, 0x0,
    0x0, 0x0, 0x0, 0x0, 0x0, 0x0, 0x0, 0x0,
    0x2f, 0xf3, 0x7, 0x71, 0x0, 0x0, 0xdf, 0xff,
    0xff, 0xff, 0xf5, 0x0, 0x0, 0x5, 0x51, 0x0,
    0x0, 0x0, 0x0, 0xef, 0xd9, 0x99, 0x9f, 0xf6,
    0x0, 0x0, 0x0, 0x0, 0x0, 0x0, 0x0, 0x0,
    0xff, 0x70, 0x0, 0xe, 0xf6, 0x0, 0x0, 0x0,
    0x0, 0x0, 0x0, 0x0, 0x4, 0xff, 0x30, 0x0,
    0xe, 0xf6, 0x0, 0x0, 0x2, 0x0, 0x0, 0x0,
    0x0, 0xb, 0xfd, 0x0, 0x0, 0xe, 0xf6, 0x0,
    0x0, 0xf, 0xa3, 0x0, 0x0, 0x5, 0xcf, 0xf4,
    0x0, 0x0, 0xe, 0xf9, 0x0, 0x0, 0x5f, 0xf5,
    0x0, 0x9c, 0xff, 0xff, 0x60, 0x0, 0x0, 0xc,
    0xff, 0xcc, 0xcc, 0xff, 0xd0, 0x0, 0x4f, 0xff,
    0xa2, 0x0, 0x0, 0x0, 0x3, 0xdf, 0xff, 0xff,
    0xfc, 0x20, 0x0, 0x9, 0x61, 0x0, 0x0, 0x0,
    0x0, 0x0, 0x0, 0x0, 0x0, 0x0, 0x0,

    /* U+4EC5 "仅" */
    0x0, 0x0, 0x1, 0xb5, 0x0, 0x0, 0x0, 0x0,
    0x0, 0x0, 0x0, 0x0, 0x0, 0x0, 0x0, 0x5,
    0xff, 0x60, 0x0, 0x0, 0x0, 0x0, 0x0, 0x0,
    0x0, 0x0, 0x0, 0x0, 0xa, 0xfd, 0x2, 0x11,
    0x0, 0x0, 0x0, 0x0, 0x0, 0x0, 0x0, 0x0,
    0x0, 0xf, 0xf6, 0xf, 0xff, 0xff, 0xff, 0xff,
    0xff, 0xff, 0xf1, 0x0, 0x0, 0x0, 0x6f, 0xe0,
    0xf, 0xff, 0xfe, 0xee, 0xee, 0xee, 0xff, 0xe0,
    0x0, 0x0, 0x0, 0xdf, 0x90, 0x0, 0x9f, 0xb0,
    0x0, 0x0, 0x0, 0xaf, 0xb0, 0x0, 0x0, 0x5,
    0xff, 0x30, 0x0, 0x6f, 0xe0, 0x0, 0x0, 0x0,
    0xdf, 0x70, 0x0, 0x0, 0xd, 0xff, 0x20, 0x0,
    0x3f, 0xf1, 0x0, 0x0, 0x0, 0xff, 0x40, 0x0,
    0x0, 0x6f, 0xff, 0x20, 0x0, 0xf, 0xf5, 0x0,
    0x0, 0x4, 0xff, 0x0, 0x0, 0x1, 0xff, 0xff,
    0x20, 0x0, 0xb, 0xf9, 0x0, 0x0, 0x9, 0xfa,
    0x0, 0x0, 0xb, 0xfe, 0xff, 0x20, 0x0, 0x7,
    0xfd, 0x0, 0x0, 0xe, 0xf5, 0x0, 0x0, 0x9f,
    0xf5, 0xef, 0x20, 0x0, 0x2, 0xff, 0x20, 0x0,
    0x4f, 0xf1, 0x0, 0x0, 0x4f, 0xa0, 0xef, 0x20,
    0x0, 0x0, 0xdf, 0x80, 0x0, 0xbf, 0xa0, 0x0,
    0x0, 0x4, 0x10, 0xef, 0x20, 0x0, 0x0, 0x7f,
    0xe0, 0x2, 0xff, 0x30, 0x0, 0x0, 0x0, 0x0,
    0xef, 0x20, 0x0, 0x0, 0x1f, 0xf7, 0xa, 0xfc,
    0x0, 0x0, 0x0, 0x0, 0x0, 0xef, 0x20, 0x0,
    0x0, 0x9, 0xff, 0x6f, 0xf4, 0x0, 0x0, 0x0,
    0x0, 0x0, 0xef, 0x20, 0x0, 0x0, 0x1, 0xef,
    0xff, 0xb0, 0x0, 0x0, 0x0, 0x0, 0x0, 0xef,
    0x20, 0x0, 0x0, 0x0, 0x6f, 0xff, 0x20, 0x0,
    0x0, 0x0, 0x0, 0x0, 0xef, 0x20, 0x0, 0x0,
    0x0, 0xaf, 0xff, 0x60, 0x0, 0x0, 0x0, 0x0,
    0x0, 0xef, 0x20, 0x0, 0x0, 0xb, 0xff, 0xef,
    0xf8, 0x0, 0x0, 0x0, 0x0, 0x0, 0xef, 0x20,
    0x0, 0x2, 0xdf, 0xf8, 0xb, 0xff, 0xb1, 0x0,
    0x0, 0x0, 0x0, 0xef, 0x20, 0x0, 0x5e, 0xff,
    0x60, 0x0, 0xaf, 0xfe, 0x70, 0x0, 0x0, 0x0,
    0xff, 0x20, 0x3b, 0xff, 0xf4, 0x0, 0x0, 0x7,
    0xff, 0xfd, 0x60, 0x0, 0x0, 0xff, 0x3b, 0xff,
    0xfc, 0x20, 0x0, 0x0, 0x0, 0x4e, 0xff, 0xf6,
    0x0, 0x0, 0xff, 0x38, 0xff, 0x80, 0x0, 0x0,
    0x0, 0x0, 0x1, 0xaf, 0xc0, 0x0, 0x1, 0xff,
    0x30, 0xa3, 0x0, 0x0, 0x0, 0x0, 0x0, 0x0,
    0x4, 0x30,

    /* U+4F20 "传" */
    0x0, 0x0, 0x0, 0x0, 0x0, 0x0, 0x0, 0x0,
    0x0, 0x0, 0x0, 0x0, 0x0, 0x0, 0x0, 0x0,
    0x1, 0x91, 0x0, 0x0, 0x0, 0xdc, 0x50, 0x0,
    0x0, 0x0, 0x0, 0x0, 0x0, 0x0, 0x6f, 0xf3,
    0x0, 0x0, 0xf, 0xf4, 0x0, 0x0, 0x0, 0x0,
    0x0, 0x0, 0x0, 0xc, 0xfc, 0x0, 0x0, 0x1,
    0xff, 0x0, 0x0, 0x0, 0x0, 0x0, 0x0, 0x0,
    0x2, 0xff, 0x50, 0x0, 0x0, 0x3f, 0xd0, 0x0,
    0x0, 0x0, 0x0, 0x0, 0x0, 0x0, 0x8f, 0xe0,
    0x5c, 0xbb, 0xbc, 0xfe, 0xbb, 0xbb, 0xbb, 0xc8,
    0x0, 0x0, 0x0, 0x1f, 0xf8, 0x7, 0xff, 0xff,
    0xff, 0xff, 0xff, 0xff, 0xff, 0xa0, 0x0, 0x0,
    0x8, 0xff, 0x30, 0x11, 0x10, 0xb, 0xf6, 0x0,
    0x0, 0x1, 0x11, 0x0, 0x0, 0x1, 0xef, 0xf2,
    0x0, 0x0, 0x0, 0xdf, 0x30, 0x0, 0x0, 0x0,
    0x0, 0x0, 0x0, 0x9f, 0xff, 0x20, 0x0, 0x0,
    0xf, 0xf0, 0x0, 0x0, 0x0, 0x0, 0x0, 0x0,
    0x3f, 0xff, 0xf2, 0x33, 0x22, 0x24, 0xfe, 0x22,
    0x22, 0x22, 0x22, 0x23, 0x0, 0xc, 0xfc, 0xef,
    0x2d, 0xff, 0xff, 0xff, 0xff, 0xff, 0xff, 0xff,
    0xff, 0xf1, 0x8, 0xff, 0x2e, 0xf2, 0x9a, 0xaa,
    0xae, 0xfc, 0xaa, 0xaa, 0xaa, 0xaa, 0xab, 0x0,
    0xdf, 0x60, 0xef, 0x20, 0x0, 0x0, 0xef, 0x30,
    0x0, 0x0, 0x0, 0x0, 0x0, 0x1, 0x80, 0xe,
    0xf2, 0x0, 0x0, 0x2f, 0xe0, 0x0, 0x0, 0x0,
    0x0, 0x0, 0x0, 0x0, 0x0, 0xef, 0x20, 0x0,
    0x8, 0xff, 0xdd, 0xdd, 0xdd, 0xdd, 0x70, 0x0,
    0x0, 0x0, 0xe, 0xf2, 0x0, 0x0, 0xdf, 0xff,
    0xff, 0xff, 0xff, 0xf2, 0x0, 0x0, 0x0, 0x0,
    0xef, 0x20, 0x0, 0x0, 0x0, 0x0, 0x0, 0xb,
    0xfb, 0x0, 0x0, 0x0, 0x0, 0xe, 0xf2, 0x0,
    0x0, 0x0, 0x0, 0x0, 0x1, 0xff, 0x30, 0x0,
    0x0, 0x0, 0x0, 0xef, 0x20, 0x0, 0x0, 0x2,
    0x0, 0x0, 0x8f, 0xc0, 0x0, 0x0, 0x0, 0x0,
    0xe, 0xf2, 0x0, 0x0, 0x6, 0xfb, 0x30, 0x1f,
    0xf4, 0x0, 0x0, 0x0, 0x0, 0x0, 0xef, 0x20,
    0x0, 0x0, 0x9f, 0xff, 0xba, 0xfd, 0x0, 0x0,
    0x0, 0x0, 0x0, 0xe, 0xf2, 0x0, 0x0, 0x0,
    0x3b, 0xff, 0xff, 0x70, 0x0, 0x0, 0x0, 0x0,
    0x0, 0xff, 0x20, 0x0, 0x0, 0x0, 0x4, 0xcf,
    0xff, 0xa1, 0x0, 0x0, 0x0, 0x0, 0xf, 0xf3,
    0x0, 0x0, 0x0, 0x0, 0x0, 0x6e, 0xff, 0xf4,
    0x0, 0x0, 0x0, 0x1, 0xff, 0x30, 0x0, 0x0,
    0x0, 0x0, 0x0, 0x9, 0xfd, 0x0, 0x0, 0x0,
    0x0, 0x0, 0x0, 0x0, 0x0, 0x0, 0x0, 0x0,
    0x0, 0x3, 0x30, 0x0, 0x0,

    /* U+4F53 "体" */
    0x0, 0x0, 0x2, 0x0, 0x0, 0x0, 0x0, 0x5,
    0x61, 0x0, 0x0, 0x0, 0x0, 0x0, 0x0, 0x0,
    0xbe, 0x80, 0x0, 0x0, 0x0, 0xef, 0x30, 0x0,
    0x0, 0x0, 0x0, 0x0, 0x0, 0xf, 0xf7, 0x0,
    0x0, 0x0, 0xd, 0xf3, 0x0, 0x0, 0x0, 0x0,
    0x0, 0x0, 0x4, 0xff, 0x0, 0x0, 0x0, 0x0,
    0xdf, 0x20, 0x0, 0x0, 0x0, 0x0, 0x0, 0x0,
    0xaf, 0x90, 0x0, 0x0, 0x0, 0xd, 0xf2, 0x0,
    0x0, 0x0, 0x0, 0x0, 0x0, 0xf, 0xf3, 0x0,
    0x0, 0x0, 0x0, 0xdf, 0x20, 0x0, 0x0, 0x0,
    0x0, 0x0, 0x6, 0xfe, 0x2, 0xdd, 0xcc, 0xcc,
    0xcf, 0xfd, 0xcc, 0xcc, 0xcd, 0xd2, 0x0, 0x0,
    0xdf, 0xe0, 0x2f, 0xff, 0xff, 0xff, 0xff, 0xff,
    0xff, 0xff, 0xff, 0x20, 0x0, 0x5f, 0xfe, 0x0,
    0x0, 0x0, 0xe, 0xfe, 0xfe, 0xf2, 0x0, 0x0,
    0x0, 0x0, 0xd, 0xff, 0xe0, 0x0, 0x0, 0x3,
    0xfd, 0xdf, 0xaf, 0x70, 0x0, 0x0, 0x0, 0x6,
    0xfe, 0xfe, 0x0, 0x0, 0x0, 0x9f, 0x8d, 0xf5,
    0xfd, 0x0, 0x0, 0x0, 0x2, 0xff, 0x5f, 0xe0,
    0x0, 0x0, 0xe, 0xf3, 0xdf, 0x2c, 0xf5, 0x0,
    0x0, 0x0, 0x7f, 0xb1, 0xfe, 0x0, 0x0, 0x7,
    0xfd, 0xd, 0xf2, 0x5f, 0xd0, 0x0, 0x0, 0x0,
    0x91, 0x1f, 0xe0, 0x0, 0x1, 0xff, 0x50, 0xdf,
    0x20, 0xdf, 0x80, 0x0, 0x0, 0x0, 0x1, 0xfe,
    0x0, 0x0, 0xcf, 0xc0, 0xd, 0xf2, 0x3, 0xff,
    0x40, 0x0, 0x0, 0x0, 0x1f, 0xe0, 0x0, 0x9f,
    0xf2, 0x0, 0xdf, 0x20, 0x8, 0xff, 0x40, 0x0,
    0x0, 0x1, 0xfe, 0x0, 0x9f, 0xf6, 0x0, 0xd,
    0xf2, 0x0, 0xb, 0xff, 0x70, 0x0, 0x0, 0x1f,
    0xe1, 0xbf, 0xf9, 0x0, 0x0, 0xdf, 0x20, 0x0,
    0xb, 0xff, 0xd1, 0x0, 0x1, 0xfe, 0x9f, 0xfa,
    0xa, 0xaa, 0xae, 0xfa, 0x9a, 0xa3, 0xa, 0xf4,
    0x0, 0x0, 0x1f, 0xe0, 0x88, 0x0, 0xff, 0xff,
    0xff, 0xff, 0xff, 0x50, 0x3, 0x0, 0x0, 0x1,
    0xfe, 0x0, 0x0, 0x3, 0x33, 0x2d, 0xf4, 0x22,
    0x31, 0x0, 0x0, 0x0, 0x0, 0x1f, 0xe0, 0x0,
    0x0, 0x0, 0x0, 0xdf, 0x20, 0x0, 0x0, 0x0,
    0x0, 0x0, 0x1, 0xfe, 0x0, 0x0, 0x0, 0x0,
    0xd, 0xf2, 0x0, 0x0, 0x0, 0x0, 0x0, 0x0,
    0x1f, 0xe0, 0x0, 0x0, 0x0, 0x0, 0xef, 0x30,
    0x0, 0x0, 0x0, 0x0, 0x0, 0x2, 0xed, 0x0,
    0x0, 0x0, 0x0, 0xe, 0xf3, 0x0, 0x0, 0x0,
    0x0, 0x0,

    /* U+4F59 "余" */
    0x0, 0x0, 0x0, 0x0, 0x0, 0x6, 0x83, 0x0,
    0x0, 0x0, 0x0, 0x0, 0x0, 0x0, 0x0, 0x0,
    0x0, 0x0, 0x1e, 0xff, 0x30, 0x0, 0x0, 0x0,
    0x0, 0x0, 0x0, 0x0, 0x0, 0x0, 0x0, 0xaf,
    0xff, 0x50, 0x0, 0x0, 0x0, 0x0, 0x0, 0x0,
    0x0, 0x0, 0x0, 0x5, 0xff, 0xaf, 0xf4, 0x0,
    0x0, 0x0, 0x0, 0x0, 0x0, 0x0, 0x0, 0x0,
    0x2f, 0xfb, 0x5, 0xff, 0x60, 0x0, 0x0, 0x0,
    0x0, 0x0, 0x0, 0x0, 0x1, 0xdf, 0xe1, 0x0,
    0x6f, 0xf9, 0x0, 0x0, 0x0, 0x0, 0x0, 0x0,
    0x0, 0x1d, 0xff, 0x30, 0x0, 0x5, 0xff, 0xe5,
    0x0, 0x0, 0x0, 0x0, 0x0, 0x2, 0xdf, 0xf3,
    0x0, 0x0, 0x0, 0x3e, 0xff, 0xd6, 0x10, 0x0,
    0x0, 0x0, 0x5f, 0xfe, 0x30, 0x0, 0x0, 0x0,
    0x1, 0xaf, 0xff, 0xfc, 0x84, 0x0, 0x1b, 0xff,
    0xd5, 0x22, 0x22, 0x22, 0x22, 0x22, 0x23, 0xcf,
    0xff, 0xf3, 0x19, 0xff, 0xfa, 0x1f, 0xff, 0xff,
    0xff, 0xff, 0xff, 0xc0, 0x4, 0xbf, 0x90, 0x1c,
    0xfe, 0x50, 0xd, 0xcb, 0xbc, 0xff, 0xcb, 0xbc,
    0xa0, 0x0, 0x2, 0x10, 0x0, 0x71, 0x0, 0x0,
    0x0, 0x1, 0xff, 0x10, 0x0, 0x0, 0x0, 0x0,
    0x0, 0x0, 0x0, 0x0, 0x0, 0x0, 0x1, 0xff,
    0x10, 0x0, 0x0, 0x0, 0x0, 0x0, 0x0, 0x0,
    0x0, 0x0, 0x0, 0x1, 0xff, 0x10, 0x0, 0x0,
    0x0, 0x0, 0x0, 0x0, 0x1f, 0xff, 0xff, 0xff,
    0xff, 0xff, 0xff, 0xff, 0xff, 0xff, 0x80, 0x0,
    0x0, 0x1f, 0xff, 0xff, 0xff, 0xff, 0xff, 0xff,
    0xff, 0xff, 0xff, 0x80, 0x0, 0x0, 0x1, 0x0,
    0x0, 0x0, 0x1, 0xff, 0x10, 0x0, 0x0, 0x0,
    0x0, 0x0, 0x0, 0x0, 0x0, 0x7, 0x0, 0x1,
    0xff, 0x10, 0x6, 0xd1, 0x0, 0x0, 0x0, 0x0,
    0x0, 0x1, 0xcf, 0xa0, 0x1, 0xff, 0x10, 0x1e,
    0xfd, 0x10, 0x0, 0x0, 0x0, 0x0, 0x2d, 0xff,
    0x70, 0x1, 0xff, 0x10, 0x2, 0xef, 0xd1, 0x0,
    0x0, 0x0, 0x5, 0xff, 0xf5, 0x0, 0x1, 0xff,
    0x10, 0x0, 0x3f, 0xfd, 0x10, 0x0, 0x0, 0x9f,
    0xfe, 0x30, 0x0, 0x2, 0xff, 0x10, 0x0, 0x4,
    0xff, 0xd1, 0x0, 0x5, 0xff, 0xc1, 0x0, 0x6,
    0xce, 0xff, 0x10, 0x0, 0x0, 0x7f, 0xc1, 0x0,
    0x0, 0x69, 0x0, 0x0, 0x3, 0xff, 0xfd, 0x0,
    0x0, 0x0, 0x7, 0x0, 0x0, 0x0, 0x0, 0x0,
    0x0, 0x0, 0xb9, 0x61, 0x0, 0x0, 0x0, 0x0,
    0x0, 0x0,

    /* U+4F7F "使" */
    0x0, 0x0, 0x7, 0x10, 0x0, 0x0, 0x0, 0x8,
    0xb7, 0x0, 0x0, 0x0, 0x0, 0x0, 0x0, 0x1f,
    0xf3, 0x0, 0x0, 0x0, 0xa, 0xf9, 0x0, 0x0,
    0x0, 0x0, 0x0, 0x0, 0x5f, 0xe0, 0x0, 0x0,
    0x0, 0x9, 0xf8, 0x0, 0x0, 0x0, 0x0, 0x0,
    0x0, 0xbf, 0x80, 0x11, 0x0, 0x0, 0x9, 0xf8,
    0x0, 0x0, 0x11, 0x20, 0x0, 0x1, 0xff, 0x25,
    0xff, 0xff, 0xff, 0xff, 0xff, 0xff, 0xff, 0xff,
    0xf2, 0x0, 0x8, 0xfe, 0x4, 0xcb, 0xbb, 0xbb,
    0xbe, 0xfd, 0xbb, 0xbb, 0xbc, 0xc1, 0x0, 0xe,
    0xfe, 0x0, 0x0, 0x0, 0x0, 0x9, 0xf7, 0x0,
    0x0, 0x0, 0x0, 0x0, 0x7f, 0xfe, 0x0, 0x0,
    0x0, 0x0, 0x9, 0xf7, 0x0, 0x0, 0x0, 0x0,
    0x0, 0xef, 0xfe, 0x0, 0x2f, 0xff, 0xff, 0xff,
    0xff, 0xff, 0xff, 0xff, 0x10, 0x8, 0xfc, 0xfe,
    0x0, 0x1f, 0xfa, 0xaa, 0xad, 0xfd, 0xaa, 0xaa,
    0xff, 0x10, 0x2f, 0xf4, 0xfe, 0x0, 0xf, 0xf0,
    0x0, 0x9, 0xf7, 0x0, 0x0, 0xff, 0x10, 0x8f,
    0xb1, 0xfe, 0x0, 0xf, 0xf0, 0x0, 0x9, 0xf7,
    0x0, 0x0, 0xff, 0x0, 0xa, 0x31, 0xfe, 0x0,
    0x1f, 0xf1, 0x0, 0x9, 0xf8, 0x0, 0x1, 0xff,
    0x10, 0x0, 0x1, 0xfe, 0x0, 0x1f, 0xff, 0xff,
    0xff, 0xff, 0xff, 0xff, 0xff, 0x10, 0x0, 0x1,
    0xfe, 0x0, 0x1b, 0xbb, 0xbb, 0xbe, 0xfc, 0xbb,
    0xbb, 0xbb, 0x10, 0x0, 0x1, 0xfe, 0x0, 0x0,
    0x63, 0x0, 0xc, 0xf4, 0x0, 0x0, 0x0, 0x0,
    0x0, 0x1, 0xfe, 0x0, 0x5, 0xfe, 0x10, 0xe,
    0xf2, 0x0, 0x0, 0x0, 0x0, 0x0, 0x1, 0xfe,
    0x0, 0x0, 0xaf, 0xc1, 0x1f, 0xf0, 0x0, 0x0,
    0x0, 0x0, 0x0, 0x1, 0xfe, 0x0, 0x0, 0xb,
    0xfd, 0x7f, 0xc0, 0x0, 0x0, 0x0, 0x0, 0x0,
    0x1, 0xfe, 0x0, 0x0, 0x0, 0xcf, 0xff, 0x70,
    0x0, 0x0, 0x0, 0x0, 0x0, 0x1, 0xfe, 0x0,
    0x0, 0x0, 0xe, 0xff, 0x90, 0x0, 0x0, 0x0,
    0x0, 0x0, 0x1, 0xfe, 0x0, 0x0, 0x0, 0x8f,
    0xff, 0xfd, 0x50, 0x0, 0x0, 0x0, 0x0, 0x1,
    0xfe, 0x0, 0x0, 0x3c, 0xfe, 0x34, 0xdf, 0xfe,
    0x96, 0x31, 0x0, 0x0, 0x2, 0xff, 0x0, 0x5b,
    0xff, 0xa1, 0x0, 0x6, 0xdf, 0xff, 0xff, 0xf5,
    0x0, 0x2, 0xff, 0x5, 0xef, 0xb3, 0x0, 0x0,
    0x0, 0x3, 0x7b, 0xef, 0xd0, 0x0, 0x0, 0x0,
    0x0, 0x22, 0x0, 0x0, 0x0, 0x0, 0x0, 0x0,
    0x0, 0x0,

    /* U+505C "停" */
    0x0, 0x0, 0x0, 0x0, 0x0, 0x0, 0x0, 0x0,
    0x22, 0x0, 0x0, 0x0, 0x0, 0x0, 0x0, 0xf,
    0xb2, 0x0, 0x0, 0x0, 0xb, 0xfa, 0x0, 0x0,
    0x0, 0x0, 0x0, 0x0, 0x3f, 0xe0, 0x0, 0x0,
    0x0, 0x6, 0xff, 0x0, 0x0, 0x0, 0x0, 0x0,
    0x0, 0x8f, 0x90, 0x8b, 0xba, 0xaa, 0xab, 0xff,
    0xba, 0xaa, 0xab, 0xb5, 0x0, 0x0, 0xef, 0x40,
    0xbf, 0xff, 0xff, 0xff, 0xff, 0xff, 0xff, 0xff,
    0xf7, 0x0, 0x4, 0xff, 0x0, 0x0, 0x0, 0x0,
    0x0, 0x0, 0x0, 0x0, 0x0, 0x0, 0x0, 0xc,
    0xfe, 0x0, 0x0, 0x0, 0x0, 0x0, 0x0, 0x0,
    0x0, 0x0, 0x0, 0x0, 0x3f, 0xfe, 0x0, 0x0,
    0xef, 0xff, 0xff, 0xff, 0xff, 0xff, 0xd0, 0x0,
    0x0, 0xcf, 0xfe, 0x0, 0x0, 0xdf, 0xa9, 0x99,
    0x99, 0x99, 0xaf, 0xc0, 0x0, 0x5, 0xff, 0xfe,
    0x0, 0x0, 0xdf, 0x10, 0x0, 0x0, 0x0, 0x1f,
    0xc0, 0x0, 0xd, 0xfa, 0xfe, 0x0, 0x0, 0xdf,
    0x99, 0x99, 0x99, 0x99, 0x9f, 0xc0, 0x0, 0x8f,
    0xf2, 0xfe, 0x0, 0x0, 0xef, 0xff, 0xff, 0xff,
    0xff, 0xff, 0xd0, 0x0, 0x8f, 0xa0, 0xfe, 0x0,
    0x0, 0x11, 0x11, 0x11, 0x11, 0x11, 0x11, 0x10,
    0x0, 0xa, 0x20, 0xfe, 0x0, 0x11, 0x11, 0x11,
    0x11, 0x11, 0x11, 0x11, 0x11, 0x10, 0x0, 0x0,
    0xfe, 0xc, 0xff, 0xff, 0xff, 0xff, 0xff, 0xff,
    0xff, 0xff, 0xfe, 0x0, 0x0, 0xfe, 0xb, 0xfa,
    0x99, 0x99, 0x99, 0x99, 0x99, 0x99, 0x99, 0xfd,
    0x0, 0x0, 0xfe, 0xb, 0xf2, 0x0, 0x0, 0x0,
    0x0, 0x0, 0x0, 0x0, 0xfd, 0x0, 0x0, 0xfe,
    0x6, 0x81, 0x68, 0x89, 0x99, 0x99, 0x99, 0x98,
    0x71, 0x87, 0x0, 0x0, 0xfe, 0x0, 0x0, 0xdf,
    0xff, 0xff, 0xff, 0xff, 0xff, 0xf2, 0x0, 0x0,
    0x0, 0xfe, 0x0, 0x0, 0x11, 0x10, 0x0, 0xff,
    0x10, 0x1, 0x20, 0x0, 0x0, 0x0, 0xfe, 0x0,
    0x0, 0x0, 0x0, 0x0, 0xff, 0x0, 0x0, 0x0,
    0x0, 0x0, 0x0, 0xfe, 0x0, 0x0, 0x0, 0x0,
    0x0, 0xff, 0x0, 0x0, 0x0, 0x0, 0x0, 0x0,
    0xfe, 0x0, 0x0, 0x0, 0x0, 0x0, 0xff, 0x0,
    0x0, 0x0, 0x0, 0x0, 0x0, 0xff, 0x0, 0x0,
    0x0, 0x0, 0x2, 0xff, 0x0, 0x0, 0x0, 0x0,
    0x0, 0x0, 0xff, 0x0, 0x0, 0x0, 0xd, 0xff,
    0xfe, 0x0, 0x0, 0x0, 0x0, 0x0, 0x1, 0xff,
    0x0, 0x0, 0x0, 0x6, 0xff, 0xf6, 0x0, 0x0,
    0x0, 0x0, 0x0, 0x0, 0x0, 0x0, 0x0, 0x0,
    0x1, 0x52, 0x0, 0x0, 0x0, 0x0, 0x0,

    /* U+50A8 "储" */
    0x0, 0x0, 0x5, 0x30, 0x0, 0x0, 0x0, 0x0,
    0x1, 0xcc, 0x0, 0x0, 0x0, 0x0, 0x0, 0x0,
    0xdf, 0xd0, 0x0, 0x0, 0x0, 0x0, 0xf, 0xe0,
    0x0, 0x0, 0x0, 0x0, 0x0, 0xf, 0xf8, 0x2,
    0x98, 0x0, 0x0, 0x0, 0xfe, 0x0, 0x2, 0x0,
    0x0, 0x0, 0x5, 0xff, 0x10, 0x2f, 0xe0, 0x1,
    0x98, 0x8f, 0xf8, 0x81, 0xbe, 0x70, 0x0, 0x0,
    0xaf, 0xa0, 0x0, 0xdf, 0x30, 0x2f, 0xff, 0xff,
    0xff, 0x4f, 0xf5, 0x0, 0x0, 0x1f, 0xf4, 0x0,
    0x8, 0xf8, 0x0, 0x32, 0x2f, 0xe2, 0x38, 0xfb,
    0x0, 0x0, 0x8, 0xff, 0x10, 0x0, 0x3f, 0xb0,
    0x0, 0x0, 0xfe, 0x0, 0xef, 0x30, 0x0, 0x1,
    0xff, 0xf1, 0x0, 0x0, 0x40, 0x0, 0x0, 0xf,
    0xe0, 0x6f, 0xb0, 0x0, 0x0, 0x8f, 0xff, 0x10,
    0x0, 0x0, 0x0, 0x0, 0x0, 0xfe, 0xe, 0xf3,
    0x0, 0x0, 0x1f, 0xff, 0xf1, 0x7d, 0xcc, 0xa0,
    0x7d, 0xcc, 0xcf, 0xfd, 0xff, 0xcc, 0xdc, 0xa,
    0xfb, 0xcf, 0x18, 0xff, 0xfb, 0x8, 0xfe, 0xdd,
    0xde, 0xff, 0xdd, 0xee, 0xe1, 0xff, 0x2c, 0xf1,
    0x0, 0x3f, 0xa0, 0x0, 0x0, 0x3, 0xef, 0x60,
    0x0, 0x0, 0x5, 0x90, 0xcf, 0x10, 0x3, 0xfa,
    0x0, 0x1, 0x46, 0xff, 0x90, 0x0, 0x0, 0x0,
    0x0, 0xc, 0xf1, 0x0, 0x3f, 0xa0, 0x0, 0x2f,
    0xff, 0xfb, 0xbb, 0xb9, 0x0, 0x0, 0x0, 0xcf,
    0x10, 0x3, 0xfa, 0x0, 0x5, 0xff, 0xff, 0xff,
    0xff, 0xd0, 0x0, 0x0, 0xc, 0xf1, 0x0, 0x3f,
    0xa0, 0x1a, 0xff, 0xc0, 0x0, 0x1, 0xfc, 0x0,
    0x0, 0x0, 0xcf, 0x10, 0x3, 0xfa, 0x2f, 0xfe,
    0xfc, 0x0, 0x0, 0x1f, 0xc0, 0x0, 0x0, 0xc,
    0xf1, 0x0, 0x3f, 0xa0, 0x7c, 0x3f, 0xe9, 0x99,
    0x9a, 0xfc, 0x0, 0x0, 0x0, 0xcf, 0x10, 0x3,
    0xfa, 0x2, 0x1, 0xff, 0xff, 0xff, 0xff, 0xc0,
    0x0, 0x0, 0xc, 0xf1, 0x0, 0x3f, 0xbc, 0xa0,
    0x1f, 0xc0, 0x0, 0x1, 0xfc, 0x0, 0x0, 0x0,
    0xcf, 0x10, 0x4, 0xff, 0xfc, 0x1, 0xfc, 0x0,
    0x0, 0x1f, 0xc0, 0x0, 0x0, 0xd, 0xf1, 0x0,
    0xbf, 0xf9, 0x0, 0x1f, 0xc0, 0x0, 0x1, 0xfc,
    0x0, 0x0, 0x0, 0xdf, 0x10, 0x6, 0xf6, 0x0,
    0x2, 0xff, 0xff, 0xff, 0xff, 0xd0, 0x0, 0x0,
    0xe, 0xf2, 0x0, 0x3, 0x0, 0x0, 0x2f, 0xe9,
    0x99, 0x9a, 0xfd, 0x0, 0x0, 0x0, 0xff, 0x20,
    0x0, 0x0, 0x0, 0x3, 0xfc, 0x0, 0x0, 0x1f,
    0xf0, 0x0,

    /* U+5173 "关" */
    0x0, 0x0, 0x0, 0x3, 0x0, 0x0, 0x0, 0x2,
    0x40, 0x0, 0x0, 0x0, 0x0, 0x0, 0x0, 0x2d,
    0xf2, 0x0, 0x0, 0x0, 0x7f, 0xc2, 0x0, 0x0,
    0x0, 0x0, 0x0, 0x0, 0xdf, 0xd0, 0x0, 0x0,
    0xd, 0xfd, 0x0, 0x0, 0x0, 0x0, 0x0, 0x0,
    0x3, 0xff, 0x80, 0x0, 0x3, 0xff, 0x40, 0x0,
    0x0, 0x0, 0x0, 0x0, 0x0, 0x9, 0xff, 0x10,
    0x0, 0x9f, 0xc0, 0x0, 0x0, 0x0, 0x0, 0x0,
    0x0, 0x0, 0x1b, 0x20, 0x0, 0x1f, 0xf3, 0x0,
    0x0, 0x0, 0x0, 0x0, 0xed, 0xdd, 0xdd, 0xdd,
    0xdd, 0xdd, 0xff, 0xdd, 0xdd, 0xde, 0x40, 0x0,
    0xf, 0xff, 0xff, 0xff, 0xff, 0xff, 0xff, 0xff,
    0xff, 0xff, 0xf5, 0x0, 0x0, 0x21, 0x10, 0x0,
    0x0, 0x3f, 0xe0, 0x0, 0x0, 0x0, 0x11, 0x0,
    0x0, 0x0, 0x0, 0x0, 0x0, 0x2, 0xfe, 0x0,
    0x0, 0x0, 0x0, 0x0, 0x0, 0x0, 0x0, 0x0,
    0x0, 0x0, 0x2f, 0xe0, 0x0, 0x0, 0x0, 0x0,
    0x0, 0x0, 0x0, 0x0, 0x0, 0x0, 0x2, 0xfe,
    0x0, 0x0, 0x0, 0x0, 0x0, 0x0, 0x0, 0x0,
    0x0, 0x0, 0x0, 0x2f, 0xe0, 0x0, 0x0, 0x0,
    0x0, 0x0, 0x0, 0x21, 0x11, 0x11, 0x11, 0x13,
    0xfe, 0x33, 0x33, 0x33, 0x33, 0x33, 0x30, 0x5f,
    0xff, 0xff, 0xff, 0xff, 0xff, 0xff, 0xff, 0xff,
    0xff, 0xff, 0xfc, 0x4, 0xbb, 0xba, 0xaa, 0xaa,
    0xad, 0xff, 0xda, 0xaa, 0xaa, 0xaa, 0xbb, 0x90,
    0x0, 0x0, 0x0, 0x0, 0x0, 0xbf, 0xfd, 0x0,
    0x0, 0x0, 0x0, 0x0, 0x0, 0x0, 0x0, 0x0,
    0x0, 0x3f, 0xfd, 0xfa, 0x0, 0x0, 0x0, 0x0,
    0x0, 0x0, 0x0, 0x0, 0x0, 0xd, 0xfa, 0x2f,
    0xf9, 0x0, 0x0, 0x0, 0x0, 0x0, 0x0, 0x0,
    0x0, 0xa, 0xff, 0x10, 0x6f, 0xfa, 0x0, 0x0,
    0x0, 0x0, 0x0, 0x0, 0x0, 0xb, 0xff, 0x40,
    0x0, 0x8f, 0xfd, 0x40, 0x0, 0x0, 0x0, 0x0,
    0x0, 0x4e, 0xff, 0x40, 0x0, 0x0, 0x7f, 0xff,
    0xb4, 0x0, 0x0, 0x0, 0x4, 0xbf, 0xfd, 0x20,
    0x0, 0x0, 0x0, 0x5e, 0xff, 0xfe, 0x94, 0x2,
    0x8d, 0xff, 0xf8, 0x0, 0x0, 0x0, 0x0, 0x0,
    0x1a, 0xff, 0xff, 0xc0, 0x2e, 0xff, 0xa2, 0x0,
    0x0, 0x0, 0x0, 0x0, 0x0, 0x3, 0xaf, 0xf2,
    0x0, 0x59, 0x20, 0x0, 0x0, 0x0, 0x0, 0x0,
    0x0, 0x0, 0x0, 0x14, 0x0,

    /* U+5185 "内" */
    0x0, 0x0, 0x0, 0x0, 0x0, 0x16, 0x52, 0x0,
    0x0, 0x0, 0x0, 0x0, 0x0, 0x0, 0x0, 0x0,
    0x0, 0x2f, 0xf4, 0x0, 0x0, 0x0, 0x0, 0x0,
    0x0, 0x0, 0x0, 0x0, 0x0, 0x1f, 0xf2, 0x0,
    0x0, 0x0, 0x0, 0x0, 0x0, 0x0, 0x0, 0x0,
    0x0, 0x1f, 0xf0, 0x0, 0x0, 0x0, 0x0, 0x0,
    0x0, 0x0, 0x0, 0x0, 0x0, 0x2f, 0xf0, 0x0,
    0x0, 0x0, 0x0, 0x0, 0xf, 0xff, 0xff, 0xff,
    0xff, 0xff, 0xff, 0xff, 0xff, 0xff, 0xff, 0xf3,
    0xf, 0xfe, 0xdd, 0xdd, 0xdd, 0xdf, 0xfd, 0xdd,
    0xdd, 0xdd, 0xdf, 0xf3, 0xf, 0xf5, 0x0, 0x0,
    0x0, 0x4f, 0xd0, 0x0, 0x0, 0x0, 0x4f, 0xf2,
    0xf, 0xf5, 0x0, 0x0, 0x0, 0x5f, 0xc0, 0x0,
    0x0, 0x0, 0x4f, 0xf1, 0xf, 0xf5, 0x0, 0x0,
    0x0, 0x9f, 0xb0, 0x0, 0x0, 0x0, 0x4f, 0xf0,
    0xf, 0xf5, 0x0, 0x0, 0x0, 0xdf, 0xa0, 0x0,
    0x0, 0x0, 0x4f, 0xf0, 0xf, 0xf5, 0x0, 0x0,
    0x4, 0xff, 0xfb, 0x10, 0x0, 0x0, 0x4f, 0xf0,
    0xf, 0xf5, 0x0, 0x0, 0xc, 0xfd, 0xef, 0xe3,
    0x0, 0x0, 0x4f, 0xf0, 0xf, 0xf5, 0x0, 0x0,
    0x8f, 0xf3, 0x1c, 0xff, 0x70, 0x0, 0x4f, 0xf0,
    0xf, 0xf5, 0x0, 0x6, 0xff, 0x80, 0x0, 0xaf,
    0xfb, 0x0, 0x4f, 0xf0, 0xf, 0xf5, 0x0, 0x7f,
    0xfb, 0x0, 0x0, 0x8, 0xff, 0xd1, 0x4f, 0xf0,
    0xf, 0xf5, 0xa, 0xff, 0xd1, 0x0, 0x0, 0x0,
    0x7f, 0xf4, 0x4f, 0xf0, 0xf, 0xf5, 0x4d, 0xfd,
    0x10, 0x0, 0x0, 0x0, 0x7, 0x30, 0x4f, 0xf0,
    0xf, 0xf5, 0x0, 0x71, 0x0, 0x0, 0x0, 0x0,
    0x0, 0x0, 0x4f, 0xf0, 0xf, 0xf5, 0x0, 0x0,
    0x0, 0x0, 0x0, 0x0, 0x0, 0x0, 0x4f, 0xf0,
    0xf, 0xf5, 0x0, 0x0, 0x0, 0x0, 0x0, 0x0,
    0x0, 0x0, 0x4f, 0xf0, 0xf, 0xf5, 0x0, 0x0,
    0x0, 0x0, 0x0, 0x0, 0x0, 0x0, 0x4f, 0xf0,
    0xf, 0xf5, 0x0, 0x0, 0x0, 0x0, 0x0, 0x0,
    0x2, 0x23, 0xaf, 0xf0, 0xf, 0xf5, 0x0, 0x0,
    0x0, 0x0, 0x0, 0x0, 0xd, 0xff, 0xff, 0xd0,
    0x1f, 0xf5, 0x0, 0x0, 0x0, 0x0, 0x0, 0x0,
    0x3, 0xff, 0xc9, 0x20, 0x0, 0x0, 0x0, 0x0,
    0x0, 0x0, 0x0, 0x0, 0x0, 0x20, 0x0, 0x0,

    /* U+51B2 "冲" */
    0x0, 0x0, 0x0, 0x0, 0x0, 0x0, 0x0, 0x0,
    0x4d, 0xd0, 0x0, 0x0, 0x0, 0x0, 0x0, 0x0,
    0x0, 0x0, 0x0, 0x0, 0x0, 0x5f, 0xf0, 0x0,
    0x0, 0x0, 0x0, 0x0, 0x0, 0x0, 0x0, 0x0,
    0x0, 0x0, 0x4f, 0xf0, 0x0, 0x0, 0x0, 0x0,
    0x5d, 0x10, 0x0, 0x0, 0x0, 0x0, 0x0, 0x4f,
    0xe0, 0x0, 0x0, 0x0, 0x3, 0xff, 0xe2, 0x0,
    0x0, 0x0, 0x0, 0x0, 0x4f, 0xe0, 0x0, 0x0,
    0x0, 0x0, 0x8f, 0xfe, 0x20, 0x4, 0xbb, 0xbb,
    0xbb, 0xcf, 0xfb, 0xbb, 0xbb, 0xb9, 0x0, 0x7,
    0xff, 0xe2, 0x4, 0xff, 0xff, 0xff, 0xff, 0xff,
    0xff, 0xff, 0xfb, 0x0, 0x0, 0x7f, 0xfd, 0x4,
    0xfe, 0x22, 0x22, 0x5f, 0xe2, 0x22, 0x28, 0xfb,
    0x0, 0x0, 0x8, 0xd2, 0x4, 0xfe, 0x0, 0x0,
    0x4f, 0xe0, 0x0, 0x7, 0xfb, 0x0, 0x0, 0x0,
    0x10, 0x4, 0xfe, 0x0, 0x0, 0x4f, 0xe0, 0x0,
    0x7, 0xfb, 0x0, 0x0, 0x0, 0x0, 0x4, 0xfe,
    0x0, 0x0, 0x4f, 0xe0, 0x0, 0x7, 0xfb, 0x0,
    0x0, 0x0, 0x0, 0x4, 0xfe, 0x0, 0x0, 0x4f,
    0xe0, 0x0, 0x7, 0xfb, 0x0, 0x0, 0x0, 0x51,
    0x4, 0xfe, 0x0, 0x0, 0x4f, 0xe0, 0x0, 0x7,
    0xfb, 0x0, 0x0, 0x0, 0xee, 0x44, 0xfe, 0x0,
    0x0, 0x4f, 0xe0, 0x0, 0x7, 0xfb, 0x0, 0x0,
    0x6, 0xff, 0x34, 0xff, 0xcc, 0xcc, 0xdf, 0xfc,
    0xcc, 0xcd, 0xfb, 0x0, 0x0, 0xd, 0xfa, 0x4,
    0xff, 0xff, 0xff, 0xff, 0xff, 0xff, 0xff, 0xfb,
    0x0, 0x0, 0x6f, 0xf2, 0x4, 0xfe, 0x11, 0x11,
    0x5f, 0xe1, 0x11, 0x18, 0xfb, 0x0, 0x1, 0xef,
    0x90, 0x4, 0xfe, 0x0, 0x0, 0x4f, 0xe0, 0x0,
    0x7, 0xfc, 0x0, 0x9, 0xff, 0x10, 0x2, 0x65,
    0x0, 0x0, 0x4f, 0xe0, 0x0, 0x1, 0x32, 0x0,
    0x4f, 0xf8, 0x0, 0x0, 0x0, 0x0, 0x0, 0x4f,
    0xe0, 0x0, 0x0, 0x0, 0x1, 0xef, 0xf1, 0x0,
    0x0, 0x0, 0x0, 0x0, 0x4f, 0xe0, 0x0, 0x0,
    0x0, 0xb, 0xff, 0x70, 0x0, 0x0, 0x0, 0x0,
    0x0, 0x4f, 0xf0, 0x0, 0x0, 0x0, 0x1, 0xbe,
    0x0, 0x0, 0x0, 0x0, 0x0, 0x0, 0x4f, 0xf0,
    0x0, 0x0, 0x0, 0x0, 0x3, 0x0, 0x0, 0x0,
    0x0, 0x0, 0x0, 0x5f, 0xf0, 0x0, 0x0, 0x0,
    0x0, 0x0, 0x0, 0x0, 0x0, 0x0, 0x0, 0x0,
    0x5f, 0xf0, 0x0, 0x0, 0x0,

    /* U+5217 "列" */
    0x0, 0x0, 0x0, 0x0, 0x0, 0x0, 0x0, 0x0,
    0x0, 0x0, 0x0, 0x3, 0x31, 0x3, 0x22, 0x22,
    0x22, 0x22, 0x22, 0x22, 0x23, 0x0, 0x0, 0x0,
    0x2f, 0xf4, 0x2f, 0xff, 0xff, 0xff, 0xff, 0xff,
    0xff, 0xfe, 0x0, 0x0, 0x0, 0x2f, 0xf3, 0x18,
    0x88, 0x88, 0xff, 0xb8, 0x88, 0x88, 0x88, 0x0,
    0x0, 0x0, 0x1f, 0xf2, 0x0, 0x0, 0x3, 0xff,
    0x40, 0x0, 0x0, 0x0, 0xf, 0xf8, 0x0, 0x1f,
    0xf1, 0x0, 0x0, 0x6, 0xff, 0x10, 0x0, 0x0,
    0x0, 0xe, 0xf7, 0x0, 0x1f, 0xf1, 0x0, 0x0,
    0xa, 0xfd, 0x0, 0x0, 0x0, 0x0, 0xe, 0xf7,
    0x0, 0x1f, 0xf1, 0x0, 0x0, 0xe, 0xfd, 0x77,
    0x77, 0x77, 0x10, 0xe, 0xf6, 0x0, 0x1f, 0xf1,
    0x0, 0x0, 0x4f, 0xff, 0xff, 0xff, 0xff, 0x0,
    0xe, 0xf6, 0x0, 0x1f, 0xf1, 0x0, 0x0, 0xbf,
    0xd4, 0x44, 0x47, 0xfe, 0x0, 0xe, 0xf6, 0x0,
    0x1f, 0xf1, 0x0, 0x3, 0xff, 0x60, 0x0, 0x6,
    0xfb, 0x0, 0xe, 0xf6, 0x0, 0x1f, 0xf1, 0x0,
    0xd, 0xfe, 0x0, 0x0, 0x9, 0xf8, 0x0, 0xe,
    0xf6, 0x0, 0x1f, 0xf1, 0x0, 0x8f, 0xf6, 0x10,
    0x0, 0xd, 0xf5, 0x0, 0xe, 0xf6, 0x0, 0x1f,
    0xf1, 0x4, 0xff, 0xc1, 0xdb, 0x10, 0x1f, 0xf1,
    0x0, 0xe, 0xf6, 0x0, 0x1f, 0xf1, 0x2f, 0xff,
    0x26, 0xff, 0xd1, 0x7f, 0xc0, 0x0, 0xe, 0xf6,
    0x0, 0x1f, 0xf1, 0x5, 0xe4, 0x0, 0x6f, 0xfd,
    0xdf, 0x70, 0x0, 0xe, 0xf6, 0x0, 0x1f, 0xf1,
    0x0, 0x0, 0x0, 0x3, 0xef, 0xff, 0x10, 0x0,
    0xe, 0xf6, 0x0, 0x1f, 0xf1, 0x0, 0x0, 0x0,
    0x0, 0x3f, 0xf9, 0x0, 0x0, 0xe, 0xf7, 0x0,
    0x1f, 0xf1, 0x0, 0x0, 0x0, 0x0, 0xaf, 0xf1,
    0x0, 0x0, 0xf, 0xf7, 0x0, 0x1f, 0xf1, 0x0,
    0x0, 0x0, 0x7, 0xff, 0x70, 0x0, 0x0, 0x2,
    0x21, 0x0, 0x1f, 0xf1, 0x0, 0x0, 0x0, 0x8f,
    0xfa, 0x0, 0x0, 0x0, 0x0, 0x0, 0x0, 0x1f,
    0xf1, 0x0, 0x0, 0x2b, 0xff, 0xc0, 0x0, 0x0,
    0x0, 0x0, 0x0, 0x0, 0x1f, 0xf1, 0x0, 0x18,
    0xff, 0xfb, 0x0, 0x0, 0x0, 0x0, 0x0, 0x2,
    0x33, 0x7f, 0xf1, 0x5, 0xff, 0xff, 0x80, 0x0,
    0x0, 0x0, 0x0, 0x0, 0x4, 0xff, 0xff, 0xf0,
    0x0, 0xcf, 0xe4, 0x0, 0x0, 0x0, 0x0, 0x0,
    0x0, 0x0, 0xdf, 0xfe, 0x50, 0x0, 0x19, 0x0,
    0x0, 0x0, 0x0, 0x0, 0x0, 0x0, 0x0, 0x56,
    0x30, 0x0,

    /* U+521B "创" */
    0x0, 0x0, 0x0, 0x4, 0x70, 0x0, 0x0, 0x0,
    0x0, 0x0, 0x0, 0x11, 0x0, 0x0, 0x0, 0x0,
    0xcf, 0xd0, 0x0, 0x0, 0x0, 0x0, 0x0, 0xe,
    0xf3, 0x0, 0x0, 0x0, 0x5f, 0xf8, 0x0, 0x0,
    0x0, 0x0, 0x0, 0x0, 0xdf, 0x30, 0x0, 0x0,
    0x1e, 0xff, 0xf9, 0x0, 0x0, 0x0, 0x0, 0x0,
    0xd, 0xf3, 0x0, 0x0, 0xa, 0xfe, 0x5e, 0xfd,
    0x30, 0x0, 0x34, 0x10, 0x0, 0xdf, 0x20, 0x0,
    0x6, 0xff, 0x40, 0x1b, 0xff, 0x50, 0xe, 0xf5,
    0x0, 0xd, 0xf2, 0x0, 0x3, 0xff, 0x70, 0x0,
    0x9, 0xff, 0x60, 0xdf, 0x40, 0x0, 0xdf, 0x20,
    0x2, 0xef, 0xa0, 0x0, 0x0, 0x9, 0xff, 0x1d,
    0xf4, 0x0, 0xd, 0xf2, 0x4, 0xef, 0xc0, 0x0,
    0x0, 0x0, 0xb, 0x50, 0xdf, 0x40, 0x0, 0xdf,
    0x26, 0xff, 0xfb, 0xaa, 0xaa, 0xaa, 0xaa, 0x0,
    0xd, 0xf4, 0x0, 0xd, 0xf2, 0x3e, 0xd5, 0xff,
    0xff, 0xff, 0xff, 0xf0, 0x0, 0xdf, 0x40, 0x0,
    0xdf, 0x20, 0x21, 0x3f, 0xd5, 0x55, 0x56, 0xff,
    0x0, 0xd, 0xf4, 0x0, 0xd, 0xf2, 0x0, 0x3,
    0xfc, 0x0, 0x0, 0x2f, 0xf0, 0x0, 0xdf, 0x40,
    0x0, 0xdf, 0x20, 0x0, 0x3f, 0xc0, 0x0, 0x2,
    0xfe, 0x0, 0xd, 0xf4, 0x0, 0xd, 0xf2, 0x0,
    0x3, 0xfc, 0x0, 0x0, 0x3f, 0xe0, 0x0, 0xdf,
    0x40, 0x0, 0xdf, 0x20, 0x0, 0x3f, 0xc0, 0x0,
    0x5, 0xfd, 0x0, 0xd, 0xf4, 0x0, 0xd, 0xf2,
    0x0, 0x3, 0xfc, 0x0, 0x13, 0xcf, 0xb0, 0x0,
    0xdf, 0x40, 0x0, 0xdf, 0x20, 0x0, 0x3f, 0xc0,
    0x2f, 0xff, 0xf7, 0x0, 0xd, 0xf4, 0x0, 0xd,
    0xf2, 0x0, 0x3, 0xfc, 0x0, 0xcf, 0xf9, 0x0,
    0x0, 0xef, 0x40, 0x0, 0xdf, 0x20, 0x0, 0x3f,
    0xc0, 0x3, 0x40, 0x0, 0x0, 0xd, 0xf5, 0x0,
    0xd, 0xf2, 0x0, 0x3, 0xfc, 0x0, 0x0, 0x0,
    0x8, 0x30, 0x0, 0x0, 0x0, 0xdf, 0x20, 0x0,
    0x3f, 0xc0, 0x0, 0x0, 0x0, 0xff, 0x30, 0x0,
    0x0, 0xd, 0xf2, 0x0, 0x2, 0xff, 0x30, 0x0,
    0x0, 0x8f, 0xe0, 0x0, 0x0, 0x0, 0xef, 0x20,
    0x0, 0xf, 0xff, 0xff, 0xff, 0xff, 0xf7, 0x0,
    0x0, 0xbd, 0xef, 0xf1, 0x0, 0x0, 0x4b, 0xdd,
    0xdd, 0xdd, 0xc8, 0x0, 0x0, 0x6, 0xff, 0xfa,
    0x0, 0x0, 0x0, 0x0, 0x0, 0x0, 0x0, 0x0,
    0x0, 0x0, 0x19, 0x62, 0x0,

    /* U+5269 "剩" */
    0x0, 0x0, 0x0, 0x0, 0x0, 0x0, 0x1, 0x30,
    0x0, 0x0, 0x0, 0x3, 0xca, 0x0, 0x0, 0x0,
    0x13, 0x46, 0x8a, 0xdf, 0xf2, 0x0, 0x0, 0x0,
    0x3, 0xfc, 0x0, 0xb, 0xff, 0xff, 0xff, 0xff,
    0xff, 0xd9, 0x0, 0x0, 0x0, 0x2, 0xfb, 0x0,
    0x3, 0xcb, 0xa9, 0x8f, 0xe3, 0x10, 0x0, 0x0,
    0x0, 0x0, 0x2, 0xfb, 0x0, 0x0, 0x0, 0x0,
    0xf, 0xe0, 0x0, 0x0, 0x0, 0xc, 0xf4, 0x2,
    0xfb, 0x0, 0x44, 0x33, 0x33, 0x3f, 0xe3, 0x33,
    0x33, 0x40, 0xc, 0xf4, 0x2, 0xfb, 0x0, 0xef,
    0xff, 0xff, 0xff, 0xff, 0xff, 0xff, 0xf2, 0xc,
    0xf4, 0x2, 0xfb, 0x0, 0x88, 0x88, 0x77, 0x7f,
    0xf7, 0x77, 0x88, 0x91, 0xc, 0xf3, 0x2, 0xfb,
    0x0, 0x0, 0x3, 0x30, 0xf, 0xe0, 0x35, 0x10,
    0x0, 0xc, 0xf3, 0x2, 0xfb, 0x0, 0x0, 0xe,
    0xf2, 0xf, 0xe0, 0xbf, 0x40, 0x20, 0xc, 0xf3,
    0x2, 0xfb, 0x0, 0x43, 0x3e, 0xf2, 0xf, 0xe0,
    0xaf, 0x49, 0xf4, 0xc, 0xf3, 0x2, 0xfb, 0x0,
    0xff, 0xff, 0xf1, 0xf, 0xe0, 0xaf, 0xff, 0xc4,
    0xc, 0xf3, 0x2, 0xfb, 0x0, 0x65, 0x5f, 0xf1,
    0xf, 0xe0, 0xaf, 0xc4, 0x0, 0xc, 0xf3, 0x2,
    0xfb, 0x0, 0x0, 0xf, 0xf1, 0xf, 0xe0, 0xaf,
    0x30, 0x40, 0xc, 0xf3, 0x2, 0xfb, 0x0, 0x49,
    0xff, 0xf2, 0xf, 0xe0, 0xaf, 0x63, 0xff, 0xc,
    0xf3, 0x2, 0xfb, 0xd, 0xff, 0xdf, 0xf2, 0x1f,
    0xf2, 0x8f, 0xff, 0xfa, 0xc, 0xf3, 0x2, 0xfb,
    0x7, 0xc4, 0xa, 0xa2, 0xcf, 0xff, 0x46, 0x78,
    0x61, 0xc, 0xf4, 0x2, 0xfb, 0x0, 0x0, 0x0,
    0xa, 0xff, 0xff, 0xf4, 0x0, 0x0, 0xd, 0xf4,
    0x2, 0xfb, 0x0, 0x0, 0x0, 0x9f, 0xef, 0xe7,
    0xff, 0x50, 0x0, 0x0, 0x0, 0x2, 0xfb, 0x0,
    0x0, 0x9, 0xff, 0x2f, 0xe0, 0x7f, 0xf6, 0x0,
    0x0, 0x0, 0x2, 0xfb, 0x0, 0x1, 0xbf, 0xf3,
    0xf, 0xe0, 0x8, 0xff, 0x70, 0x0, 0x0, 0x2,
    0xfb, 0x0, 0x4e, 0xfe, 0x30, 0xf, 0xe0, 0x0,
    0x9f, 0x80, 0x0, 0x0, 0x2, 0xfb, 0x2, 0xef,
    0xc1, 0x0, 0xf, 0xe0, 0x0, 0x5, 0x0, 0x0,
    0x25, 0x6c, 0xfb, 0x0, 0x29, 0x0, 0x0, 0xf,
    0xf0, 0x0, 0x0, 0x0, 0x0, 0x2f, 0xff, 0xf6,
    0x0, 0x0, 0x0, 0x0, 0xf, 0xf0, 0x0, 0x0,
    0x0, 0x0, 0xa, 0xea, 0x40, 0x0, 0x0, 0x0,
    0x0, 0x0, 0x0, 0x0, 0x0, 0x0, 0x0, 0x0,
    0x0, 0x0,

    /* U+5361 "卡" */
    0x0, 0x0, 0x0, 0x0, 0x0, 0xc, 0xc8, 0x0,
    0x0, 0x0, 0x0, 0x0, 0x0, 0x0, 0x0, 0x0,
    0x0, 0x0, 0xf, 0xfa, 0x0, 0x0, 0x0, 0x0,
    0x0, 0x0, 0x0, 0x0, 0x0, 0x0, 0x0, 0xf,
    0xf9, 0x0, 0x0, 0x0, 0x0, 0x0, 0x0, 0x0,
    0x0, 0x0, 0x0, 0x0, 0xf, 0xf8, 0x0, 0x0,
    0x0, 0x0, 0x0, 0x0, 0x0, 0x0, 0x0, 0x0,
    0x0, 0xf, 0xff, 0xee, 0xee, 0xee, 0xef, 0xf0,
    0x0, 0x0, 0x0, 0x0, 0x0, 0x0, 0xf, 0xff,
    0xff, 0xff, 0xff, 0xff, 0xf0, 0x0, 0x0, 0x0,
    0x0, 0x0, 0x0, 0xf, 0xf9, 0x0, 0x0, 0x0,
    0x1, 0x20, 0x0, 0x0, 0x0, 0x0, 0x0, 0x0,
    0xf, 0xf8, 0x0, 0x0, 0x0, 0x0, 0x0, 0x0,
    0x0, 0x0, 0x0, 0x0, 0x0, 0xf, 0xf8, 0x0,
    0x0, 0x0, 0x0, 0x0, 0x0, 0x0, 0x0, 0x0,
    0x0, 0x0, 0xf, 0xf8, 0x0, 0x0, 0x0, 0x0,
    0x0, 0x0, 0x9d, 0xdc, 0xcc, 0xcc, 0xcc, 0xcf,
    0xfe, 0xcc, 0xcc, 0xcc, 0xcc, 0xcc, 0xdc, 0xbf,
    0xff, 0xff, 0xff, 0xff, 0xff, 0xff, 0xff, 0xff,
    0xff, 0xff, 0xff, 0xfe, 0x23, 0x32, 0x22, 0x22,
    0x22, 0x2f, 0xf9, 0x22, 0x22, 0x22, 0x22, 0x23,
    0x34, 0x0, 0x0, 0x0, 0x0, 0x0, 0xf, 0xf8,
    0x0, 0x0, 0x0, 0x0, 0x0, 0x0, 0x0, 0x0,
    0x0, 0x0, 0x0, 0xf, 0xf8, 0x6, 0x0, 0x0,
    0x0, 0x0, 0x0, 0x0, 0x0, 0x0, 0x0, 0x0,
    0xf, 0xf8, 0x7f, 0xd4, 0x0, 0x0, 0x0, 0x0,
    0x0, 0x0, 0x0, 0x0, 0x0, 0xf, 0xf8, 0x6f,
    0xff, 0xa1, 0x0, 0x0, 0x0, 0x0, 0x0, 0x0,
    0x0, 0x0, 0xf, 0xf8, 0x1, 0xbf, 0xfe, 0x40,
    0x0, 0x0, 0x0, 0x0, 0x0, 0x0, 0x0, 0xf,
    0xf8, 0x0, 0x6, 0xff, 0xf9, 0x0, 0x0, 0x0,
    0x0, 0x0, 0x0, 0x0, 0xf, 0xf8, 0x0, 0x0,
    0x3e, 0xff, 0x90, 0x0, 0x0, 0x0, 0x0, 0x0,
    0x0, 0xf, 0xf8, 0x0, 0x0, 0x1, 0xcb, 0x0,
    0x0, 0x0, 0x0, 0x0, 0x0, 0x0, 0xf, 0xf8,
    0x0, 0x0, 0x0, 0x1, 0x0, 0x0, 0x0, 0x0,
    0x0, 0x0, 0x0, 0xf, 0xf9, 0x0, 0x0, 0x0,
    0x0, 0x0, 0x0, 0x0, 0x0, 0x0, 0x0, 0x0,
    0xf, 0xf9, 0x0, 0x0, 0x0, 0x0, 0x0, 0x0,
    0x0, 0x0, 0x0, 0x0, 0x0, 0xf, 0xfa, 0x0,
    0x0, 0x0, 0x0, 0x0, 0x0, 0x0, 0x0, 0x0,
    0x0, 0x0, 0xf, 0xfb, 0x0, 0x0, 0x0, 0x0,
    0x0, 0x0,

    /* U+53EF "可" */
    0x24, 0x44, 0x33, 0x33, 0x33, 0x33, 0x33, 0x33,
    0x33, 0x33, 0x33, 0x44, 0x52, 0x8f, 0xff, 0xff,
    0xff, 0xff, 0xff, 0xff, 0xff, 0xff, 0xff, 0xff,
    0xff, 0xf6, 0x6b, 0xaa, 0xaa, 0xaa, 0xaa, 0xaa,
    0xaa, 0xaa, 0xaa, 0xbf, 0xfa, 0xaa, 0xb4, 0x0,
    0x0, 0x0, 0x0, 0x0, 0x0, 0x0, 0x0, 0x0,
    0x4f, 0xf2, 0x0, 0x0, 0x0, 0x0, 0x0, 0x0,
    0x0, 0x0, 0x0, 0x0, 0x0, 0x4f, 0xf2, 0x0,
    0x0, 0x0, 0x0, 0x11, 0x11, 0x11, 0x11, 0x11,
    0x0, 0x0, 0x4f, 0xf2, 0x0, 0x0, 0x0, 0x0,
    0xff, 0xff, 0xff, 0xff, 0xff, 0x60, 0x0, 0x4f,
    0xf2, 0x0, 0x0, 0x0, 0x0, 0xff, 0xcc, 0xcc,
    0xcc, 0xff, 0x60, 0x0, 0x4f, 0xf2, 0x0, 0x0,
    0x0, 0x0, 0xef, 0x20, 0x0, 0x0, 0xdf, 0x50,
    0x0, 0x4f, 0xf2, 0x0, 0x0, 0x0, 0x0, 0xef,
    0x20, 0x0, 0x0, 0xdf, 0x50, 0x0, 0x4f, 0xf2,
    0x0, 0x0, 0x0, 0x0, 0xef, 0x20, 0x0, 0x0,
    0xdf, 0x50, 0x0, 0x4f, 0xf2, 0x0, 0x0, 0x0,
    0x0, 0xef, 0x20, 0x0, 0x0, 0xdf, 0x50, 0x0,
    0x4f, 0xf2, 0x0, 0x0, 0x0, 0x0, 0xef, 0x20,
    0x0, 0x0, 0xdf, 0x50, 0x0, 0x4f, 0xf2, 0x0,
    0x0, 0x0, 0x0, 0xef, 0xba, 0xaa, 0xaa, 0xff,
    0x50, 0x0, 0x4f, 0xf2, 0x0, 0x0, 0x0, 0x0,
    0xef, 0xff, 0xff, 0xff, 0xff, 0x50, 0x0, 0x4f,
    0xf2, 0x0, 0x0, 0x0, 0x0, 0xef, 0x53, 0x33,
    0x33, 0xdf, 0x60, 0x0, 0x4f, 0xf2, 0x0, 0x0,
    0x0, 0x0, 0xef, 0x20, 0x0, 0x0, 0xdf, 0x60,
    0x0, 0x4f, 0xf2, 0x0, 0x0, 0x0, 0x0, 0xff,
    0x20, 0x0, 0x0, 0x89, 0x40, 0x0, 0x4f, 0xf2,
    0x0, 0x0, 0x0, 0x0, 0x99, 0x10, 0x0, 0x0,
    0x0, 0x0, 0x0, 0x4f, 0xf2, 0x0, 0x0, 0x0,
    0x0, 0x0, 0x0, 0x0, 0x0, 0x0, 0x0, 0x0,
    0x4f, 0xf2, 0x0, 0x0, 0x0, 0x0, 0x0, 0x0,
    0x0, 0x0, 0x0, 0x0, 0x0, 0x5f, 0xf2, 0x0,
    0x0, 0x0, 0x0, 0x0, 0x0, 0x0, 0x0, 0x0,
    0x46, 0x78, 0xef, 0xf0, 0x0, 0x0, 0x0, 0x0,
    0x0, 0x0, 0x0, 0x0, 0x0, 0x5f, 0xff, 0xff,
    0xb0, 0x0, 0x0, 0x0, 0x0, 0x0, 0x0, 0x0,
    0x0, 0x0, 0xf, 0xfe, 0xb6, 0x0, 0x0, 0x0,
    0x0, 0x0, 0x0, 0x0, 0x0, 0x0, 0x0, 0x1,
    0x0, 0x0, 0x0, 0x0, 0x0,

    /* U+540C "同" */
    0x4c, 0xcc, 0xcc, 0xcc, 0xcc, 0xcc, 0xcc, 0xcc,
    0xcc, 0xcc, 0xcc, 0xc5, 0x5f, 0xff, 0xff, 0xff,
    0xff, 0xff, 0xff, 0xff, 0xff, 0xff, 0xff, 0xf6,
    0x4f, 0xf5, 0x55, 0x55, 0x55, 0x55, 0x55, 0x55,
    0x55, 0x55, 0x5f, 0xf4, 0x4f, 0xf0, 0x0, 0x0,
    0x0, 0x0, 0x0, 0x0, 0x0, 0x0, 0xe, 0xf4,
    0x4f, 0xf0, 0x0, 0x0, 0x0, 0x0, 0x0, 0x0,
    0x0, 0x0, 0xe, 0xf4, 0x4f, 0xf0, 0x4, 0x33,
    0x33, 0x33, 0x33, 0x33, 0x33, 0x40, 0xe, 0xf4,
    0x4f, 0xf0, 0xf, 0xff, 0xff, 0xff, 0xff, 0xff,
    0xff, 0xf1, 0xe, 0xf4, 0x4f, 0xf0, 0xd, 0xcc,
    0xcc, 0xcc, 0xcc, 0xcc, 0xcc, 0xd1, 0xe, 0xf4,
    0x4f, 0xf0, 0x0, 0x0, 0x0, 0x0, 0x0, 0x0,
    0x0, 0x0, 0xe, 0xf4, 0x4f, 0xf0, 0x0, 0x0,
    0x0, 0x0, 0x0, 0x0, 0x0, 0x0, 0xe, 0xf4,
    0x4f, 0xf0, 0x0, 0x0, 0x0, 0x0, 0x0, 0x0,
    0x0, 0x0, 0xe, 0xf4, 0x4f, 0xf0, 0x0, 0x1f,
    0xff, 0xff, 0xff, 0xff, 0xf1, 0x0, 0xe, 0xf4,
    0x4f, 0xf0, 0x0, 0xf, 0xfb, 0xbb, 0xbb, 0xbf,
    0xf0, 0x0, 0xe, 0xf4, 0x4f, 0xf0, 0x0, 0xf,
    0xf0, 0x0, 0x0, 0xf, 0xe0, 0x0, 0xe, 0xf4,
    0x4f, 0xf0, 0x0, 0xf, 0xf0, 0x0, 0x0, 0xf,
    0xe0, 0x0, 0xe, 0xf4, 0x4f, 0xf0, 0x0, 0xf,
    0xf0, 0x0, 0x0, 0xf, 0xf0, 0x0, 0xe, 0xf4,
    0x4f, 0xf0, 0x0, 0xf, 0xf1, 0x0, 0x0, 0x1f,
    0xf0, 0x0, 0xe, 0xf4, 0x4f, 0xf0, 0x0, 0x1f,
    0xff, 0xff, 0xff, 0xff, 0xf0, 0x0, 0xe, 0xf4,
    0x4f, 0xf0, 0x0, 0x1d, 0xdd, 0xdd, 0xdd, 0xdd,
    0xd1, 0x0, 0xe, 0xf4, 0x4f, 0xf0, 0x0, 0x0,
    0x0, 0x0, 0x0, 0x0, 0x0, 0x0, 0xe, 0xf4,
    0x4f, 0xf0, 0x0, 0x0, 0x0, 0x0, 0x0, 0x0,
    0x0, 0x0, 0xe, 0xf4, 0x4f, 0xf0, 0x0, 0x0,
    0x0, 0x0, 0x0, 0x0, 0x0, 0x0, 0xf, 0xf4,
    0x5f, 0xf0, 0x0, 0x0, 0x0, 0x0, 0x0, 0x0,
    0x0, 0x9a, 0xdf, 0xf4, 0x6f, 0xf0, 0x0, 0x0,
    0x0, 0x0, 0x0, 0x0, 0x0, 0xbf, 0xff, 0xf1,
    0x7f, 0xf0, 0x0, 0x0, 0x0, 0x0, 0x0, 0x0,
    0x0, 0x7f, 0xeb, 0x40, 0x0, 0x0, 0x0, 0x0,
    0x0, 0x0, 0x0, 0x0, 0x0, 0x0, 0x0, 0x0,

    /* U+540E "后" */
    0x0, 0x0, 0x0, 0x0, 0x0, 0x0, 0x0, 0x0,
    0x0, 0x0, 0x0, 0x0, 0x0, 0x0, 0x0, 0x0,
    0x0, 0x0, 0x0, 0x0, 0x0, 0x0, 0x14, 0x69,
    0xdf, 0x20, 0x0, 0x0, 0x0, 0x0, 0x12, 0x34,
    0x56, 0x8a, 0xbd, 0xff, 0xff, 0xff, 0xfb, 0x0,
    0x0, 0x0, 0x4, 0xff, 0xff, 0xff, 0xff, 0xff,
    0xff, 0xec, 0xb9, 0x75, 0x40, 0x0, 0x0, 0x0,
    0x4f, 0xfb, 0xa9, 0x87, 0x64, 0x31, 0x0, 0x0,
    0x0, 0x0, 0x0, 0x0, 0x0, 0x5, 0xfe, 0x0,
    0x0, 0x0, 0x0, 0x0, 0x0, 0x0, 0x0, 0x0,
    0x0, 0x0, 0x0, 0x5f, 0xe0, 0x0, 0x0, 0x0,
    0x0, 0x0, 0x0, 0x0, 0x0, 0x0, 0x0, 0x0,
    0x5, 0xfe, 0x0, 0x0, 0x0, 0x0, 0x0, 0x0,
    0x0, 0x0, 0x0, 0x0, 0x0, 0x0, 0x5f, 0xff,
    0xff, 0xff, 0xff, 0xff, 0xff, 0xff, 0xff, 0xff,
    0xff, 0x20, 0x0, 0x6, 0xff, 0xff, 0xff, 0xff,
    0xff, 0xff, 0xff, 0xff, 0xff, 0xff, 0xf2, 0x0,
    0x0, 0x6f, 0xd0, 0x0, 0x0, 0x0, 0x0, 0x0,
    0x0, 0x0, 0x0, 0x11, 0x0, 0x0, 0x7, 0xfc,
    0x0, 0x0, 0x0, 0x0, 0x0, 0x0, 0x0, 0x0,
    0x0, 0x0, 0x0, 0x0, 0x8f, 0xa0, 0x0, 0x0,
    0x0, 0x0, 0x0, 0x0, 0x0, 0x0, 0x0, 0x0,
    0x0, 0x9, 0xf9, 0x0, 0x33, 0x33, 0x33, 0x33,
    0x33, 0x33, 0x33, 0x30, 0x0, 0x0, 0x0, 0xaf,
    0x80, 0x1f, 0xff, 0xff, 0xff, 0xff, 0xff, 0xff,
    0xff, 0x0, 0x0, 0x0, 0xd, 0xf5, 0x1, 0xff,
    0xaa, 0xaa, 0xaa, 0xaa, 0xaa, 0xbf, 0xf0, 0x0,
    0x0, 0x0, 0xff, 0x30, 0xf, 0xf0, 0x0, 0x0,
    0x0, 0x0, 0x2, 0xff, 0x0, 0x0, 0x0, 0x3f,
    0xf0, 0x0, 0xff, 0x0, 0x0, 0x0, 0x0, 0x0,
    0x2f, 0xe0, 0x0, 0x0, 0x7, 0xfc, 0x0, 0xf,
    0xf0, 0x0, 0x0, 0x0, 0x0, 0x2, 0xfe, 0x0,
    0x0, 0x0, 0xcf, 0x70, 0x0, 0xff, 0x0, 0x0,
    0x0, 0x0, 0x0, 0x2f, 0xe0, 0x0, 0x0, 0x3f,
    0xf2, 0x0, 0xf, 0xf0, 0x0, 0x0, 0x0, 0x0,
    0x2, 0xfe, 0x0, 0x0, 0xb, 0xfc, 0x0, 0x0,
    0xff, 0xbb, 0xbb, 0xbb, 0xbb, 0xbb, 0xbf, 0xf0,
    0x0, 0x7, 0xff, 0x60, 0x0, 0xf, 0xff, 0xff,
    0xff, 0xff, 0xff, 0xff, 0xff, 0x0, 0x0, 0x4a,
    0xd0, 0x0, 0x0, 0xff, 0x10, 0x0, 0x0, 0x0,
    0x0, 0x3f, 0xf0, 0x0, 0x0, 0x0, 0x0, 0x0,
    0x1f, 0xf0, 0x0, 0x0, 0x0, 0x0, 0x2, 0xff,
    0x10, 0x0, 0x0, 0x0, 0x0, 0x1, 0xff, 0x0,
    0x0, 0x0, 0x0, 0x0, 0x0, 0x0, 0x0,

    /* U+542F "启" */
    0x0, 0x0, 0x0, 0x0, 0x0, 0x0, 0x5, 0xb0,
    0x0, 0x0, 0x0, 0x0, 0x0, 0x0, 0x0, 0x0,
    0x0, 0x0, 0x3f, 0xf7, 0x0, 0x0, 0x0, 0x0,
    0x0, 0x0, 0x0, 0x0, 0x0, 0x0, 0x9, 0xff,
    0x10, 0x0, 0x0, 0x0, 0x0, 0x0, 0x1, 0x22,
    0x22, 0x22, 0x24, 0xff, 0x92, 0x22, 0x22, 0x21,
    0x0, 0x0, 0xc, 0xff, 0xff, 0xff, 0xff, 0xff,
    0xff, 0xff, 0xff, 0xf7, 0x0, 0x0, 0xb, 0xfa,
    0x99, 0x99, 0x99, 0x99, 0x99, 0x99, 0x9f, 0xf6,
    0x0, 0x0, 0xb, 0xf3, 0x0, 0x0, 0x0, 0x0,
    0x0, 0x0, 0xe, 0xf6, 0x0, 0x0, 0xa, 0xf3,
    0x0, 0x0, 0x0, 0x0, 0x0, 0x0, 0xe, 0xf6,
    0x0, 0x0, 0xa, 0xf3, 0x0, 0x0, 0x0, 0x0,
    0x0, 0x0, 0xe, 0xf6, 0x0, 0x0, 0xa, 0xf3,
    0x0, 0x0, 0x0, 0x0, 0x0, 0x0, 0xe, 0xf6,
    0x0, 0x0, 0xb, 0xff, 0xff, 0xff, 0xff, 0xff,
    0xff, 0xff, 0xff, 0xf6, 0x0, 0x0, 0xc, 0xfd,
    0xdd, 0xdd, 0xdd, 0xdd, 0xdd, 0xdd, 0xdd, 0xd6,
    0x0, 0x0, 0xd, 0xf2, 0x0, 0x0, 0x0, 0x0,
    0x0, 0x0, 0x0, 0x0, 0x0, 0x0, 0xf, 0xf1,
    0x0, 0x0, 0x0, 0x0, 0x0, 0x0, 0x0, 0x0,
    0x0, 0x0, 0x2f, 0xf0, 0x0, 0x0, 0x0, 0x0,
    0x0, 0x0, 0x0, 0x0, 0x0, 0x0, 0x4f, 0xd2,
    0xff, 0xff, 0xff, 0xff, 0xff, 0xff, 0xff, 0xfc,
    0x0, 0x0, 0x8f, 0xb1, 0xff, 0xcb, 0xbb, 0xbb,
    0xbb, 0xbb, 0xbe, 0xfb, 0x0, 0x0, 0xcf, 0x71,
    0xff, 0x30, 0x0, 0x0, 0x0, 0x0, 0x9, 0xfb,
    0x0, 0x1, 0xff, 0x40, 0xff, 0x30, 0x0, 0x0,
    0x0, 0x0, 0x9, 0xfb, 0x0, 0x5, 0xfe, 0x0,
    0xff, 0x30, 0x0, 0x0, 0x0, 0x0, 0x9, 0xfb,
    0x0, 0xc, 0xf9, 0x0, 0xff, 0x30, 0x0, 0x0,
    0x0, 0x0, 0x9, 0xfb, 0x0, 0x3f, 0xf3, 0x0,
    0xff, 0x63, 0x33, 0x33, 0x33, 0x33, 0x3a, 0xfb,
    0x0, 0xcf, 0xc0, 0x1, 0xff, 0xff, 0xff, 0xff,
    0xff, 0xff, 0xff, 0xfb, 0x8, 0xff, 0x50, 0x1,
    0xff, 0xba, 0xaa, 0xaa, 0xaa, 0xaa, 0xad, 0xfb,
    0x7, 0xfd, 0x0, 0x1, 0xff, 0x30, 0x0, 0x0,
    0x0, 0x0, 0x9, 0xfc, 0x0, 0x34, 0x0, 0x1,
    0xee, 0x30, 0x0, 0x0, 0x0, 0x0, 0x9, 0xfc,

    /* U+5668 "器" */
    0x0, 0xe, 0xff, 0xff, 0xff, 0xf8, 0x0, 0xff,
    0xff, 0xff, 0xff, 0xf2, 0x0, 0x0, 0xe, 0xf8,
    0x88, 0x8a, 0xf8, 0x0, 0xef, 0x88, 0x88, 0x8e,
    0xf1, 0x0, 0x0, 0xd, 0xf0, 0x0, 0x4, 0xf7,
    0x0, 0xef, 0x0, 0x0, 0xc, 0xf1, 0x0, 0x0,
    0xd, 0xf0, 0x0, 0x4, 0xf7, 0x0, 0xef, 0x0,
    0x0, 0xc, 0xf1, 0x0, 0x0, 0xe, 0xf7, 0x77,
    0x7a, 0xf8, 0x0, 0xff, 0x77, 0x77, 0x7e, 0xf1,
    0x0, 0x0, 0xe, 0xff, 0xff, 0xff, 0xf8, 0x0,
    0xff, 0xff, 0xff, 0xff, 0xf2, 0x0, 0x0, 0x0,
    0x0, 0x0, 0x0, 0x5, 0x74, 0x10, 0x1, 0x71,
    0x0, 0x0, 0x0, 0x0, 0x0, 0x0, 0x0, 0x0,
    0x8, 0xff, 0x10, 0xa, 0xfa, 0x0, 0x0, 0x0,
    0x0, 0x11, 0x10, 0x0, 0x0, 0xa, 0xfc, 0x0,
    0x2, 0xd9, 0x10, 0x11, 0x20, 0x6, 0xff, 0xff,
    0xff, 0xff, 0xff, 0xff, 0xff, 0xff, 0xff, 0xff,
    0xff, 0xe0, 0x4, 0xaa, 0x99, 0x99, 0x99, 0xcf,
    0xff, 0xfb, 0x99, 0x99, 0x99, 0x9a, 0xa0, 0x0,
    0x0, 0x0, 0x0, 0x6, 0xff, 0x65, 0xff, 0x60,
    0x0, 0x0, 0x0, 0x0, 0x0, 0x0, 0x0, 0x15,
    0xcf, 0xf5, 0x0, 0x4f, 0xfe, 0x94, 0x10, 0x0,
    0x0, 0x25, 0x57, 0x9d, 0xff, 0xfb, 0x20, 0x0,
    0x2, 0xbf, 0xff, 0xff, 0xed, 0xd8, 0x1f, 0xff,
    0xff, 0xd8, 0x20, 0x0, 0x0, 0x0, 0x3, 0x9d,
    0xff, 0xff, 0xf2, 0x9, 0xc9, 0x62, 0x0, 0x0,
    0x0, 0x0, 0x0, 0x0, 0x0, 0x14, 0x68, 0x80,
    0x0, 0xe, 0xff, 0xff, 0xff, 0xf8, 0x0, 0xef,
    0xff, 0xff, 0xff, 0xf2, 0x0, 0x0, 0xe, 0xf9,
    0x99, 0x9b, 0xf8, 0x0, 0xdf, 0x99, 0x99, 0x9e,
    0xf1, 0x0, 0x0, 0xd, 0xf0, 0x0, 0x4, 0xf7,
    0x0, 0xdf, 0x0, 0x0, 0xc, 0xf1, 0x0, 0x0,
    0xd, 0xf0, 0x0, 0x4, 0xf7, 0x0, 0xcf, 0x0,
    0x0, 0xc, 0xf1, 0x0, 0x0, 0xd, 0xf0, 0x0,
    0x5, 0xf7, 0x0, 0xcf, 0x0, 0x0, 0xc, 0xf1,
    0x0, 0x0, 0xd, 0xff, 0xff, 0xff, 0xf7, 0x0,
    0xdf, 0xff, 0xff, 0xff, 0xf1, 0x0, 0x0, 0xe,
    0xf7, 0x77, 0x7a, 0xf8, 0x0, 0xdf, 0x77, 0x77,
    0x7e, 0xf1, 0x0, 0x0, 0xe, 0xf0, 0x0, 0x4,
    0xf8, 0x0, 0xef, 0x0, 0x0, 0xc, 0xf2, 0x0,
    0x0, 0x1, 0x10, 0x0, 0x0, 0x0, 0x0, 0x0,
    0x0, 0x0, 0x1, 0x10, 0x0,

    /* U+5728 "在" */
    0x0, 0x0, 0x0, 0x0, 0x0, 0x3, 0x95, 0x10,
    0x0, 0x0, 0x0, 0x0, 0x0, 0x0, 0x0, 0x0,
    0x0, 0x0, 0x0, 0x7f, 0xf4, 0x0, 0x0, 0x0,
    0x0, 0x0, 0x0, 0x0, 0x0, 0x0, 0x0, 0x0,
    0xa, 0xfd, 0x0, 0x0, 0x0, 0x0, 0x0, 0x0,
    0x0, 0x0, 0x0, 0x0, 0x0, 0x0, 0xff, 0x70,
    0x0, 0x0, 0x0, 0x0, 0x0, 0x0, 0x0, 0x13,
    0x32, 0x22, 0x22, 0x6f, 0xf4, 0x22, 0x22, 0x22,
    0x22, 0x22, 0x33, 0x0, 0x4, 0xff, 0xff, 0xff,
    0xff, 0xff, 0xff, 0xff, 0xff, 0xff, 0xff, 0xff,
    0xf0, 0x0, 0x3c, 0xbb, 0xbb, 0xbb, 0xff, 0xcb,
    0xbb, 0xbb, 0xbb, 0xbb, 0xbb, 0xcc, 0x0, 0x0,
    0x0, 0x0, 0x0, 0x6f, 0xe0, 0x0, 0x0, 0x0,
    0x0, 0x0, 0x0, 0x0, 0x0, 0x0, 0x0, 0x0,
    0xe, 0xf7, 0x0, 0x0, 0xdf, 0x60, 0x0, 0x0,
    0x0, 0x0, 0x0, 0x0, 0x0, 0x8, 0xfe, 0x0,
    0x0, 0xd, 0xf6, 0x0, 0x0, 0x0, 0x0, 0x0,
    0x0, 0x0, 0x35, 0xff, 0x50, 0x0, 0x0, 0xdf,
    0x60, 0x0, 0x0, 0x0, 0x0, 0x0, 0x0, 0x2f,
    0xff, 0xa0, 0x0, 0x0, 0xd, 0xf6, 0x0, 0x0,
    0x0, 0x0, 0x0, 0x0, 0x2, 0xff, 0xe1, 0x0,
    0x0, 0x0, 0xdf, 0x60, 0x0, 0x0, 0x0, 0x0,
    0x0, 0x1, 0xdf, 0xf3, 0xb, 0xff, 0xfe, 0xef,
    0xff, 0xee, 0xef, 0xf8, 0x0, 0x0, 0x1, 0xcf,
    0xff, 0x0, 0xbf, 0xff, 0xff, 0xff, 0xff, 0xff,
    0xff, 0x80, 0x0, 0x3, 0xdf, 0xff, 0xf0, 0x0,
    0x0, 0x0, 0xd, 0xf6, 0x0, 0x0, 0x0, 0x0,
    0x8, 0xff, 0xe4, 0xff, 0x0, 0x0, 0x0, 0x0,
    0xdf, 0x60, 0x0, 0x0, 0x0, 0x0, 0x5f, 0xd2,
    0x1f, 0xf0, 0x0, 0x0, 0x0, 0xd, 0xf6, 0x0,
    0x0, 0x0, 0x0, 0x0, 0x30, 0x1, 0xff, 0x0,
    0x0, 0x0, 0x0, 0xdf, 0x60, 0x0, 0x0, 0x0,
    0x0, 0x0, 0x0, 0x1f, 0xf0, 0x0, 0x0, 0x0,
    0xd, 0xf6, 0x0, 0x0, 0x0, 0x0, 0x0, 0x0,
    0x1, 0xff, 0x0, 0x0, 0x0, 0x0, 0xdf, 0x60,
    0x0, 0x0, 0x0, 0x0, 0x0, 0x0, 0x1f, 0xf0,
    0x0, 0x0, 0x0, 0xd, 0xf6, 0x0, 0x0, 0x0,
    0x0, 0x0, 0x0, 0x1, 0xff, 0xb, 0xdd, 0xdd,
    0xdd, 0xff, 0xed, 0xdd, 0xdd, 0xde, 0x30, 0x0,
    0x0, 0x2f, 0xf0, 0xdf, 0xff, 0xff, 0xff, 0xff,
    0xff, 0xff, 0xff, 0xf4, 0x0, 0x0, 0x2, 0xff,
    0x0, 0x0, 0x0, 0x0, 0x0, 0x0, 0x0, 0x0,
    0x0, 0x0, 0x0, 0x0, 0x3f, 0xf1, 0x0, 0x0,
    0x0, 0x0, 0x0, 0x0, 0x0, 0x0, 0x0,

    /* U+5931 "失" */
    0x0, 0x0, 0x0, 0x0, 0x0, 0x0, 0x0, 0x0,
    0x0, 0x0, 0x0, 0x0, 0x0, 0x0, 0x0, 0x0,
    0x0, 0x0, 0x2, 0xff, 0x30, 0x0, 0x0, 0x0,
    0x0, 0x0, 0x0, 0x0, 0x1, 0x0, 0x0, 0x2,
    0xff, 0x20, 0x0, 0x0, 0x0, 0x0, 0x0, 0x0,
    0x0, 0xa, 0xc6, 0x0, 0x1, 0xff, 0x0, 0x0,
    0x0, 0x0, 0x0, 0x0, 0x0, 0x0, 0xe, 0xf7,
    0x0, 0x1, 0xff, 0x0, 0x0, 0x0, 0x0, 0x0,
    0x0, 0x0, 0x0, 0x5f, 0xe0, 0x0, 0x1, 0xff,
    0x0, 0x0, 0x0, 0x0, 0x0, 0x0, 0x0, 0x0,
    0xbf, 0x93, 0x33, 0x34, 0xff, 0x33, 0x33, 0x33,
    0x34, 0x30, 0x0, 0x0, 0x4, 0xff, 0xff, 0xff,
    0xff, 0xff, 0xff, 0xff, 0xff, 0xff, 0xb0, 0x0,
    0x0, 0xd, 0xfd, 0xaa, 0xaa, 0xab, 0xff, 0xaa,
    0xaa, 0xaa, 0xbb, 0x90, 0x0, 0x0, 0x7f, 0xe1,
    0x0, 0x0, 0x2, 0xff, 0x0, 0x0, 0x0, 0x0,
    0x0, 0x0, 0x4, 0xff, 0x60, 0x0, 0x0, 0x2,
    0xfe, 0x0, 0x0, 0x0, 0x0, 0x0, 0x0, 0x5,
    0xcb, 0x0, 0x0, 0x0, 0x3, 0xfd, 0x0, 0x0,
    0x0, 0x0, 0x0, 0x0, 0x0, 0x0, 0x0, 0x0,
    0x0, 0x5, 0xfc, 0x0, 0x0, 0x0, 0x0, 0x0,
    0x0, 0xe, 0xed, 0xdd, 0xdd, 0xdd, 0xde, 0xff,
    0xdd, 0xdd, 0xdd, 0xdd, 0xde, 0xa0, 0xf, 0xff,
    0xff, 0xff, 0xff, 0xff, 0xff, 0xff, 0xff, 0xff,
    0xff, 0xff, 0xb0, 0x1, 0x10, 0x0, 0x0, 0x0,
    0x1f, 0xff, 0xe0, 0x0, 0x0, 0x0, 0x1, 0x10,
    0x0, 0x0, 0x0, 0x0, 0x0, 0x7f, 0xed, 0xf7,
    0x0, 0x0, 0x0, 0x0, 0x0, 0x0, 0x0, 0x0,
    0x0, 0x2, 0xff, 0x55, 0xff, 0x40, 0x0, 0x0,
    0x0, 0x0, 0x0, 0x0, 0x0, 0x0, 0xd, 0xfb,
    0x0, 0x9f, 0xf5, 0x0, 0x0, 0x0, 0x0, 0x0,
    0x0, 0x0, 0x1, 0xcf, 0xe1, 0x0, 0xb, 0xff,
    0x90, 0x0, 0x0, 0x0, 0x0, 0x0, 0x0, 0x2d,
    0xfe, 0x30, 0x0, 0x0, 0xaf, 0xfe, 0x60, 0x0,
    0x0, 0x0, 0x0, 0x7, 0xff, 0xe3, 0x0, 0x0,
    0x0, 0x7, 0xff, 0xfe, 0x82, 0x0, 0x0, 0x7,
    0xef, 0xfc, 0x10, 0x0, 0x0, 0x0, 0x0, 0x2b,
    0xff, 0xff, 0xd1, 0xa, 0xff, 0xff, 0x70, 0x0,
    0x0, 0x0, 0x0, 0x0, 0x0, 0x4c, 0xff, 0x90,
    0x6, 0xff, 0x91, 0x0, 0x0, 0x0, 0x0, 0x0,
    0x0, 0x0, 0x0, 0x4a, 0x10, 0x0, 0x61, 0x0,
    0x0, 0x0, 0x0, 0x0, 0x0, 0x0, 0x0, 0x0,
    0x0, 0x0,

    /* U+5B50 "子" */
    0x0, 0x1, 0x0, 0x0, 0x0, 0x0, 0x0, 0x0,
    0x0, 0x0, 0x0, 0x0, 0x0, 0x0, 0xd, 0xff,
    0xff, 0xff, 0xff, 0xff, 0xff, 0xff, 0xff, 0xff,
    0x60, 0x0, 0x0, 0xb, 0xcc, 0xcc, 0xcc, 0xcc,
    0xcc, 0xcc, 0xcc, 0xff, 0xff, 0x60, 0x0, 0x0,
    0x0, 0x0, 0x0, 0x0, 0x0, 0x0, 0x0, 0x1b,
    0xff, 0xd6, 0x0, 0x0, 0x0, 0x0, 0x0, 0x0,
    0x0, 0x0, 0x0, 0x6, 0xff, 0xe6, 0x0, 0x0,
    0x0, 0x0, 0x0, 0x0, 0x0, 0x0, 0x0, 0x3,
    0xcf, 0xf8, 0x0, 0x0, 0x0, 0x0, 0x0, 0x0,
    0x0, 0x0, 0x0, 0x2, 0xaf, 0xfd, 0x30, 0x0,
    0x0, 0x0, 0x0, 0x0, 0x0, 0x0, 0x0, 0x0,
    0x6, 0xff, 0x80, 0x0, 0x0, 0x0, 0x0, 0x0,
    0x0, 0x0, 0x0, 0x0, 0x0, 0x5, 0xfe, 0x0,
    0x0, 0x0, 0x0, 0x0, 0x0, 0x0, 0x0, 0x0,
    0x0, 0x0, 0x5, 0xfe, 0x0, 0x0, 0x0, 0x0,
    0x0, 0x0, 0x13, 0x22, 0x22, 0x22, 0x22, 0x26,
    0xfe, 0x22, 0x22, 0x22, 0x22, 0x23, 0x43, 0x7f,
    0xff, 0xff, 0xff, 0xff, 0xff, 0xff, 0xff, 0xff,
    0xff, 0xff, 0xff, 0xf9, 0x5a, 0x99, 0x99, 0x99,
    0x99, 0x9b, 0xff, 0x99, 0x99, 0x99, 0x99, 0x98,
    0x95, 0x0, 0x0, 0x0, 0x0, 0x0, 0x5, 0xfe,
    0x0, 0x0, 0x0, 0x0, 0x0, 0x0, 0x0, 0x0,
    0x0, 0x0, 0x0, 0x5, 0xfe, 0x0, 0x0, 0x0,
    0x0, 0x0, 0x0, 0x0, 0x0, 0x0, 0x0, 0x0,
    0x5, 0xfe, 0x0, 0x0, 0x0, 0x0, 0x0, 0x0,
    0x0, 0x0, 0x0, 0x0, 0x0, 0x5, 0xfe, 0x0,
    0x0, 0x0, 0x0, 0x0, 0x0, 0x0, 0x0, 0x0,
    0x0, 0x0, 0x5, 0xfe, 0x0, 0x0, 0x0, 0x0,
    0x0, 0x0, 0x0, 0x0, 0x0, 0x0, 0x0, 0x5,
    0xfe, 0x0, 0x0, 0x0, 0x0, 0x0, 0x0, 0x0,
    0x0, 0x0, 0x0, 0x0, 0x5, 0xfe, 0x0, 0x0,
    0x0, 0x0, 0x0, 0x0, 0x0, 0x0, 0x0, 0x0,
    0x0, 0x5, 0xfe, 0x0, 0x0, 0x0, 0x0, 0x0,
    0x0, 0x0, 0x0, 0x0, 0x0, 0x0, 0x9, 0xfd,
    0x0, 0x0, 0x0, 0x0, 0x0, 0x0, 0x0, 0x0,
    0x0, 0x0, 0xcd, 0xff, 0xfb, 0x0, 0x0, 0x0,
    0x0, 0x0, 0x0, 0x0, 0x0, 0x0, 0x0, 0x7f,
    0xff, 0xf4, 0x0, 0x0, 0x0, 0x0, 0x0, 0x0,
    0x0, 0x0, 0x0, 0x0, 0x28, 0x64, 0x0, 0x0,
    0x0, 0x0, 0x0, 0x0, 0x0,

    /* U+5B57 "字" */
    0x0, 0x0, 0x0, 0x0, 0x0, 0x0, 0x0, 0x0,
    0x0, 0x0, 0x0, 0x0, 0x0, 0x0, 0x0, 0x0,
    0x0, 0x1b, 0xa0, 0x0, 0x0, 0x0, 0x0, 0x0,
    0x0, 0x0, 0x0, 0x0, 0x0, 0x5, 0xff, 0x60,
    0x0, 0x0, 0x0, 0x0, 0x0, 0x0, 0x0, 0x0,
    0x0, 0x0, 0x6, 0xff, 0x20, 0x0, 0x0, 0x0,
    0x0, 0x0, 0x1b, 0xbb, 0xbb, 0xbb, 0xbb, 0xbf,
    0xfd, 0xbb, 0xbb, 0xbb, 0xbb, 0xb2, 0x1, 0xff,
    0xff, 0xff, 0xff, 0xff, 0xff, 0xff, 0xff, 0xff,
    0xff, 0xff, 0x30, 0xf, 0xf1, 0x11, 0x11, 0x11,
    0x11, 0x11, 0x11, 0x11, 0x11, 0x1e, 0xf2, 0x1,
    0xff, 0x0, 0x0, 0x0, 0x0, 0x0, 0x0, 0x0,
    0x0, 0x0, 0xef, 0x20, 0x1f, 0xf0, 0x0, 0x0,
    0x0, 0x0, 0x0, 0x0, 0x0, 0x0, 0xe, 0xf3,
    0x0, 0x22, 0x6, 0xba, 0xaa, 0xaa, 0xaa, 0xaa,
    0xaa, 0xaa, 0x90, 0x0, 0x0, 0x0, 0x0, 0x8f,
    0xff, 0xff, 0xff, 0xff, 0xff, 0xff, 0xfe, 0x0,
    0x0, 0x0, 0x0, 0x2, 0x43, 0x33, 0x33, 0x33,
    0x33, 0x7f, 0xff, 0x80, 0x0, 0x0, 0x0, 0x0,
    0x0, 0x0, 0x0, 0x0, 0x0, 0x9f, 0xfa, 0x20,
    0x0, 0x0, 0x0, 0x0, 0x0, 0x0, 0x0, 0x0,
    0x5, 0xef, 0xe5, 0x0, 0x0, 0x0, 0x0, 0x0,
    0x0, 0x0, 0x0, 0x0, 0xa, 0xff, 0xa1, 0x0,
    0x0, 0x0, 0x0, 0x0, 0x0, 0x0, 0x0, 0x0,
    0x0, 0xbf, 0xb0, 0x0, 0x0, 0x0, 0x0, 0x0,
    0xbd, 0xcc, 0xcc, 0xcc, 0xcc, 0xce, 0xfe, 0xcc,
    0xcc, 0xcc, 0xcc, 0xcd, 0x6d, 0xff, 0xff, 0xff,
    0xff, 0xff, 0xff, 0xff, 0xff, 0xff, 0xff, 0xff,
    0xf7, 0x22, 0x21, 0x11, 0x11, 0x11, 0x1a, 0xfb,
    0x11, 0x11, 0x11, 0x11, 0x23, 0x20, 0x0, 0x0,
    0x0, 0x0, 0x0, 0x9f, 0xb0, 0x0, 0x0, 0x0,
    0x0, 0x0, 0x0, 0x0, 0x0, 0x0, 0x0, 0x9,
    0xfb, 0x0, 0x0, 0x0, 0x0, 0x0, 0x0, 0x0,
    0x0, 0x0, 0x0, 0x0, 0x9f, 0xb0, 0x0, 0x0,
    0x0, 0x0, 0x0, 0x0, 0x0, 0x0, 0x0, 0x0,
    0x9, 0xfb, 0x0, 0x0, 0x0, 0x0, 0x0, 0x0,
    0x0, 0x0, 0x0, 0x0, 0x0, 0xaf, 0xa0, 0x0,
    0x0, 0x0, 0x0, 0x0, 0x0, 0x0, 0x0, 0x2,
    0xdc, 0xcf, 0xf8, 0x0, 0x0, 0x0, 0x0, 0x0,
    0x0, 0x0, 0x0, 0x0, 0xd, 0xff, 0xff, 0x20,
    0x0, 0x0, 0x0, 0x0, 0x0, 0x0, 0x0, 0x0,
    0x0, 0x7a, 0x85, 0x10, 0x0, 0x0, 0x0, 0x0,
    0x0, 0x0,

    /* U+5B58 "存" */
    0x0, 0x0, 0x0, 0x0, 0x0, 0x5b, 0x61, 0x0,
    0x0, 0x0, 0x0, 0x0, 0x0, 0x0, 0x0, 0x0,
    0x0, 0x0, 0x9f, 0xf2, 0x0, 0x0, 0x0, 0x0,
    0x0, 0x0, 0x0, 0x0, 0x0, 0x0, 0x0, 0xef,
    0x80, 0x0, 0x0, 0x0, 0x0, 0x0, 0x0, 0x0,
    0x21, 0x10, 0x0, 0x5, 0xff, 0x10, 0x0, 0x0,
    0x0, 0x1, 0x11, 0x0, 0x0, 0xff, 0xff, 0xff,
    0xff, 0xff, 0xff, 0xff, 0xff, 0xff, 0xff, 0xff,
    0x60, 0x0, 0xed, 0xdd, 0xdd, 0xdf, 0xfd, 0xdd,
    0xdd, 0xdd, 0xdd, 0xdd, 0xde, 0x50, 0x0, 0x0,
    0x0, 0x0, 0xaf, 0x90, 0x0, 0x0, 0x0, 0x0,
    0x0, 0x0, 0x0, 0x0, 0x0, 0x0, 0x5, 0xff,
    0x10, 0x0, 0x0, 0x0, 0x0, 0x0, 0x0, 0x0,
    0x0, 0x0, 0x1, 0x4f, 0xf6, 0x0, 0x0, 0x0,
    0x0, 0x0, 0x0, 0x0, 0x0, 0x0, 0x0, 0xe,
    0xff, 0xc0, 0x4f, 0xfe, 0xee, 0xee, 0xee, 0xee,
    0xe8, 0x0, 0x0, 0x0, 0xd, 0xff, 0x20, 0x4f,
    0xff, 0xff, 0xff, 0xff, 0xff, 0xf9, 0x0, 0x0,
    0x0, 0x6f, 0xf6, 0x0, 0x0, 0x0, 0x0, 0x0,
    0x8, 0xff, 0xd3, 0x0, 0x0, 0x4, 0xff, 0xf3,
    0x0, 0x0, 0x0, 0x0, 0x1, 0xaf, 0xf8, 0x0,
    0x0, 0x0, 0x4f, 0xff, 0xf3, 0x0, 0x0, 0x0,
    0x0, 0x5e, 0xfd, 0x30, 0x0, 0x0, 0x4, 0xff,
    0xcd, 0xf3, 0x0, 0x0, 0x0, 0x0, 0xaf, 0xb0,
    0x0, 0x0, 0x0, 0x4f, 0xfd, 0x1c, 0xf3, 0x2,
    0x11, 0x0, 0x0, 0x9f, 0x90, 0x0, 0x11, 0x21,
    0xa, 0xd1, 0xc, 0xf3, 0x2f, 0xff, 0xff, 0xff,
    0xff, 0xff, 0xff, 0xff, 0xf7, 0x0, 0x10, 0xc,
    0xf3, 0x2e, 0xed, 0xdd, 0xdd, 0xef, 0xed, 0xdd,
    0xdd, 0xe6, 0x0, 0x0, 0xc, 0xf3, 0x0, 0x0,
    0x0, 0x0, 0x8f, 0x90, 0x0, 0x0, 0x0, 0x0,
    0x0, 0xc, 0xf3, 0x0, 0x0, 0x0, 0x0, 0x8f,
    0x90, 0x0, 0x0, 0x0, 0x0, 0x0, 0xc, 0xf3,
    0x0, 0x0, 0x0, 0x0, 0x8f, 0x90, 0x0, 0x0,
    0x0, 0x0, 0x0, 0xc, 0xf3, 0x0, 0x0, 0x0,
    0x0, 0x8f, 0x90, 0x0, 0x0, 0x0, 0x0, 0x0,
    0xc, 0xf3, 0x0, 0x0, 0x0, 0x0, 0x8f, 0x90,
    0x0, 0x0, 0x0, 0x0, 0x0, 0xc, 0xf4, 0x0,
    0x0, 0x3, 0x56, 0xef, 0x80, 0x0, 0x0, 0x0,
    0x0, 0x0, 0xd, 0xf4, 0x0, 0x0, 0x3, 0xff,
    0xff, 0x40, 0x0, 0x0, 0x0, 0x0, 0x0, 0x0,
    0x0, 0x0, 0x0, 0x0, 0xed, 0xa4, 0x0, 0x0,
    0x0, 0x0,

    /* U+5B8C "完" */
    0x0, 0x0, 0x0, 0x0, 0x0, 0x0, 0x0, 0x0,
    0x0, 0x0, 0x0, 0x0, 0x0, 0x0, 0x0, 0x0,
    0x0, 0x0, 0x0, 0x3d, 0x80, 0x0, 0x0, 0x0,
    0x0, 0x0, 0x0, 0x0, 0x0, 0x0, 0x0, 0x0,
    0x8, 0xff, 0x30, 0x0, 0x0, 0x0, 0x0, 0x0,
    0x0, 0x0, 0x0, 0x0, 0x0, 0x0, 0xd, 0xfc,
    0x0, 0x0, 0x0, 0x0, 0x0, 0x0, 0x3, 0xdd,
    0xdd, 0xdd, 0xdd, 0xdd, 0xef, 0xfd, 0xdd, 0xdd,
    0xdd, 0xdd, 0xd5, 0x0, 0x3f, 0xff, 0xff, 0xff,
    0xff, 0xff, 0xff, 0xff, 0xff, 0xff, 0xff, 0xff,
    0x60, 0x2, 0xff, 0x40, 0x0, 0x0, 0x0, 0x0,
    0x0, 0x0, 0x0, 0x0, 0xe, 0xf4, 0x0, 0x2f,
    0xf4, 0x0, 0x0, 0x0, 0x0, 0x0, 0x0, 0x0,
    0x0, 0x0, 0xef, 0x40, 0x3, 0xff, 0x40, 0x0,
    0x0, 0x0, 0x0, 0x0, 0x0, 0x0, 0x0, 0xe,
    0xf6, 0x0, 0x17, 0x71, 0xf, 0xff, 0xff, 0xff,
    0xff, 0xff, 0xff, 0xfa, 0x0, 0x67, 0x30, 0x0,
    0x0, 0x0, 0xff, 0xff, 0xff, 0xff, 0xff, 0xff,
    0xff, 0xa0, 0x0, 0x0, 0x0, 0x0, 0x0, 0x1,
    0x10, 0x0, 0x0, 0x0, 0x0, 0x1, 0x11, 0x0,
    0x0, 0x0, 0x0, 0x0, 0x0, 0x0, 0x0, 0x0,
    0x0, 0x0, 0x0, 0x0, 0x0, 0x0, 0x0, 0x0,
    0x0, 0x0, 0x0, 0x0, 0x0, 0x0, 0x0, 0x0,
    0x0, 0x0, 0x0, 0x0, 0x0, 0xb, 0xff, 0xee,
    0xee, 0xee, 0xee, 0xee, 0xee, 0xee, 0xee, 0xee,
    0xef, 0xff, 0x0, 0xbf, 0xff, 0xff, 0xff, 0xff,
    0xff, 0xff, 0xff, 0xff, 0xff, 0xff, 0xff, 0xf0,
    0x0, 0x0, 0x0, 0x0, 0x3f, 0xf3, 0x0, 0xe,
    0xf6, 0x0, 0x0, 0x0, 0x0, 0x0, 0x0, 0x0,
    0x0, 0x5, 0xff, 0x10, 0x0, 0xef, 0x60, 0x0,
    0x0, 0x0, 0x0, 0x0, 0x0, 0x0, 0x0, 0x8f,
    0xe0, 0x0, 0xe, 0xf6, 0x0, 0x0, 0x0, 0x0,
    0x0, 0x0, 0x0, 0x0, 0xd, 0xfa, 0x0, 0x0,
    0xef, 0x60, 0x0, 0x0, 0x0, 0x0, 0x0, 0x0,
    0x0, 0x3, 0xff, 0x50, 0x0, 0xe, 0xf6, 0x0,
    0x0, 0x0, 0x0, 0x0, 0x0, 0x0, 0x0, 0xdf,
    0xe0, 0x0, 0x0, 0xef, 0x60, 0x0, 0x0, 0x86,
    0x10, 0x0, 0x0, 0x1, 0xcf, 0xf5, 0x0, 0x0,
    0xe, 0xf6, 0x0, 0x0, 0xd, 0xff, 0x0, 0x0,
    0x5, 0xef, 0xf8, 0x0, 0x0, 0x0, 0xef, 0x90,
    0x0, 0x5, 0xff, 0xa0, 0x1, 0x6d, 0xff, 0xf6,
    0x0, 0x0, 0x0, 0xd, 0xff, 0xff, 0xff, 0xff,
    0xf2, 0x0, 0xbf, 0xff, 0xc2, 0x0, 0x0, 0x0,
    0x0, 0x3d, 0xff, 0xff, 0xff, 0xc3, 0x0, 0x0,
    0xbc, 0x50, 0x0, 0x0, 0x0, 0x0, 0x0, 0x0,
    0x0, 0x0, 0x0, 0x0, 0x0, 0x0, 0x0, 0x0,
    0x0, 0x0, 0x0, 0x0, 0x0, 0x0, 0x0, 0x0,
    0x0, 0x0,

    /* U+5BF9 "对" */
    0x0, 0x0, 0x0, 0x0, 0x0, 0x0, 0x0, 0x0,
    0x0, 0x0, 0x6, 0x62, 0x0, 0x0, 0x0, 0x0,
    0x0, 0x0, 0x0, 0x0, 0x0, 0x0, 0x0, 0x1,
    0xff, 0x50, 0x0, 0x0, 0x0, 0x0, 0x0, 0x0,
    0x0, 0x0, 0x0, 0x0, 0x0, 0xf, 0xf4, 0x0,
    0x0, 0x0, 0x0, 0x0, 0x0, 0x0, 0x0, 0x0,
    0x0, 0x0, 0x0, 0xff, 0x40, 0x0, 0x0, 0x68,
    0x77, 0x77, 0x77, 0x77, 0x20, 0x0, 0x0, 0x0,
    0xe, 0xf4, 0x0, 0x0, 0xb, 0xff, 0xff, 0xff,
    0xff, 0xf2, 0x0, 0x0, 0x0, 0x0, 0xef, 0x40,
    0x0, 0x0, 0x45, 0x54, 0x44, 0x45, 0xff, 0x1,
    0x10, 0x0, 0x0, 0xe, 0xf4, 0x11, 0x10, 0x0,
    0x0, 0x0, 0x0, 0x3f, 0xc3, 0xff, 0xff, 0xff,
    0xff, 0xff, 0xff, 0xfe, 0x0, 0x0, 0x0, 0x0,
    0x6, 0xf9, 0x3d, 0xcb, 0xbb, 0xbb, 0xbf, 0xfc,
    0xbc, 0xb0, 0x0, 0xa6, 0x0, 0x0, 0x9f, 0x60,
    0x0, 0x0, 0x0, 0x0, 0xef, 0x40, 0x0, 0x0,
    0x5f, 0xf5, 0x0, 0xd, 0xf2, 0x0, 0x0, 0x0,
    0x0, 0xe, 0xf4, 0x0, 0x0, 0x0, 0x7f, 0xf4,
    0x2, 0xfe, 0x0, 0x7, 0x40, 0x0, 0x0, 0xef,
    0x40, 0x0, 0x0, 0x0, 0x8f, 0xf3, 0x7f, 0x90,
    0x7, 0xfc, 0x0, 0x0, 0xe, 0xf4, 0x0, 0x0,
    0x0, 0x0, 0x9f, 0xed, 0xf4, 0x0, 0x1e, 0xf5,
    0x0, 0x0, 0xef, 0x40, 0x0, 0x0, 0x0, 0x0,
    0xbf, 0xfe, 0x0, 0x0, 0x7f, 0xd0, 0x0, 0xe,
    0xf4, 0x0, 0x0, 0x0, 0x0, 0x0, 0xff, 0xc0,
    0x0, 0x0, 0xff, 0x60, 0x0, 0xef, 0x40, 0x0,
    0x0, 0x0, 0x0, 0x5f, 0xff, 0x60, 0x0, 0x9,
    0xfd, 0x0, 0xe, 0xf4, 0x0, 0x0, 0x0, 0x0,
    0xe, 0xfb, 0xff, 0x20, 0x0, 0x2f, 0x80, 0x0,
    0xef, 0x40, 0x0, 0x0, 0x0, 0x9, 0xfc, 0xb,
    0xfc, 0x0, 0x0, 0x10, 0x0, 0xe, 0xf4, 0x0,
    0x0, 0x0, 0x5, 0xff, 0x20, 0x1f, 0xf7, 0x0,
    0x0, 0x0, 0x0, 0xef, 0x40, 0x0, 0x0, 0x3,
    0xff, 0x60, 0x0, 0x6f, 0xf2, 0x0, 0x0, 0x0,
    0xe, 0xf4, 0x0, 0x0, 0x3, 0xff, 0x90, 0x0,
    0x0, 0xdf, 0x40, 0x0, 0x0, 0x0, 0xef, 0x40,
    0x0, 0x6, 0xff, 0xa0, 0x0, 0x0, 0x3, 0x30,
    0x0, 0x0, 0x0, 0xf, 0xf4, 0x0, 0x0, 0x8f,
    0xa0, 0x0, 0x0, 0x0, 0x0, 0x0, 0x0, 0x28,
    0x9c, 0xff, 0x20, 0x0, 0x0, 0x40, 0x0, 0x0,
    0x0, 0x0, 0x0, 0x0, 0x0, 0xef, 0xff, 0xa0,
    0x0, 0x0, 0x0, 0x0, 0x0, 0x0, 0x0, 0x0,
    0x0, 0x0, 0x7, 0xb8, 0x30, 0x0, 0x0,

    /* U+5C3E "尾" */
    0x0, 0x3c, 0xcc, 0xcc, 0xcc, 0xcc, 0xcc, 0xcc,
    0xcc, 0xcc, 0xcc, 0xc0, 0x0, 0x0, 0x3f, 0xff,
    0xff, 0xff, 0xff, 0xff, 0xff, 0xff, 0xff, 0xff,
    0xf0, 0x0, 0x0, 0x2f, 0xf0, 0x0, 0x0, 0x0,
    0x0, 0x0, 0x0, 0x0, 0x2f, 0xf0, 0x0, 0x0,
    0x2f, 0xf0, 0x0, 0x0, 0x0, 0x0, 0x0, 0x0,
    0x0, 0x2f, 0xe0, 0x0, 0x0, 0x2f, 0xf1, 0x11,
    0x11, 0x11, 0x11, 0x11, 0x11, 0x11, 0x3f, 0xf0,
    0x0, 0x0, 0x1f, 0xff, 0xff, 0xff, 0xff, 0xff,
    0xff, 0xff, 0xff, 0xff, 0xf0, 0x0, 0x0, 0x1f,
    0xfc, 0xcc, 0xcc, 0xcc, 0xcc, 0xcc, 0xcc, 0xcc,
    0xcc, 0xc0, 0x0, 0x0, 0x1f, 0xf0, 0x0, 0x0,
    0x0, 0x0, 0x0, 0x0, 0x0, 0x10, 0x0, 0x0,
    0x0, 0x2f, 0xf0, 0x0, 0x0, 0x0, 0x0, 0x13,
    0x68, 0xbe, 0xe1, 0x0, 0x0, 0x0, 0x2f, 0xf0,
    0x57, 0x89, 0xac, 0xdf, 0xff, 0xff, 0xff, 0xfa,
    0x0, 0x0, 0x0, 0x3f, 0xf0, 0xaf, 0xff, 0xff,
    0xff, 0xfb, 0x86, 0x42, 0x0, 0x0, 0x0, 0x0,
    0x4f, 0xf0, 0x48, 0x64, 0x21, 0xe, 0xf2, 0x0,
    0x0, 0x0, 0x0, 0x0, 0x0, 0x4f, 0xf0, 0x0,
    0x0, 0x0, 0xe, 0xf2, 0x1, 0x34, 0x68, 0x40,
    0x0, 0x0, 0x6f, 0xe0, 0x25, 0x67, 0x89, 0xbf,
    0xfe, 0xff, 0xff, 0xff, 0x70, 0x0, 0x0, 0x7f,
    0xd0, 0x5f, 0xff, 0xff, 0xff, 0xff, 0xdb, 0xa9,
    0x76, 0x20, 0x0, 0x0, 0x9f, 0xb0, 0x19, 0x86,
    0x53, 0x2e, 0xf2, 0x0, 0x0, 0x0, 0x0, 0x0,
    0x0, 0xaf, 0xa0, 0x0, 0x0, 0x0, 0xe, 0xf2,
    0x0, 0x12, 0x45, 0x76, 0x0, 0x0, 0xdf, 0x70,
    0x1, 0x23, 0x45, 0x7f, 0xfd, 0xef, 0xff, 0xff,
    0xfc, 0x0, 0x0, 0xff, 0x47, 0xff, 0xff, 0xff,
    0xff, 0xff, 0xed, 0xba, 0x98, 0x75, 0x0, 0x4,
    0xff, 0x15, 0xdb, 0x98, 0x65, 0x4f, 0xf2, 0x0,
    0x0, 0x0, 0x0, 0x0, 0x9, 0xfc, 0x0, 0x0,
    0x0, 0x0, 0xe, 0xf2, 0x0, 0x0, 0x0, 0xd,
    0x92, 0xe, 0xf8, 0x0, 0x0, 0x0, 0x0, 0xe,
    0xf7, 0x0, 0x0, 0x0, 0x6f, 0xf2, 0x7f, 0xf3,
    0x0, 0x0, 0x0, 0x0, 0xc, 0xff, 0xff, 0xff,
    0xff, 0xff, 0xb0, 0x6d, 0xd0, 0x0, 0x0, 0x0,
    0x0, 0x2, 0xac, 0xcc, 0xcc, 0xcc, 0xb7, 0x0,
    0x1, 0x40, 0x0, 0x0, 0x0, 0x0, 0x0, 0x0,
    0x0, 0x0, 0x0, 0x0, 0x0,

    /* U+5C4F "屏" */
    0x0, 0x0, 0xef, 0xff, 0xff, 0xff, 0xff, 0xff,
    0xff, 0xff, 0xff, 0xfd, 0x0, 0x0, 0x0, 0xef,
    0xba, 0xaa, 0xaa, 0xaa, 0xaa, 0xaa, 0xaa, 0xaa,
    0xfd, 0x0, 0x0, 0x0, 0xdf, 0x20, 0x0, 0x0,
    0x0, 0x0, 0x0, 0x0, 0x1, 0xfc, 0x0, 0x0,
    0x0, 0xdf, 0x20, 0x0, 0x0, 0x0, 0x0, 0x0,
    0x0, 0x1, 0xfc, 0x0, 0x0, 0x0, 0xdf, 0xa9,
    0x99, 0x99, 0x99, 0x99, 0x99, 0x99, 0x9a, 0xfd,
    0x0, 0x0, 0x0, 0xdf, 0xff, 0xff, 0xff, 0xff,
    0xff, 0xff, 0xff, 0xff, 0xfd, 0x0, 0x0, 0x0,
    0xdf, 0x30, 0x0, 0x1, 0x20, 0x0, 0x0, 0x2,
    0x10, 0x0, 0x0, 0x0, 0x0, 0xdf, 0x20, 0x0,
    0x2d, 0xb0, 0x0, 0x0, 0x9, 0xe5, 0x0, 0x0,
    0x0, 0x0, 0xdf, 0x20, 0x0, 0x1d, 0xf5, 0x0,
    0x0, 0xd, 0xf4, 0x0, 0x0, 0x0, 0x0, 0xef,
    0x10, 0x0, 0x3, 0xfe, 0x10, 0x0, 0x4f, 0xb0,
    0x0, 0x0, 0x0, 0x0, 0xef, 0x1, 0x32, 0x22,
    0xa7, 0x22, 0x22, 0xbf, 0x72, 0x23, 0x30, 0x0,
    0x0, 0xff, 0x6, 0xff, 0xff, 0xff, 0xff, 0xff,
    0xff, 0xff, 0xff, 0xf0, 0x0, 0x0, 0xff, 0x4,
    0xaa, 0x99, 0xfe, 0x99, 0x99, 0xaf, 0xe9, 0x9a,
    0xa0, 0x0, 0x3, 0xfd, 0x0, 0x0, 0x0, 0xfd,
    0x0, 0x0, 0x2f, 0xd0, 0x0, 0x0, 0x0, 0x6,
    0xfc, 0x0, 0x0, 0x0, 0xfd, 0x0, 0x0, 0x2f,
    0xd0, 0x0, 0x0, 0x0, 0x8, 0xfa, 0x3a, 0x99,
    0x99, 0xfe, 0x99, 0x99, 0xaf, 0xe9, 0x99, 0x9a,
    0x0, 0xc, 0xf7, 0x4f, 0xff, 0xff, 0xff, 0xff,
    0xff, 0xff, 0xff, 0xff, 0xff, 0x0, 0x1f, 0xf4,
    0x1, 0x11, 0x11, 0xfb, 0x11, 0x11, 0x3f, 0xd1,
    0x11, 0x11, 0x0, 0x6f, 0xf0, 0x0, 0x0, 0x3,
    0xf8, 0x0, 0x0, 0x2f, 0xd0, 0x0, 0x0, 0x0,
    0xdf, 0xa0, 0x0, 0x0, 0xb, 0xf4, 0x0, 0x0,
    0x2f, 0xd0, 0x0, 0x0, 0x6, 0xff, 0x40, 0x0,
    0x0, 0x6f, 0xd0, 0x0, 0x0, 0x2f, 0xd0, 0x0,
    0x0, 0xd, 0xfd, 0x0, 0x0, 0x7, 0xff, 0x40,
    0x0, 0x0, 0x2f, 0xd0, 0x0, 0x0, 0x0, 0x75,
    0x0, 0x3, 0xcf, 0xf7, 0x0, 0x0, 0x0, 0x3f,
    0xd0, 0x0, 0x0, 0x0, 0x0, 0x0, 0x2, 0xbf,
    0x70, 0x0, 0x0, 0x0, 0x4f, 0xe0, 0x0, 0x0,
    0x0, 0x0, 0x0, 0x0, 0x2, 0x0, 0x0, 0x0,
    0x0, 0x0, 0x0, 0x0, 0x0,

    /* U+5DF2 "已" */
    0x2f, 0xfe, 0xee, 0xee, 0xee, 0xee, 0xee, 0xee,
    0xee, 0xee, 0xe0, 0x0, 0x2, 0xff, 0xff, 0xff,
    0xff, 0xff, 0xff, 0xff, 0xff, 0xff, 0xff, 0x0,
    0x0, 0x2, 0x21, 0x11, 0x11, 0x11, 0x11, 0x11,
    0x11, 0x11, 0x6f, 0xf0, 0x0, 0x0, 0x0, 0x0,
    0x0, 0x0, 0x0, 0x0, 0x0, 0x0, 0x5, 0xff,
    0x0, 0x0, 0x0, 0x0, 0x0, 0x0, 0x0, 0x0,
    0x0, 0x0, 0x0, 0x5f, 0xf0, 0x0, 0x0, 0x0,
    0x0, 0x0, 0x0, 0x0, 0x0, 0x0, 0x0, 0x5,
    0xff, 0x0, 0x0, 0x2, 0xee, 0x60, 0x0, 0x0,
    0x0, 0x0, 0x0, 0x0, 0x5f, 0xf0, 0x0, 0x0,
    0x2f, 0xf6, 0x0, 0x0, 0x0, 0x0, 0x0, 0x0,
    0x5, 0xff, 0x0, 0x0, 0x1, 0xff, 0x50, 0x0,
    0x0, 0x0, 0x0, 0x0, 0x0, 0x5f, 0xf0, 0x0,
    0x0, 0x1f, 0xfe, 0xdd, 0xdd, 0xdd, 0xdd, 0xdd,
    0xdd, 0xdd, 0xff, 0x0, 0x0, 0x1, 0xff, 0xff,
    0xff, 0xff, 0xff, 0xff, 0xff, 0xff, 0xff, 0xf0,
    0x0, 0x0, 0x1f, 0xf4, 0x0, 0x0, 0x0, 0x0,
    0x0, 0x0, 0x5, 0xff, 0x0, 0x0, 0x1, 0xff,
    0x30, 0x0, 0x0, 0x0, 0x0, 0x0, 0x0, 0x27,
    0x70, 0x0, 0x0, 0x1f, 0xf3, 0x0, 0x0, 0x0,
    0x0, 0x0, 0x0, 0x0, 0x0, 0x0, 0x0, 0x1,
    0xff, 0x30, 0x0, 0x0, 0x0, 0x0, 0x0, 0x0,
    0x0, 0x0, 0x0, 0x0, 0x1f, 0xf3, 0x0, 0x0,
    0x0, 0x0, 0x0, 0x0, 0x0, 0x0, 0x0, 0x0,
    0x1, 0xff, 0x30, 0x0, 0x0, 0x0, 0x0, 0x0,
    0x0, 0x0, 0x3, 0x0, 0x0, 0x1f, 0xf3, 0x0,
    0x0, 0x0, 0x0, 0x0, 0x0, 0x0, 0x0, 0xbe,
    0x80, 0x1, 0xff, 0x40, 0x0, 0x0, 0x0, 0x0,
    0x0, 0x0, 0x0, 0xe, 0xfe, 0x0, 0xf, 0xf6,
    0x0, 0x0, 0x0, 0x0, 0x0, 0x0, 0x0, 0x3,
    0xff, 0xa0, 0x0, 0xff, 0xe6, 0x33, 0x33, 0x33,
    0x33, 0x33, 0x32, 0x35, 0xdf, 0xf4, 0x0, 0xa,
    0xff, 0xff, 0xff, 0xff, 0xff, 0xff, 0xff, 0xff,
    0xff, 0xfc, 0x0, 0x0, 0x8, 0xde, 0xee, 0xee,
    0xee, 0xee, 0xee, 0xee, 0xee, 0xd8, 0x0, 0x0,

    /* U+5E55 "幕" */
    0x0, 0x0, 0x0, 0x1, 0x88, 0x0, 0x0, 0x4,
    0x84, 0x0, 0x0, 0x0, 0x0, 0x0, 0x0, 0x0,
    0x0, 0x1f, 0xf0, 0x0, 0x0, 0x8f, 0x80, 0x0,
    0x0, 0x0, 0x0, 0x4, 0x87, 0x77, 0x77, 0xff,
    0x77, 0x77, 0x7b, 0xfb, 0x77, 0x77, 0x78, 0x0,
    0x0, 0x7f, 0xff, 0xff, 0xff, 0xff, 0xff, 0xff,
    0xff, 0xff, 0xff, 0xff, 0xf0, 0x0, 0x0, 0x0,
    0x0, 0x0, 0xff, 0x0, 0x0, 0x7, 0xf7, 0x0,
    0x0, 0x0, 0x0, 0x0, 0x0, 0x2, 0x44, 0x4f,
    0xf4, 0x44, 0x44, 0xaf, 0xa4, 0x44, 0x0, 0x0,
    0x0, 0x0, 0x0, 0x9f, 0xff, 0xff, 0xff, 0xff,
    0xff, 0xff, 0xff, 0xf0, 0x0, 0x0, 0x0, 0x0,
    0x9, 0xf8, 0x0, 0x0, 0x0, 0x0, 0x0, 0x1,
    0xff, 0x0, 0x0, 0x0, 0x0, 0x0, 0x8f, 0xb5,
    0x55, 0x55, 0x55, 0x55, 0x55, 0x6f, 0xf0, 0x0,
    0x0, 0x0, 0x0, 0x8, 0xff, 0xff, 0xff, 0xff,
    0xff, 0xff, 0xff, 0xff, 0x0, 0x0, 0x0, 0x0,
    0x0, 0x8f, 0x80, 0x0, 0x0, 0x0, 0x0, 0x0,
    0x1f, 0xf0, 0x0, 0x0, 0x0, 0x0, 0x9, 0xff,
    0xee, 0xee, 0xee, 0xee, 0xee, 0xee, 0xff, 0x0,
    0x0, 0x0, 0x0, 0x0, 0x36, 0x66, 0x67, 0xff,
    0x76, 0x66, 0x66, 0x66, 0x60, 0x0, 0x0, 0x0,
    0x21, 0x10, 0x0, 0x0, 0xbf, 0x90, 0x0, 0x0,
    0x0, 0x0, 0x11, 0x12, 0x0, 0x1f, 0xff, 0xff,
    0xff, 0xff, 0xff, 0xff, 0xff, 0xff, 0xff, 0xff,
    0xff, 0xe0, 0x0, 0x76, 0x66, 0x66, 0xbf, 0xe6,
    0x66, 0x66, 0x8f, 0xf8, 0x66, 0x66, 0x66, 0x0,
    0x0, 0x0, 0x1, 0xaf, 0xe3, 0x0, 0x77, 0x0,
    0x7f, 0xe6, 0x0, 0x0, 0x0, 0x0, 0x0, 0x49,
    0xff, 0xb2, 0x0, 0xf, 0xf0, 0x0, 0x6e, 0xfe,
    0x95, 0x10, 0x0, 0x6b, 0xef, 0xfe, 0xff, 0xff,
    0xff, 0xff, 0xff, 0xff, 0xff, 0xff, 0xff, 0xfb,
    0x5, 0xff, 0xa3, 0x7f, 0xb4, 0x44, 0x4f, 0xf4,
    0x44, 0x46, 0xfc, 0x4a, 0xef, 0x40, 0x5, 0x10,
    0x7, 0xfa, 0x0, 0x0, 0xff, 0x0, 0x0, 0x3f,
    0xc0, 0x0, 0x20, 0x0, 0x0, 0x0, 0x7f, 0xa0,
    0x0, 0xf, 0xf0, 0x0, 0x3, 0xfc, 0x0, 0x0,
    0x0, 0x0, 0x0, 0x7, 0xfa, 0x0, 0x0, 0xff,
    0x0, 0x14, 0x9f, 0xb0, 0x0, 0x0, 0x0, 0x0,
    0x0, 0x8f, 0xa0, 0x0, 0xf, 0xf0, 0x4, 0xff,
    0xf7, 0x0, 0x0, 0x0, 0x0, 0x0, 0x1, 0x32,
    0x0, 0x0, 0xff, 0x0, 0xd, 0xc7, 0x0, 0x0,
    0x0, 0x0, 0x0, 0x0, 0x0, 0x0, 0x0, 0x1f,
    0xf1, 0x0, 0x0, 0x0, 0x0, 0x0, 0x0,

    /* U+5EA6 "度" */
    0x0, 0x0, 0x0, 0x0, 0x0, 0x0, 0x5b, 0x60,
    0x0, 0x0, 0x0, 0x0, 0x0, 0x0, 0x0, 0x0,
    0x0, 0x0, 0x0, 0xaf, 0xe0, 0x0, 0x0, 0x0,
    0x0, 0x0, 0x0, 0x0, 0x0, 0x0, 0x0, 0x0,
    0x3f, 0xf4, 0x0, 0x0, 0x0, 0x0, 0x0, 0x0,
    0x2d, 0xdd, 0xdd, 0xdd, 0xdd, 0xdf, 0xfe, 0xdd,
    0xdd, 0xdd, 0xdd, 0x0, 0x0, 0x2f, 0xff, 0xff,
    0xff, 0xff, 0xff, 0xff, 0xff, 0xff, 0xff, 0xff,
    0x0, 0x0, 0x1f, 0xf0, 0x0, 0x1, 0x66, 0x0,
    0x0, 0x2, 0x87, 0x0, 0x0, 0x0, 0x0, 0x1f,
    0xf0, 0x0, 0x3, 0xff, 0x0, 0x0, 0x3, 0xff,
    0x0, 0x0, 0x0, 0x0, 0x1f, 0xf0, 0x0, 0x3,
    0xfe, 0x0, 0x0, 0x3, 0xfe, 0x0, 0x0, 0x0,
    0x0, 0x1f, 0xf0, 0xbb, 0xab, 0xff, 0xaa, 0xaa,
    0xab, 0xff, 0xaa, 0xbb, 0x0, 0x0, 0x1f, 0xf0,
    0xff, 0xff, 0xff, 0xff, 0xff, 0xff, 0xff, 0xff,
    0xff, 0x0, 0x0, 0x1f, 0xf0, 0x10, 0x2, 0xfe,
    0x0, 0x0, 0x3, 0xfe, 0x0, 0x1, 0x0, 0x0,
    0x2f, 0xf0, 0x0, 0x3, 0xfe, 0x0, 0x0, 0x3,
    0xfe, 0x0, 0x0, 0x0, 0x0, 0x2f, 0xe0, 0x0,
    0x3, 0xfe, 0x11, 0x11, 0x13, 0xfe, 0x0, 0x0,
    0x0, 0x0, 0x3f, 0xd0, 0x0, 0x3, 0xff, 0xff,
    0xff, 0xff, 0xff, 0x0, 0x0, 0x0, 0x0, 0x4f,
    0xc0, 0x0, 0x2, 0xbb, 0xbb, 0xbb, 0xbb, 0xba,
    0x0, 0x0, 0x0, 0x0, 0x5f, 0xb0, 0x1, 0x11,
    0x0, 0x0, 0x0, 0x0, 0x0, 0x0, 0x0, 0x0,
    0x0, 0x6f, 0xa0, 0x5f, 0xff, 0xff, 0xff, 0xff,
    0xff, 0xff, 0xf6, 0x0, 0x0, 0x0, 0x8f, 0x70,
    0x3a, 0xac, 0xfe, 0x99, 0x99, 0x99, 0xef, 0xc0,
    0x0, 0x0, 0x0, 0xbf, 0x50, 0x0, 0x0, 0xef,
    0x40, 0x0, 0x5, 0xfe, 0x20, 0x0, 0x0, 0x0,
    0xef, 0x20, 0x0, 0x0, 0x4f, 0xe2, 0x0, 0x2f,
    0xf4, 0x0, 0x0, 0x0, 0x2, 0xff, 0x0, 0x0,
    0x0, 0x8, 0xfe, 0x22, 0xef, 0x60, 0x0, 0x0,
    0x0, 0x8, 0xfa, 0x0, 0x0, 0x0, 0x0, 0x9f,
    0xff, 0xf7, 0x0, 0x0, 0x0, 0x0, 0xe, 0xf5,
    0x0, 0x0, 0x0, 0x1, 0x6f, 0xff, 0xe5, 0x10,
    0x0, 0x0, 0x0, 0x6f, 0xf0, 0x0, 0x0, 0x37,
    0xbf, 0xff, 0xcd, 0xff, 0xfd, 0xa8, 0x54, 0x31,
    0x8f, 0x90, 0x4c, 0xef, 0xff, 0xfd, 0x82, 0x0,
    0x49, 0xdf, 0xff, 0xff, 0xf3, 0x1, 0x10, 0xa,
    0xfd, 0x96, 0x20, 0x0, 0x0, 0x0, 0x1, 0x58,
    0xbd, 0xb0, 0x0, 0x0, 0x0, 0x0, 0x0, 0x0,
    0x0, 0x0, 0x0, 0x0, 0x0, 0x0, 0x0,

    /* U+5EFA "建" */
    0x0, 0x0, 0x0, 0x0, 0x0, 0x0, 0x0, 0x1f,
    0xf0, 0x0, 0x0, 0x0, 0x0, 0x0, 0x0, 0x0,
    0x0, 0x0, 0x0, 0x0, 0xf, 0xf0, 0x0, 0x0,
    0x0, 0x0, 0x1, 0x11, 0x10, 0x0, 0x0, 0x77,
    0x66, 0x6f, 0xf6, 0x66, 0x66, 0x60, 0x0, 0xb,
    0xff, 0xff, 0xfb, 0x0, 0xff, 0xff, 0xff, 0xff,
    0xff, 0xff, 0xf0, 0x0, 0x7, 0xa9, 0x9e, 0xf4,
    0x0, 0x55, 0x44, 0x4f, 0xf4, 0x44, 0x5f, 0xe0,
    0x0, 0x0, 0x0, 0xf, 0xd0, 0x0, 0x0, 0x0,
    0xf, 0xf0, 0x0, 0x1f, 0xe0, 0x0, 0x0, 0x0,
    0x6f, 0x60, 0x6f, 0xff, 0xff, 0xff, 0xff, 0xff,
    0xff, 0xff, 0xfa, 0x0, 0x0, 0xde, 0x0, 0x4c,
    0xbb, 0xbb, 0xbf, 0xfb, 0xbb, 0xbf, 0xfb, 0xb7,
    0x0, 0x4, 0xf8, 0x0, 0x0, 0x0, 0x0, 0xf,
    0xf0, 0x0, 0x1f, 0xe0, 0x0, 0x0, 0xc, 0xf1,
    0x0, 0x0, 0x55, 0x55, 0x5f, 0xf5, 0x55, 0x5f,
    0xe0, 0x0, 0x1, 0xbf, 0xeb, 0xbb, 0x20, 0xdf,
    0xff, 0xff, 0xff, 0xff, 0xff, 0xf0, 0x0, 0x3,
    0xff, 0xff, 0xff, 0x20, 0x55, 0x55, 0x5f, 0xf4,
    0x44, 0x44, 0x40, 0x0, 0x0, 0x95, 0x22, 0xff,
    0x0, 0x0, 0x0, 0xf, 0xf0, 0x0, 0x0, 0x0,
    0x0, 0x0, 0x0, 0x3, 0xfd, 0x1, 0x33, 0x22,
    0x2f, 0xf2, 0x22, 0x23, 0x30, 0x0, 0x0, 0x60,
    0x6, 0xfa, 0x6, 0xff, 0xff, 0xff, 0xff, 0xff,
    0xff, 0xc0, 0x0, 0xb, 0xf6, 0x9, 0xf7, 0x3,
    0x98, 0x88, 0x8f, 0xf8, 0x88, 0x88, 0x70, 0x0,
    0x4, 0xfe, 0xd, 0xf3, 0x0, 0x0, 0x0, 0xf,
    0xf0, 0x0, 0x0, 0x0, 0x0, 0x0, 0xcf, 0xaf,
    0xe0, 0x1c, 0xbb, 0xbb, 0xbf, 0xfb, 0xbb, 0xbb,
    0xbc, 0x0, 0x0, 0x2f, 0xff, 0x90, 0x2f, 0xff,
    0xff, 0xff, 0xff, 0xff, 0xff, 0xff, 0x0, 0x0,
    0x6, 0xff, 0x60, 0x2, 0x11, 0x11, 0x1f, 0xf1,
    0x11, 0x11, 0x12, 0x0, 0x0, 0xc, 0xff, 0xf7,
    0x0, 0x0, 0x0, 0xf, 0xf0, 0x0, 0x0, 0x0,
    0x0, 0x0, 0x8f, 0xe6, 0xef, 0xd6, 0x10, 0x0,
    0x1f, 0xf0, 0x0, 0x0, 0x0, 0x0, 0x7, 0xff,
    0x40, 0x1b, 0xff, 0xfc, 0x86, 0x46, 0x50, 0x0,
    0x1, 0x23, 0x55, 0x8f, 0xf7, 0x0, 0x0, 0x4b,
    0xff, 0xff, 0xff, 0xff, 0xff, 0xff, 0xff, 0xf6,
    0x3e, 0x90, 0x0, 0x0, 0x0, 0x4, 0x8a, 0xcd,
    0xff, 0xff, 0xff, 0xff, 0xf2, 0x1, 0x0, 0x0,
    0x0, 0x0, 0x0, 0x0, 0x0, 0x0, 0x0, 0x0,
    0x0, 0x0,

    /* U+5F00 "开" */
    0x0, 0x24, 0x43, 0x33, 0x33, 0x33, 0x33, 0x33,
    0x33, 0x33, 0x33, 0x44, 0x0, 0x0, 0x8f, 0xff,
    0xff, 0xff, 0xff, 0xff, 0xff, 0xff, 0xff, 0xff,
    0xfd, 0x0, 0x0, 0x6d, 0xcc, 0xcc, 0xdf, 0xfc,
    0xcc, 0xcc, 0xff, 0xdc, 0xcc, 0xdb, 0x0, 0x0,
    0x0, 0x0, 0x0, 0x6f, 0xe0, 0x0, 0x0, 0xdf,
    0x70, 0x0, 0x0, 0x0, 0x0, 0x0, 0x0, 0x0,
    0x6f, 0xe0, 0x0, 0x0, 0xdf, 0x70, 0x0, 0x0,
    0x0, 0x0, 0x0, 0x0, 0x0, 0x6f, 0xe0, 0x0,
    0x0, 0xdf, 0x70, 0x0, 0x0, 0x0, 0x0, 0x0,
    0x0, 0x0, 0x6f, 0xe0, 0x0, 0x0, 0xdf, 0x70,
    0x0, 0x0, 0x0, 0x0, 0x0, 0x0, 0x0, 0x6f,
    0xe0, 0x0, 0x0, 0xdf, 0x70, 0x0, 0x0, 0x0,
    0x0, 0x0, 0x0, 0x0, 0x6f, 0xe0, 0x0, 0x0,
    0xdf, 0x70, 0x0, 0x0, 0x0, 0x0, 0x0, 0x0,
    0x0, 0x6f, 0xe0, 0x0, 0x0, 0xdf, 0x70, 0x0,
    0x0, 0x0, 0x13, 0x33, 0x22, 0x22, 0x7f, 0xe2,
    0x22, 0x22, 0xdf, 0x92, 0x22, 0x23, 0x31, 0x7f,
    0xff, 0xff, 0xff, 0xff, 0xff, 0xff, 0xff, 0xff,
    0xff, 0xff, 0xff, 0xf4, 0x7e, 0xdc, 0xbb, 0xbb,
    0xef, 0xfb, 0xbb, 0xbb, 0xff, 0xdb, 0xbb, 0xbc,
    0xd3, 0x0, 0x0, 0x0, 0x0, 0xdf, 0xb0, 0x0,
    0x0, 0xdf, 0x70, 0x0, 0x0, 0x0, 0x0, 0x0,
    0x0, 0x0, 0xff, 0x70, 0x0, 0x0, 0xdf, 0x70,
    0x0, 0x0, 0x0, 0x0, 0x0, 0x0, 0x5, 0xff,
    0x30, 0x0, 0x0, 0xdf, 0x70, 0x0, 0x0, 0x0,
    0x0, 0x0, 0x0, 0xc, 0xfe, 0x0, 0x0, 0x0,
    0xdf, 0x70, 0x0, 0x0, 0x0, 0x0, 0x0, 0x0,
    0x4f, 0xf8, 0x0, 0x0, 0x0, 0xdf, 0x70, 0x0,
    0x0, 0x0, 0x0, 0x0, 0x1, 0xdf, 0xf1, 0x0,
    0x0, 0x0, 0xdf, 0x70, 0x0, 0x0, 0x0, 0x0,
    0x0, 0xc, 0xff, 0x70, 0x0, 0x0, 0x0, 0xdf,
    0x70, 0x0, 0x0, 0x0, 0x0, 0x1, 0xcf, 0xfa,
    0x0, 0x0, 0x0, 0x0, 0xdf, 0x80, 0x0, 0x0,
    0x0, 0x0, 0x6e, 0xff, 0xb0, 0x0, 0x0, 0x0,
    0x0, 0xdf, 0x80, 0x0, 0x0, 0x0, 0x5, 0xef,
    0xf9, 0x0, 0x0, 0x0, 0x0, 0x0, 0xef, 0x80,
    0x0, 0x0, 0x0, 0x0, 0x1b, 0x60, 0x0, 0x0,
    0x0, 0x0, 0x0, 0xef, 0x90, 0x0, 0x0, 0x0,

    /* U+5F55 "录" */
    0x0, 0x2, 0x32, 0x10, 0x0, 0x0, 0x0, 0x0,
    0x0, 0x0, 0x0, 0x0, 0x0, 0x0, 0xa, 0xff,
    0xff, 0xff, 0xff, 0xff, 0xff, 0xff, 0xff, 0xfb,
    0x0, 0x0, 0x0, 0x8, 0xcc, 0xbb, 0xbb, 0xbb,
    0xbb, 0xbb, 0xbb, 0xbe, 0xf9, 0x0, 0x0, 0x0,
    0x0, 0x0, 0x0, 0x0, 0x0, 0x0, 0x0, 0x0,
    0xb, 0xf7, 0x0, 0x0, 0x0, 0x0, 0x11, 0x10,
    0x0, 0x0, 0x0, 0x0, 0x0, 0xd, 0xf6, 0x0,
    0x0, 0x0, 0x0, 0xaf, 0xff, 0xff, 0xff, 0xff,
    0xff, 0xff, 0xff, 0xf4, 0x0, 0x0, 0x0, 0x0,
    0x8d, 0xdd, 0xdd, 0xdd, 0xdd, 0xdd, 0xdd, 0xdf,
    0xf3, 0x0, 0x0, 0x0, 0x0, 0x0, 0x0, 0x0,
    0x0, 0x0, 0x0, 0x0, 0xf, 0xf1, 0x0, 0x0,
    0x0, 0x0, 0x0, 0x0, 0x0, 0x0, 0x0, 0x0,
    0x0, 0x2f, 0xf0, 0x0, 0x0, 0x6e, 0xdd, 0xdd,
    0xdd, 0xdd, 0xdd, 0xdd, 0xdd, 0xdd, 0xdf, 0xfd,
    0xdd, 0xe6, 0x7f, 0xff, 0xff, 0xff, 0xff, 0xff,
    0xff, 0xff, 0xff, 0xff, 0xff, 0xff, 0xf7, 0x0,
    0x0, 0x0, 0x0, 0x0, 0x0, 0xff, 0x50, 0x0,
    0x0, 0x0, 0x0, 0x0, 0x0, 0x2, 0xb1, 0x0,
    0x0, 0x0, 0xff, 0x50, 0x0, 0x0, 0x53, 0x0,
    0x0, 0x0, 0xb, 0xfe, 0x30, 0x0, 0x0, 0xff,
    0x70, 0x0, 0x7, 0xff, 0x60, 0x0, 0x0, 0x1,
    0xbf, 0xf6, 0x0, 0x0, 0xff, 0xf2, 0x0, 0xaf,
    0xfc, 0x30, 0x0, 0x0, 0x0, 0x9, 0xff, 0x40,
    0x0, 0xff, 0xfe, 0x5d, 0xfe, 0x50, 0x0, 0x0,
    0x0, 0x0, 0x0, 0x88, 0x5, 0xd5, 0xff, 0xcf,
    0xff, 0xa1, 0x0, 0x0, 0x0, 0x0, 0x0, 0x0,
    0x4, 0xcf, 0xf6, 0xff, 0x5a, 0xfe, 0x20, 0x0,
    0x0, 0x0, 0x0, 0x0, 0x5, 0xcf, 0xfc, 0x30,
    0xff, 0x50, 0xbf, 0xf4, 0x0, 0x0, 0x0, 0x0,
    0x17, 0xdf, 0xfd, 0x50, 0x0, 0xff, 0x50, 0x9,
    0xff, 0xa2, 0x0, 0x0, 0x4b, 0xff, 0xfd, 0x50,
    0x0, 0x0, 0xff, 0x50, 0x0, 0x7f, 0xff, 0xc6,
    0x20, 0x1e, 0xfe, 0x60, 0x0, 0x0, 0x1, 0xff,
    0x50, 0x0, 0x2, 0xbf, 0xff, 0xf4, 0x4, 0x80,
    0x0, 0x0, 0x8, 0xad, 0xff, 0x40, 0x0, 0x0,
    0x5, 0xdf, 0x90, 0x0, 0x0, 0x0, 0x0, 0x6,
    0xff, 0xfc, 0x0, 0x0, 0x0, 0x0, 0x5, 0x10,
    0x0, 0x0, 0x0, 0x0, 0x2, 0xd9, 0x40, 0x0,
    0x0, 0x0, 0x0, 0x0, 0x0,

    /* U+5F85 "待" */
    0x0, 0x0, 0x0, 0xb, 0x40, 0x0, 0x0, 0x0,
    0xff, 0x30, 0x0, 0x0, 0x0, 0x0, 0x0, 0x0,
    0x6, 0xff, 0x40, 0x0, 0x0, 0xf, 0xf3, 0x0,
    0x0, 0x0, 0x0, 0x0, 0x0, 0x2, 0xff, 0x90,
    0x0, 0x0, 0x0, 0xef, 0x20, 0x0, 0x0, 0x0,
    0x0, 0x0, 0x1, 0xdf, 0xb0, 0x0, 0x0, 0x0,
    0xe, 0xf2, 0x0, 0x0, 0x0, 0x0, 0x0, 0x0,
    0xcf, 0xe1, 0x0, 0x4e, 0xdd, 0xdd, 0xff, 0xdd,
    0xdd, 0xef, 0x0, 0x0, 0x0, 0xaf, 0xf3, 0x0,
    0x4, 0xff, 0xff, 0xff, 0xff, 0xff, 0xff, 0xf0,
    0x0, 0x0, 0xaf, 0xf4, 0x1, 0x50, 0x0, 0x0,
    0x0, 0xef, 0x20, 0x0, 0x0, 0x0, 0x0, 0x4f,
    0xf6, 0x0, 0x9f, 0x60, 0x0, 0x0, 0xe, 0xf2,
    0x0, 0x0, 0x0, 0x0, 0x0, 0x77, 0x0, 0x3f,
    0xfb, 0x0, 0x0, 0x0, 0xef, 0x20, 0x0, 0x0,
    0x0, 0x0, 0x0, 0x0, 0xd, 0xfd, 0x23, 0x32,
    0x22, 0x2e, 0xf4, 0x22, 0x22, 0x22, 0x31, 0x0,
    0x0, 0x9, 0xff, 0x26, 0xff, 0xff, 0xff, 0xff,
    0xff, 0xff, 0xff, 0xff, 0x50, 0x0, 0x6, 0xff,
    0x80, 0x4c, 0xbb, 0xaa, 0xaa, 0xaa, 0xaf, 0xfa,
    0xaa, 0xb4, 0x0, 0x3, 0xff, 0xf5, 0x0, 0x0,
    0x0, 0x0, 0x0, 0x0, 0xff, 0x10, 0x0, 0x0,
    0x2, 0xef, 0xff, 0x50, 0x0, 0x0, 0x0, 0x0,
    0x0, 0xf, 0xf1, 0x0, 0x0, 0x3, 0xef, 0x9c,
    0xf5, 0x8, 0xdc, 0xcc, 0xcc, 0xcc, 0xcc, 0xff,
    0xcc, 0xcd, 0x0, 0xdf, 0xb0, 0xcf, 0x50, 0x9f,
    0xff, 0xff, 0xff, 0xff, 0xff, 0xff, 0xff, 0xf0,
    0x2, 0xb0, 0xc, 0xf5, 0x1, 0x22, 0x22, 0x11,
    0x11, 0x11, 0xff, 0x32, 0x23, 0x0, 0x0, 0x0,
    0xcf, 0x50, 0x0, 0x7, 0xd0, 0x0, 0x0, 0xf,
    0xf1, 0x0, 0x0, 0x0, 0x0, 0xc, 0xf5, 0x0,
    0x4, 0xff, 0xa0, 0x0, 0x0, 0xff, 0x10, 0x0,
    0x0, 0x0, 0x0, 0xcf, 0x50, 0x0, 0x9, 0xff,
    0x50, 0x0, 0xf, 0xf1, 0x0, 0x0, 0x0, 0x0,
    0xc, 0xf5, 0x0, 0x0, 0xe, 0xfe, 0x0, 0x0,
    0xff, 0x10, 0x0, 0x0, 0x0, 0x0, 0xcf, 0x50,
    0x0, 0x0, 0x5e, 0x30, 0x0, 0xf, 0xf1, 0x0,
    0x0, 0x0, 0x0, 0xc, 0xf5, 0x0, 0x0, 0x0,
    0x10, 0x0, 0x5, 0xff, 0x10, 0x0, 0x0, 0x0,
    0x0, 0xcf, 0x50, 0x0, 0x0, 0x0, 0x1, 0xff,
    0xff, 0xe0, 0x0, 0x0, 0x0, 0x0, 0xd, 0xf6,
    0x0, 0x0, 0x0, 0x0, 0x9, 0xff, 0xf6, 0x0,
    0x0, 0x0, 0x0, 0x0, 0xdf, 0x60, 0x0, 0x0,
    0x0, 0x0, 0x49, 0x40, 0x0, 0x0, 0x0,

    /* U+6210 "成" */
    0x0, 0x0, 0x0, 0x0, 0x0, 0x0, 0x0, 0x0,
    0x0, 0x0, 0x0, 0x0, 0x0, 0x0, 0x0, 0x0,
    0x0, 0x0, 0x0, 0x0, 0x0, 0xff, 0x60, 0x1c,
    0x50, 0x0, 0x0, 0x0, 0x0, 0x0, 0x0, 0x0,
    0x0, 0x0, 0xf, 0xf5, 0x7, 0xff, 0x70, 0x0,
    0x0, 0x0, 0x0, 0x0, 0x0, 0x0, 0x0, 0x0,
    0xef, 0x50, 0x8, 0xff, 0x80, 0x0, 0x0, 0x0,
    0x0, 0x0, 0x0, 0x0, 0x0, 0xe, 0xf5, 0x0,
    0x8, 0xff, 0x30, 0x0, 0x0, 0x0, 0x0, 0x0,
    0x0, 0x0, 0x0, 0xdf, 0x50, 0x0, 0x9, 0x40,
    0x0, 0x0, 0x0, 0xbb, 0xbb, 0xbb, 0xbb, 0xbb,
    0xbf, 0xfd, 0xbb, 0xbb, 0xbc, 0xc7, 0x0, 0x0,
    0xf, 0xff, 0xff, 0xff, 0xff, 0xff, 0xff, 0xff,
    0xff, 0xff, 0xff, 0x90, 0x0, 0x0, 0xff, 0x32,
    0x22, 0x22, 0x22, 0x29, 0xf9, 0x22, 0x22, 0x23,
    0x32, 0x0, 0x0, 0xf, 0xf2, 0x0, 0x0, 0x0,
    0x0, 0x7f, 0x90, 0x0, 0x0, 0x0, 0x0, 0x0,
    0x0, 0xff, 0x20, 0x0, 0x0, 0x0, 0x6, 0xfa,
    0x0, 0x0, 0xc2, 0x0, 0x0, 0x0, 0xf, 0xf2,
    0x0, 0x0, 0x0, 0x0, 0x5f, 0xc0, 0x0, 0x6f,
    0xf6, 0x0, 0x0, 0x0, 0xff, 0xee, 0xee, 0xee,
    0xe2, 0x2, 0xfe, 0x0, 0xb, 0xfe, 0x10, 0x0,
    0x0, 0xf, 0xff, 0xff, 0xff, 0xff, 0x10, 0xf,
    0xf1, 0x1, 0xff, 0x60, 0x0, 0x0, 0x0, 0xff,
    0x20, 0x0, 0x1f, 0xf0, 0x0, 0xdf, 0x40, 0x9f,
    0xd0, 0x0, 0x0, 0x0, 0x1f, 0xf1, 0x0, 0x1,
    0xff, 0x0, 0xa, 0xf7, 0x2f, 0xf5, 0x0, 0x0,
    0x0, 0x2, 0xff, 0x0, 0x0, 0x2f, 0xe0, 0x0,
    0x7f, 0xba, 0xfd, 0x0, 0x0, 0x0, 0x0, 0x3f,
    0xf0, 0x0, 0x3, 0xfd, 0x0, 0x2, 0xff, 0xff,
    0x40, 0x0, 0x0, 0x0, 0x5, 0xfe, 0x0, 0x0,
    0x4f, 0xb0, 0x0, 0xd, 0xff, 0x90, 0x0, 0x0,
    0x0, 0x0, 0x8f, 0xc0, 0x0, 0x5, 0xfa, 0x0,
    0x0, 0xcf, 0xf1, 0x0, 0x0, 0x0, 0x0, 0xc,
    0xf9, 0x0, 0x0, 0x9f, 0x90, 0x0, 0x9f, 0xff,
    0x60, 0x0, 0x85, 0x0, 0x1, 0xff, 0x50, 0x9b,
    0xdf, 0xf7, 0x0, 0x9f, 0xfb, 0xfe, 0x10, 0xb,
    0xfa, 0x0, 0x7f, 0xf1, 0x7, 0xff, 0xfe, 0x11,
    0xbf, 0xf5, 0xe, 0xfc, 0x0, 0xef, 0x80, 0xe,
    0xfb, 0x0, 0x29, 0x74, 0x4, 0xef, 0xf5, 0x0,
    0x4f, 0xfc, 0x6f, 0xf5, 0xa, 0xff, 0x30, 0x0,
    0x0, 0x2a, 0xff, 0xd3, 0x0, 0x0, 0x7f, 0xff,
    0xff, 0x0, 0x7f, 0xa0, 0x0, 0x0, 0x3, 0xef,
    0xa1, 0x0, 0x0, 0x0, 0x6f, 0xff, 0xa0, 0x0,
    0x11, 0x0, 0x0, 0x0, 0x3, 0x50, 0x0, 0x0,
    0x0, 0x0, 0x16, 0x60, 0x0,

    /* U+6253 "打" */
    0x0, 0x0, 0xd, 0xd4, 0x0, 0x0, 0x0, 0x0,
    0x0, 0x0, 0x0, 0x0, 0x0, 0x0, 0x0, 0xf,
    0xf5, 0x0, 0x0, 0x0, 0x0, 0x0, 0x0, 0x0,
    0x0, 0x0, 0x0, 0x0, 0xf, 0xf4, 0x0, 0x0,
    0x0, 0x0, 0x0, 0x0, 0x0, 0x0, 0x0, 0x0,
    0x0, 0xf, 0xf4, 0x0, 0x7, 0xfe, 0xee, 0xee,
    0xee, 0xee, 0xef, 0xfa, 0x0, 0x0, 0xf, 0xf4,
    0x0, 0x7, 0xff, 0xff, 0xff, 0xff, 0xff, 0xff,
    0xfa, 0x0, 0x0, 0xe, 0xf4, 0x0, 0x1, 0x11,
    0x11, 0x12, 0xff, 0x31, 0x11, 0x21, 0x4e, 0xed,
    0xdf, 0xfe, 0xdd, 0xe8, 0x0, 0x0, 0x2, 0xff,
    0x20, 0x0, 0x0, 0x4f, 0xff, 0xff, 0xff, 0xff,
    0xf8, 0x0, 0x0, 0x2, 0xff, 0x20, 0x0, 0x0,
    0x12, 0x10, 0xe, 0xf4, 0x0, 0x10, 0x0, 0x0,
    0x2, 0xff, 0x20, 0x0, 0x0, 0x0, 0x0, 0xe,
    0xf4, 0x0, 0x0, 0x0, 0x0, 0x2, 0xff, 0x20,
    0x0, 0x0, 0x0, 0x0, 0xe, 0xf4, 0x0, 0x0,
    0x0, 0x0, 0x2, 0xff, 0x20, 0x0, 0x0, 0x0,
    0x0, 0xe, 0xf4, 0x0, 0x50, 0x0, 0x0, 0x2,
    0xff, 0x20, 0x0, 0x0, 0x0, 0x0, 0xe, 0xf7,
    0x8e, 0xf2, 0x0, 0x0, 0x2, 0xff, 0x20, 0x0,
    0x0, 0x0, 0x0, 0x3f, 0xff, 0xff, 0xb1, 0x0,
    0x0, 0x2, 0xff, 0x20, 0x0, 0x0, 0x26, 0xae,
    0xff, 0xfc, 0x61, 0x0, 0x0, 0x0, 0x2, 0xff,
    0x20, 0x0, 0x0, 0x9f, 0xff, 0xcf, 0xf4, 0x0,
    0x0, 0x0, 0x0, 0x2, 0xff, 0x20, 0x0, 0x0,
    0x3e, 0x82, 0xe, 0xf4, 0x0, 0x0, 0x0, 0x0,
    0x2, 0xff, 0x20, 0x0, 0x0, 0x0, 0x0, 0xe,
    0xf4, 0x0, 0x0, 0x0, 0x0, 0x2, 0xff, 0x20,
    0x0, 0x0, 0x0, 0x0, 0xe, 0xf4, 0x0, 0x0,
    0x0, 0x0, 0x2, 0xff, 0x20, 0x0, 0x0, 0x0,
    0x0, 0xe, 0xf4, 0x0, 0x0, 0x0, 0x0, 0x2,
    0xff, 0x20, 0x0, 0x0, 0x0, 0x0, 0xe, 0xf4,
    0x0, 0x0, 0x0, 0x0, 0x2, 0xff, 0x20, 0x0,
    0x0, 0x0, 0x0, 0xe, 0xf4, 0x0, 0x0, 0x0,
    0x0, 0x2, 0xff, 0x20, 0x0, 0x0, 0x0, 0x10,
    0x3f, 0xf3, 0x0, 0x0, 0x0, 0x0, 0x6, 0xff,
    0x20, 0x0, 0x0, 0x0, 0xdf, 0xff, 0xf1, 0x0,
    0x0, 0x0, 0x7d, 0xef, 0xff, 0x0, 0x0, 0x0,
    0x0, 0x8f, 0xfe, 0x60, 0x0, 0x0, 0x0, 0x2f,
    0xff, 0xf6, 0x0, 0x0, 0x0, 0x0, 0x36, 0x20,
    0x0, 0x0, 0x0, 0x0, 0x9, 0x84, 0x0, 0x0,
    0x0, 0x0,

    /* U+6362 "换" */
    0x0, 0x0, 0xa, 0xc2, 0x0, 0x0, 0x0, 0x45,
    0x0, 0x0, 0x0, 0x0, 0x0, 0x0, 0x0, 0x0,
    0xdf, 0x20, 0x0, 0x0, 0xc, 0xfc, 0x0, 0x0,
    0x0, 0x0, 0x0, 0x0, 0x0, 0xc, 0xf1, 0x0,
    0x0, 0x3, 0xff, 0x30, 0x0, 0x0, 0x0, 0x0,
    0x0, 0x0, 0x0, 0xcf, 0x10, 0x0, 0x0, 0xbf,
    0xd7, 0x77, 0x77, 0x75, 0x0, 0x0, 0x0, 0x0,
    0xc, 0xf1, 0x0, 0x0, 0x5f, 0xff, 0xff, 0xff,
    0xff, 0x40, 0x0, 0x0, 0x0, 0x0, 0xcf, 0x10,
    0x0, 0x1e, 0xf4, 0x0, 0x0, 0x9f, 0x90, 0x0,
    0x0, 0x9, 0xba, 0xae, 0xfb, 0xba, 0xc, 0xf7,
    0x0, 0x0, 0x2f, 0xe1, 0x0, 0x0, 0x0, 0xdf,
    0xff, 0xff, 0xff, 0xea, 0xfa, 0x0, 0x0, 0xb,
    0xf5, 0x0, 0x0, 0x0, 0x0, 0x0, 0xc, 0xf1,
    0x6, 0xff, 0xa9, 0x99, 0x9a, 0xff, 0x99, 0x99,
    0x10, 0x0, 0x0, 0x0, 0xcf, 0x10, 0x5, 0xcf,
    0xff, 0xff, 0xff, 0xff, 0xff, 0xf2, 0x0, 0x0,
    0x0, 0xc, 0xf1, 0x0, 0xa, 0xf3, 0x0, 0xf,
    0xf0, 0x0, 0xbf, 0x20, 0x0, 0x0, 0x0, 0xcf,
    0x11, 0x30, 0xaf, 0x30, 0x0, 0xff, 0x0, 0xb,
    0xf2, 0x0, 0x0, 0x0, 0xc, 0xf8, 0xf9, 0xa,
    0xf3, 0x0, 0x1f, 0xe0, 0x0, 0xbf, 0x20, 0x0,
    0x0, 0x0, 0xdf, 0xff, 0x60, 0xaf, 0x30, 0x2,
    0xfd, 0x0, 0xb, 0xf2, 0x0, 0x0, 0x18, 0xef,
    0xf9, 0x10, 0xa, 0xf3, 0x0, 0x3f, 0xd0, 0x0,
    0xbf, 0x20, 0x0, 0xaf, 0xff, 0xff, 0x10, 0x11,
    0xaf, 0x30, 0x5, 0xfc, 0x0, 0xb, 0xf3, 0x11,
    0x6, 0xfa, 0x2c, 0xf1, 0x2f, 0xff, 0xff, 0xff,
    0xff, 0xff, 0xff, 0xff, 0xff, 0x80, 0x3, 0x0,
    0xcf, 0x11, 0xa9, 0x99, 0x99, 0x9e, 0xff, 0xd9,
    0x99, 0x99, 0xa6, 0x0, 0x0, 0xc, 0xf1, 0x0,
    0x0, 0x0, 0x1, 0xff, 0xfe, 0x0, 0x0, 0x0,
    0x0, 0x0, 0x0, 0xcf, 0x10, 0x0, 0x0, 0x0,
    0xbf, 0xa9, 0xf8, 0x0, 0x0, 0x0, 0x0, 0x0,
    0xc, 0xf1, 0x0, 0x0, 0x0, 0xaf, 0xf1, 0xe,
    0xf5, 0x0, 0x0, 0x0, 0x0, 0x0, 0xcf, 0x10,
    0x0, 0x0, 0xaf, 0xf4, 0x0, 0x4f, 0xf6, 0x0,
    0x0, 0x0, 0x0, 0xc, 0xf1, 0x0, 0x4, 0xdf,
    0xf4, 0x0, 0x0, 0x7f, 0xfa, 0x10, 0x0, 0x5,
    0x78, 0xff, 0x1, 0x6c, 0xff, 0xc2, 0x0, 0x0,
    0x0, 0x8f, 0xff, 0x82, 0x0, 0x5f, 0xff, 0x90,
    0x6f, 0xff, 0x70, 0x0, 0x0, 0x0, 0x0, 0x6f,
    0xfc, 0x10, 0x0, 0xb8, 0x40, 0x0, 0x88, 0x10,
    0x0, 0x0, 0x0, 0x0, 0x0, 0x2b, 0x20,

    /* U+6389 "掉" */
    0x0, 0x0, 0x8, 0x82, 0x0, 0x0, 0x0, 0x0,
    0xaa, 0x20, 0x0, 0x0, 0x0, 0x0, 0x0, 0x0,
    0xff, 0x40, 0x0, 0x0, 0x0, 0xf, 0xf3, 0x0,
    0x0, 0x0, 0x0, 0x0, 0x0, 0xe, 0xf4, 0x0,
    0x0, 0x0, 0x0, 0xff, 0x30, 0x0, 0x1, 0x11,
    0x0, 0x0, 0x0, 0xdf, 0x30, 0x0, 0x0, 0x0,
    0xe, 0xff, 0xff, 0xff, 0xff, 0x70, 0x0, 0x0,
    0xd, 0xf3, 0x0, 0x0, 0x0, 0x0, 0xef, 0xbb,
    0xbb, 0xbb, 0xc6, 0x0, 0x0, 0x0, 0xdf, 0x30,
    0x0, 0x0, 0x0, 0xe, 0xf2, 0x0, 0x0, 0x0,
    0x0, 0x6, 0x76, 0x6e, 0xf8, 0x67, 0x11, 0x11,
    0x11, 0xef, 0x31, 0x11, 0x11, 0x10, 0x0, 0xcf,
    0xff, 0xff, 0xff, 0xf2, 0xef, 0xff, 0xff, 0xff,
    0xff, 0xff, 0xfe, 0x0, 0x8, 0x99, 0x9f, 0xfa,
    0x99, 0x1d, 0xfc, 0xaa, 0xaa, 0xaa, 0xaa, 0xbf,
    0xd0, 0x0, 0x0, 0x0, 0xdf, 0x30, 0x0, 0xdf,
    0x40, 0x0, 0x0, 0x0, 0x2, 0xfd, 0x0, 0x0,
    0x0, 0xd, 0xf3, 0x0, 0xd, 0xf5, 0x22, 0x22,
    0x22, 0x22, 0x4f, 0xd0, 0x0, 0x0, 0x0, 0xdf,
    0x30, 0x50, 0xdf, 0xff, 0xff, 0xff, 0xff, 0xff,
    0xfd, 0x0, 0x0, 0x0, 0xd, 0xfa, 0xdf, 0xd,
    0xfb, 0x99, 0x99, 0x99, 0x99, 0xaf, 0xd0, 0x0,
    0x0, 0x38, 0xff, 0xff, 0xa0, 0xdf, 0x40, 0x0,
    0x0, 0x0, 0x2, 0xfd, 0x0, 0xa, 0xef, 0xff,
    0xf7, 0x0, 0xe, 0xf6, 0x33, 0x33, 0x33, 0x33,
    0x5f, 0xd0, 0x0, 0x8f, 0xe8, 0xef, 0x30, 0x0,
    0xef, 0xff, 0xff, 0xff, 0xff, 0xff, 0xfd, 0x0,
    0x2, 0x81, 0xd, 0xf3, 0x0, 0x9, 0xaa, 0xaa,
    0xdf, 0xda, 0xaa, 0xaa, 0x90, 0x0, 0x0, 0x0,
    0xdf, 0x30, 0x0, 0x0, 0x0, 0x7, 0xfa, 0x0,
    0x0, 0x0, 0x0, 0x0, 0x0, 0xd, 0xf3, 0x1,
    0x10, 0x0, 0x0, 0x8f, 0xa0, 0x0, 0x0, 0x11,
    0x10, 0x0, 0x0, 0xdf, 0x30, 0xdf, 0xff, 0xff,
    0xff, 0xff, 0xff, 0xff, 0xff, 0xfb, 0x0, 0x0,
    0xd, 0xf3, 0xb, 0xcb, 0xbb, 0xbb, 0xdf, 0xeb,
    0xbb, 0xbb, 0xbc, 0x90, 0x0, 0x0, 0xef, 0x30,
    0x0, 0x0, 0x0, 0x7, 0xfa, 0x0, 0x0, 0x0,
    0x0, 0x1, 0x44, 0x6f, 0xf3, 0x0, 0x0, 0x0,
    0x0, 0x7f, 0xa0, 0x0, 0x0, 0x0, 0x0, 0xf,
    0xff, 0xff, 0x0, 0x0, 0x0, 0x0, 0x7, 0xfa,
    0x0, 0x0, 0x0, 0x0, 0x0, 0xbf, 0xfd, 0x50,
    0x0, 0x0, 0x0, 0x0, 0x8f, 0xb0, 0x0, 0x0,
    0x0, 0x0, 0x2, 0x30, 0x0, 0x0, 0x0, 0x0,
    0x0, 0x9, 0xfd, 0x0, 0x0, 0x0, 0x0,

    /* U+6392 "排" */
    0x0, 0x0, 0xa, 0xa2, 0x0, 0x0, 0x0, 0x8,
    0x81, 0x1, 0x66, 0x0, 0x0, 0x0, 0x0, 0x0,
    0xff, 0x30, 0x0, 0x0, 0x0, 0xff, 0x10, 0x2f,
    0xf0, 0x0, 0x0, 0x0, 0x0, 0xf, 0xf2, 0x0,
    0x0, 0x0, 0xf, 0xf1, 0x1, 0xff, 0x0, 0x0,
    0x0, 0x0, 0x0, 0xff, 0x10, 0x0, 0x0, 0x0,
    0xff, 0x10, 0x1f, 0xf0, 0x0, 0x0, 0x0, 0x0,
    0xf, 0xf1, 0x0, 0x0, 0x0, 0xf, 0xf1, 0x1,
    0xff, 0x0, 0x0, 0x0, 0x0, 0x0, 0xff, 0x10,
    0x3, 0x98, 0x88, 0xff, 0x10, 0x1f, 0xf8, 0x88,
    0x97, 0x6, 0xcb, 0xbf, 0xfc, 0xcc, 0x4f, 0xff,
    0xff, 0xf1, 0x1, 0xff, 0xff, 0xff, 0xb0, 0x7f,
    0xff, 0xff, 0xff, 0xf1, 0x54, 0x44, 0xff, 0x10,
    0x1f, 0xf4, 0x44, 0x43, 0x0, 0x10, 0xf, 0xf2,
    0x1, 0x0, 0x0, 0xf, 0xf1, 0x1, 0xff, 0x0,
    0x0, 0x0, 0x0, 0x0, 0xff, 0x10, 0x0, 0x0,
    0x0, 0xff, 0x10, 0x1f, 0xf0, 0x0, 0x0, 0x0,
    0x0, 0xf, 0xf1, 0x0, 0x0, 0x0, 0xf, 0xf1,
    0x1, 0xff, 0x0, 0x0, 0x0, 0x0, 0x0, 0xff,
    0x10, 0x0, 0xbb, 0xbb, 0xff, 0x10, 0x1f, 0xfb,
    0xbb, 0xc0, 0x0, 0x0, 0xf, 0xf3, 0x7d, 0xf,
    0xff, 0xff, 0xf1, 0x1, 0xff, 0xff, 0xff, 0x0,
    0x0, 0x1, 0xff, 0xff, 0xf0, 0x43, 0x22, 0xff,
    0x10, 0x1f, 0xf2, 0x23, 0x30, 0x4, 0x7c, 0xff,
    0xfd, 0x61, 0x0, 0x0, 0xf, 0xf1, 0x1, 0xff,
    0x0, 0x0, 0x0, 0xbf, 0xfe, 0xff, 0x10, 0x0,
    0x0, 0x0, 0xff, 0x10, 0x1f, 0xf0, 0x0, 0x0,
    0x4, 0xe5, 0xf, 0xf1, 0x0, 0x0, 0x0, 0xf,
    0xf1, 0x1, 0xff, 0x0, 0x0, 0x0, 0x0, 0x0,
    0xff, 0x10, 0x0, 0x0, 0x0, 0xff, 0x10, 0x1f,
    0xf0, 0x0, 0x0, 0x0, 0x0, 0xf, 0xf1, 0x3,
    0xcc, 0xbb, 0xbf, 0xf1, 0x1, 0xff, 0xbb, 0xbc,
    0xb0, 0x0, 0x0, 0xff, 0x10, 0x4f, 0xff, 0xff,
    0xff, 0x10, 0x1f, 0xff, 0xff, 0xfe, 0x0, 0x0,
    0xf, 0xf1, 0x1, 0x32, 0x22, 0x2f, 0xf1, 0x1,
    0xff, 0x22, 0x22, 0x30, 0x0, 0x0, 0xff, 0x10,
    0x0, 0x0, 0x0, 0xff, 0x10, 0x1f, 0xf0, 0x0,
    0x0, 0x0, 0x0, 0xf, 0xf1, 0x0, 0x0, 0x0,
    0xf, 0xf1, 0x1, 0xff, 0x0, 0x0, 0x0, 0x5,
    0x57, 0xff, 0x10, 0x0, 0x0, 0x0, 0xff, 0x10,
    0x1f, 0xf0, 0x0, 0x0, 0x0, 0x7f, 0xff, 0xe0,
    0x0, 0x0, 0x0, 0x1f, 0xf1, 0x1, 0xff, 0x0,
    0x0, 0x0, 0x2, 0xff, 0xb4, 0x0, 0x0, 0x0,
    0x1, 0xff, 0x10, 0x1f, 0xf1, 0x0, 0x0, 0x0,
    0x2, 0x0, 0x0, 0x0, 0x0, 0x0, 0x0, 0x0,
    0x0, 0x0, 0x0, 0x0, 0x0,

    /* U+63A5 "接" */
    0x0, 0x0, 0x4, 0x41, 0x0, 0x0, 0x0, 0x0,
    0x39, 0xc0, 0x0, 0x0, 0x0, 0x0, 0x0, 0x0,
    0xff, 0x20, 0x0, 0x0, 0x0, 0x2, 0xff, 0x30,
    0x0, 0x0, 0x0, 0x0, 0x0, 0xe, 0xf1, 0x0,
    0x1, 0x0, 0x0, 0xe, 0xf8, 0x0, 0x0, 0x11,
    0x0, 0x0, 0x0, 0xef, 0x10, 0x1, 0xff, 0xff,
    0xff, 0xff, 0xff, 0xff, 0xff, 0xf0, 0x0, 0x0,
    0xe, 0xf1, 0x0, 0x1d, 0xcb, 0xbb, 0xbb, 0xbb,
    0xbb, 0xbb, 0xcd, 0x0, 0x44, 0x32, 0xef, 0x32,
    0x20, 0x0, 0x0, 0x0, 0x0, 0x3, 0x80, 0x0,
    0x0, 0xb, 0xff, 0xff, 0xff, 0xfd, 0x0, 0x4,
    0xd5, 0x0, 0x0, 0x7f, 0xe1, 0x0, 0x0, 0x9c,
    0xcb, 0xff, 0xcc, 0xa0, 0x0, 0xaf, 0xe0, 0x0,
    0xb, 0xfa, 0x0, 0x0, 0x0, 0x0, 0xe, 0xf1,
    0x0, 0x0, 0x1, 0xff, 0x80, 0x0, 0xff, 0x20,
    0x0, 0x0, 0x0, 0x0, 0xef, 0x10, 0x0, 0x0,
    0x7, 0x72, 0x0, 0x5f, 0xc0, 0x0, 0x0, 0x0,
    0x0, 0xe, 0xf1, 0x0, 0x5f, 0xfe, 0xee, 0xee,
    0xef, 0xff, 0xee, 0xff, 0x0, 0x0, 0x0, 0xef,
    0x10, 0x34, 0xed, 0xdd, 0xdd, 0xdd, 0xdd, 0xdd,
    0xdd, 0xe0, 0x0, 0x0, 0xe, 0xf8, 0xe9, 0x0,
    0x0, 0x2, 0xa3, 0x0, 0x0, 0x0, 0x0, 0x0,
    0x0, 0x2, 0xef, 0xff, 0x90, 0x0, 0x0, 0x7f,
    0xf2, 0x0, 0x0, 0x0, 0x0, 0x2, 0x6b, 0xff,
    0xfc, 0x40, 0x32, 0x11, 0x1c, 0xfb, 0x11, 0x11,
    0x11, 0x12, 0x20, 0xdf, 0xff, 0xff, 0x10, 0xf,
    0xff, 0xff, 0xff, 0xff, 0xff, 0xff, 0xff, 0xfe,
    0x6, 0xf8, 0x1e, 0xf1, 0x0, 0xba, 0xaa, 0xef,
    0xda, 0xaa, 0xcf, 0xea, 0xaa, 0xa0, 0x2, 0x0,
    0xef, 0x10, 0x0, 0x0, 0x2f, 0xe1, 0x0, 0x9,
    0xf7, 0x0, 0x0, 0x0, 0x0, 0xe, 0xf1, 0x0,
    0x0, 0xb, 0xf6, 0x0, 0x1, 0xff, 0x0, 0x0,
    0x0, 0x0, 0x0, 0xef, 0x10, 0x0, 0x3, 0xff,
    0xfa, 0x40, 0xaf, 0x70, 0x0, 0x0, 0x0, 0x0,
    0xe, 0xf1, 0x0, 0x0, 0x2, 0x8e, 0xff, 0xdf,
    0xd0, 0x0, 0x0, 0x0, 0x0, 0x0, 0xef, 0x10,
    0x0, 0x0, 0x0, 0x7, 0xff, 0xfe, 0x70, 0x0,
    0x0, 0x0, 0x0, 0xf, 0xf1, 0x0, 0x0, 0x0,
    0x6, 0xef, 0xec, 0xff, 0xf8, 0x10, 0x0, 0x8,
    0x8b, 0xff, 0x0, 0x0, 0x36, 0xaf, 0xff, 0xb1,
    0x5, 0xdf, 0xfe, 0x70, 0x0, 0x9f, 0xff, 0x90,
    0x1, 0xef, 0xff, 0xfb, 0x30, 0x0, 0x0, 0x7f,
    0xfe, 0x10, 0x4, 0xdb, 0x60, 0x0, 0x7, 0xea,
    0x61, 0x0, 0x0, 0x0, 0x0, 0x1b, 0x30, 0x0,
    0x0, 0x0, 0x0, 0x0, 0x0, 0x0, 0x0, 0x0,
    0x0, 0x0, 0x0, 0x0, 0x0,

    /* U+63D0 "提" */
    0x0, 0x0, 0x2c, 0xc1, 0x0, 0x0, 0x0, 0x0,
    0x0, 0x0, 0x0, 0x0, 0x0, 0x0, 0x0, 0x1,
    0xff, 0x0, 0x0, 0xf, 0xff, 0xff, 0xff, 0xff,
    0xff, 0xf4, 0x0, 0x0, 0x0, 0x1f, 0xf0, 0x0,
    0x0, 0xef, 0xee, 0xee, 0xee, 0xee, 0xff, 0x30,
    0x0, 0x0, 0x1, 0xff, 0x0, 0x0, 0xe, 0xf1,
    0x0, 0x0, 0x0, 0xc, 0xf3, 0x0, 0x0, 0x0,
    0x1f, 0xf0, 0x0, 0x0, 0xef, 0x20, 0x0, 0x0,
    0x0, 0xcf, 0x20, 0x0, 0x0, 0x1, 0xff, 0x0,
    0x0, 0xd, 0xff, 0xff, 0xff, 0xff, 0xff, 0xf2,
    0x0, 0x5, 0xaa, 0xaf, 0xfa, 0xab, 0x30, 0xdf,
    0xdd, 0xdd, 0xdd, 0xdd, 0xff, 0x20, 0x0, 0x7f,
    0xff, 0xff, 0xff, 0xf4, 0xe, 0xf1, 0x0, 0x0,
    0x0, 0xc, 0xf2, 0x0, 0x1, 0x21, 0x2f, 0xf1,
    0x22, 0x0, 0xef, 0x20, 0x0, 0x0, 0x0, 0xcf,
    0x30, 0x0, 0x0, 0x1, 0xff, 0x0, 0x0, 0xe,
    0xff, 0xff, 0xff, 0xff, 0xff, 0xf3, 0x0, 0x0,
    0x0, 0x1f, 0xf0, 0x0, 0x0, 0xab, 0xbb, 0xbb,
    0xbb, 0xbb, 0xbb, 0x20, 0x0, 0x0, 0x1, 0xff,
    0x0, 0x10, 0x0, 0x0, 0x0, 0x0, 0x0, 0x0,
    0x0, 0x0, 0x0, 0x0, 0x1f, 0xf2, 0xb8, 0x33,
    0x33, 0x22, 0x22, 0x22, 0x22, 0x23, 0x34, 0x20,
    0x0, 0x1, 0xff, 0xff, 0x8d, 0xff, 0xff, 0xff,
    0xff, 0xff, 0xff, 0xff, 0xf7, 0x0, 0x28, 0xef,
    0xfc, 0x40, 0x8a, 0xa9, 0x99, 0x9f, 0xfa, 0x99,
    0x99, 0xaa, 0x50, 0xcf, 0xfe, 0xff, 0x0, 0x0,
    0x2, 0x0, 0x0, 0xef, 0x20, 0x0, 0x0, 0x0,
    0x6, 0xc5, 0x1f, 0xf0, 0x0, 0x0, 0xee, 0x40,
    0xe, 0xf2, 0x0, 0x0, 0x0, 0x0, 0x0, 0x1,
    0xff, 0x0, 0x0, 0xf, 0xf2, 0x0, 0xef, 0xdc,
    0xdd, 0xe7, 0x0, 0x0, 0x0, 0x1f, 0xf0, 0x0,
    0x3, 0xfe, 0x0, 0xe, 0xff, 0xff, 0xff, 0x80,
    0x0, 0x0, 0x1, 0xff, 0x0, 0x0, 0x8f, 0xc0,
    0x0, 0xef, 0x20, 0x0, 0x0, 0x0, 0x0, 0x0,
    0x1f, 0xf0, 0x0, 0xe, 0xff, 0x60, 0xe, 0xf2,
    0x0, 0x0, 0x0, 0x0, 0x0, 0x1, 0xff, 0x0,
    0x6, 0xff, 0xff, 0x80, 0xef, 0x20, 0x0, 0x0,
    0x0, 0x0, 0x0, 0x3f, 0xf0, 0x2, 0xef, 0x85,
    0xff, 0xff, 0xf6, 0x21, 0x11, 0x24, 0x40, 0x9,
    0xef, 0xfe, 0x2, 0xdf, 0xd0, 0x2, 0xbf, 0xff,
    0xff, 0xff, 0xff, 0xf6, 0x0, 0x4f, 0xff, 0x60,
    0xdf, 0xe2, 0x0, 0x0, 0x38, 0xcd, 0xff, 0xff,
    0xff, 0x10, 0x1, 0x75, 0x10, 0x0, 0xa2, 0x0,
    0x0, 0x0, 0x0, 0x0, 0x0, 0x0, 0x0,

    /* U+63D2 "插" */
    0x0, 0x0, 0x1a, 0x90, 0x0, 0x0, 0x0, 0x0,
    0x0, 0x0, 0x1, 0x48, 0x40, 0x0, 0x0, 0x1,
    0xfe, 0x0, 0x0, 0x23, 0x45, 0x67, 0x9a, 0xce,
    0xff, 0xfd, 0x0, 0x0, 0x0, 0x1f, 0xd0, 0x0,
    0x2f, 0xff, 0xff, 0xff, 0xff, 0xfe, 0xca, 0x83,
    0x0, 0x0, 0x1, 0xfc, 0x0, 0x0, 0xad, 0xca,
    0x97, 0xff, 0x41, 0x0, 0x0, 0x0, 0x0, 0x0,
    0x1f, 0xc0, 0x0, 0x0, 0x0, 0x0, 0xf, 0xf0,
    0x0, 0x0, 0x0, 0x0, 0x25, 0x45, 0xfd, 0x45,
    0x10, 0x0, 0x0, 0x0, 0xff, 0x0, 0x0, 0x0,
    0x0, 0x7, 0xff, 0xff, 0xff, 0xf4, 0xcc, 0xcb,
    0xbb, 0xbf, 0xfb, 0xbb, 0xbb, 0xcc, 0x70, 0x5a,
    0x99, 0xfe, 0x9a, 0x3f, 0xff, 0xff, 0xff, 0xff,
    0xff, 0xff, 0xff, 0xf9, 0x0, 0x0, 0x1f, 0xc0,
    0x0, 0x33, 0x22, 0x22, 0x2f, 0xf2, 0x22, 0x22,
    0x22, 0x10, 0x0, 0x1, 0xfc, 0x0, 0x0, 0x0,
    0x0, 0x0, 0xff, 0x0, 0x0, 0x0, 0x0, 0x0,
    0x0, 0x1f, 0xc0, 0x0, 0x0, 0x3, 0xa0, 0xf,
    0xf0, 0x0, 0x0, 0x0, 0x0, 0x0, 0x1, 0xfc,
    0x5, 0x31, 0x8c, 0xff, 0x60, 0xff, 0x3, 0xff,
    0xff, 0xb0, 0x0, 0x0, 0x1f, 0xee, 0xf5, 0x1f,
    0xfa, 0x62, 0xf, 0xf0, 0x2c, 0xbc, 0xfb, 0x0,
    0x1, 0x6b, 0xff, 0xf9, 0x11, 0xfc, 0x0, 0x0,
    0xff, 0x0, 0x0, 0x4f, 0xb0, 0xa, 0xff, 0xff,
    0xd1, 0x0, 0x1f, 0xc0, 0x0, 0xf, 0xf0, 0x0,
    0x4, 0xfb, 0x0, 0x6f, 0xd7, 0xfc, 0x0, 0x1,
    0xfc, 0x0, 0x10, 0xff, 0x0, 0x10, 0x4f, 0xb0,
    0x0, 0x60, 0x1f, 0xc0, 0x0, 0x1f, 0xff, 0xfd,
    0xf, 0xf0, 0x1f, 0xff, 0xfb, 0x0, 0x0, 0x1,
    0xfc, 0x0, 0x1, 0xff, 0xcc, 0xb0, 0xff, 0x1,
    0xdc, 0xdf, 0xb0, 0x0, 0x0, 0x1f, 0xc0, 0x0,
    0x1f, 0xc0, 0x0, 0xf, 0xf0, 0x0, 0x4, 0xfb,
    0x0, 0x0, 0x1, 0xfc, 0x0, 0x1, 0xfc, 0x0,
    0x0, 0xff, 0x0, 0x0, 0x4f, 0xb0, 0x0, 0x0,
    0x1f, 0xc0, 0x0, 0x1f, 0xc0, 0x0, 0xf, 0xf0,
    0x0, 0x4, 0xfb, 0x0, 0x0, 0x1, 0xfc, 0x0,
    0x1, 0xfc, 0x0, 0x0, 0xff, 0x10, 0x0, 0x4f,
    0xb0, 0x0, 0x0, 0x3f, 0xc0, 0x0, 0x1f, 0xff,
    0xff, 0xff, 0xff, 0xff, 0xff, 0xfb, 0x0, 0x8,
    0xcf, 0xfb, 0x0, 0x1, 0xff, 0xbb, 0xbb, 0xbb,
    0xbb, 0xbb, 0xcf, 0xb0, 0x0, 0x6f, 0xff, 0x50,
    0x0, 0x1f, 0xc0, 0x0, 0x0, 0x0, 0x0, 0x4,
    0xfb, 0x0, 0x2, 0xd9, 0x30, 0x0, 0x2, 0xfc,
    0x0, 0x0, 0x0, 0x0, 0x0, 0x4f, 0xc0,

    /* U+6587 "文" */
    0x0, 0x0, 0x0, 0x0, 0x0, 0x78, 0x0, 0x0,
    0x0, 0x0, 0x0, 0x0, 0x0, 0x0, 0x0, 0x0,
    0x0, 0x5, 0xff, 0x20, 0x0, 0x0, 0x0, 0x0,
    0x0, 0x0, 0x0, 0x0, 0x0, 0x0, 0x0, 0xcf,
    0xc0, 0x0, 0x0, 0x0, 0x0, 0x0, 0x0, 0x0,
    0x0, 0x0, 0x0, 0x0, 0x2f, 0xf5, 0x0, 0x0,
    0x0, 0x0, 0x0, 0x0, 0x0, 0x0, 0x0, 0x0,
    0x0, 0x9, 0xfd, 0x0, 0x0, 0x0, 0x0, 0x0,
    0x0, 0x12, 0x11, 0x11, 0x11, 0x11, 0x12, 0x91,
    0x11, 0x11, 0x11, 0x11, 0x11, 0x20, 0xbf, 0xff,
    0xff, 0xff, 0xff, 0xff, 0xff, 0xff, 0xff, 0xff,
    0xff, 0xff, 0xf2, 0xbf, 0xfe, 0xef, 0xff, 0xff,
    0xff, 0xff, 0xff, 0xff, 0xff, 0xff, 0xff, 0xf2,
    0x10, 0x0, 0x7, 0xfc, 0x0, 0x0, 0x0, 0x0,
    0x6f, 0xe0, 0x0, 0x1, 0x10, 0x0, 0x0, 0x3,
    0xff, 0x0, 0x0, 0x0, 0x0, 0x9f, 0xa0, 0x0,
    0x0, 0x0, 0x0, 0x0, 0x0, 0xef, 0x30, 0x0,
    0x0, 0x0, 0xdf, 0x60, 0x0, 0x0, 0x0, 0x0,
    0x0, 0x0, 0xaf, 0x80, 0x0, 0x0, 0x3, 0xff,
    0x20, 0x0, 0x0, 0x0, 0x0, 0x0, 0x0, 0x3f,
    0xe0, 0x0, 0x0, 0x8, 0xfc, 0x0, 0x0, 0x0,
    0x0, 0x0, 0x0, 0x0, 0xd, 0xf5, 0x0, 0x0,
    0xe, 0xf5, 0x0, 0x0, 0x0, 0x0, 0x0, 0x0,
    0x0, 0x6, 0xfd, 0x0, 0x0, 0x8f, 0xe0, 0x0,
    0x0, 0x0, 0x0, 0x0, 0x0, 0x0, 0x0, 0xdf,
    0x80, 0x1, 0xff, 0x60, 0x0, 0x0, 0x0, 0x0,
    0x0, 0x0, 0x0, 0x0, 0x4f, 0xf4, 0xb, 0xfd,
    0x0, 0x0, 0x0, 0x0, 0x0, 0x0, 0x0, 0x0,
    0x0, 0x8, 0xff, 0x9f, 0xf3, 0x0, 0x0, 0x0,
    0x0, 0x0, 0x0, 0x0, 0x0, 0x0, 0x0, 0xbf,
    0xff, 0x70, 0x0, 0x0, 0x0, 0x0, 0x0, 0x0,
    0x0, 0x0, 0x0, 0x0, 0xaf, 0xff, 0x80, 0x0,
    0x0, 0x0, 0x0, 0x0, 0x0, 0x0, 0x0, 0x0,
    0x2d, 0xff, 0xaf, 0xfc, 0x30, 0x0, 0x0, 0x0,
    0x0, 0x0, 0x0, 0x0, 0x29, 0xff, 0xd3, 0x4,
    0xef, 0xfb, 0x40, 0x0, 0x0, 0x0, 0x0, 0x0,
    0x5b, 0xff, 0xf9, 0x0, 0x0, 0x9, 0xff, 0xfe,
    0x95, 0x10, 0x0, 0x37, 0xbf, 0xff, 0xfb, 0x20,
    0x0, 0x0, 0x0, 0x2a, 0xff, 0xff, 0xfd, 0xa1,
    0x2f, 0xff, 0xf9, 0x20, 0x0, 0x0, 0x0, 0x0,
    0x0, 0x17, 0xcf, 0xff, 0x60, 0x6, 0xb5, 0x0,
    0x0, 0x0, 0x0, 0x0, 0x0, 0x0, 0x0, 0x2,
    0x78, 0x0,

    /* U+65F6 "时" */
    0x0, 0x0, 0x0, 0x0, 0x0, 0x0, 0x0, 0x0,
    0x0, 0x0, 0x0, 0x0, 0x0, 0x0, 0x0, 0x0,
    0x0, 0x0, 0x0, 0x0, 0x0, 0x0, 0xef, 0x70,
    0x0, 0x0, 0x0, 0x0, 0x0, 0x0, 0x0, 0x0,
    0x0, 0x0, 0xe, 0xf7, 0x0, 0x0, 0x0, 0x0,
    0x0, 0x0, 0x0, 0x0, 0x0, 0x0, 0x0, 0xdf,
    0x60, 0x0, 0xef, 0xff, 0xff, 0xff, 0xf0, 0x0,
    0x0, 0x0, 0x0, 0xd, 0xf6, 0x0, 0xe, 0xfe,
    0xdd, 0xde, 0xff, 0x0, 0x0, 0x0, 0x0, 0x0,
    0xdf, 0x60, 0x0, 0xef, 0x60, 0x0, 0x4f, 0xf0,
    0x0, 0x0, 0x0, 0x0, 0xd, 0xf6, 0x0, 0xd,
    0xf6, 0x0, 0x4, 0xff, 0xf, 0xff, 0xff, 0xee,
    0xee, 0xff, 0xff, 0xfe, 0xdf, 0x60, 0x0, 0x4f,
    0xf0, 0xff, 0xff, 0xff, 0xff, 0xff, 0xff, 0xff,
    0xed, 0xf6, 0x0, 0x4, 0xff, 0x0, 0x0, 0x0,
    0x0, 0x0, 0xdf, 0x60, 0x0, 0xdf, 0x60, 0x0,
    0x4f, 0xf0, 0x0, 0x0, 0x0, 0x0, 0xd, 0xf6,
    0x0, 0xd, 0xff, 0xff, 0xff, 0xff, 0x0, 0x0,
    0x0, 0x0, 0x0, 0xdf, 0x60, 0x0, 0xdf, 0xed,
    0xdd, 0xef, 0xf0, 0x1, 0x79, 0x0, 0x0, 0xd,
    0xf6, 0x0, 0xd, 0xf6, 0x0, 0x4, 0xff, 0x0,
    0x6f, 0xf3, 0x0, 0x0, 0xdf, 0x60, 0x0, 0xdf,
    0x60, 0x0, 0x4f, 0xf0, 0x0, 0xcf, 0xd0, 0x0,
    0xd, 0xf6, 0x0, 0xd, 0xf6, 0x0, 0x4, 0xff,
    0x0, 0x3, 0xff, 0x50, 0x0, 0xdf, 0x60, 0x0,
    0xdf, 0x60, 0x0, 0x4f, 0xf0, 0x0, 0xc, 0xfd,
    0x0, 0xd, 0xf6, 0x0, 0xd, 0xf6, 0x0, 0x4,
    0xff, 0x0, 0x0, 0x48, 0x20, 0x0, 0xdf, 0x60,
    0x0, 0xdf, 0xed, 0xdd, 0xdf, 0xf0, 0x0, 0x0,
    0x0, 0x0, 0xd, 0xf6, 0x0, 0xe, 0xff, 0xff,
    0xff, 0xff, 0x0, 0x0, 0x0, 0x0, 0x0, 0xdf,
    0x60, 0x0, 0xef, 0x60, 0x0, 0x4f, 0xf0, 0x0,
    0x0, 0x0, 0x0, 0xd, 0xf6, 0x0, 0xe, 0xf6,
    0x0, 0x4, 0xff, 0x0, 0x0, 0x0, 0x0, 0x0,
    0xdf, 0x60, 0x0, 0xef, 0x60, 0x0, 0x14, 0x40,
    0x0, 0x0, 0x0, 0x0, 0xd, 0xf6, 0x0, 0xb,
    0xc4, 0x0, 0x0, 0x0, 0x0, 0x0, 0x0, 0x0,
    0x0, 0xef, 0x50, 0x0, 0x0, 0x0, 0x0, 0x0,
    0x0, 0x0, 0x0, 0x2, 0xdd, 0xff, 0xf4, 0x0,
    0x0, 0x0, 0x0, 0x0, 0x0, 0x0, 0x0, 0x0,
    0x8, 0xff, 0xf9, 0x0, 0x0, 0x0, 0x0, 0x0,
    0x0, 0x0, 0x0, 0x0, 0x0, 0x26, 0x30, 0x0,
    0x0, 0x0,

    /* U+660E "明" */
    0x0, 0x0, 0x0, 0x0, 0x0, 0x1, 0xcc, 0xcc,
    0xcc, 0xcc, 0xcc, 0xc0, 0xbe, 0xee, 0xee, 0xee,
    0xe0, 0x1, 0xff, 0xff, 0xff, 0xff, 0xff, 0xf0,
    0xcf, 0xff, 0xff, 0xff, 0xf0, 0x0, 0xff, 0x41,
    0x11, 0x11, 0x5f, 0xf0, 0xbf, 0x60, 0x0, 0xf,
    0xf0, 0x0, 0xff, 0x30, 0x0, 0x0, 0x4f, 0xf0,
    0xbf, 0x60, 0x0, 0xf, 0xf0, 0x0, 0xff, 0x30,
    0x0, 0x0, 0x4f, 0xf0, 0xbf, 0x60, 0x0, 0xf,
    0xf0, 0x0, 0xff, 0x30, 0x0, 0x0, 0x4f, 0xf0,
    0xbf, 0x60, 0x0, 0xf, 0xf0, 0x0, 0xff, 0x64,
    0x44, 0x44, 0x7f, 0xf0, 0xbf, 0x60, 0x0, 0x1f,
    0xf0, 0x0, 0xff, 0xff, 0xff, 0xff, 0xff, 0xf0,
    0xbf, 0xff, 0xff, 0xff, 0xf0, 0x0, 0xff, 0xa9,
    0x99, 0x99, 0xbf, 0xf0, 0xbf, 0xdb, 0xbb, 0xbf,
    0xf0, 0x0, 0xff, 0x30, 0x0, 0x0, 0x4f, 0xf0,
    0xbf, 0x60, 0x0, 0xf, 0xf0, 0x0, 0xff, 0x30,
    0x0, 0x0, 0x4f, 0xf0, 0xbf, 0x60, 0x0, 0xf,
    0xf0, 0x0, 0xff, 0x30, 0x0, 0x0, 0x4f, 0xf0,
    0xbf, 0x60, 0x0, 0xf, 0xf0, 0x0, 0xff, 0x30,
    0x0, 0x0, 0x4f, 0xf0, 0xbf, 0x60, 0x0, 0xf,
    0xf0, 0x1, 0xff, 0xff, 0xff, 0xff, 0xff, 0xf0,
    0xbf, 0x60, 0x0, 0xf, 0xf0, 0x2, 0xff, 0xee,
    0xee, 0xee, 0xef, 0xf0, 0xbf, 0xff, 0xff, 0xff,
    0xf0, 0x4, 0xff, 0x0, 0x0, 0x0, 0x4f, 0xf0,
    0xbf, 0xff, 0xff, 0xff, 0xf0, 0x6, 0xfc, 0x0,
    0x0, 0x0, 0x4f, 0xf0, 0xbf, 0x60, 0x0, 0xf,
    0xf0, 0xa, 0xfa, 0x0, 0x0, 0x0, 0x4f, 0xf0,
    0xcf, 0x60, 0x0, 0x9, 0x90, 0xe, 0xf5, 0x0,
    0x0, 0x0, 0x4f, 0xf0, 0xcf, 0x60, 0x0, 0x0,
    0x0, 0x3f, 0xf1, 0x0, 0x0, 0x0, 0x4f, 0xf0,
    0x0, 0x0, 0x0, 0x0, 0x0, 0xaf, 0xc0, 0x0,
    0x0, 0x0, 0x4f, 0xe0, 0x0, 0x0, 0x0, 0x0,
    0x2, 0xff, 0x50, 0x0, 0x0, 0x11, 0x8f, 0xe0,
    0x0, 0x0, 0x0, 0x0, 0xc, 0xfe, 0x0, 0x0,
    0x5, 0xff, 0xff, 0xc0, 0x0, 0x0, 0x0, 0x0,
    0x6f, 0xf5, 0x0, 0x0, 0x0, 0xdf, 0xfd, 0x30,
    0x0, 0x0, 0x0, 0x0, 0x5, 0xb0, 0x0, 0x0,
    0x0, 0x45, 0x10, 0x0, 0x0, 0x0, 0x0, 0x0,
    0x0, 0x0, 0x0, 0x0, 0x0, 0x0, 0x0, 0x0,

    /* U+663E "显" */
    0x0, 0x0, 0xbc, 0xcc, 0xcc, 0xcc, 0xcc, 0xcc,
    0xcc, 0xcc, 0xcc, 0x0, 0x0, 0x0, 0x0, 0xef,
    0xff, 0xff, 0xff, 0xff, 0xff, 0xff, 0xff, 0xff,
    0x0, 0x0, 0x0, 0x0, 0xef, 0x61, 0x11, 0x11,
    0x11, 0x11, 0x11, 0x14, 0xff, 0x0, 0x0, 0x0,
    0x0, 0xef, 0x50, 0x0, 0x0, 0x0, 0x0, 0x0,
    0x3, 0xff, 0x0, 0x0, 0x0, 0x0, 0xdf, 0x50,
    0x0, 0x0, 0x0, 0x0, 0x0, 0x3, 0xff, 0x0,
    0x0, 0x0, 0x0, 0xdf, 0xfe, 0xee, 0xee, 0xee,
    0xee, 0xee, 0xef, 0xff, 0x0, 0x0, 0x0, 0x0,
    0xdf, 0xff, 0xff, 0xff, 0xff, 0xff, 0xff, 0xff,
    0xff, 0x0, 0x0, 0x0, 0x0, 0xef, 0x50, 0x0,
    0x0, 0x0, 0x0, 0x0, 0x4, 0xff, 0x0, 0x0,
    0x0, 0x0, 0xef, 0x50, 0x0, 0x0, 0x0, 0x0,
    0x0, 0x3, 0xff, 0x0, 0x0, 0x0, 0x0, 0xef,
    0x74, 0x44, 0x44, 0x44, 0x44, 0x44, 0x46, 0xff,
    0x0, 0x0, 0x0, 0x0, 0xef, 0xff, 0xff, 0xff,
    0xff, 0xff, 0xff, 0xff, 0xff, 0x0, 0x0, 0x0,
    0x0, 0xbb, 0xbb, 0xbb, 0xbb, 0xbb, 0xbb, 0xbb,
    0xbb, 0xbb, 0x0, 0x0, 0x0, 0x0, 0x0, 0x0,
    0x5e, 0xe0, 0x0, 0x1e, 0xe3, 0x0, 0x0, 0x0,
    0x0, 0x0, 0x0, 0x0, 0x0, 0x5f, 0xf0, 0x0,
    0x1f, 0xf3, 0x0, 0x0, 0x0, 0x0, 0x0, 0x5e,
    0x40, 0x0, 0x4f, 0xf0, 0x0, 0x1f, 0xf2, 0x0,
    0x7, 0xc2, 0x0, 0x0, 0xcf, 0xd0, 0x0, 0x4f,
    0xf0, 0x0, 0xf, 0xf2, 0x0, 0xd, 0xfd, 0x0,
    0x0, 0x2f, 0xf8, 0x0, 0x4f, 0xe0, 0x0, 0xf,
    0xf2, 0x0, 0x5f, 0xf4, 0x0, 0x0, 0x9, 0xff,
    0x10, 0x4f, 0xe0, 0x0, 0xf, 0xf2, 0x0, 0xef,
    0xa0, 0x0, 0x0, 0x1, 0xff, 0xa0, 0x4f, 0xe0,
    0x0, 0xf, 0xf2, 0x8, 0xff, 0x20, 0x0, 0x0,
    0x0, 0x8f, 0xf2, 0x4f, 0xe0, 0x0, 0xf, 0xf2,
    0x3f, 0xf7, 0x0, 0x0, 0x0, 0x0, 0x1d, 0x40,
    0x4f, 0xe0, 0x0, 0xf, 0xf2, 0x19, 0xc0, 0x0,
    0x0, 0x2, 0x11, 0x10, 0x0, 0x4f, 0xe0, 0x0,
    0x1f, 0xf3, 0x0, 0x11, 0x11, 0x11, 0x2f, 0xff,
    0xff, 0xff, 0xff, 0xff, 0xff, 0xff, 0xff, 0xff,
    0xff, 0xff, 0xf7, 0x2e, 0xdd, 0xdd, 0xdd, 0xdd,
    0xdd, 0xdd, 0xdd, 0xdd, 0xdd, 0xdd, 0xdd, 0xe6,

    /* U+66F4 "更" */
    0x5, 0xdc, 0xcc, 0xcc, 0xcc, 0xcc, 0xcc, 0xcc,
    0xcc, 0xcc, 0xcc, 0xcd, 0x40, 0x6, 0xff, 0xff,
    0xff, 0xff, 0xff, 0xff, 0xff, 0xff, 0xff, 0xff,
    0xff, 0x50, 0x0, 0x0, 0x0, 0x0, 0x0, 0x0,
    0xef, 0x20, 0x0, 0x0, 0x0, 0x0, 0x0, 0x0,
    0x0, 0x0, 0x0, 0x0, 0x0, 0xef, 0x20, 0x0,
    0x0, 0x0, 0x0, 0x0, 0x0, 0x1, 0xbb, 0xbb,
    0xbb, 0xbb, 0xff, 0xbb, 0xbb, 0xbb, 0xbb, 0x10,
    0x0, 0x0, 0x2, 0xff, 0xff, 0xff, 0xff, 0xff,
    0xff, 0xff, 0xff, 0xff, 0x20, 0x0, 0x0, 0x1,
    0xff, 0x10, 0x0, 0x0, 0xef, 0x20, 0x0, 0x1,
    0xff, 0x10, 0x0, 0x0, 0x1, 0xff, 0x10, 0x0,
    0x0, 0xef, 0x20, 0x0, 0x1, 0xff, 0x10, 0x0,
    0x0, 0x1, 0xff, 0xdc, 0xcc, 0xcc, 0xff, 0xdc,
    0xcc, 0xcd, 0xff, 0x10, 0x0, 0x0, 0x1, 0xff,
    0xff, 0xff, 0xff, 0xff, 0xff, 0xff, 0xff, 0xff,
    0x10, 0x0, 0x0, 0x1, 0xff, 0x10, 0x0, 0x0,
    0xff, 0x20, 0x0, 0x1, 0xff, 0x10, 0x0, 0x0,
    0x1, 0xff, 0x10, 0x0, 0x0, 0xff, 0x10, 0x0,
    0x1, 0xff, 0x10, 0x0, 0x0, 0x2, 0xff, 0xdd,
    0xdd, 0xdd, 0xff, 0xdd, 0xdd, 0xdd, 0xff, 0x10,
    0x0, 0x0, 0x2, 0xff, 0xff, 0xff, 0xff, 0xff,
    0xff, 0xff, 0xff, 0xff, 0x20, 0x0, 0x0, 0x0,
    0x2, 0xd5, 0x0, 0x6, 0xfb, 0x0, 0x0, 0x0,
    0x0, 0x0, 0x0, 0x0, 0x0, 0x8, 0xff, 0x50,
    0x9, 0xf7, 0x0, 0x0, 0x0, 0x0, 0x0, 0x0,
    0x0, 0x0, 0x0, 0x7f, 0xf8, 0xe, 0xf2, 0x0,
    0x0, 0x0, 0x0, 0x0, 0x0, 0x0, 0x0, 0x0,
    0x5, 0xff, 0xef, 0xa0, 0x0, 0x0, 0x0, 0x0,
    0x0, 0x0, 0x0, 0x0, 0x0, 0x0, 0x2d, 0xff,
    0xa1, 0x0, 0x0, 0x0, 0x0, 0x0, 0x0, 0x0,
    0x0, 0x0, 0x0, 0x7f, 0xff, 0xff, 0xb5, 0x10,
    0x0, 0x0, 0x0, 0x0, 0x0, 0x0, 0x3, 0x8e,
    0xff, 0x62, 0x9f, 0xff, 0xfd, 0x96, 0x31, 0x0,
    0x0, 0x28, 0x9b, 0xff, 0xff, 0xa2, 0x0, 0x1,
    0x6b, 0xff, 0xff, 0xff, 0xff, 0xc0, 0xe, 0xff,
    0xfd, 0x82, 0x0, 0x0, 0x0, 0x0, 0x4, 0x7b,
    0xef, 0xff, 0x50, 0x5, 0x85, 0x10, 0x0, 0x0,
    0x0, 0x0, 0x0, 0x0, 0x0, 0x0, 0x24, 0x0,

    /* U+66FF "替" */
    0x0, 0x0, 0x0, 0x44, 0x10, 0x0, 0x0, 0x0,
    0x5, 0x20, 0x0, 0x0, 0x0, 0x0, 0x0, 0x0,
    0xbf, 0x70, 0x0, 0x0, 0x0, 0xf, 0xf3, 0x0,
    0x0, 0x0, 0x0, 0x0, 0x0, 0xaf, 0x30, 0x0,
    0x0, 0x0, 0x1f, 0xf0, 0x0, 0x0, 0x0, 0x0,
    0xed, 0xdd, 0xff, 0xdd, 0xea, 0x7, 0xdd, 0xdf,
    0xfd, 0xdd, 0xe7, 0x0, 0x0, 0xff, 0xff, 0xff,
    0xff, 0xfb, 0x8, 0xff, 0xff, 0xff, 0xff, 0xf8,
    0x0, 0x0, 0x0, 0x0, 0xde, 0x0, 0x0, 0x0,
    0x0, 0x4f, 0xb0, 0x0, 0x0, 0x0, 0x0, 0x0,
    0x0, 0xfc, 0x0, 0x0, 0x0, 0x0, 0x6f, 0xa0,
    0x0, 0x0, 0x0, 0x2f, 0xff, 0xff, 0xff, 0xff,
    0xff, 0x3f, 0xff, 0xff, 0xff, 0xff, 0xff, 0xc0,
    0x1c, 0xbb, 0xbe, 0xfe, 0xbb, 0xcc, 0x2c, 0xbb,
    0xff, 0xfd, 0xbb, 0xbc, 0x90, 0x0, 0x0, 0x1e,
    0xff, 0x90, 0x0, 0x0, 0x4, 0xff, 0xdd, 0x10,
    0x0, 0x0, 0x0, 0x0, 0xaf, 0xbe, 0xfc, 0x10,
    0x0, 0x2e, 0xf7, 0x4f, 0xd1, 0x0, 0x0, 0x0,
    0x8, 0xfd, 0x1, 0xcf, 0xd0, 0x4, 0xef, 0xb0,
    0x8, 0xfe, 0x60, 0x0, 0x0, 0xaf, 0xf2, 0x0,
    0xa, 0x20, 0x6f, 0xfb, 0x0, 0x0, 0x8f, 0xfe,
    0x90, 0x4d, 0xff, 0x40, 0x0, 0x0, 0x0, 0x8,
    0x70, 0x0, 0x0, 0x4, 0xdf, 0x60, 0x2e, 0xe3,
    0x8, 0xff, 0xff, 0xff, 0xff, 0xff, 0xff, 0xff,
    0xc0, 0x4, 0x0, 0x2, 0x10, 0x8, 0xfe, 0xcc,
    0xcc, 0xcc, 0xcc, 0xcc, 0xdf, 0xc0, 0x0, 0x0,
    0x0, 0x0, 0x7, 0xf8, 0x0, 0x0, 0x0, 0x0,
    0x0, 0x4f, 0xb0, 0x0, 0x0, 0x0, 0x0, 0x7,
    0xf8, 0x0, 0x0, 0x0, 0x0, 0x0, 0x4f, 0xb0,
    0x0, 0x0, 0x0, 0x0, 0x7, 0xff, 0xee, 0xee,
    0xee, 0xee, 0xee, 0xef, 0xb0, 0x0, 0x0, 0x0,
    0x0, 0x7, 0xff, 0xff, 0xff, 0xff, 0xff, 0xff,
    0xff, 0xb0, 0x0, 0x0, 0x0, 0x0, 0x7, 0xf8,
    0x0, 0x0, 0x0, 0x0, 0x0, 0x4f, 0xb0, 0x0,
    0x0, 0x0, 0x0, 0x7, 0xf8, 0x0, 0x0, 0x0,
    0x0, 0x0, 0x4f, 0xb0, 0x0, 0x0, 0x0, 0x0,
    0x7, 0xfd, 0xbb, 0xbb, 0xbb, 0xbb, 0xbb, 0xcf,
    0xb0, 0x0, 0x0, 0x0, 0x0, 0x7, 0xff, 0xff,
    0xff, 0xff, 0xff, 0xff, 0xff, 0xc0, 0x0, 0x0,
    0x0, 0x0, 0x8, 0xf8, 0x0, 0x0, 0x0, 0x0,
    0x0, 0x4f, 0xc0, 0x0, 0x0,

    /* U+672A "未" */
    0x0, 0x0, 0x0, 0x0, 0x0, 0x4, 0xcb, 0x0,
    0x0, 0x0, 0x0, 0x0, 0x0, 0x0, 0x0, 0x0,
    0x0, 0x0, 0x0, 0x5f, 0xf0, 0x0, 0x0, 0x0,
    0x0, 0x0, 0x0, 0x0, 0x0, 0x0, 0x0, 0x0,
    0x4, 0xff, 0x0, 0x0, 0x0, 0x0, 0x0, 0x0,
    0x0, 0x0, 0x0, 0x0, 0x0, 0x0, 0x4f, 0xe0,
    0x0, 0x0, 0x0, 0x0, 0x0, 0x0, 0x0, 0x2,
    0x11, 0x0, 0x0, 0x4, 0xfe, 0x0, 0x0, 0x1,
    0x11, 0x10, 0x0, 0x0, 0x2, 0xff, 0xff, 0xff,
    0xff, 0xff, 0xff, 0xff, 0xff, 0xff, 0xfa, 0x0,
    0x0, 0x0, 0x1c, 0xbb, 0xbb, 0xbb, 0xbc, 0xff,
    0xbb, 0xbb, 0xbb, 0xcc, 0x80, 0x0, 0x0, 0x0,
    0x0, 0x0, 0x0, 0x0, 0x4f, 0xe0, 0x0, 0x0,
    0x0, 0x0, 0x0, 0x0, 0x0, 0x0, 0x0, 0x0,
    0x0, 0x4, 0xfe, 0x0, 0x0, 0x0, 0x0, 0x0,
    0x0, 0x0, 0x0, 0x0, 0x0, 0x0, 0x0, 0x4f,
    0xe0, 0x0, 0x0, 0x0, 0x0, 0x0, 0x0, 0x1,
    0x10, 0x0, 0x0, 0x0, 0x4, 0xfe, 0x0, 0x0,
    0x0, 0x0, 0x1, 0x10, 0x3, 0xff, 0xff, 0xff,
    0xff, 0xff, 0xff, 0xff, 0xff, 0xff, 0xff, 0xff,
    0xfd, 0x0, 0x2c, 0xbb, 0xbb, 0xbb, 0xbc, 0xff,
    0xff, 0xfd, 0xbb, 0xbb, 0xbb, 0xcc, 0xb0, 0x0,
    0x0, 0x0, 0x0, 0x0, 0x9f, 0xff, 0xff, 0xc0,
    0x0, 0x0, 0x0, 0x0, 0x0, 0x0, 0x0, 0x0,
    0x0, 0x4f, 0xf7, 0xfe, 0xcf, 0xa0, 0x0, 0x0,
    0x0, 0x0, 0x0, 0x0, 0x0, 0x0, 0x2f, 0xf7,
    0x4f, 0xe2, 0xff, 0x70, 0x0, 0x0, 0x0, 0x0,
    0x0, 0x0, 0x0, 0x2e, 0xfb, 0x4, 0xfe, 0x6,
    0xff, 0x70, 0x0, 0x0, 0x0, 0x0, 0x0, 0x0,
    0x3e, 0xfd, 0x10, 0x4f, 0xe0, 0xa, 0xff, 0x70,
    0x0, 0x0, 0x0, 0x0, 0x0, 0x5f, 0xfe, 0x10,
    0x4, 0xfe, 0x0, 0xb, 0xff, 0xb1, 0x0, 0x0,
    0x0, 0x0, 0x9f, 0xfd, 0x10, 0x0, 0x4f, 0xe0,
    0x0, 0xa, 0xff, 0xf8, 0x10, 0x0, 0x4, 0xdf,
    0xfb, 0x10, 0x0, 0x4, 0xfe, 0x0, 0x0, 0x7,
    0xff, 0xff, 0xb6, 0x6, 0xff, 0xf8, 0x0, 0x0,
    0x0, 0x4f, 0xe0, 0x0, 0x0, 0x2, 0xcf, 0xff,
    0x40, 0x6, 0xe4, 0x0, 0x0, 0x0, 0x4, 0xff,
    0x0, 0x0, 0x0, 0x0, 0x4b, 0x70, 0x0, 0x0,
    0x0, 0x0, 0x0, 0x0, 0x5f, 0xf0, 0x0, 0x0,
    0x0, 0x0, 0x0, 0x0, 0x0, 0x0, 0x0, 0x0,
    0x0, 0x7, 0xff, 0x0, 0x0, 0x0, 0x0, 0x0,
    0x0, 0x0,

    /* U+673A "机" */
    0x0, 0x0, 0x1, 0x55, 0x0, 0x0, 0x0, 0x0,
    0x0, 0x0, 0x0, 0x0, 0x0, 0x0, 0x0, 0x0,
    0x5, 0xff, 0x0, 0x0, 0x0, 0x0, 0x0, 0x0,
    0x0, 0x0, 0x0, 0x0, 0x0, 0x0, 0x5, 0xff,
    0x0, 0x0, 0x0, 0xee, 0xee, 0xee, 0xee, 0x40,
    0x0, 0x0, 0x0, 0x0, 0x4, 0xfe, 0x0, 0x0,
    0x0, 0xff, 0xff, 0xff, 0xff, 0x50, 0x0, 0x0,
    0x0, 0x0, 0x4, 0xfe, 0x0, 0x0, 0x0, 0xff,
    0x10, 0x0, 0xff, 0x40, 0x0, 0x0, 0x0, 0x0,
    0x4, 0xfe, 0x0, 0x0, 0x0, 0xff, 0x10, 0x0,
    0xff, 0x40, 0x0, 0x0, 0x4, 0xee, 0xde, 0xff,
    0xdd, 0xde, 0x0, 0xff, 0x10, 0x0, 0xff, 0x40,
    0x0, 0x0, 0x5, 0xff, 0xef, 0xff, 0xee, 0xff,
    0x0, 0xff, 0x10, 0x0, 0xff, 0x40, 0x0, 0x0,
    0x0, 0x10, 0xc, 0xfe, 0x0, 0x0, 0x0, 0xff,
    0x10, 0x0, 0xff, 0x40, 0x0, 0x0, 0x0, 0x0,
    0xf, 0xfe, 0x0, 0x0, 0x0, 0xff, 0x10, 0x0,
    0xff, 0x40, 0x0, 0x0, 0x0, 0x0, 0x5f, 0xfe,
    0x0, 0x0, 0x0, 0xff, 0x0, 0x0, 0xff, 0x40,
    0x0, 0x0, 0x0, 0x0, 0xaf, 0xfe, 0x2a, 0x0,
    0x0, 0xff, 0x0, 0x0, 0xff, 0x40, 0x0, 0x0,
    0x0, 0x1, 0xff, 0xfe, 0xef, 0x80, 0x0, 0xff,
    0x0, 0x0, 0xff, 0x40, 0x0, 0x0, 0x0, 0x7,
    0xfe, 0xfe, 0x5f, 0xf4, 0x1, 0xfe, 0x0, 0x0,
    0xff, 0x40, 0x0, 0x0, 0x0, 0xe, 0xf9, 0xfe,
    0xa, 0xfe, 0x3, 0xfd, 0x0, 0x0, 0xff, 0x40,
    0x0, 0x0, 0x0, 0x6f, 0xe4, 0xfe, 0x1, 0xe5,
    0x5, 0xfb, 0x0, 0x0, 0xff, 0x40, 0x0, 0x0,
    0x1, 0xef, 0x84, 0xfe, 0x0, 0x0, 0x7, 0xfa,
    0x0, 0x0, 0xff, 0x40, 0x0, 0x0, 0xa, 0xff,
    0x14, 0xfe, 0x0, 0x0, 0x9, 0xf6, 0x0, 0x0,
    0xff, 0x40, 0x0, 0x0, 0xa, 0xf7, 0x4, 0xfe,
    0x0, 0x0, 0xd, 0xf3, 0x0, 0x0, 0xff, 0x40,
    0x0, 0x0, 0x0, 0x80, 0x4, 0xfe, 0x0, 0x0,
    0x3f, 0xf0, 0x0, 0x0, 0xff, 0x40, 0x0, 0x0,
    0x0, 0x0, 0x4, 0xfe, 0x0, 0x0, 0xaf, 0xa0,
    0x0, 0x0, 0xff, 0x40, 0x25, 0x0, 0x0, 0x0,
    0x4, 0xfe, 0x0, 0x4, 0xff, 0x30, 0x0, 0x0,
    0xff, 0x40, 0x4f, 0xe0, 0x0, 0x0, 0x4, 0xff,
    0x0, 0x2e, 0xfa, 0x0, 0x0, 0x0, 0xff, 0x60,
    0x7f, 0xc0, 0x0, 0x0, 0x5, 0xff, 0x1, 0xef,
    0xe1, 0x0, 0x0, 0x0, 0xdf, 0xfd, 0xff, 0x70,
    0x0, 0x0, 0x5, 0xff, 0x0, 0x5e, 0x40, 0x0,
    0x0, 0x0, 0x4d, 0xff, 0xfc, 0x10, 0x0, 0x0,
    0x0, 0x0, 0x0, 0x0, 0x0, 0x0, 0x0, 0x0,
    0x0, 0x0, 0x0, 0x0,

    /* U+6784 "构" */
    0x0, 0x0, 0x1, 0x88, 0x0, 0x0, 0x0, 0x2b,
    0x51, 0x0, 0x0, 0x0, 0x0, 0x0, 0x0, 0x0,
    0x2f, 0xf0, 0x0, 0x0, 0x6, 0xff, 0x20, 0x0,
    0x0, 0x0, 0x0, 0x0, 0x0, 0x1, 0xff, 0x0,
    0x0, 0x0, 0xbf, 0x90, 0x0, 0x0, 0x0, 0x0,
    0x0, 0x0, 0x0, 0x1f, 0xf0, 0x0, 0x0, 0x1f,
    0xf2, 0x0, 0x0, 0x0, 0x0, 0x0, 0x0, 0x0,
    0x1, 0xff, 0x0, 0x0, 0x6, 0xfb, 0x0, 0x0,
    0x0, 0x0, 0x0, 0x0, 0x1, 0x11, 0x2f, 0xf1,
    0x12, 0x0, 0xdf, 0xff, 0xff, 0xff, 0xff, 0xff,
    0xf5, 0x0, 0xef, 0xff, 0xff, 0xff, 0xf0, 0x5f,
    0xfd, 0xdd, 0xdd, 0xdd, 0xdd, 0xff, 0x40, 0xb,
    0xcb, 0xdf, 0xfb, 0xcc, 0xc, 0xf6, 0x0, 0x0,
    0x0, 0x0, 0xf, 0xf3, 0x0, 0x0, 0xb, 0xff,
    0x0, 0x6, 0xfd, 0x0, 0x0, 0x0, 0x0, 0x0,
    0xff, 0x20, 0x0, 0x0, 0xff, 0xf0, 0x1, 0xef,
    0x50, 0x83, 0x0, 0x0, 0x0, 0xf, 0xf2, 0x0,
    0x0, 0x5f, 0xff, 0x0, 0x5, 0xa0, 0x1f, 0xf8,
    0x0, 0x0, 0x0, 0xff, 0x10, 0x0, 0xc, 0xff,
    0xf5, 0xd1, 0x0, 0x5, 0xff, 0x10, 0x0, 0x0,
    0xf, 0xf1, 0x0, 0x4, 0xff, 0xff, 0xcf, 0x90,
    0x0, 0xbf, 0x70, 0x0, 0x0, 0x0, 0xff, 0x10,
    0x0, 0xdf, 0x8f, 0xf4, 0xff, 0x20, 0x2f, 0xe0,
    0x9, 0xf7, 0x0, 0xf, 0xf0, 0x0, 0x7f, 0xe2,
    0xff, 0xc, 0xf9, 0x9, 0xf5, 0x0, 0x9f, 0xd0,
    0x0, 0xff, 0x0, 0x3f, 0xf5, 0x1f, 0xf0, 0x47,
    0x2, 0xfc, 0x0, 0x4, 0xff, 0x20, 0x1f, 0xf0,
    0x1e, 0xfb, 0x1, 0xff, 0x0, 0x0, 0xdf, 0x41,
    0x23, 0x4f, 0xf8, 0x1, 0xff, 0x0, 0x9e, 0x10,
    0x1f, 0xf0, 0x0, 0x9f, 0xff, 0xff, 0xff, 0xff,
    0xc0, 0x2f, 0xe0, 0x0, 0x30, 0x1, 0xff, 0x0,
    0x3, 0xff, 0xfd, 0xa8, 0x69, 0xff, 0x3, 0xfd,
    0x0, 0x0, 0x0, 0x1f, 0xf0, 0x0, 0x8, 0x40,
    0x0, 0x0, 0x3d, 0x91, 0x4f, 0xc0, 0x0, 0x0,
    0x1, 0xff, 0x0, 0x0, 0x0, 0x0, 0x0, 0x0,
    0x0, 0x6, 0xfb, 0x0, 0x0, 0x0, 0x1f, 0xf0,
    0x0, 0x0, 0x0, 0x0, 0x0, 0x0, 0x0, 0xaf,
    0xa0, 0x0, 0x0, 0x1, 0xff, 0x0, 0x0, 0x0,
    0x0, 0x0, 0x5, 0x56, 0x9f, 0xf5, 0x0, 0x0,
    0x0, 0x2f, 0xf0, 0x0, 0x0, 0x0, 0x0, 0x0,
    0xcf, 0xff, 0xfc, 0x0, 0x0, 0x0, 0x3, 0xff,
    0x10, 0x0, 0x0, 0x0, 0x0, 0x7, 0xfe, 0xb6,
    0x0, 0x0, 0x0, 0x0, 0x0, 0x0, 0x0, 0x0,
    0x0, 0x0, 0x0, 0x0, 0x0, 0x0, 0x0,

    /* U+6B62 "止" */
    0x0, 0x0, 0x0, 0x0, 0x0, 0x0, 0x5f, 0xf1,
    0x0, 0x0, 0x0, 0x0, 0x0, 0x0, 0x0, 0x0,
    0x0, 0x0, 0x0, 0x4f, 0xf0, 0x0, 0x0, 0x0,
    0x0, 0x0, 0x0, 0x0, 0x0, 0x0, 0x0, 0x0,
    0x4f, 0xf0, 0x0, 0x0, 0x0, 0x0, 0x0, 0x0,
    0x0, 0x0, 0x0, 0x0, 0x0, 0x3f, 0xf0, 0x0,
    0x0, 0x0, 0x0, 0x0, 0x0, 0x0, 0x0, 0x0,
    0x0, 0x0, 0x3f, 0xf0, 0x0, 0x0, 0x0, 0x0,
    0x0, 0x0, 0x0, 0x3, 0x30, 0x0, 0x0, 0x3f,
    0xf0, 0x0, 0x0, 0x0, 0x0, 0x0, 0x0, 0x0,
    0x4f, 0xf2, 0x0, 0x0, 0x3f, 0xf0, 0x0, 0x0,
    0x0, 0x0, 0x0, 0x0, 0x0, 0x4f, 0xf2, 0x0,
    0x0, 0x3f, 0xf2, 0x22, 0x22, 0x22, 0x31, 0x0,
    0x0, 0x0, 0x3f, 0xf1, 0x0, 0x0, 0x3f, 0xff,
    0xff, 0xff, 0xff, 0xf8, 0x0, 0x0, 0x0, 0x3f,
    0xf1, 0x0, 0x0, 0x3f, 0xfd, 0xdd, 0xdd, 0xde,
    0xe7, 0x0, 0x0, 0x0, 0x3f, 0xf1, 0x0, 0x0,
    0x3f, 0xf0, 0x0, 0x0, 0x0, 0x0, 0x0, 0x0,
    0x0, 0x3f, 0xf1, 0x0, 0x0, 0x3f, 0xf0, 0x0,
    0x0, 0x0, 0x0, 0x0, 0x0, 0x0, 0x3f, 0xf1,
    0x0, 0x0, 0x3f, 0xf0, 0x0, 0x0, 0x0, 0x0,
    0x0, 0x0, 0x0, 0x3f, 0xf1, 0x0, 0x0, 0x3f,
    0xf0, 0x0, 0x0, 0x0, 0x0, 0x0, 0x0, 0x0,
    0x3f, 0xf1, 0x0, 0x0, 0x3f, 0xf0, 0x0, 0x0,
    0x0, 0x0, 0x0, 0x0, 0x0, 0x3f, 0xf1, 0x0,
    0x0, 0x3f, 0xf0, 0x0, 0x0, 0x0, 0x0, 0x0,
    0x0, 0x0, 0x3f, 0xf1, 0x0, 0x0, 0x3f, 0xf0,
    0x0, 0x0, 0x0, 0x0, 0x0, 0x0, 0x0, 0x3f,
    0xf1, 0x0, 0x0, 0x3f, 0xf0, 0x0, 0x0, 0x0,
    0x0, 0x0, 0x0, 0x0, 0x3f, 0xf1, 0x0, 0x0,
    0x3f, 0xf0, 0x0, 0x0, 0x0, 0x0, 0x0, 0x0,
    0x0, 0x3f, 0xf1, 0x0, 0x0, 0x3f, 0xf0, 0x0,
    0x0, 0x0, 0x0, 0x0, 0x12, 0x11, 0x4f, 0xf2,
    0x11, 0x11, 0x4f, 0xf1, 0x11, 0x11, 0x11, 0x22,
    0x21, 0x9f, 0xff, 0xff, 0xff, 0xff, 0xff, 0xff,
    0xff, 0xff, 0xff, 0xff, 0xff, 0xf7, 0x9f, 0xfe,
    0xee, 0xee, 0xee, 0xee, 0xee, 0xee, 0xee, 0xee,
    0xee, 0xef, 0xf7,

    /* U+6B63 "正" */
    0x0, 0x12, 0x22, 0x22, 0x22, 0x22, 0x22, 0x22,
    0x22, 0x22, 0x22, 0x23, 0x0, 0x0, 0x8f, 0xff,
    0xff, 0xff, 0xff, 0xff, 0xff, 0xff, 0xff, 0xff,
    0xff, 0x0, 0x0, 0x7e, 0xdd, 0xdd, 0xdd, 0xdd,
    0xef, 0xfd, 0xdd, 0xdd, 0xdd, 0xee, 0x0, 0x0,
    0x0, 0x0, 0x0, 0x0, 0x0, 0x5f, 0xd0, 0x0,
    0x0, 0x0, 0x0, 0x0, 0x0, 0x0, 0x0, 0x0,
    0x0, 0x0, 0x5f, 0xd0, 0x0, 0x0, 0x0, 0x0,
    0x0, 0x0, 0x0, 0x0, 0x0, 0x0, 0x0, 0x5f,
    0xd0, 0x0, 0x0, 0x0, 0x0, 0x0, 0x0, 0x0,
    0x0, 0x0, 0x0, 0x0, 0x5f, 0xd0, 0x0, 0x0,
    0x0, 0x0, 0x0, 0x0, 0x0, 0x4e, 0xe2, 0x0,
    0x0, 0x5f, 0xd0, 0x0, 0x0, 0x0, 0x0, 0x0,
    0x0, 0x0, 0x3f, 0xf2, 0x0, 0x0, 0x5f, 0xd0,
    0x0, 0x0, 0x0, 0x0, 0x0, 0x0, 0x0, 0x3f,
    0xf1, 0x0, 0x0, 0x5f, 0xe2, 0x22, 0x22, 0x22,
    0x32, 0x0, 0x0, 0x0, 0x3f, 0xf1, 0x0, 0x0,
    0x5f, 0xff, 0xff, 0xff, 0xff, 0xf8, 0x0, 0x0,
    0x0, 0x3f, 0xf1, 0x0, 0x0, 0x5f, 0xfb, 0xbb,
    0xbb, 0xbb, 0xc6, 0x0, 0x0, 0x0, 0x3f, 0xf1,
    0x0, 0x0, 0x5f, 0xd0, 0x0, 0x0, 0x0, 0x0,
    0x0, 0x0, 0x0, 0x3f, 0xf1, 0x0, 0x0, 0x5f,
    0xd0, 0x0, 0x0, 0x0, 0x0, 0x0, 0x0, 0x0,
    0x3f, 0xf1, 0x0, 0x0, 0x5f, 0xd0, 0x0, 0x0,
    0x0, 0x0, 0x0, 0x0, 0x0, 0x3f, 0xf1, 0x0,
    0x0, 0x5f, 0xd0, 0x0, 0x0, 0x0, 0x0, 0x0,
    0x0, 0x0, 0x3f, 0xf1, 0x0, 0x0, 0x5f, 0xd0,
    0x0, 0x0, 0x0, 0x0, 0x0, 0x0, 0x0, 0x3f,
    0xf1, 0x0, 0x0, 0x5f, 0xd0, 0x0, 0x0, 0x0,
    0x0, 0x0, 0x0, 0x0, 0x3f, 0xf1, 0x0, 0x0,
    0x5f, 0xd0, 0x0, 0x0, 0x0, 0x0, 0x0, 0x0,
    0x0, 0x3f, 0xf1, 0x0, 0x0, 0x5f, 0xd0, 0x0,
    0x0, 0x0, 0x0, 0x0, 0x5f, 0xee, 0xef, 0xfe,
    0xee, 0xee, 0xef, 0xfe, 0xee, 0xee, 0xee, 0xff,
    0xf0, 0x5f, 0xff, 0xff, 0xff, 0xff, 0xff, 0xff,
    0xff, 0xff, 0xff, 0xff, 0xff, 0xf0, 0x12, 0x11,
    0x11, 0x11, 0x11, 0x11, 0x11, 0x11, 0x11, 0x11,
    0x11, 0x12, 0x20,

    /* U+6B65 "步" */
    0x0, 0x0, 0x0, 0x0, 0x0, 0x0, 0x88, 0x20,
    0x0, 0x0, 0x0, 0x0, 0x0, 0x0, 0x0, 0x0,
    0x0, 0x0, 0xf, 0xf3, 0x0, 0x0, 0x0, 0x0,
    0x0, 0x0, 0x0, 0x0, 0x0, 0x0, 0x0, 0xff,
    0x30, 0x0, 0x0, 0x0, 0x0, 0x0, 0x0, 0x0,
    0x39, 0x90, 0x0, 0xe, 0xf3, 0x0, 0x0, 0x0,
    0x0, 0x0, 0x0, 0x0, 0x4, 0xfe, 0x0, 0x0,
    0xef, 0xdd, 0xdd, 0xdd, 0xde, 0x40, 0x0, 0x0,
    0x0, 0x4f, 0xd0, 0x0, 0xe, 0xff, 0xff, 0xff,
    0xff, 0xf4, 0x0, 0x0, 0x0, 0x3, 0xfd, 0x0,
    0x0, 0xef, 0x30, 0x0, 0x0, 0x0, 0x0, 0x0,
    0x0, 0x0, 0x3f, 0xd0, 0x0, 0xe, 0xf3, 0x0,
    0x0, 0x0, 0x0, 0x0, 0x0, 0x0, 0x3, 0xfd,
    0x0, 0x0, 0xef, 0x30, 0x0, 0x0, 0x0, 0x0,
    0x1, 0x11, 0x0, 0x4f, 0xd0, 0x0, 0xe, 0xf3,
    0x0, 0x0, 0x0, 0x1, 0x11, 0xbf, 0xff, 0xff,
    0xff, 0xff, 0xff, 0xff, 0xff, 0xff, 0xff, 0xff,
    0xff, 0xbb, 0xfe, 0xdd, 0xdd, 0xdd, 0xdd, 0xdd,
    0xdd, 0xdd, 0xdd, 0xdd, 0xdd, 0xe9, 0x0, 0x0,
    0x0, 0x0, 0x0, 0x0, 0x66, 0x10, 0x0, 0x0,
    0x0, 0x0, 0x0, 0x0, 0x0, 0x0, 0x40, 0x0,
    0xf, 0xf4, 0x0, 0x0, 0x0, 0x0, 0x0, 0x0,
    0x0, 0x0, 0x4f, 0xc2, 0x0, 0xff, 0x30, 0x0,
    0x0, 0x8, 0x30, 0x0, 0x0, 0x0, 0x2f, 0xfc,
    0x10, 0xe, 0xf3, 0x0, 0x0, 0x5, 0xff, 0x60,
    0x0, 0x0, 0x1e, 0xfc, 0x0, 0x0, 0xef, 0x30,
    0x0, 0x3, 0xff, 0xd1, 0x0, 0x0, 0x1d, 0xfc,
    0x0, 0x0, 0xe, 0xf3, 0x0, 0x3, 0xef, 0xe1,
    0x0, 0x0, 0x2d, 0xfc, 0x0, 0x0, 0x0, 0xef,
    0x30, 0x4, 0xff, 0xd2, 0x0, 0x0, 0x4f, 0xfc,
    0x10, 0x0, 0x0, 0xe, 0xf3, 0x6, 0xff, 0xd1,
    0x0, 0x0, 0x2, 0xdc, 0x0, 0x0, 0x0, 0x0,
    0xef, 0x5b, 0xff, 0xa0, 0x0, 0x0, 0x0, 0x1,
    0x0, 0x0, 0x0, 0x0, 0xe, 0xff, 0xff, 0x70,
    0x0, 0x0, 0x0, 0x0, 0x0, 0x0, 0x0, 0x3,
    0x7d, 0xff, 0xfa, 0x20, 0x0, 0x0, 0x0, 0x2,
    0x45, 0x67, 0x9b, 0xdf, 0xff, 0xfe, 0x92, 0x0,
    0x0, 0x0, 0x0, 0x0, 0x1e, 0xff, 0xff, 0xff,
    0xfc, 0x84, 0x0, 0x0, 0x0, 0x0, 0x0, 0x0,
    0x0, 0x7d, 0xb9, 0x75, 0x20, 0x0, 0x0, 0x0,
    0x0, 0x0, 0x0, 0x0, 0x0,

    /* U+6D4F "浏" */
    0x0, 0x0, 0x0, 0x0, 0x0, 0x16, 0x80, 0x0,
    0x0, 0x0, 0x0, 0x1, 0xcc, 0x0, 0x1, 0xe8,
    0x0, 0x0, 0x4, 0xff, 0x20, 0x0, 0x0, 0x0,
    0x0, 0x1f, 0xf0, 0x0, 0x8f, 0xfb, 0x10, 0x0,
    0xe, 0xf7, 0x0, 0x0, 0x0, 0x0, 0x0, 0xff,
    0x0, 0x0, 0x7f, 0xfd, 0x0, 0x0, 0xaf, 0xc0,
    0x0, 0x0, 0x55, 0x20, 0xf, 0xf0, 0x0, 0x0,
    0x5f, 0x50, 0x0, 0x6, 0xb6, 0x0, 0x0, 0xf,
    0xf5, 0x0, 0xff, 0x0, 0x0, 0x0, 0x20, 0x0,
    0x0, 0x0, 0x0, 0x0, 0x0, 0xff, 0x40, 0xf,
    0xf0, 0x0, 0x0, 0x0, 0xf, 0xff, 0xff, 0xff,
    0xff, 0xf8, 0xf, 0xf4, 0x0, 0xff, 0x0, 0x0,
    0x0, 0x0, 0xff, 0xee, 0xee, 0xff, 0xff, 0x80,
    0xff, 0x40, 0xf, 0xf0, 0x0, 0x61, 0x0, 0x0,
    0x0, 0x0, 0x8, 0xf4, 0x0, 0xf, 0xf4, 0x0,
    0xff, 0x0, 0x6f, 0xe6, 0x0, 0x0, 0x0, 0x0,
    0x9f, 0x30, 0x0, 0xff, 0x40, 0xf, 0xf0, 0x4,
    0xdf, 0xfb, 0x0, 0x3a, 0x0, 0xa, 0xf2, 0x0,
    0xf, 0xf4, 0x0, 0xff, 0x0, 0x0, 0x8f, 0xa0,
    0x3f, 0xfa, 0x0, 0xbf, 0x10, 0x0, 0xff, 0x40,
    0xf, 0xf0, 0x0, 0x0, 0x40, 0x0, 0x6f, 0xf8,
    0xe, 0xf0, 0x0, 0xf, 0xf4, 0x0, 0xff, 0x0,
    0x0, 0x0, 0x0, 0x0, 0x8f, 0xf6, 0xfb, 0x0,
    0x0, 0xff, 0x40, 0xf, 0xf0, 0x0, 0x0, 0x20,
    0x0, 0x0, 0xbf, 0xff, 0x80, 0x0, 0xf, 0xf4,
    0x0, 0xff, 0x0, 0x0, 0xd, 0xb3, 0x0, 0x1,
    0xef, 0xf5, 0x0, 0x0, 0xff, 0x40, 0xf, 0xf0,
    0x0, 0x1, 0xff, 0x40, 0x0, 0x6, 0xff, 0xa0,
    0x0, 0xf, 0xf4, 0x0, 0xff, 0x0, 0x0, 0x6f,
    0xe0, 0x0, 0x0, 0xcf, 0xff, 0x60, 0x0, 0xff,
    0x40, 0xf, 0xf0, 0x0, 0xb, 0xf8, 0x0, 0x0,
    0x6f, 0xfb, 0xff, 0x20, 0xf, 0xf5, 0x0, 0xff,
    0x0, 0x0, 0xff, 0x20, 0x0, 0x2f, 0xf8, 0x1e,
    0xfc, 0x0, 0xdd, 0x40, 0xf, 0xf0, 0x0, 0x6f,
    0xc0, 0x0, 0x2e, 0xfd, 0x0, 0x6f, 0xf7, 0x0,
    0x0, 0x0, 0xff, 0x0, 0xd, 0xf7, 0x0, 0x2e,
    0xff, 0x30, 0x0, 0xdb, 0x10, 0x0, 0x0, 0xf,
    0xf0, 0x5, 0xff, 0x20, 0x4f, 0xff, 0x50, 0x0,
    0x3, 0x0, 0x0, 0x0, 0x0, 0xff, 0x0, 0xef,
    0xe0, 0x2, 0x9f, 0x70, 0x0, 0x0, 0x0, 0x0,
    0x2, 0x77, 0xbf, 0xe0, 0x1, 0xa9, 0x0, 0x0,
    0x40, 0x0, 0x0, 0x0, 0x0, 0x0, 0xd, 0xff,
    0xfb, 0x0, 0x0, 0x10, 0x0, 0x0, 0x0, 0x0,
    0x0, 0x0, 0x0, 0x0, 0x6f, 0xd8, 0x10, 0x0,
    0x0, 0x0, 0x0, 0x0, 0x0, 0x0, 0x0, 0x0,
    0x0, 0x0, 0x0, 0x0, 0x0,

    /* U+70B9 "点" */
    0x0, 0x0, 0x0, 0x0, 0x0, 0xa, 0xa4, 0x0,
    0x0, 0x0, 0x0, 0x0, 0x0, 0x0, 0x0, 0x0,
    0x0, 0x0, 0xf, 0xf6, 0x0, 0x0, 0x0, 0x0,
    0x0, 0x0, 0x0, 0x0, 0x0, 0x0, 0x0, 0xf,
    0xf6, 0x0, 0x0, 0x0, 0x0, 0x0, 0x0, 0x0,
    0x0, 0x0, 0x0, 0x0, 0xe, 0xf6, 0x0, 0x0,
    0x0, 0x1, 0x12, 0x0, 0x0, 0x0, 0x0, 0x0,
    0x0, 0xe, 0xff, 0xff, 0xff, 0xff, 0xff, 0xff,
    0x0, 0x0, 0x0, 0x0, 0x0, 0x0, 0xe, 0xfe,
    0xdd, 0xdd, 0xdd, 0xdd, 0xee, 0x0, 0x0, 0x0,
    0x0, 0x0, 0x0, 0xe, 0xf6, 0x0, 0x0, 0x0,
    0x0, 0x0, 0x0, 0x0, 0x0, 0x0, 0x0, 0x0,
    0xe, 0xf6, 0x0, 0x0, 0x0, 0x0, 0x0, 0x0,
    0x0, 0x0, 0x0, 0x0, 0x0, 0xe, 0xf6, 0x0,
    0x0, 0x0, 0x0, 0x0, 0x0, 0x0, 0x0, 0xef,
    0xff, 0xff, 0xff, 0xff, 0xff, 0xff, 0xff, 0xff,
    0x0, 0x0, 0x0, 0x0, 0xef, 0xed, 0xdd, 0xdd,
    0xdd, 0xdd, 0xdd, 0xdd, 0xff, 0x0, 0x0, 0x0,
    0x0, 0xdf, 0x70, 0x0, 0x0, 0x0, 0x0, 0x0,
    0x4, 0xff, 0x0, 0x0, 0x0, 0x0, 0xdf, 0x70,
    0x0, 0x0, 0x0, 0x0, 0x0, 0x4, 0xfe, 0x0,
    0x0, 0x0, 0x0, 0xdf, 0x70, 0x0, 0x0, 0x0,
    0x0, 0x0, 0x4, 0xfe, 0x0, 0x0, 0x0, 0x0,
    0xdf, 0x70, 0x0, 0x0, 0x0, 0x0, 0x0, 0x4,
    0xfe, 0x0, 0x0, 0x0, 0x0, 0xdf, 0x70, 0x0,
    0x0, 0x0, 0x0, 0x0, 0x4, 0xfe, 0x0, 0x0,
    0x0, 0x0, 0xdf, 0xff, 0xff, 0xff, 0xff, 0xff,
    0xff, 0xff, 0xff, 0x0, 0x0, 0x0, 0x0, 0xcd,
    0xdd, 0xdd, 0xdd, 0xdd, 0xdd, 0xdd, 0xdd, 0xdd,
    0x0, 0x0, 0x0, 0x0, 0x0, 0x0, 0x0, 0x0,
    0x0, 0x0, 0x0, 0x0, 0x0, 0x0, 0x0, 0x0,
    0x1d, 0x82, 0x0, 0x2, 0x0, 0x0, 0x6, 0x0,
    0x0, 0x1, 0x60, 0x0, 0x0, 0x7f, 0xf2, 0x2,
    0xce, 0x0, 0x0, 0xdf, 0x60, 0x0, 0x2f, 0xf2,
    0x0, 0x0, 0xef, 0xa0, 0x1, 0xff, 0x50, 0x0,
    0x9f, 0xe1, 0x0, 0xc, 0xfb, 0x0, 0x5, 0xff,
    0x20, 0x0, 0x9f, 0xc0, 0x0, 0x1f, 0xf9, 0x0,
    0x3, 0xff, 0x50, 0xd, 0xfa, 0x0, 0x0, 0x3f,
    0xf3, 0x0, 0x8, 0xff, 0x20, 0x0, 0xaf, 0xe0,
    0x5f, 0xf2, 0x0, 0x0, 0xe, 0xf5, 0x0, 0x1,
    0xfe, 0x40, 0x0, 0x2f, 0xf4, 0x2, 0x70, 0x0,
    0x0, 0x4, 0x0, 0x0, 0x0, 0x40, 0x0, 0x0,
    0x7, 0x20,

    /* U+70ED "热" */
    0x0, 0x0, 0x8, 0xa1, 0x0, 0x0, 0x0, 0x36,
    0x40, 0x0, 0x0, 0x0, 0x0, 0x0, 0x0, 0xd,
    0xf2, 0x0, 0x0, 0x0, 0x4f, 0xf0, 0x0, 0x0,
    0x0, 0x0, 0x0, 0x0, 0xc, 0xf1, 0x0, 0x0,
    0x0, 0x4f, 0xd0, 0x0, 0x0, 0x0, 0x0, 0x0,
    0x0, 0xc, 0xf1, 0x0, 0x0, 0x0, 0x4f, 0xc0,
    0x0, 0x0, 0x0, 0x0, 0x0, 0x0, 0xc, 0xf1,
    0x0, 0x0, 0x11, 0x5f, 0xc3, 0x34, 0x52, 0x0,
    0x0, 0xd, 0xff, 0xff, 0xff, 0xff, 0x48, 0xff,
    0xff, 0xff, 0xff, 0xf6, 0x0, 0x0, 0xa, 0xcb,
    0xbe, 0xfb, 0xbc, 0x34, 0x98, 0x9f, 0xd7, 0x6d,
    0xf4, 0x0, 0x0, 0x0, 0x0, 0xc, 0xf1, 0x0,
    0x0, 0x0, 0x4f, 0xa0, 0xd, 0xf2, 0x0, 0x0,
    0x0, 0x0, 0xc, 0xf1, 0x0, 0x0, 0x0, 0x5f,
    0x80, 0xd, 0xf1, 0x0, 0x0, 0x0, 0x0, 0xc,
    0xf4, 0x7b, 0x33, 0xc2, 0x7f, 0x60, 0xd, 0xf1,
    0x0, 0x0, 0x0, 0x25, 0x8e, 0xff, 0xff, 0x3b,
    0xff, 0xef, 0x30, 0xc, 0xf1, 0x0, 0x0, 0x2f,
    0xff, 0xff, 0xfa, 0x51, 0x0, 0x9f, 0xff, 0x10,
    0xb, 0xf1, 0x0, 0x0, 0xd, 0xea, 0x5d, 0xf1,
    0x0, 0x0, 0x8, 0xff, 0xe3, 0xa, 0xf3, 0x0,
    0x0, 0x1, 0x0, 0xc, 0xf1, 0x0, 0x0, 0xd,
    0xfd, 0xff, 0x67, 0xf6, 0x3, 0x71, 0x0, 0x0,
    0xc, 0xf1, 0x0, 0x0, 0x7f, 0xd0, 0x8f, 0xf6,
    0xfb, 0x6, 0xfb, 0x0, 0x0, 0xd, 0xf0, 0x0,
    0x3, 0xff, 0x40, 0x7, 0x80, 0xff, 0x3b, 0xf6,
    0x0, 0x5a, 0xbf, 0xf0, 0x0, 0x3f, 0xf9, 0x0,
    0x0, 0x0, 0x8f, 0xff, 0xe0, 0x0, 0x2f, 0xff,
    0x70, 0x4, 0xff, 0xc0, 0x0, 0x0, 0x0, 0x8,
    0xff, 0x50, 0x0, 0x7, 0x51, 0x0, 0x0, 0x9d,
    0x10, 0x0, 0x0, 0x0, 0x1, 0x11, 0x0, 0x0,
    0x6, 0x0, 0x0, 0x0, 0x1, 0x0, 0x3, 0x0,
    0x0, 0x8f, 0x40, 0x0, 0x0, 0x4f, 0xe1, 0x0,
    0x7b, 0x0, 0x0, 0xbf, 0x40, 0x0, 0x6f, 0xd0,
    0x0, 0x0, 0xcf, 0xa0, 0x0, 0xef, 0x30, 0x0,
    0x8f, 0xb0, 0x0, 0xd, 0xf7, 0x0, 0x4, 0xff,
    0x20, 0x0, 0x8f, 0xa0, 0x0, 0x1f, 0xf2, 0x0,
    0x4, 0xff, 0x10, 0xd, 0xf9, 0x0, 0x0, 0x2f,
    0xf1, 0x0, 0xb, 0xf9, 0x0, 0x0, 0xcf, 0xa0,
    0x7f, 0xf1, 0x0, 0x0, 0xd, 0xf5, 0x0, 0x5,
    0xfa, 0x0, 0x0, 0x4f, 0xb0, 0x5, 0x70, 0x0,
    0x0, 0x4, 0x20, 0x0, 0x0, 0x10, 0x0, 0x0,
    0x3, 0x0,

    /* U+751F "生" */
    0x0, 0x0, 0x0, 0x0, 0x0, 0x0, 0x3b, 0xb1,
    0x0, 0x0, 0x0, 0x0, 0x0, 0x0, 0x0, 0x2,
    0x0, 0x0, 0x0, 0x4f, 0xf2, 0x0, 0x0, 0x0,
    0x0, 0x0, 0x0, 0x0, 0xd, 0xe8, 0x0, 0x0,
    0x3f, 0xf1, 0x0, 0x0, 0x0, 0x0, 0x0, 0x0,
    0x0, 0x1f, 0xfa, 0x0, 0x0, 0x3f, 0xf1, 0x0,
    0x0, 0x0, 0x0, 0x0, 0x0, 0x0, 0x5f, 0xf2,
    0x0, 0x0, 0x3f, 0xf1, 0x0, 0x0, 0x0, 0x0,
    0x0, 0x0, 0x0, 0xaf, 0xc0, 0x0, 0x0, 0x3f,
    0xf1, 0x0, 0x0, 0x0, 0x0, 0x0, 0x0, 0x1,
    0xff, 0x72, 0x22, 0x22, 0x4f, 0xf3, 0x22, 0x22,
    0x22, 0x22, 0x0, 0x0, 0x6, 0xff, 0xff, 0xff,
    0xff, 0xff, 0xff, 0xff, 0xff, 0xff, 0xfd, 0x0,
    0x0, 0xd, 0xfe, 0xdd, 0xdd, 0xdd, 0xef, 0xfd,
    0xdd, 0xdd, 0xde, 0xec, 0x0, 0x0, 0x6f, 0xf2,
    0x0, 0x0, 0x0, 0x3f, 0xf1, 0x0, 0x0, 0x0,
    0x0, 0x0, 0x1, 0xef, 0xb0, 0x0, 0x0, 0x0,
    0x3f, 0xf1, 0x0, 0x0, 0x0, 0x0, 0x0, 0xa,
    0xff, 0x30, 0x0, 0x0, 0x0, 0x3f, 0xf1, 0x0,
    0x0, 0x0, 0x0, 0x0, 0x3, 0x79, 0x0, 0x0,
    0x0, 0x0, 0x3f, 0xf1, 0x0, 0x0, 0x0, 0x0,
    0x0, 0x0, 0x0, 0x1, 0x32, 0x22, 0x22, 0x4f,
    0xf3, 0x22, 0x22, 0x23, 0x0, 0x0, 0x0, 0x0,
    0x6, 0xff, 0xff, 0xff, 0xff, 0xff, 0xff, 0xff,
    0xff, 0x30, 0x0, 0x0, 0x0, 0x6, 0xee, 0xdd,
    0xdd, 0xef, 0xfd, 0xdd, 0xdd, 0xee, 0x30, 0x0,
    0x0, 0x0, 0x0, 0x0, 0x0, 0x0, 0x3f, 0xf1,
    0x0, 0x0, 0x0, 0x0, 0x0, 0x0, 0x0, 0x0,
    0x0, 0x0, 0x0, 0x3f, 0xf1, 0x0, 0x0, 0x0,
    0x0, 0x0, 0x0, 0x0, 0x0, 0x0, 0x0, 0x0,
    0x3f, 0xf1, 0x0, 0x0, 0x0, 0x0, 0x0, 0x0,
    0x0, 0x0, 0x0, 0x0, 0x0, 0x3f, 0xf1, 0x0,
    0x0, 0x0, 0x0, 0x0, 0x0, 0x0, 0x0, 0x0,
    0x0, 0x0, 0x3f, 0xf1, 0x0, 0x0, 0x0, 0x0,
    0x0, 0x0, 0x0, 0x0, 0x0, 0x0, 0x0, 0x3f,
    0xf1, 0x0, 0x0, 0x0, 0x0, 0x0, 0x0, 0xef,
    0xfe, 0xee, 0xee, 0xee, 0xff, 0xfe, 0xee, 0xee,
    0xee, 0xef, 0xfb, 0x0, 0xef, 0xff, 0xff, 0xff,
    0xff, 0xff, 0xff, 0xff, 0xff, 0xff, 0xff, 0xfb,
    0x0, 0x0, 0x0, 0x0, 0x0, 0x0, 0x0, 0x0,
    0x0, 0x0, 0x0, 0x0, 0x0,

    /* U+7528 "用" */
    0x0, 0x3, 0xbb, 0xbb, 0xbb, 0xbb, 0xbb, 0xbb,
    0xbb, 0xbb, 0xbb, 0xb3, 0x0, 0x4, 0xff, 0xff,
    0xff, 0xff, 0xff, 0xff, 0xff, 0xff, 0xff, 0xf3,
    0x0, 0x3, 0xfe, 0x0, 0x0, 0x0, 0xef, 0x50,
    0x0, 0x0, 0xf, 0xf3, 0x0, 0x3, 0xfe, 0x0,
    0x0, 0x0, 0xef, 0x50, 0x0, 0x0, 0xf, 0xf3,
    0x0, 0x3, 0xfe, 0x0, 0x0, 0x0, 0xef, 0x50,
    0x0, 0x0, 0xf, 0xf2, 0x0, 0x3, 0xfe, 0x0,
    0x0, 0x0, 0xef, 0x50, 0x0, 0x0, 0xf, 0xf2,
    0x0, 0x3, 0xfe, 0x0, 0x0, 0x0, 0xef, 0x50,
    0x0, 0x0, 0xf, 0xf2, 0x0, 0x3, 0xff, 0xff,
    0xff, 0xff, 0xff, 0xff, 0xff, 0xff, 0xff, 0xf2,
    0x0, 0x3, 0xff, 0x99, 0x99, 0x99, 0xff, 0xb9,
    0x99, 0x99, 0x9f, 0xf2, 0x0, 0x3, 0xfe, 0x0,
    0x0, 0x0, 0xef, 0x50, 0x0, 0x0, 0xf, 0xf2,
    0x0, 0x3, 0xfe, 0x0, 0x0, 0x0, 0xef, 0x50,
    0x0, 0x0, 0xf, 0xf2, 0x0, 0x3, 0xfe, 0x0,
    0x0, 0x0, 0xef, 0x50, 0x0, 0x0, 0xf, 0xf2,
    0x0, 0x3, 0xfe, 0x0, 0x0, 0x0, 0xef, 0x50,
    0x0, 0x0, 0xf, 0xf2, 0x0, 0x4, 0xff, 0xff,
    0xff, 0xff, 0xff, 0xff, 0xff, 0xff, 0xff, 0xf2,
    0x0, 0x5, 0xff, 0xcc, 0xcc, 0xcc, 0xff, 0xdc,
    0xcc, 0xcc, 0xcf, 0xf2, 0x0, 0x6, 0xfc, 0x0,
    0x0, 0x0, 0xef, 0x50, 0x0, 0x0, 0xf, 0xf2,
    0x0, 0x8, 0xfa, 0x0, 0x0, 0x0, 0xef, 0x50,
    0x0, 0x0, 0xf, 0xf2, 0x0, 0xb, 0xf7, 0x0,
    0x0, 0x0, 0xef, 0x50, 0x0, 0x0, 0xf, 0xf2,
    0x0, 0xf, 0xf3, 0x0, 0x0, 0x0, 0xef, 0x50,
    0x0, 0x0, 0xf, 0xf2, 0x0, 0x4f, 0xe0, 0x0,
    0x0, 0x0, 0xef, 0x50, 0x0, 0x0, 0xf, 0xf2,
    0x0, 0xbf, 0x90, 0x0, 0x0, 0x0, 0xef, 0x50,
    0x0, 0x0, 0xf, 0xf2, 0x2, 0xff, 0x30, 0x0,
    0x0, 0x0, 0xef, 0x50, 0x0, 0x78, 0xbf, 0xf0,
    0xc, 0xfc, 0x0, 0x0, 0x0, 0x0, 0xff, 0x60,
    0x0, 0x8f, 0xff, 0xa0, 0x9, 0xf4, 0x0, 0x0,
    0x0, 0x0, 0x66, 0x20, 0x0, 0x4d, 0xa5, 0x0,
    0x0, 0x10, 0x0, 0x0, 0x0, 0x0, 0x0, 0x0,
    0x0, 0x0, 0x0, 0x0,

    /* U+7535 "电" */
    0x0, 0x0, 0x0, 0x0, 0x3, 0xaa, 0x0, 0x0,
    0x0, 0x0, 0x0, 0x0, 0x0, 0x0, 0x0, 0x0,
    0x0, 0x4, 0xff, 0x0, 0x0, 0x0, 0x0, 0x0,
    0x0, 0x0, 0x0, 0x0, 0x0, 0x0, 0x3, 0xff,
    0x0, 0x0, 0x0, 0x0, 0x0, 0x0, 0x0, 0x0,
    0x0, 0x0, 0x0, 0x3, 0xff, 0x0, 0x0, 0x0,
    0x0, 0x0, 0x0, 0x0, 0x0, 0x0, 0x0, 0x0,
    0x4, 0xff, 0x0, 0x0, 0x0, 0x0, 0x0, 0x0,
    0x0, 0xf, 0xff, 0xff, 0xff, 0xff, 0xff, 0xff,
    0xff, 0xff, 0xff, 0xe0, 0x0, 0x0, 0xf, 0xfe,
    0xdd, 0xdd, 0xdd, 0xff, 0xdd, 0xdd, 0xdd, 0xef,
    0xd0, 0x0, 0x0, 0xf, 0xf7, 0x0, 0x0, 0x3,
    0xff, 0x0, 0x0, 0x0, 0x5f, 0xd0, 0x0, 0x0,
    0xf, 0xf7, 0x0, 0x0, 0x3, 0xff, 0x0, 0x0,
    0x0, 0x5f, 0xd0, 0x0, 0x0, 0xf, 0xf7, 0x0,
    0x0, 0x3, 0xff, 0x0, 0x0, 0x0, 0x5f, 0xd0,
    0x0, 0x0, 0xf, 0xf7, 0x0, 0x0, 0x4, 0xff,
    0x0, 0x0, 0x0, 0x6f, 0xd0, 0x0, 0x0, 0xf,
    0xff, 0xff, 0xff, 0xff, 0xff, 0xff, 0xff, 0xff,
    0xff, 0xd0, 0x0, 0x0, 0xf, 0xfd, 0xbb, 0xbb,
    0xbc, 0xff, 0xbb, 0xbb, 0xbb, 0xcf, 0xd0, 0x0,
    0x0, 0xf, 0xf7, 0x0, 0x0, 0x3, 0xff, 0x0,
    0x0, 0x0, 0x5f, 0xd0, 0x0, 0x0, 0xf, 0xf7,
    0x0, 0x0, 0x3, 0xff, 0x0, 0x0, 0x0, 0x5f,
    0xd0, 0x0, 0x0, 0xf, 0xf7, 0x0, 0x0, 0x3,
    0xff, 0x0, 0x0, 0x0, 0x5f, 0xd0, 0x0, 0x0,
    0xf, 0xf7, 0x0, 0x0, 0x4, 0xff, 0x0, 0x0,
    0x0, 0x6f, 0xd0, 0x0, 0x0, 0xf, 0xff, 0xff,
    0xff, 0xff, 0xff, 0xff, 0xff, 0xff, 0xff, 0xe0,
    0x0, 0x0, 0xf, 0xfe, 0xdd, 0xdd, 0xdd, 0xff,
    0xdd, 0xdd, 0xdd, 0xdd, 0xb0, 0x0, 0x0, 0xf,
    0xf7, 0x0, 0x0, 0x3, 0xff, 0x0, 0x0, 0x0,
    0x0, 0x0, 0x0, 0x0, 0xe, 0xe6, 0x0, 0x0,
    0x3, 0xff, 0x0, 0x0, 0x0, 0x0, 0x0, 0x20,
    0x0, 0x0, 0x0, 0x0, 0x0, 0x3, 0xff, 0x0,
    0x0, 0x0, 0x0, 0x0, 0x9d, 0x70, 0x0, 0x0,
    0x0, 0x0, 0x3, 0xff, 0x0, 0x0, 0x0, 0x0,
    0x0, 0xcf, 0xd0, 0x0, 0x0, 0x0, 0x0, 0x1,
    0xff, 0x90, 0x0, 0x0, 0x0, 0x5, 0xff, 0x80,
    0x0, 0x0, 0x0, 0x0, 0x0, 0xcf, 0xff, 0xff,
    0xff, 0xff, 0xff, 0xff, 0x10, 0x0, 0x0, 0x0,
    0x0, 0x0, 0x2a, 0xde, 0xee, 0xee, 0xee, 0xed,
    0xb3, 0x0,

    /* U+754C "界" */
    0x0, 0x0, 0x0, 0x0, 0x0, 0x0, 0x0, 0x0,
    0x0, 0x0, 0x0, 0x0, 0x0, 0x0, 0xe, 0xff,
    0xff, 0xff, 0xff, 0xff, 0xff, 0xff, 0xff, 0xff,
    0x50, 0x0, 0x0, 0xd, 0xfa, 0x77, 0x77, 0x79,
    0xff, 0x77, 0x77, 0x77, 0xff, 0x40, 0x0, 0x0,
    0xd, 0xf6, 0x0, 0x0, 0x2, 0xfe, 0x0, 0x0,
    0x0, 0xef, 0x40, 0x0, 0x0, 0xd, 0xf6, 0x0,
    0x0, 0x3, 0xfe, 0x0, 0x0, 0x0, 0xef, 0x40,
    0x0, 0x0, 0xd, 0xff, 0xff, 0xff, 0xff, 0xff,
    0xff, 0xff, 0xff, 0xff, 0x40, 0x0, 0x0, 0xd,
    0xfa, 0x77, 0x77, 0x79, 0xff, 0x77, 0x77, 0x77,
    0xff, 0x40, 0x0, 0x0, 0xd, 0xf6, 0x0, 0x0,
    0x2, 0xfe, 0x0, 0x0, 0x0, 0xef, 0x40, 0x0,
    0x0, 0xd, 0xf6, 0x0, 0x0, 0x3, 0xfe, 0x0,
    0x0, 0x0, 0xef, 0x40, 0x0, 0x0, 0xe, 0xff,
    0xff, 0xff, 0xff, 0xff, 0xff, 0xff, 0xff, 0xff,
    0x50, 0x0, 0x0, 0x7, 0x77, 0x77, 0x77, 0x77,
    0x87, 0x77, 0x77, 0x77, 0x77, 0x20, 0x0, 0x0,
    0x0, 0x0, 0x0, 0x0, 0x6, 0xe7, 0x0, 0x0,
    0x0, 0x0, 0x0, 0x0, 0x0, 0x0, 0x0, 0x0,
    0x0, 0x8f, 0xff, 0x30, 0x0, 0x0, 0x0, 0x0,
    0x0, 0x0, 0x0, 0x0, 0x0, 0x2c, 0xff, 0xcf,
    0xf7, 0x0, 0x0, 0x0, 0x0, 0x0, 0x0, 0x0,
    0x0, 0x19, 0xff, 0xe5, 0x5, 0xff, 0xd6, 0x0,
    0x0, 0x0, 0x0, 0x0, 0x0, 0x3a, 0xff, 0xf8,
    0x10, 0x0, 0x2c, 0xff, 0xe8, 0x20, 0x0, 0x0,
    0x3, 0x8d, 0xff, 0xf9, 0x10, 0x0, 0x0, 0x0,
    0x5d, 0xff, 0xfc, 0x73, 0x0, 0x7f, 0xff, 0xe7,
    0x1c, 0xc3, 0x0, 0x0, 0x0, 0x5f, 0xfc, 0xff,
    0xff, 0xf4, 0xb, 0xa4, 0x0, 0xe, 0xf2, 0x0,
    0x0, 0x0, 0x5f, 0xf0, 0x28, 0xdf, 0x90, 0x0,
    0x0, 0x0, 0xf, 0xf0, 0x0, 0x0, 0x0, 0x4f,
    0xe0, 0x0, 0x2, 0x10, 0x0, 0x0, 0x0, 0x2f,
    0xd0, 0x0, 0x0, 0x0, 0x4f, 0xe0, 0x0, 0x0,
    0x0, 0x0, 0x0, 0x0, 0x8f, 0x80, 0x0, 0x0,
    0x0, 0x4f, 0xe0, 0x0, 0x0, 0x0, 0x0, 0x0,
    0x3, 0xff, 0x20, 0x0, 0x0, 0x0, 0x4f, 0xe0,
    0x0, 0x0, 0x0, 0x0, 0x0, 0x3e, 0xf9, 0x0,
    0x0, 0x0, 0x0, 0x4f, 0xf0, 0x0, 0x0, 0x0,
    0x0, 0x7, 0xff, 0xb0, 0x0, 0x0, 0x0, 0x0,
    0x5f, 0xf0, 0x0, 0x0, 0x0, 0x0, 0x5, 0xfa,
    0x0, 0x0, 0x0, 0x0, 0x0, 0x5f, 0xf0, 0x0,
    0x0, 0x0, 0x0, 0x0, 0x30, 0x0, 0x0, 0x0,
    0x0, 0x0, 0x0, 0x0, 0x0, 0x0, 0x0,

    /* U+793A "示" */
    0x0, 0x0, 0x0, 0x0, 0x0, 0x0, 0x0, 0x0,
    0x0, 0x0, 0x0, 0x0, 0x0, 0x0, 0xbf, 0xfe,
    0xee, 0xee, 0xee, 0xee, 0xee, 0xef, 0xfe, 0x0,
    0x0, 0x0, 0xb, 0xff, 0xff, 0xff, 0xff, 0xff,
    0xff, 0xff, 0xff, 0xe0, 0x0, 0x0, 0x0, 0x0,
    0x0, 0x0, 0x0, 0x0, 0x0, 0x0, 0x0, 0x0,
    0x0, 0x0, 0x0, 0x0, 0x0, 0x0, 0x0, 0x0,
    0x0, 0x0, 0x0, 0x0, 0x0, 0x0, 0x0, 0x0,
    0x0, 0x0, 0x0, 0x0, 0x0, 0x0, 0x0, 0x0,
    0x0, 0x0, 0x0, 0x0, 0x0, 0x0, 0x0, 0x0,
    0x0, 0x0, 0x0, 0x0, 0x0, 0x0, 0x0, 0x0,
    0x0, 0x0, 0x0, 0x0, 0x0, 0x0, 0x0, 0x0,
    0x0, 0x0, 0x0, 0x0, 0x23, 0x22, 0x22, 0x22,
    0x22, 0x22, 0x22, 0x22, 0x22, 0x22, 0x22, 0x23,
    0xd, 0xff, 0xff, 0xff, 0xff, 0xff, 0xff, 0xff,
    0xff, 0xff, 0xff, 0xff, 0xf2, 0xac, 0xcb, 0xbb,
    0xbb, 0xbb, 0xbe, 0xfd, 0xbb, 0xbb, 0xbb, 0xbc,
    0xde, 0x20, 0x0, 0x0, 0x0, 0x0, 0x0, 0xbf,
    0x60, 0x0, 0x0, 0x0, 0x0, 0x0, 0x0, 0x0,
    0x0, 0x0, 0x0, 0xb, 0xf6, 0x0, 0x0, 0x0,
    0x0, 0x0, 0x0, 0x0, 0x0, 0x76, 0x0, 0x0,
    0xbf, 0x60, 0x0, 0x50, 0x0, 0x0, 0x0, 0x0,
    0x0, 0x1f, 0xf8, 0x0, 0xb, 0xf6, 0x0, 0x8f,
    0xb0, 0x0, 0x0, 0x0, 0x0, 0x9, 0xfe, 0x10,
    0x0, 0xbf, 0x60, 0x2, 0xff, 0x80, 0x0, 0x0,
    0x0, 0x2, 0xff, 0x50, 0x0, 0xb, 0xf6, 0x0,
    0x5, 0xff, 0x60, 0x0, 0x0, 0x0, 0xbf, 0xb0,
    0x0, 0x0, 0xbf, 0x60, 0x0, 0x8, 0xff, 0x30,
    0x0, 0x0, 0x6f, 0xf2, 0x0, 0x0, 0xb, 0xf6,
    0x0, 0x0, 0xc, 0xfe, 0x10, 0x0, 0x2f, 0xf7,
    0x0, 0x0, 0x0, 0xbf, 0x60, 0x0, 0x0, 0x1e,
    0xfc, 0x0, 0x1d, 0xfd, 0x0, 0x0, 0x0, 0xb,
    0xf6, 0x0, 0x0, 0x0, 0x4f, 0xf8, 0x7, 0xff,
    0x30, 0x0, 0x0, 0x0, 0xbf, 0x60, 0x0, 0x0,
    0x0, 0x9e, 0x40, 0x2, 0x60, 0x0, 0x1, 0x44,
    0x7f, 0xf5, 0x0, 0x0, 0x0, 0x0, 0x10, 0x0,
    0x0, 0x0, 0x0, 0xe, 0xff, 0xff, 0x10, 0x0,
    0x0, 0x0, 0x0, 0x0, 0x0, 0x0, 0x0, 0x0,
    0x8f, 0xd9, 0x20, 0x0, 0x0, 0x0, 0x0, 0x0,
    0x0, 0x0, 0x0, 0x0, 0x0, 0x0, 0x0, 0x0,
    0x0, 0x0, 0x0, 0x0, 0x0,

    /* U+79BB "离" */
    0x0, 0x0, 0x0, 0x0, 0x0, 0x1, 0x10, 0x0,
    0x0, 0x0, 0x0, 0x0, 0x0, 0x0, 0x0, 0x0,
    0x0, 0xa, 0xfb, 0x0, 0x0, 0x0, 0x0, 0x0,
    0x0, 0x0, 0x0, 0x0, 0x0, 0x0, 0x5f, 0xf1,
    0x0, 0x0, 0x0, 0x0, 0x0, 0x9, 0x99, 0x99,
    0x99, 0x99, 0x99, 0xff, 0xb9, 0x99, 0x99, 0x99,
    0x99, 0xa0, 0xef, 0xff, 0xff, 0xff, 0xff, 0xff,
    0xff, 0xff, 0xff, 0xff, 0xff, 0xff, 0x0, 0x0,
    0x0, 0x0, 0x10, 0x0, 0x0, 0x0, 0x57, 0x0,
    0x0, 0x0, 0x10, 0x0, 0x0, 0x0, 0x1e, 0xd7,
    0x10, 0x0, 0x9f, 0xfc, 0x0, 0x0, 0x0, 0x0,
    0x5, 0xa6, 0x6, 0xcf, 0xff, 0xb6, 0xdf, 0xf7,
    0x10, 0x8, 0x81, 0x0, 0x0, 0x7f, 0x90, 0x0,
    0x15, 0xcf, 0xff, 0xf4, 0x0, 0x0, 0xff, 0x10,
    0x0, 0x6, 0xf9, 0x0, 0x15, 0xbf, 0xfb, 0xef,
    0xfb, 0x30, 0xe, 0xf1, 0x0, 0x0, 0x6f, 0x90,
    0xaf, 0xff, 0x92, 0x0, 0x6d, 0xff, 0x90, 0xef,
    0x10, 0x0, 0x6, 0xf9, 0x1, 0xb6, 0x0, 0x0,
    0x0, 0x7, 0x90, 0xe, 0xf1, 0x0, 0x0, 0x6f,
    0xd9, 0x99, 0x99, 0x99, 0x99, 0x99, 0x99, 0x99,
    0xff, 0x10, 0x0, 0x7, 0xff, 0xff, 0xff, 0xff,
    0xff, 0xff, 0xff, 0xff, 0xff, 0xf2, 0x0, 0x0,
    0x0, 0x0, 0x0, 0x0, 0x7c, 0x40, 0x0, 0x0,
    0x0, 0x0, 0x0, 0x0, 0x0, 0x0, 0x0, 0x0,
    0x1e, 0xf9, 0x0, 0x0, 0x0, 0x0, 0x0, 0x0,
    0x19, 0x99, 0x99, 0x99, 0x9c, 0xff, 0x99, 0x99,
    0x99, 0x99, 0x99, 0x94, 0x1, 0xff, 0xff, 0xff,
    0xff, 0xff, 0xff, 0xff, 0xff, 0xff, 0xff, 0xff,
    0x70, 0x1f, 0xe0, 0x0, 0x0, 0xaf, 0x90, 0x0,
    0x0, 0x30, 0x0, 0x8, 0xf7, 0x0, 0xfe, 0x0,
    0x0, 0x7f, 0xd0, 0x0, 0x0, 0xbf, 0x20, 0x0,
    0x7f, 0x70, 0xf, 0xe0, 0x0, 0x6f, 0xf3, 0x0,
    0x0, 0xa, 0xfd, 0x0, 0x7, 0xf7, 0x0, 0xfe,
    0x0, 0x7f, 0xfa, 0x45, 0x78, 0xab, 0xef, 0xf9,
    0x0, 0x7f, 0x70, 0xf, 0xe0, 0x5, 0xff, 0xff,
    0xff, 0xff, 0xdb, 0xaf, 0xf3, 0x7, 0xf7, 0x0,
    0xfe, 0x0, 0x1f, 0xeb, 0x86, 0x31, 0x0, 0x0,
    0x94, 0x0, 0x8f, 0x70, 0x1f, 0xe0, 0x0, 0x20,
    0x0, 0x0, 0x0, 0x0, 0x0, 0x35, 0x5c, 0xf7,
    0x1, 0xfe, 0x0, 0x0, 0x0, 0x0, 0x0, 0x0,
    0x0, 0x5, 0xff, 0xff, 0x50, 0x2f, 0xe0, 0x0,
    0x0, 0x0, 0x0, 0x0, 0x0, 0x0, 0xf, 0xfd,
    0x90, 0x0, 0x0, 0x0, 0x0, 0x0, 0x0, 0x0,
    0x0, 0x0, 0x0, 0x0, 0x0, 0x0,

    /* U+7B49 "等" */
    0x0, 0x0, 0x1, 0x0, 0x0, 0x0, 0x0, 0x0,
    0x0, 0x0, 0x0, 0x0, 0x0, 0x0, 0x0, 0x0,
    0xdd, 0x70, 0x0, 0x0, 0x0, 0x0, 0xd8, 0x20,
    0x0, 0x0, 0x0, 0x0, 0x0, 0x5f, 0xf3, 0x0,
    0x0, 0x0, 0x0, 0x6f, 0xe2, 0x0, 0x0, 0x0,
    0x0, 0x0, 0xd, 0xfe, 0xbb, 0xbb, 0xbb, 0xc4,
    0xd, 0xfd, 0x99, 0x99, 0x9a, 0xa6, 0x0, 0x8,
    0xff, 0xdd, 0xff, 0xdd, 0xde, 0x47, 0xff, 0xff,
    0xff, 0xff, 0xff, 0x90, 0x4, 0xff, 0x40, 0xf,
    0xf5, 0x0, 0x4, 0xff, 0x30, 0x5, 0xff, 0x10,
    0x0, 0x5, 0xff, 0x80, 0x0, 0x9f, 0xd0, 0x13,
    0x8c, 0x80, 0x0, 0xd, 0xf9, 0x0, 0x0, 0x2b,
    0xb0, 0x0, 0x4, 0xc7, 0x4, 0xff, 0x0, 0x0,
    0x0, 0x6f, 0xf2, 0x0, 0x0, 0x0, 0x1, 0x10,
    0x0, 0x0, 0x4f, 0xf0, 0x0, 0x0, 0x2, 0x51,
    0x0, 0x0, 0x0, 0x6, 0xff, 0xff, 0xff, 0xff,
    0xff, 0xff, 0xff, 0xff, 0xff, 0x60, 0x0, 0x0,
    0x0, 0x4a, 0xa9, 0x99, 0x99, 0xaf, 0xf9, 0x99,
    0x99, 0x9a, 0xa4, 0x0, 0x0, 0x0, 0x0, 0x0,
    0x0, 0x0, 0x3, 0xff, 0x0, 0x0, 0x0, 0x0,
    0x0, 0x0, 0x0, 0x0, 0x0, 0x0, 0x0, 0x0,
    0x3f, 0xf0, 0x0, 0x0, 0x0, 0x0, 0x0, 0x1,
    0xcc, 0xbb, 0xbb, 0xbb, 0xbb, 0xbc, 0xff, 0xbb,
    0xbb, 0xbb, 0xbb, 0xbb, 0xc7, 0x2f, 0xff, 0xff,
    0xff, 0xff, 0xff, 0xff, 0xff, 0xff, 0xff, 0xff,
    0xff, 0xff, 0x90, 0x11, 0x0, 0x0, 0x0, 0x0,
    0x0, 0x0, 0x0, 0xe, 0xf6, 0x0, 0x1, 0x11,
    0x0, 0x0, 0x0, 0x0, 0x0, 0x0, 0x0, 0x0,
    0x0, 0xef, 0x60, 0x0, 0x0, 0x0, 0x0, 0x0,
    0x0, 0x0, 0x0, 0x0, 0x0, 0x0, 0xe, 0xf6,
    0x0, 0x0, 0x0, 0x0, 0x2f, 0xff, 0xee, 0xee,
    0xee, 0xee, 0xee, 0xee, 0xff, 0xfe, 0xef, 0xf0,
    0x0, 0x1, 0xee, 0xdd, 0xdd, 0xdd, 0xdd, 0xdd,
    0xdd, 0xdf, 0xfe, 0xde, 0xee, 0x0, 0x0, 0x0,
    0x0, 0x4, 0xa0, 0x0, 0x0, 0x0, 0x0, 0xef,
    0x60, 0x0, 0x0, 0x0, 0x0, 0x0, 0x1, 0xff,
    0xa0, 0x0, 0x0, 0x0, 0xe, 0xf6, 0x0, 0x0,
    0x0, 0x0, 0x0, 0x0, 0x4, 0xff, 0x60, 0x0,
    0x0, 0x0, 0xef, 0x60, 0x0, 0x0, 0x0, 0x0,
    0x0, 0x0, 0x9, 0xff, 0x10, 0x0, 0x0, 0xf,
    0xf5, 0x0, 0x0, 0x0, 0x0, 0x0, 0x0, 0x0,
    0xa, 0x20, 0x0, 0x2a, 0xac, 0xff, 0x40, 0x0,
    0x0, 0x0, 0x0, 0x0, 0x0, 0x0, 0x0, 0x0,
    0x0, 0xdf, 0xff, 0xb0, 0x0, 0x0, 0x0, 0x0,
    0x0, 0x0, 0x0, 0x0, 0x0, 0x0, 0x6, 0x96,
    0x20, 0x0, 0x0, 0x0, 0x0,

    /* U+7EBF "线" */
    0x0, 0x0, 0x0, 0x30, 0x0, 0x0, 0x0, 0x14,
    0x20, 0x0, 0x0, 0x0, 0x0, 0x0, 0x0, 0x0,
    0x6, 0xfa, 0x20, 0x0, 0x0, 0x2f, 0xf8, 0x0,
    0x10, 0x0, 0x0, 0x0, 0x0, 0x0, 0xd, 0xfc,
    0x0, 0x0, 0x0, 0xf, 0xf5, 0x7, 0xf8, 0x0,
    0x0, 0x0, 0x0, 0x0, 0x4f, 0xf1, 0x0, 0x0,
    0x0, 0xf, 0xf3, 0x3, 0xff, 0x50, 0x0, 0x0,
    0x0, 0x0, 0xcf, 0x60, 0x0, 0x0, 0x0, 0xe,
    0xf3, 0x0, 0x7f, 0x90, 0x0, 0x0, 0x0, 0x4,
    0xfc, 0x0, 0x27, 0x0, 0x0, 0xe, 0xf3, 0x0,
    0x3, 0x0, 0x20, 0x0, 0x0, 0xd, 0xf3, 0x0,
    0x9f, 0xe1, 0x0, 0xe, 0xf3, 0x1, 0x47, 0xbf,
    0xe0, 0x0, 0x0, 0xaf, 0x80, 0x1, 0xff, 0x70,
    0x0, 0x2f, 0xfd, 0xef, 0xff, 0xff, 0xd0, 0x0,
    0x9, 0xfe, 0x11, 0x2a, 0xfb, 0x1a, 0xcf, 0xff,
    0xff, 0xda, 0x74, 0x20, 0x0, 0x0, 0xd, 0xff,
    0xff, 0xff, 0xf1, 0xf, 0xfe, 0xad, 0xf6, 0x0,
    0x0, 0x0, 0x0, 0x0, 0x7, 0xfd, 0xa9, 0xdf,
    0x60, 0x4, 0x20, 0xa, 0xf6, 0x0, 0x0, 0x1,
    0x59, 0x0, 0x1, 0x10, 0x2, 0xfc, 0x0, 0x0,
    0x0, 0x9, 0xf8, 0x3, 0x69, 0xcf, 0xff, 0x30,
    0x0, 0x0, 0xc, 0xf2, 0x0, 0x0, 0x2, 0x5c,
    0xff, 0xff, 0xff, 0xfd, 0xa8, 0x10, 0x0, 0x0,
    0x7f, 0x80, 0x0, 0xd, 0xff, 0xff, 0xff, 0xc9,
    0x63, 0x0, 0x0, 0x0, 0x0, 0x4, 0xfd, 0x0,
    0x0, 0xc, 0xea, 0x74, 0xff, 0x0, 0x0, 0xb5,
    0x0, 0x0, 0x0, 0x7f, 0xf8, 0x57, 0x89, 0x31,
    0x0, 0x0, 0xcf, 0x30, 0x8, 0xff, 0xa0, 0x0,
    0x0, 0xff, 0xff, 0xff, 0xff, 0x10, 0x0, 0x0,
    0x9f, 0x70, 0x7f, 0xfb, 0x10, 0x0, 0x0, 0xbe,
    0xb9, 0x75, 0x42, 0x0, 0x0, 0x0, 0x4f, 0xd8,
    0xff, 0x90, 0x0, 0x0, 0x0, 0x0, 0x0, 0x0,
    0x0, 0x0, 0x0, 0x0, 0xe, 0xff, 0xf9, 0x0,
    0x0, 0x0, 0x0, 0x0, 0x0, 0x0, 0x25, 0x92,
    0x0, 0x0, 0x1d, 0xff, 0x80, 0x0, 0x0, 0x0,
    0x0, 0x24, 0x69, 0xbe, 0xff, 0xf3, 0x0, 0x3,
    0xef, 0xff, 0xa0, 0x0, 0x23, 0x0, 0x9, 0xff,
    0xff, 0xfe, 0xa7, 0x40, 0x0, 0x8f, 0xfc, 0x5f,
    0xf6, 0x0, 0x7f, 0xb0, 0x1, 0xff, 0xb6, 0x20,
    0x0, 0x0, 0x7e, 0xff, 0x90, 0x7, 0xff, 0x72,
    0xdf, 0xb0, 0x0, 0x30, 0x0, 0x0, 0x0, 0x6f,
    0xff, 0xe4, 0x0, 0x0, 0x8f, 0xff, 0xff, 0x30,
    0x0, 0x0, 0x0, 0x0, 0x0, 0xd, 0xf8, 0x0,
    0x0, 0x0, 0x6, 0xff, 0xf8, 0x0, 0x0, 0x0,
    0x0, 0x0, 0x0, 0x2, 0x10, 0x0, 0x0, 0x0,
    0x0, 0x28, 0x50, 0x0, 0x0, 0x0, 0x0, 0x0,
    0x0, 0x0, 0x0, 0x0, 0x0, 0x0, 0x0, 0x0,
    0x0, 0x0,

    /* U+7EDC "络" */
    0x0, 0x0, 0x0, 0x0, 0x0, 0x0, 0x0, 0x2c,
    0x72, 0x0, 0x0, 0x0, 0x0, 0x0, 0x0, 0x0,
    0xb, 0x71, 0x0, 0x0, 0x0, 0x7f, 0xf3, 0x0,
    0x0, 0x0, 0x0, 0x0, 0x0, 0x0, 0x1f, 0xf8,
    0x0, 0x0, 0x0, 0xcf, 0x90, 0x0, 0x0, 0x0,
    0x0, 0x0, 0x0, 0x0, 0x6f, 0xe0, 0x0, 0x0,
    0x2, 0xff, 0xcb, 0xbb, 0xbb, 0xbb, 0xa0, 0x0,
    0x0, 0x0, 0xcf, 0x60, 0x0, 0x0, 0x9, 0xff,
    0xff, 0xff, 0xff, 0xff, 0x90, 0x0, 0x0, 0x3,
    0xfd, 0x0, 0x41, 0x0, 0x1f, 0xff, 0x21, 0x11,
    0x15, 0xff, 0x10, 0x0, 0x0, 0xb, 0xf5, 0x0,
    0xde, 0x40, 0xaf, 0xff, 0x80, 0x0, 0xd, 0xf7,
    0x0, 0x0, 0x0, 0x4f, 0xd0, 0x3, 0xff, 0x44,
    0xff, 0x5f, 0xf1, 0x0, 0x8f, 0xd0, 0x0, 0x0,
    0x1, 0xef, 0x40, 0xb, 0xfa, 0x2e, 0xf6, 0xb,
    0xfb, 0x4, 0xff, 0x40, 0x0, 0x0, 0xd, 0xff,
    0x99, 0x9f, 0xf1, 0x4e, 0xb0, 0x2, 0xff, 0x9e,
    0xf8, 0x0, 0x0, 0x0, 0xd, 0xff, 0xff, 0xff,
    0x70, 0x1, 0x10, 0x0, 0x7f, 0xff, 0xb0, 0x0,
    0x0, 0x0, 0x5, 0x73, 0x13, 0xfe, 0x0, 0x0,
    0x0, 0x0, 0x9f, 0xff, 0xa1, 0x0, 0x0, 0x0,
    0x0, 0x0, 0xb, 0xf5, 0x0, 0x0, 0x1, 0x7e,
    0xff, 0xaf, 0xff, 0x93, 0x0, 0x0, 0x0, 0x0,
    0x4f, 0xc0, 0x0, 0x4, 0xaf, 0xff, 0xa1, 0x2,
    0xbf, 0xff, 0xe9, 0x50, 0x0, 0x0, 0xef, 0x20,
    0x0, 0xbf, 0xff, 0xc3, 0x0, 0x0, 0x3, 0xaf,
    0xff, 0xc0, 0x0, 0xa, 0xf9, 0x14, 0x68, 0x2f,
    0xbd, 0xaa, 0xaa, 0xaa, 0xaa, 0xac, 0xae, 0x50,
    0x0, 0xbf, 0xff, 0xff, 0xfd, 0x1, 0xd, 0xff,
    0xff, 0xff, 0xff, 0xff, 0x0, 0x0, 0x0, 0xdf,
    0xff, 0xfc, 0xa7, 0x0, 0xd, 0xf3, 0x11, 0x11,
    0x12, 0xff, 0x0, 0x0, 0x0, 0x69, 0x52, 0x0,
    0x0, 0x0, 0xd, 0xf2, 0x0, 0x0, 0x1, 0xfe,
    0x0, 0x0, 0x0, 0x0, 0x0, 0x0, 0x0, 0x0,
    0xd, 0xf2, 0x0, 0x0, 0x1, 0xfe, 0x0, 0x0,
    0x0, 0x0, 0x0, 0x4, 0x9e, 0x40, 0xd, 0xf2,
    0x0, 0x0, 0x1, 0xfe, 0x0, 0x0, 0x0, 0x4,
    0x7b, 0xff, 0xff, 0x60, 0xd, 0xf2, 0x0, 0x0,
    0x1, 0xfe, 0x0, 0x0, 0x1, 0xff, 0xff, 0xfc,
    0x62, 0x0, 0xd, 0xff, 0xff, 0xff, 0xff, 0xfe,
    0x0, 0x0, 0x0, 0xcf, 0xe8, 0x10, 0x0, 0x0,
    0xd, 0xfc, 0xcc, 0xcc, 0xcc, 0xfe, 0x0, 0x0,
    0x0, 0x34, 0x0, 0x0, 0x0, 0x0, 0xd, 0xf2,
    0x0, 0x0, 0x1, 0xff, 0x0, 0x0, 0x0, 0x0,
    0x0, 0x0, 0x0, 0x0, 0xe, 0xf2, 0x0, 0x0,
    0x1, 0xff, 0x0, 0x0,

    /* U+7F13 "缓" */
    0x0, 0x0, 0xb, 0x30, 0x0, 0x0, 0x0, 0x0,
    0x0, 0x0, 0x1, 0x48, 0x40, 0x0, 0x0, 0x2,
    0xff, 0x60, 0x0, 0x45, 0x66, 0x89, 0xab, 0xdf,
    0xff, 0xfc, 0x0, 0x0, 0x0, 0x7f, 0xe1, 0x0,
    0x1f, 0xff, 0xff, 0xff, 0xfe, 0xcb, 0x98, 0x71,
    0x0, 0x0, 0xd, 0xf6, 0x0, 0x0, 0x9a, 0x87,
    0x53, 0x20, 0x0, 0x33, 0x0, 0x0, 0x0, 0x5,
    0xfd, 0x0, 0x10, 0x0, 0x69, 0x0, 0xcf, 0x40,
    0xa, 0xfa, 0x0, 0x0, 0x0, 0xcf, 0x50, 0x8,
    0xc2, 0xd, 0xf1, 0xb, 0xf8, 0x1, 0xff, 0x30,
    0x0, 0x0, 0x5f, 0xd0, 0x0, 0xef, 0xc0, 0x9f,
    0x50, 0x7f, 0xc0, 0x7f, 0xa0, 0x0, 0x0, 0x2e,
    0xf5, 0x0, 0x8f, 0xd1, 0x5, 0x93, 0x2, 0x62,
    0xd, 0xf3, 0x0, 0x0, 0xa, 0xff, 0xfe, 0xef,
    0xf2, 0x9, 0x98, 0x88, 0x88, 0x89, 0xff, 0x89,
    0xa0, 0x0, 0x7f, 0xdb, 0xbf, 0xf6, 0x0, 0xff,
    0xff, 0xff, 0xff, 0xff, 0xff, 0xff, 0x0, 0x0,
    0x10, 0x7, 0xfb, 0x0, 0x1, 0x0, 0xc, 0xf5,
    0x0, 0x0, 0x0, 0x10, 0x0, 0x0, 0x2, 0xff,
    0x10, 0x0, 0x0, 0x0, 0xef, 0x10, 0x0, 0x0,
    0x0, 0x0, 0x0, 0x0, 0xdf, 0x60, 0x0, 0xdd,
    0xcc, 0xcf, 0xfc, 0xcc, 0xcc, 0xcd, 0xde, 0x0,
    0x0, 0x9f, 0xb0, 0x0, 0xd, 0xed, 0xde, 0xfe,
    0xdd, 0xdd, 0xdd, 0xee, 0xf0, 0x0, 0x7f, 0xf1,
    0x1, 0x20, 0x0, 0x0, 0xcf, 0x20, 0x0, 0x0,
    0x0, 0x0, 0x0, 0x6f, 0xff, 0xff, 0xfe, 0x0,
    0x0, 0x2f, 0xd0, 0x0, 0x0, 0x0, 0x0, 0x0,
    0x2, 0xff, 0xfe, 0xdd, 0xa0, 0x0, 0x9, 0xff,
    0xff, 0xff, 0xff, 0xff, 0x30, 0x0, 0x5, 0x30,
    0x0, 0x0, 0x0, 0x3, 0xff, 0xe9, 0x99, 0x99,
    0xef, 0x90, 0x0, 0x0, 0x0, 0x0, 0x0, 0x0,
    0x0, 0xcf, 0xef, 0x30, 0x0, 0x4f, 0xe1, 0x0,
    0x0, 0x0, 0x0, 0x36, 0x9c, 0x60, 0x7f, 0xc2,
    0xfe, 0x10, 0x1e, 0xf5, 0x0, 0x0, 0x9, 0xbd,
    0xff, 0xff, 0xf6, 0x5f, 0xf3, 0x6, 0xfe, 0x2b,
    0xf9, 0x0, 0x0, 0x0, 0xaf, 0xff, 0xea, 0x74,
    0x5f, 0xf7, 0x0, 0x9, 0xff, 0xfc, 0x0, 0x0,
    0x0, 0x5, 0xa6, 0x20, 0x0, 0x6f, 0xfa, 0x0,
    0x0, 0x7f, 0xff, 0xd5, 0x0, 0x0, 0x0, 0x0,
    0x0, 0x0, 0x2f, 0xfb, 0x0, 0x17, 0xdf, 0xf8,
    0xdf, 0xff, 0xdb, 0x80, 0x0, 0x0, 0x0, 0x0,
    0x4a, 0x0, 0xbf, 0xff, 0xa2, 0x0, 0x5c, 0xff,
    0xf9, 0x0, 0x0, 0x0, 0x0, 0x0, 0x0, 0x3,
    0xe9, 0x20, 0x0, 0x0, 0x1, 0x6a, 0x20, 0x0,
    0x0, 0x0, 0x0, 0x0, 0x0, 0x0, 0x0, 0x0,
    0x0, 0x0, 0x0, 0x0, 0x0,

    /* U+7F51 "网" */
    0x4a, 0xaa, 0xaa, 0xaa, 0xaa, 0xaa, 0xaa, 0xaa,
    0xaa, 0xaa, 0xaa, 0xa5, 0x6f, 0xff, 0xff, 0xff,
    0xff, 0xff, 0xff, 0xff, 0xff, 0xff, 0xff, 0xf7,
    0x5f, 0xf3, 0x33, 0x33, 0x33, 0x33, 0x33, 0x33,
    0x33, 0x33, 0x3d, 0xf6, 0x4f, 0xe0, 0x0, 0x0,
    0x0, 0x0, 0x0, 0x0, 0x0, 0x0, 0xd, 0xf6,
    0x4f, 0xe0, 0x0, 0x0, 0x1, 0xb5, 0x0, 0x0,
    0x3, 0x81, 0xd, 0xf6, 0x4f, 0xe0, 0x48, 0x0,
    0x4, 0xff, 0x30, 0x0, 0x7, 0xfe, 0xd, 0xf6,
    0x4f, 0xe2, 0xff, 0x40, 0x8, 0xfb, 0x3, 0x10,
    0xa, 0xfa, 0xd, 0xf6, 0x4f, 0xe0, 0x7f, 0xd0,
    0xc, 0xf5, 0xaf, 0x90, 0xe, 0xf3, 0xd, 0xf6,
    0x4f, 0xe0, 0xc, 0xf6, 0x1f, 0xf0, 0x5f, 0xf1,
    0x3f, 0xe0, 0xd, 0xf6, 0x4f, 0xe0, 0x3, 0xfe,
    0x6f, 0xa0, 0xb, 0xf9, 0x7f, 0x90, 0xd, 0xf6,
    0x4f, 0xe0, 0x0, 0xaf, 0xff, 0x40, 0x2, 0xff,
    0xdf, 0x30, 0xd, 0xf6, 0x4f, 0xe0, 0x0, 0x2f,
    0xfe, 0x0, 0x0, 0xaf, 0xfe, 0x0, 0xd, 0xf6,
    0x4f, 0xe0, 0x0, 0xa, 0xfc, 0x0, 0x0, 0x2f,
    0xf8, 0x0, 0xd, 0xf6, 0x4f, 0xe0, 0x0, 0x1f,
    0xff, 0x40, 0x0, 0x2f, 0xfb, 0x0, 0xd, 0xf6,
    0x4f, 0xe0, 0x0, 0x7f, 0xff, 0xd0, 0x0, 0xaf,
    0xff, 0x30, 0xd, 0xf6, 0x4f, 0xe0, 0x1, 0xff,
    0x3f, 0xf7, 0x3, 0xff, 0xbf, 0xc0, 0xd, 0xf6,
    0x4f, 0xe0, 0x9, 0xfa, 0x8, 0xfb, 0xd, 0xf9,
    0x2f, 0xf4, 0xd, 0xf6, 0x4f, 0xe0, 0x2f, 0xf2,
    0x1, 0x90, 0x9f, 0xe1, 0xb, 0xfd, 0xd, 0xf6,
    0x4f, 0xe0, 0xcf, 0x90, 0x0, 0x6, 0xff, 0x50,
    0x3, 0xfb, 0x1d, 0xf6, 0x4f, 0xe7, 0xfe, 0x10,
    0x0, 0x3f, 0xfa, 0x0, 0x0, 0x10, 0xd, 0xf6,
    0x4f, 0xe0, 0x64, 0x0, 0x0, 0x2, 0xb1, 0x0,
    0x0, 0x0, 0xd, 0xf6, 0x4f, 0xe0, 0x0, 0x0,
    0x0, 0x0, 0x0, 0x0, 0x0, 0x0, 0xe, 0xf6,
    0x4f, 0xe0, 0x0, 0x0, 0x0, 0x0, 0x0, 0x0,
    0x1, 0x77, 0xaf, 0xf5, 0x5f, 0xe0, 0x0, 0x0,
    0x0, 0x0, 0x0, 0x0, 0x0, 0xbf, 0xff, 0xf2,
    0x7f, 0xe0, 0x0, 0x0, 0x0, 0x0, 0x0, 0x0,
    0x0, 0x5e, 0xb8, 0x30,

    /* U+7F6E "置" */
    0x0, 0x7, 0x77, 0x77, 0x77, 0x77, 0x77, 0x77,
    0x77, 0x77, 0x77, 0x73, 0x0, 0x0, 0xe, 0xff,
    0xff, 0xff, 0xff, 0xff, 0xff, 0xff, 0xff, 0xff,
    0xf6, 0x0, 0x0, 0xe, 0xf3, 0x0, 0xa, 0xe0,
    0x0, 0xb, 0xf0, 0x0, 0xb, 0xf6, 0x0, 0x0,
    0xe, 0xf3, 0x0, 0xa, 0xe0, 0x0, 0xb, 0xf0,
    0x0, 0xb, 0xf5, 0x0, 0x0, 0xf, 0xff, 0xff,
    0xff, 0xff, 0xff, 0xff, 0xff, 0xff, 0xff, 0xf6,
    0x0, 0x0, 0x7, 0x77, 0x77, 0x77, 0x77, 0xaa,
    0x97, 0x77, 0x77, 0x77, 0x73, 0x0, 0x0, 0x0,
    0x0, 0x0, 0x0, 0x0, 0xdf, 0x90, 0x0, 0x0,
    0x0, 0x0, 0x0, 0x1, 0xcc, 0xbb, 0xbb, 0xbb,
    0xbb, 0xff, 0xcb, 0xbb, 0xbb, 0xbb, 0xcb, 0x0,
    0x1, 0xff, 0xff, 0xff, 0xff, 0xff, 0xff, 0xff,
    0xff, 0xff, 0xff, 0xfe, 0x0, 0x0, 0x0, 0x0,
    0x0, 0x0, 0x3, 0xfd, 0x0, 0x0, 0x0, 0x0,
    0x0, 0x0, 0x0, 0x0, 0x5, 0x77, 0x77, 0x7a,
    0xfe, 0x77, 0x77, 0x77, 0x70, 0x0, 0x0, 0x0,
    0x0, 0xa, 0xff, 0xff, 0xff, 0xff, 0xff, 0xff,
    0xff, 0xe0, 0x0, 0x0, 0x0, 0x0, 0xa, 0xf3,
    0x0, 0x0, 0x0, 0x0, 0x0, 0xe, 0xe0, 0x0,
    0x0, 0x0, 0x0, 0x9, 0xf6, 0x55, 0x55, 0x55,
    0x55, 0x55, 0x5e, 0xd0, 0x0, 0x0, 0x0, 0x0,
    0x9, 0xff, 0xff, 0xff, 0xff, 0xff, 0xff, 0xff,
    0xd0, 0x0, 0x0, 0x0, 0x0, 0x9, 0xf4, 0x11,
    0x11, 0x11, 0x11, 0x11, 0x1e, 0xd0, 0x0, 0x0,
    0x0, 0x0, 0x9, 0xfa, 0x99, 0x99, 0x99, 0x99,
    0x99, 0x9f, 0xd0, 0x0, 0x0, 0x0, 0x0, 0x9,
    0xff, 0xff, 0xff, 0xff, 0xff, 0xff, 0xff, 0xd0,
    0x0, 0x0, 0x0, 0x0, 0x9, 0xf3, 0x0, 0x0,
    0x0, 0x0, 0x0, 0xe, 0xd0, 0x0, 0x0, 0x0,
    0x0, 0x9, 0xfa, 0x99, 0x99, 0x99, 0x99, 0x99,
    0x9f, 0xd0, 0x0, 0x0, 0x0, 0x0, 0x9, 0xff,
    0xff, 0xff, 0xff, 0xff, 0xff, 0xff, 0xd0, 0x0,
    0x0, 0x0, 0x0, 0x9, 0xf2, 0x0, 0x0, 0x0,
    0x0, 0x0, 0xe, 0xd0, 0x0, 0x0, 0x4f, 0xff,
    0xff, 0xff, 0xff, 0xff, 0xff, 0xff, 0xff, 0xff,
    0xff, 0xff, 0xf5, 0x29, 0x88, 0x77, 0x77, 0x77,
    0x77, 0x77, 0x77, 0x77, 0x77, 0x77, 0x78, 0x83,

    /* U+85CF "藏" */
    0x0, 0x0, 0x0, 0x0, 0xb, 0xe2, 0x0, 0x0,
    0xdf, 0x30, 0x0, 0x0, 0x0, 0x0, 0x0, 0x0,
    0x0, 0x0, 0xc, 0xf2, 0x0, 0x0, 0xcf, 0x20,
    0x0, 0x0, 0x0, 0x0, 0x0, 0xa9, 0x87, 0x77,
    0x7d, 0xf8, 0x77, 0x77, 0xef, 0x87, 0x77, 0x78,
    0x8a, 0x10, 0x0, 0xff, 0xff, 0xff, 0xff, 0xff,
    0xff, 0xff, 0xff, 0xff, 0xff, 0xff, 0xff, 0x20,
    0x0, 0x32, 0x10, 0x0, 0xc, 0xf2, 0x0, 0x0,
    0xcf, 0x20, 0x0, 0x48, 0x23, 0x0, 0x0, 0x0,
    0x0, 0x0, 0xb, 0xe1, 0x0, 0x0, 0x57, 0x53,
    0x1, 0xef, 0x40, 0x0, 0x0, 0x13, 0x10, 0x0,
    0x0, 0x0, 0x0, 0x0, 0x0, 0xff, 0x10, 0x3e,
    0x60, 0x0, 0x0, 0x7f, 0x50, 0x69, 0x99, 0x99,
    0x99, 0x99, 0x99, 0xff, 0x99, 0x9a, 0xaa, 0x0,
    0x0, 0x6f, 0x40, 0xaf, 0xff, 0xff, 0xff, 0xff,
    0xff, 0xff, 0xff, 0xff, 0xfe, 0x0, 0x0, 0x6f,
    0x30, 0xaf, 0x50, 0x0, 0x0, 0x0, 0x0, 0xaf,
    0x30, 0x0, 0x0, 0x0, 0x0, 0x6f, 0x40, 0xaf,
    0x55, 0x99, 0x99, 0x99, 0x93, 0x8f, 0x50, 0x0,
    0x0, 0x0, 0x0, 0x7f, 0xff, 0xff, 0x57, 0xff,
    0xff, 0xff, 0xf5, 0x6f, 0x60, 0xd, 0x92, 0x0,
    0x0, 0x5b, 0xbb, 0xef, 0x57, 0xf7, 0x2b, 0xf3,
    0x20, 0x4f, 0x80, 0xf, 0xf5, 0x0, 0x0, 0x0,
    0x0, 0xaf, 0x56, 0xf5, 0xa, 0xf1, 0x0, 0x2f,
    0xb0, 0x3f, 0xf0, 0x0, 0x0, 0x0, 0x0, 0xaf,
    0x56, 0xfb, 0x9d, 0xf9, 0x93, 0xf, 0xd0, 0x6f,
    0xa0, 0x0, 0xa, 0xcb, 0xbb, 0xef, 0x46, 0xff,
    0xff, 0xff, 0xf6, 0xd, 0xf0, 0xbf, 0x50, 0x0,
    0xc, 0xff, 0xfe, 0xff, 0x46, 0xf5, 0x0, 0x6,
    0xf6, 0x9, 0xf5, 0xff, 0x0, 0x0, 0x0, 0xf,
    0xb0, 0xaf, 0x46, 0xfa, 0x77, 0x7b, 0xf6, 0x5,
    0xfe, 0xf9, 0x0, 0x0, 0x0, 0x2f, 0xa0, 0xcf,
    0x26, 0xff, 0xff, 0xff, 0xf6, 0x1, 0xff, 0xf2,
    0x0, 0x0, 0x0, 0x6f, 0x70, 0xef, 0x16, 0xf5,
    0xa, 0xf1, 0x0, 0x0, 0xdf, 0xb0, 0x0, 0x0,
    0x0, 0xbf, 0x41, 0xfe, 0x6, 0xf5, 0xa, 0xf1,
    0x0, 0x8, 0xff, 0xd0, 0x2, 0x0, 0x2, 0xfe,
    0x4, 0xfb, 0x7, 0xff, 0xff, 0xff, 0xf6, 0x6f,
    0xfd, 0xf7, 0xe, 0x90, 0xc, 0xf8, 0x9, 0xf8,
    0x5, 0xbb, 0xbb, 0xbb, 0xdd, 0xff, 0x54, 0xff,
    0x5f, 0xd0, 0x5, 0xe0, 0xe, 0xf3, 0x0, 0x0,
    0x0, 0x5, 0xef, 0xf6, 0x0, 0xaf, 0xff, 0xa0,
    0x0, 0x0, 0x8f, 0xd0, 0x0, 0x0, 0x0, 0xb,
    0xff, 0x50, 0x0, 0x1e, 0xff, 0x60, 0x0, 0x0,
    0x8f, 0x60, 0x0, 0x0, 0x0, 0x1, 0xd3, 0x0,
    0x0, 0x2, 0xcd, 0x0, 0x0, 0x0, 0x1, 0x0,
    0x0, 0x0, 0x0, 0x0, 0x0, 0x0, 0x0, 0x0,
    0x0, 0x0,

    /* U+89C8 "览" */
    0x0, 0x0, 0x0, 0x0, 0x0, 0x0, 0x0, 0x2,
    0x0, 0x0, 0x0, 0x0, 0x0, 0x0, 0x0, 0x11,
    0x0, 0xa, 0xc4, 0x0, 0x0, 0xdf, 0x80, 0x0,
    0x0, 0x0, 0x0, 0x0, 0x3f, 0xf0, 0x0, 0xef,
    0x40, 0x0, 0x2f, 0xf4, 0x0, 0x0, 0x0, 0x0,
    0x0, 0x3, 0xfe, 0x0, 0xd, 0xf3, 0x0, 0x7,
    0xfc, 0x0, 0x0, 0x0, 0x0, 0x0, 0x0, 0x2f,
    0xd0, 0x0, 0xdf, 0x20, 0x0, 0xcf, 0xec, 0xcc,
    0xcc, 0xcd, 0xd6, 0x0, 0x2, 0xfc, 0x0, 0xd,
    0xf2, 0x0, 0x2f, 0xff, 0xff, 0xff, 0xff, 0xff,
    0x70, 0x0, 0x2f, 0xc0, 0x0, 0xdf, 0x20, 0xa,
    0xf8, 0x0, 0x10, 0x0, 0x0, 0x11, 0x0, 0x2,
    0xfc, 0x0, 0xd, 0xf2, 0x2, 0xff, 0x10, 0x3f,
    0x90, 0x0, 0x0, 0x0, 0x0, 0x2f, 0xd0, 0x0,
    0xdf, 0x20, 0xcf, 0x80, 0x4, 0xff, 0xd3, 0x0,
    0x0, 0x0, 0x3, 0xfd, 0x0, 0xd, 0xf3, 0x6,
    0xb0, 0x0, 0x3, 0xef, 0xf5, 0x0, 0x0, 0x0,
    0x3e, 0xd0, 0x0, 0xef, 0x50, 0x0, 0x0, 0x0,
    0x1, 0xcf, 0x90, 0x0, 0x0, 0x0, 0x0, 0x0,
    0x2, 0x31, 0x0, 0x0, 0x0, 0x0, 0x0, 0x80,
    0x0, 0x0, 0x0, 0x0, 0x0, 0x0, 0x0, 0x0,
    0x0, 0x0, 0x0, 0x0, 0x0, 0x0, 0x0, 0x0,
    0x0, 0x1, 0xff, 0xff, 0xff, 0xff, 0xff, 0xff,
    0xff, 0xff, 0x0, 0x0, 0x0, 0x0, 0x0, 0xf,
    0xfb, 0xbb, 0xbb, 0xbb, 0xbb, 0xbb, 0xbf, 0xe0,
    0x0, 0x0, 0x0, 0x0, 0x0, 0xff, 0x10, 0x0,
    0x0, 0x0, 0x0, 0x1, 0xfe, 0x0, 0x0, 0x0,
    0x0, 0x0, 0xf, 0xf1, 0x0, 0x7, 0x70, 0x0,
    0x0, 0x1f, 0xe0, 0x0, 0x0, 0x0, 0x0, 0x0,
    0xff, 0x10, 0x0, 0xbf, 0x90, 0x0, 0x1, 0xfe,
    0x0, 0x0, 0x0, 0x0, 0x0, 0xf, 0xf1, 0x0,
    0xf, 0xf1, 0x11, 0x0, 0x1f, 0xe0, 0x0, 0x0,
    0x0, 0x0, 0x0, 0xff, 0x10, 0x7, 0xf9, 0x3f,
    0xf0, 0x1, 0xfe, 0x0, 0x0, 0x0, 0x0, 0x0,
    0x1f, 0xf1, 0x1, 0xef, 0x32, 0xfe, 0x0, 0x1f,
    0xf0, 0x0, 0x0, 0x0, 0x0, 0x1, 0xbb, 0x10,
    0xbf, 0x90, 0x1f, 0xe0, 0x0, 0x44, 0x0, 0x4,
    0x0, 0x0, 0x0, 0x0, 0x2, 0xcf, 0xc0, 0x1,
    0xfe, 0x0, 0x0, 0x0, 0x2, 0xfc, 0x10, 0x0,
    0x0, 0x49, 0xff, 0xb0, 0x0, 0x1f, 0xf1, 0x0,
    0x0, 0x0, 0x9f, 0xe0, 0x27, 0x9c, 0xff, 0xff,
    0x70, 0x0, 0x0, 0xff, 0xea, 0xaa, 0xaa, 0xdf,
    0xf7, 0x0, 0xbf, 0xff, 0xe8, 0x10, 0x0, 0x0,
    0x5, 0xdf, 0xff, 0xff, 0xff, 0xe7, 0x0, 0x2,
    0xa7, 0x30, 0x0, 0x0, 0x0, 0x0, 0x0, 0x0,
    0x0, 0x0, 0x0, 0x0, 0x0,

    /* U+8BBE "设" */
    0x0, 0x8, 0x0, 0x0, 0x0, 0x0, 0x0, 0x0,
    0x0, 0x0, 0x0, 0x0, 0x0, 0x0, 0xaf, 0xc1,
    0x0, 0x0, 0x8, 0xbb, 0xbb, 0xbb, 0xbb, 0x30,
    0x0, 0x0, 0x0, 0x2e, 0xfc, 0x0, 0x0, 0xc,
    0xff, 0xff, 0xff, 0xff, 0x40, 0x0, 0x0, 0x0,
    0x3, 0xff, 0xb0, 0x0, 0xc, 0xf5, 0x0, 0x0,
    0xef, 0x40, 0x0, 0x0, 0x0, 0x0, 0x5f, 0xf7,
    0x0, 0xe, 0xf4, 0x0, 0x0, 0xef, 0x40, 0x0,
    0x0, 0x0, 0x0, 0x8, 0xb0, 0x0, 0xf, 0xf2,
    0x0, 0x0, 0xef, 0x40, 0x0, 0x0, 0x0, 0x0,
    0x0, 0x0, 0x0, 0x3f, 0xf0, 0x0, 0x0, 0xef,
    0x40, 0x0, 0x0, 0x0, 0x0, 0x0, 0x0, 0x0,
    0x9f, 0xb0, 0x0, 0x0, 0xef, 0x40, 0x0, 0x0,
    0x22, 0x21, 0x11, 0x0, 0x3, 0xff, 0x40, 0x0,
    0x0, 0xef, 0xa2, 0x23, 0x40, 0xcf, 0xff, 0xff,
    0x30, 0x3e, 0xfa, 0x0, 0x0, 0x0, 0xdf, 0xff,
    0xff, 0xf0, 0xac, 0xcc, 0xff, 0x20, 0xaf, 0xc0,
    0x0, 0x0, 0x0, 0x4c, 0xdd, 0xdd, 0xd0, 0x0,
    0x0, 0xff, 0x20, 0x6, 0x0, 0x0, 0x0, 0x0,
    0x0, 0x0, 0x0, 0x0, 0x0, 0x0, 0xff, 0x10,
    0x1f, 0xff, 0xff, 0xff, 0xff, 0xff, 0xff, 0x70,
    0x0, 0x0, 0x0, 0xff, 0x10, 0xc, 0xdf, 0xfc,
    0xcc, 0xcc, 0xce, 0xff, 0x20, 0x0, 0x0, 0x0,
    0xff, 0x10, 0x0, 0x1f, 0xf1, 0x0, 0x0, 0xa,
    0xfb, 0x0, 0x0, 0x0, 0x0, 0xff, 0x10, 0x0,
    0xa, 0xf6, 0x0, 0x0, 0x1f, 0xf4, 0x0, 0x0,
    0x0, 0x0, 0xff, 0x10, 0x0, 0x3, 0xfd, 0x0,
    0x0, 0x9f, 0xc0, 0x0, 0x0, 0x0, 0x0, 0xff,
    0x10, 0x40, 0x0, 0xbf, 0x80, 0x3, 0xff, 0x30,
    0x0, 0x0, 0x0, 0x0, 0xff, 0x18, 0xe0, 0x0,
    0x3f, 0xf4, 0x1d, 0xf9, 0x0, 0x0, 0x0, 0x0,
    0x0, 0xff, 0x9f, 0xf6, 0x0, 0x8, 0xff, 0xdf,
    0xd0, 0x0, 0x0, 0x0, 0x0, 0x0, 0xff, 0xff,
    0xa0, 0x0, 0x0, 0xbf, 0xff, 0x20, 0x0, 0x0,
    0x0, 0x0, 0x2, 0xff, 0xf9, 0x0, 0x0, 0x4,
    0xef, 0xff, 0x91, 0x0, 0x0, 0x0, 0x0, 0x9,
    0xff, 0xa0, 0x0, 0x3, 0xaf, 0xfb, 0x8f, 0xff,
    0x94, 0x0, 0x0, 0x0, 0x3, 0xfc, 0x0, 0x16,
    0xcf, 0xfd, 0x40, 0x2, 0xaf, 0xff, 0xfc, 0xb6,
    0x0, 0x0, 0x51, 0xa, 0xff, 0xfd, 0x50, 0x0,
    0x0, 0x2, 0x8d, 0xff, 0xf2, 0x0, 0x0, 0x0,
    0x0, 0xb9, 0x40, 0x0, 0x0, 0x0, 0x0, 0x0,
    0x37, 0x70,

    /* U+8BF4 "说" */
    0x0, 0x0, 0x0, 0x0, 0x0, 0x0, 0x0, 0x0,
    0x0, 0x0, 0x0, 0x0, 0x0, 0x0, 0x0, 0x40,
    0x0, 0x0, 0x1, 0x92, 0x0, 0x0, 0x0, 0x2d,
    0x50, 0x0, 0x0, 0x0, 0xaf, 0x80, 0x0, 0x0,
    0x7f, 0xc0, 0x0, 0x0, 0x7, 0xff, 0x20, 0x0,
    0x0, 0x7, 0xff, 0xa0, 0x0, 0x0, 0xdf, 0x70,
    0x0, 0x0, 0xcf, 0x90, 0x0, 0x0, 0x0, 0x6,
    0xff, 0xb0, 0x0, 0x4, 0xff, 0x10, 0x0, 0x2f,
    0xf1, 0x0, 0x0, 0x0, 0x0, 0x6, 0xff, 0x60,
    0x0, 0xc, 0xfa, 0x0, 0x8, 0xfa, 0x0, 0x0,
    0x0, 0x0, 0x0, 0x6, 0x90, 0x0, 0x0, 0x49,
    0x10, 0x0, 0xef, 0x30, 0x0, 0x0, 0x0, 0x0,
    0x0, 0x0, 0x0, 0xb, 0xbb, 0xbb, 0xbb, 0xcf,
    0xfb, 0xbb, 0x10, 0x0, 0x0, 0x0, 0x0, 0x0,
    0x0, 0xff, 0xff, 0xff, 0xff, 0xff, 0xff, 0xf2,
    0x0, 0x6, 0xdc, 0xcc, 0xc0, 0x0, 0xf, 0xf2,
    0x0, 0x0, 0x0, 0x0, 0xef, 0x10, 0x0, 0x7f,
    0xff, 0xff, 0x0, 0x0, 0xff, 0x20, 0x0, 0x0,
    0x0, 0xe, 0xf1, 0x0, 0x1, 0x21, 0x2f, 0xe0,
    0x0, 0xf, 0xf2, 0x0, 0x0, 0x0, 0x0, 0xef,
    0x10, 0x0, 0x0, 0x1, 0xfe, 0x0, 0x0, 0xff,
    0x20, 0x0, 0x0, 0x0, 0xe, 0xf1, 0x0, 0x0,
    0x0, 0x1f, 0xe0, 0x0, 0xf, 0xf2, 0x0, 0x0,
    0x0, 0x0, 0xef, 0x10, 0x0, 0x0, 0x1, 0xfe,
    0x0, 0x0, 0xff, 0xcb, 0xbb, 0xbb, 0xbb, 0xbf,
    0xf1, 0x0, 0x0, 0x0, 0x1f, 0xe0, 0x0, 0xf,
    0xff, 0xff, 0xff, 0xff, 0xff, 0xff, 0x20, 0x0,
    0x0, 0x1, 0xfe, 0x0, 0x0, 0x0, 0xd, 0xf5,
    0x1, 0xfe, 0x0, 0x0, 0x0, 0x0, 0x0, 0x1f,
    0xe0, 0x0, 0x0, 0x0, 0xff, 0x30, 0x1f, 0xe0,
    0x0, 0x0, 0x0, 0x0, 0x1, 0xfe, 0x0, 0x83,
    0x0, 0x1f, 0xf0, 0x1, 0xfe, 0x0, 0x0, 0x0,
    0x0, 0x0, 0x1f, 0xe0, 0x8f, 0xe1, 0x5, 0xfd,
    0x0, 0x1f, 0xe0, 0x0, 0x0, 0x0, 0x0, 0x1,
    0xfe, 0x8f, 0xf7, 0x0, 0xaf, 0x90, 0x1, 0xfe,
    0x0, 0x0, 0x0, 0x0, 0x0, 0x2f, 0xff, 0xf5,
    0x0, 0x2f, 0xf3, 0x0, 0x1f, 0xe0, 0x0, 0x54,
    0x0, 0x0, 0x6, 0xff, 0xf4, 0x0, 0xc, 0xfc,
    0x0, 0x1, 0xfe, 0x0, 0x9, 0xfe, 0x0, 0x0,
    0x7f, 0xf4, 0x0, 0x1c, 0xff, 0x20, 0x0, 0x1f,
    0xf1, 0x1, 0xef, 0xa0, 0x0, 0x0, 0x74, 0x0,
    0x5e, 0xff, 0x40, 0x0, 0x0, 0xff, 0xff, 0xff,
    0xf3, 0x0, 0x0, 0x0, 0x1, 0xcf, 0xfe, 0x30,
    0x0, 0x0, 0x8, 0xff, 0xff, 0xe7, 0x0, 0x0,
    0x0, 0x0, 0x2, 0xcb, 0x10, 0x0, 0x0, 0x0,
    0x0, 0x0, 0x0, 0x0, 0x0, 0x0, 0x0, 0x0,
    0x0, 0x0, 0x0, 0x0, 0x0, 0x0, 0x0, 0x0,
    0x0, 0x0,

    /* U+8C61 "象" */
    0x0, 0x0, 0x0, 0x0, 0x0, 0x0, 0x0, 0x0,
    0x0, 0x0, 0x0, 0x0, 0x0, 0x0, 0x0, 0x0,
    0x0, 0xe, 0xa5, 0x0, 0x0, 0x0, 0x0, 0x0,
    0x0, 0x0, 0x0, 0x0, 0x0, 0x0, 0xa, 0xff,
    0x40, 0x0, 0x0, 0x0, 0x0, 0x0, 0x0, 0x0,
    0x0, 0x0, 0x0, 0x7, 0xff, 0xb7, 0x77, 0x77,
    0x77, 0x77, 0x30, 0x0, 0x0, 0x0, 0x0, 0x0,
    0x7, 0xff, 0xff, 0xff, 0xff, 0xff, 0xff, 0xd0,
    0x0, 0x0, 0x0, 0x0, 0x0, 0x9, 0xff, 0x50,
    0x0, 0x0, 0x0, 0x9f, 0xf2, 0x0, 0x0, 0x0,
    0x0, 0x0, 0x1b, 0xff, 0x40, 0x0, 0x0, 0x0,
    0x4f, 0xf5, 0x0, 0x0, 0x0, 0x0, 0x0, 0x6e,
    0xff, 0xc9, 0x99, 0x99, 0x99, 0x9e, 0xfe, 0x99,
    0x99, 0x98, 0x0, 0x0, 0x4e, 0xfe, 0xff, 0xff,
    0xff, 0xff, 0xff, 0xff, 0xff, 0xff, 0xff, 0xe0,
    0x0, 0x0, 0x18, 0x4f, 0xe0, 0x0, 0x0, 0xc,
    0xf5, 0x0, 0x0, 0x3, 0xfe, 0x0, 0x0, 0x0,
    0x4, 0xfe, 0x0, 0x0, 0x4, 0xfd, 0x0, 0x0,
    0x0, 0x3f, 0xe0, 0x0, 0x0, 0x0, 0x4f, 0xf7,
    0x77, 0x77, 0xdf, 0xb7, 0x77, 0x77, 0x79, 0xfe,
    0x0, 0x0, 0x0, 0x5, 0xff, 0xff, 0xff, 0xff,
    0xff, 0xff, 0xff, 0xff, 0xff, 0xf0, 0x0, 0x0,
    0x0, 0x0, 0x0, 0x5, 0xef, 0xf2, 0x0, 0x0,
    0x0, 0x13, 0x0, 0x0, 0x0, 0x0, 0x0, 0x0,
    0x4b, 0xff, 0xff, 0x90, 0x0, 0x0, 0xc, 0xf4,
    0x0, 0x0, 0x0, 0x3, 0x6a, 0xef, 0xfc, 0x52,
    0xff, 0x70, 0x0, 0x2d, 0xff, 0x70, 0x0, 0x0,
    0x2, 0xef, 0xff, 0xb4, 0x1, 0xbf, 0xff, 0x50,
    0x7f, 0xfd, 0x20, 0x0, 0x0, 0x0, 0x3, 0xb7,
    0x10, 0x4, 0xef, 0xb5, 0xff, 0xef, 0xff, 0x10,
    0x0, 0x0, 0x0, 0x0, 0x0, 0x0, 0x4b, 0xff,
    0x80, 0x1e, 0xff, 0x9a, 0xf7, 0x0, 0x0, 0x0,
    0x0, 0x2, 0x59, 0xef, 0xfb, 0x30, 0x2d, 0xff,
    0xf0, 0x1f, 0xf2, 0x0, 0x0, 0x0, 0xa, 0xff,
    0xff, 0xa3, 0x0, 0x7f, 0xfa, 0xff, 0x10, 0x7f,
    0xd1, 0x0, 0x0, 0x0, 0xd, 0xb6, 0x0, 0x5,
    0xdf, 0xe4, 0xe, 0xf2, 0x0, 0xcf, 0xd3, 0x0,
    0x0, 0x0, 0x0, 0x0, 0x6d, 0xff, 0x80, 0x0,
    0xff, 0x20, 0x1, 0xdf, 0xfc, 0x62, 0x0, 0x1,
    0x6a, 0xff, 0xe8, 0x10, 0x0, 0x5f, 0xf0, 0x0,
    0x0, 0xaf, 0xff, 0xb0, 0x8, 0xff, 0xfd, 0x60,
    0x0, 0x78, 0xaf, 0xfb, 0x0, 0x0, 0x0, 0x4c,
    0xf1, 0x0, 0xa, 0x93, 0x0, 0x0, 0xb, 0xff,
    0xfd, 0x10, 0x0, 0x0, 0x0, 0x1, 0x0, 0x0,
    0x0, 0x0, 0x0, 0x0, 0x4b, 0x84, 0x0, 0x0,
    0x0, 0x0, 0x0, 0x0, 0x0,

    /* U+8D25 "败" */
    0x0, 0x0, 0x0, 0x0, 0x0, 0x0, 0x0, 0x0,
    0x4, 0x0, 0x0, 0x0, 0x0, 0x0, 0x0, 0x0,
    0x0, 0x0, 0x0, 0x0, 0x0, 0x2, 0xfe, 0x20,
    0x0, 0x0, 0x0, 0x0, 0x0, 0x0, 0x0, 0x0,
    0x0, 0x0, 0x0, 0x5f, 0xd0, 0x0, 0x0, 0x0,
    0x0, 0x2f, 0xff, 0xff, 0xff, 0xff, 0xfd, 0x0,
    0x8, 0xf8, 0x0, 0x0, 0x0, 0x0, 0x1, 0xff,
    0x99, 0x99, 0x99, 0xaf, 0xd0, 0x0, 0xcf, 0x30,
    0x0, 0x0, 0x0, 0x0, 0x1f, 0xe0, 0x0, 0x0,
    0x1, 0xfd, 0x0, 0x1f, 0xd0, 0x0, 0x0, 0x1,
    0x10, 0x1, 0xfe, 0x0, 0x43, 0x0, 0x1f, 0xc0,
    0x6, 0xff, 0xff, 0xff, 0xff, 0xfc, 0x0, 0x1f,
    0xe0, 0xc, 0xf6, 0x1, 0xfc, 0x0, 0xbf, 0xa9,
    0x99, 0xef, 0xb9, 0x80, 0x0, 0xfe, 0x0, 0xbf,
    0x50, 0x1f, 0xc0, 0x2f, 0xd0, 0x0, 0xc, 0xf3,
    0x0, 0x0, 0xf, 0xe0, 0xb, 0xf3, 0x1, 0xfc,
    0x9, 0xfd, 0x0, 0x0, 0xdf, 0x10, 0x0, 0x0,
    0xfe, 0x0, 0xbf, 0x20, 0x1f, 0xc2, 0xff, 0xf0,
    0x0, 0xe, 0xf0, 0x0, 0x0, 0xf, 0xe0, 0xb,
    0xf2, 0x1, 0xfc, 0xbf, 0xdf, 0x20, 0x0, 0xfd,
    0x0, 0x0, 0x0, 0xfe, 0x0, 0xbf, 0x20, 0x1f,
    0xc2, 0xb5, 0xf5, 0x0, 0x2f, 0xb0, 0x0, 0x0,
    0xf, 0xe0, 0xc, 0xf1, 0x1, 0xfc, 0x0, 0x2f,
    0x90, 0x4, 0xf8, 0x0, 0x0, 0x1, 0xfe, 0x0,
    0xdf, 0x0, 0x1f, 0xc0, 0x0, 0xed, 0x0, 0x8f,
    0x50, 0x0, 0x0, 0x1f, 0xe0, 0xf, 0xe0, 0x1,
    0xfd, 0x0, 0xa, 0xf2, 0xc, 0xf1, 0x0, 0x0,
    0x1, 0xfe, 0x1, 0xfc, 0x0, 0x1f, 0xd0, 0x0,
    0x5f, 0x71, 0xfc, 0x0, 0x0, 0x0, 0x2f, 0xe0,
    0x5f, 0x90, 0x1, 0xfd, 0x0, 0x0, 0xfe, 0x7f,
    0x70, 0x0, 0x0, 0x0, 0x0, 0x9, 0xf5, 0x14,
    0x0, 0x0, 0x0, 0x9, 0xff, 0xf1, 0x0, 0x0,
    0x0, 0x0, 0x1, 0xfe, 0x1d, 0xf4, 0x0, 0x0,
    0x0, 0x2f, 0xfa, 0x0, 0x0, 0x0, 0x0, 0x0,
    0xbf, 0x70, 0x8f, 0xf4, 0x0, 0x0, 0x5, 0xff,
    0x90, 0x0, 0x0, 0x0, 0x0, 0xaf, 0xc0, 0x0,
    0x8f, 0xf4, 0x0, 0x5, 0xff, 0xef, 0x90, 0x0,
    0x0, 0x1, 0xcf, 0xe1, 0x0, 0x0, 0xaf, 0xe0,
    0x9, 0xff, 0x43, 0xff, 0xb1, 0x0, 0x6, 0xff,
    0xe2, 0x0, 0x0, 0x0, 0xb3, 0x5d, 0xfe, 0x30,
    0x3, 0xef, 0xf7, 0x0, 0x3e, 0xc1, 0x0, 0x0,
    0x0, 0x0, 0xbf, 0xfb, 0x10, 0x0, 0x1, 0xcf,
    0xfa, 0x0, 0x20, 0x0, 0x0, 0x0, 0x0, 0x2,
    0xe6, 0x0, 0x0, 0x0, 0x0, 0x7c, 0x0, 0x0,
    0x0, 0x0, 0x0, 0x0, 0x0, 0x0, 0x0, 0x0,
    0x0, 0x0, 0x0, 0x0, 0x0,

    /* U+8FDE "连" */
    0x0, 0x0, 0x0, 0x0, 0x0, 0x0, 0x0, 0x64,
    0x0, 0x0, 0x0, 0x0, 0x0, 0x0, 0x3, 0x40,
    0x0, 0x0, 0x0, 0x0, 0xe, 0xf9, 0x0, 0x0,
    0x0, 0x0, 0x0, 0x4, 0xff, 0x20, 0x0, 0x0,
    0x0, 0x4, 0xff, 0x10, 0x0, 0x0, 0x0, 0x0,
    0x0, 0x1d, 0xfc, 0x0, 0x1, 0x10, 0x0, 0xbf,
    0x80, 0x0, 0x0, 0x0, 0x11, 0x0, 0x0, 0x3f,
    0xf7, 0x2, 0xff, 0xff, 0xff, 0xff, 0xff, 0xff,
    0xff, 0xff, 0xd0, 0x0, 0x0, 0x7f, 0xf2, 0x1c,
    0xcb, 0xbf, 0xfd, 0xbb, 0xbb, 0xbb, 0xbb, 0xca,
    0x0, 0x0, 0x0, 0xdf, 0x80, 0x0, 0x2, 0xfe,
    0x10, 0x44, 0x10, 0x0, 0x0, 0x0, 0x0, 0x0,
    0x4, 0x30, 0x0, 0x0, 0xbf, 0x60, 0xe, 0xf3,
    0x0, 0x0, 0x0, 0x0, 0x0, 0x0, 0x0, 0x0,
    0x0, 0x5f, 0xd0, 0x0, 0xdf, 0x20, 0x0, 0x0,
    0x0, 0x0, 0x0, 0x0, 0x0, 0x0, 0x3f, 0xf3,
    0x0, 0xd, 0xf2, 0x0, 0x0, 0x0, 0x0, 0x3d,
    0xdc, 0xcc, 0x10, 0xf, 0xff, 0xcc, 0xcc, 0xff,
    0xdc, 0xcc, 0xdc, 0x0, 0x4, 0xff, 0xff, 0xf0,
    0x0, 0xbf, 0xff, 0xff, 0xff, 0xff, 0xff, 0xff,
    0xf0, 0x0, 0x0, 0x3, 0xff, 0x0, 0x1, 0x10,
    0x0, 0x0, 0xdf, 0x20, 0x0, 0x1, 0x0, 0x0,
    0x0, 0x3f, 0xf0, 0x0, 0x0, 0x0, 0x0, 0xd,
    0xf2, 0x0, 0x0, 0x0, 0x0, 0x0, 0x3, 0xff,
    0x0, 0x0, 0x0, 0x0, 0x0, 0xdf, 0x20, 0x0,
    0x0, 0x0, 0x0, 0x0, 0x3f, 0xf0, 0x1b, 0xbb,
    0xaa, 0xaa, 0xaf, 0xfb, 0xaa, 0xaa, 0xab, 0x0,
    0x0, 0x3, 0xff, 0x2, 0xff, 0xff, 0xff, 0xff,
    0xff, 0xff, 0xff, 0xff, 0xf0, 0x0, 0x0, 0x3f,
    0xf0, 0x2, 0x21, 0x11, 0x11, 0x1d, 0xf3, 0x11,
    0x11, 0x12, 0x0, 0x0, 0x3, 0xff, 0x0, 0x0,
    0x0, 0x0, 0x0, 0xdf, 0x20, 0x0, 0x0, 0x0,
    0x0, 0x0, 0x3f, 0xf0, 0x0, 0x0, 0x0, 0x0,
    0xd, 0xf2, 0x0, 0x0, 0x0, 0x0, 0x0, 0x4,
    0xff, 0x50, 0x0, 0x0, 0x0, 0x0, 0xef, 0x20,
    0x0, 0x0, 0x0, 0x0, 0x5, 0xff, 0xff, 0xb4,
    0x0, 0x0, 0x0, 0xe, 0xf3, 0x0, 0x0, 0x0,
    0x0, 0xa, 0xff, 0x74, 0xbf, 0xfe, 0xa7, 0x43,
    0x21, 0x88, 0x31, 0x12, 0x23, 0x34, 0x7, 0xff,
    0x50, 0x0, 0x4b, 0xff, 0xff, 0xff, 0xff, 0xff,
    0xff, 0xff, 0xff, 0x90, 0x8, 0x60, 0x0, 0x0,
    0x1, 0x47, 0x9b, 0xdd, 0xef, 0xff, 0xff, 0xff,
    0xf4, 0x0,

    /* U+9000 "退" */
    0x0, 0x0, 0x10, 0x0, 0x1, 0x33, 0x33, 0x33,
    0x33, 0x33, 0x33, 0x30, 0x0, 0x0, 0x4, 0xef,
    0x10, 0x0, 0x5f, 0xff, 0xff, 0xff, 0xff, 0xff,
    0xff, 0x0, 0x0, 0x0, 0x1f, 0xf7, 0x0, 0x5,
    0xff, 0xaa, 0xaa, 0xaa, 0xaa, 0xbf, 0xf0, 0x0,
    0x0, 0x0, 0xaf, 0xd0, 0x0, 0x4f, 0xe0, 0x0,
    0x0, 0x0, 0x2, 0xff, 0x0, 0x0, 0x0, 0x4,
    0xff, 0x40, 0x4, 0xfe, 0x0, 0x0, 0x0, 0x0,
    0x2f, 0xf0, 0x0, 0x0, 0x0, 0xe, 0xf9, 0x0,
    0x4f, 0xff, 0xff, 0xff, 0xff, 0xff, 0xff, 0x0,
    0x0, 0x0, 0x0, 0x63, 0x0, 0x4, 0xff, 0xdd,
    0xdd, 0xdd, 0xdd, 0xdf, 0xf0, 0x0, 0x0, 0x0,
    0x0, 0x0, 0x0, 0x4f, 0xe0, 0x0, 0x0, 0x0,
    0x2, 0xff, 0x0, 0x0, 0x0, 0x0, 0x0, 0x0,
    0x4, 0xfe, 0x0, 0x0, 0x0, 0x0, 0x2f, 0xf0,
    0x0, 0x0, 0x10, 0x0, 0x0, 0x0, 0x4f, 0xfa,
    0xaa, 0xaa, 0xaa, 0xab, 0xff, 0x0, 0x0, 0x4f,
    0xff, 0xff, 0x0, 0x4, 0xff, 0xff, 0xff, 0xff,
    0xff, 0xff, 0xf0, 0x0, 0x4, 0xff, 0xff, 0xf0,
    0x0, 0x4f, 0xf4, 0x44, 0x44, 0x44, 0x44, 0x45,
    0x0, 0x0, 0x2, 0x14, 0xfe, 0x0, 0x4, 0xfe,
    0x0, 0x13, 0x0, 0x0, 0x5, 0xe5, 0x0, 0x0,
    0x0, 0x3f, 0xe0, 0x0, 0x4f, 0xe0, 0x2e, 0xf9,
    0x0, 0x3, 0xff, 0xe3, 0x0, 0x0, 0x3, 0xfe,
    0x0, 0x4, 0xfe, 0x0, 0x9f, 0xfd, 0x34, 0xff,
    0xa0, 0x0, 0x0, 0x0, 0x3f, 0xe0, 0x0, 0x4f,
    0xe0, 0x0, 0x5e, 0xff, 0xff, 0x60, 0x0, 0x0,
    0x0, 0x3, 0xfe, 0x0, 0x4, 0xfe, 0x0, 0x2,
    0x1c, 0xff, 0xd2, 0x0, 0x0, 0x0, 0x0, 0x3f,
    0xe0, 0x0, 0x4f, 0xe0, 0x4c, 0xe0, 0x8, 0xff,
    0xf6, 0x0, 0x0, 0x0, 0x3, 0xfe, 0x0, 0x7,
    0xff, 0xbf, 0xff, 0x20, 0x4, 0xef, 0xfb, 0x10,
    0x0, 0x0, 0x3f, 0xe0, 0x1, 0xef, 0xff, 0xf8,
    0x10, 0x0, 0x1, 0xcf, 0xfb, 0x0, 0x0, 0x4,
    0xff, 0x70, 0xb, 0xff, 0x81, 0x0, 0x0, 0x0,
    0x0, 0xab, 0x0, 0x0, 0x6, 0xff, 0xff, 0xd7,
    0x38, 0x10, 0x0, 0x0, 0x0, 0x0, 0x0, 0x0,
    0x0, 0xa, 0xff, 0xda, 0xef, 0xff, 0xca, 0x75,
    0x44, 0x34, 0x45, 0x67, 0x9a, 0xde, 0x8, 0xff,
    0xa0, 0x0, 0x5c, 0xff, 0xff, 0xff, 0xff, 0xff,
    0xff, 0xff, 0xff, 0xa0, 0xb, 0x90, 0x0, 0x0,
    0x1, 0x57, 0xab, 0xdf, 0xff, 0xff, 0xed, 0xcb,
    0xa4, 0x0, 0x10, 0x0, 0x0, 0x0, 0x0, 0x0,
    0x0, 0x0, 0x0, 0x0, 0x0, 0x0, 0x0,

    /* U+907F "避" */
    0x0, 0x0, 0x0, 0x0, 0x0, 0x0, 0x0, 0x0,
    0x0, 0x0, 0x0, 0x0, 0x0, 0x0, 0x0, 0x0,
    0x0, 0x0, 0x0, 0x0, 0x0, 0x0, 0x0, 0x7d,
    0xb0, 0x0, 0x0, 0x0, 0x7, 0x0, 0x0, 0x55,
    0x55, 0x55, 0x51, 0x0, 0x7, 0xfd, 0x0, 0x0,
    0x0, 0xd, 0xf8, 0x0, 0xe, 0xff, 0xff, 0xff,
    0x20, 0x0, 0x4f, 0xf0, 0x0, 0x0, 0x0, 0x7f,
    0xf2, 0x0, 0xef, 0x98, 0x8e, 0xf2, 0xdf, 0xff,
    0xff, 0xef, 0xf7, 0x0, 0x0, 0xdf, 0xa0, 0xd,
    0xf2, 0x0, 0xcf, 0x1d, 0xff, 0xff, 0xff, 0xff,
    0x70, 0x0, 0x6, 0xff, 0x20, 0xdf, 0x20, 0xc,
    0xf1, 0x0, 0x20, 0x0, 0x35, 0x10, 0x0, 0x0,
    0xd, 0x50, 0xd, 0xf2, 0x0, 0xcf, 0x10, 0x7f,
    0x50, 0x8, 0xfd, 0x0, 0x0, 0x0, 0x0, 0x0,
    0xdf, 0x53, 0x3d, 0xf2, 0x5, 0xfd, 0x0, 0xbf,
    0x70, 0x0, 0x0, 0x0, 0x0, 0xe, 0xff, 0xff,
    0xff, 0x20, 0xc, 0xf5, 0xe, 0xf1, 0x0, 0x1,
    0x11, 0x0, 0x0, 0xff, 0xaa, 0xaa, 0xa2, 0x0,
    0x5e, 0x61, 0xfd, 0x0, 0x0, 0xff, 0xff, 0xf1,
    0xf, 0xf0, 0x0, 0x0, 0xa, 0xbb, 0xba, 0xbf,
    0xdb, 0xb0, 0xc, 0xcb, 0xff, 0x1, 0xfd, 0x0,
    0x0, 0x0, 0xef, 0xff, 0xff, 0xff, 0xff, 0x0,
    0x0, 0xf, 0xf0, 0x4f, 0xeb, 0xbb, 0xbb, 0x42,
    0x21, 0x1f, 0xf2, 0x22, 0x30, 0x0, 0x0, 0xfe,
    0x7, 0xff, 0xff, 0xff, 0xf6, 0x0, 0x0, 0xff,
    0x10, 0x0, 0x0, 0x0, 0xf, 0xe0, 0xbf, 0xdf,
    0x50, 0x9f, 0x50, 0x0, 0xf, 0xf1, 0x0, 0x0,
    0x0, 0x0, 0xfe, 0x1f, 0xea, 0xf4, 0x8, 0xf5,
    0x5b, 0xaa, 0xff, 0xbb, 0xb5, 0x0, 0x0, 0xf,
    0xe7, 0xfa, 0x9f, 0x40, 0x8f, 0x57, 0xff, 0xff,
    0xff, 0xff, 0x70, 0x0, 0x0, 0xfe, 0xef, 0x5a,
    0xf4, 0x8, 0xf5, 0x11, 0x0, 0xff, 0x10, 0x10,
    0x0, 0x0, 0xf, 0xff, 0xe0, 0xaf, 0x40, 0x8f,
    0x50, 0x0, 0xf, 0xf1, 0x0, 0x0, 0x0, 0x0,
    0xfe, 0x68, 0xa, 0xfe, 0xde, 0xf6, 0x0, 0x0,
    0xff, 0x10, 0x0, 0x0, 0x0, 0xf, 0xf4, 0x0,
    0xbf, 0xff, 0xff, 0x60, 0x0, 0xf, 0xf1, 0x0,
    0x0, 0x0, 0xa, 0xff, 0xfa, 0x30, 0x0, 0x0,
    0x0, 0x0, 0x0, 0xff, 0x10, 0x0, 0x0, 0xa,
    0xfd, 0x49, 0xff, 0xd8, 0x63, 0x10, 0x0, 0x0,
    0x3, 0x40, 0x11, 0x23, 0xb, 0xfe, 0x20, 0x2,
    0xaf, 0xff, 0xff, 0xff, 0xff, 0xff, 0xff, 0xff,
    0xff, 0x90, 0x2d, 0x40, 0x0, 0x0, 0x16, 0x9b,
    0xde, 0xff, 0xff, 0xff, 0xff, 0xff, 0xf4, 0x0,
    0x0, 0x0, 0x0, 0x0, 0x0, 0x0, 0x0, 0x0,
    0x0, 0x0, 0x11, 0x11, 0x0,

    /* U+914D "配" */
    0x0, 0x0, 0x0, 0x0, 0x0, 0x0, 0x0, 0x1,
    0x10, 0x0, 0x0, 0x0, 0x0, 0xb, 0xff, 0xfe,
    0xee, 0xee, 0xef, 0xff, 0x87, 0xff, 0xff, 0xff,
    0xff, 0xf3, 0x0, 0xbf, 0xff, 0xff, 0xff, 0xff,
    0xff, 0xf8, 0x6e, 0xed, 0xdd, 0xdd, 0xff, 0x30,
    0x0, 0x0, 0x7, 0xf2, 0x1f, 0xa0, 0x0, 0x0,
    0x0, 0x0, 0x0, 0xe, 0xf2, 0x0, 0x0, 0x0,
    0x7f, 0x21, 0xfa, 0x0, 0x0, 0x0, 0x0, 0x0,
    0x0, 0xef, 0x20, 0x0, 0x0, 0x7, 0xf2, 0x1f,
    0xa0, 0x0, 0x0, 0x0, 0x0, 0x0, 0xe, 0xf2,
    0x0, 0xb, 0xbb, 0xdf, 0xbb, 0xfe, 0xbb, 0xb1,
    0x0, 0x0, 0x0, 0x0, 0xef, 0x20, 0x0, 0xff,
    0xff, 0xff, 0xff, 0xff, 0xff, 0x20, 0x0, 0x0,
    0x0, 0xe, 0xf2, 0x0, 0xf, 0xe0, 0x7f, 0x21,
    0xf9, 0xe, 0xf2, 0x0, 0x0, 0x0, 0x0, 0xef,
    0x20, 0x0, 0xfe, 0x8, 0xf2, 0x1f, 0x90, 0xef,
    0x10, 0x0, 0x0, 0x0, 0xe, 0xf2, 0x0, 0xf,
    0xe0, 0x9f, 0x11, 0xf9, 0xe, 0xf1, 0xa, 0xbb,
    0xbb, 0xbb, 0xff, 0x30, 0x0, 0xfe, 0xb, 0xf0,
    0x1f, 0x90, 0xef, 0x10, 0xdf, 0xff, 0xff, 0xff,
    0xf3, 0x0, 0xf, 0xe0, 0xfe, 0x1, 0xf9, 0xe,
    0xf1, 0xd, 0xf3, 0x0, 0x0, 0x0, 0x0, 0x0,
    0xfe, 0x4f, 0xa0, 0x1f, 0xf9, 0xff, 0x10, 0xdf,
    0x20, 0x0, 0x0, 0x0, 0x0, 0xf, 0xed, 0xf6,
    0x0, 0xcf, 0xff, 0xf1, 0xd, 0xf2, 0x0, 0x0,
    0x0, 0x0, 0x0, 0xfe, 0x8d, 0x0, 0x0, 0x22,
    0xef, 0x10, 0xdf, 0x20, 0x0, 0x0, 0x0, 0x0,
    0xf, 0xe0, 0x0, 0x0, 0x0, 0xe, 0xf1, 0xd,
    0xf2, 0x0, 0x0, 0x0, 0x0, 0x0, 0xff, 0x77,
    0x77, 0x77, 0x77, 0xff, 0x10, 0xdf, 0x20, 0x0,
    0x0, 0x0, 0x0, 0xf, 0xff, 0xff, 0xff, 0xff,
    0xff, 0xf1, 0xd, 0xf2, 0x0, 0x0, 0x0, 0x0,
    0x0, 0xfe, 0x0, 0x0, 0x0, 0x0, 0xef, 0x10,
    0xdf, 0x20, 0x0, 0x0, 0x0, 0x0, 0xf, 0xe0,
    0x0, 0x0, 0x0, 0xe, 0xf1, 0xd, 0xf2, 0x0,
    0x0, 0x6, 0xa4, 0x0, 0xff, 0xbb, 0xbb, 0xbb,
    0xbb, 0xff, 0x10, 0xdf, 0x20, 0x0, 0x0, 0x8f,
    0xd0, 0xf, 0xff, 0xff, 0xff, 0xff, 0xff, 0xf2,
    0xc, 0xf5, 0x0, 0x0, 0xc, 0xf8, 0x0, 0xfe,
    0x0, 0x0, 0x0, 0x0, 0xef, 0x20, 0xaf, 0xfc,
    0xcc, 0xcd, 0xff, 0x20, 0x1f, 0xe0, 0x0, 0x0,
    0x0, 0xe, 0xf2, 0x3, 0xff, 0xff, 0xff, 0xff,
    0x80, 0x0, 0x0, 0x0, 0x0, 0x0, 0x0, 0x0,
    0x0, 0x0, 0x11, 0x11, 0x11, 0x0, 0x0,

    /* U+95ED "闭" */
    0x0, 0x0, 0x10, 0x0, 0x0, 0x0, 0x0, 0x0,
    0x0, 0x0, 0x0, 0x0, 0x0, 0x0, 0x8f, 0x70,
    0x0, 0x0, 0x0, 0x0, 0x0, 0x0, 0x0, 0x0,
    0x0, 0x0, 0xc, 0xff, 0x40, 0x0, 0x8d, 0xcc,
    0xcc, 0xcc, 0xcc, 0xcc, 0xcc, 0x0, 0x0, 0x1e,
    0xfe, 0x20, 0xa, 0xff, 0xff, 0xff, 0xff, 0xff,
    0xff, 0xf0, 0x0, 0x0, 0x4f, 0xf8, 0x0, 0x34,
    0x33, 0x33, 0x33, 0x33, 0x36, 0xff, 0x0, 0x0,
    0x0, 0x84, 0x0, 0x0, 0x0, 0x0, 0x0, 0x0,
    0x0, 0x4f, 0xf0, 0x27, 0x70, 0x0, 0x0, 0x0,
    0x0, 0xd, 0xf8, 0x0, 0x0, 0x4, 0xfe, 0x5,
    0xff, 0x0, 0x0, 0x0, 0x0, 0x0, 0xdf, 0x70,
    0x0, 0x0, 0x4f, 0xe0, 0x4f, 0xf0, 0x0, 0x0,
    0x0, 0x0, 0xc, 0xf6, 0x0, 0x0, 0x4, 0xfe,
    0x4, 0xfe, 0x0, 0x0, 0x0, 0x0, 0x0, 0xcf,
    0x60, 0x0, 0x0, 0x4f, 0xe0, 0x4f, 0xe0, 0x6f,
    0xee, 0xee, 0xee, 0xef, 0xfe, 0xee, 0xf8, 0x4,
    0xfe, 0x4, 0xfe, 0x7, 0xff, 0xff, 0xff, 0xff,
    0xff, 0xff, 0xff, 0x80, 0x4f, 0xe0, 0x4f, 0xe0,
    0x12, 0x11, 0x11, 0x19, 0xff, 0xf7, 0x11, 0x21,
    0x4, 0xfe, 0x4, 0xfe, 0x0, 0x0, 0x0, 0x2,
    0xff, 0xef, 0x60, 0x0, 0x0, 0x4f, 0xe0, 0x4f,
    0xe0, 0x0, 0x0, 0x0, 0xbf, 0x9c, 0xf6, 0x0,
    0x0, 0x4, 0xfe, 0x4, 0xfe, 0x0, 0x0, 0x0,
    0x8f, 0xe1, 0xcf, 0x60, 0x0, 0x0, 0x4f, 0xe0,
    0x4f, 0xe0, 0x0, 0x0, 0x5f, 0xf6, 0xc, 0xf6,
    0x0, 0x0, 0x4, 0xfe, 0x4, 0xfe, 0x0, 0x0,
    0x6f, 0xfa, 0x0, 0xcf, 0x60, 0x0, 0x0, 0x4f,
    0xe0, 0x4f, 0xe0, 0x0, 0x9f, 0xfc, 0x0, 0xc,
    0xf6, 0x0, 0x0, 0x4, 0xfe, 0x4, 0xfe, 0x4,
    0xdf, 0xfb, 0x0, 0x0, 0xcf, 0x60, 0x0, 0x0,
    0x4f, 0xe0, 0x4f, 0xe3, 0xff, 0xfa, 0x0, 0x0,
    0xc, 0xf6, 0x0, 0x0, 0x4, 0xfe, 0x4, 0xfe,
    0x4, 0xe5, 0x0, 0x0, 0x0, 0xff, 0x60, 0x0,
    0x0, 0x4f, 0xe0, 0x4f, 0xe0, 0x0, 0x0, 0x0,
    0x7b, 0xef, 0xf5, 0x0, 0x0, 0x4, 0xfe, 0x4,
    0xfe, 0x0, 0x0, 0x0, 0x6, 0xff, 0xfc, 0x0,
    0x5, 0x55, 0xbf, 0xd0, 0x5f, 0xe0, 0x0, 0x0,
    0x0, 0x1a, 0x62, 0x0, 0x0, 0x9f, 0xff, 0xf9,
    0x5, 0xfe, 0x0, 0x0, 0x0, 0x0, 0x0, 0x0,
    0x0, 0x4, 0xfe, 0xc7, 0x0, 0x0, 0x0, 0x0,
    0x0, 0x0, 0x0, 0x0, 0x0, 0x0, 0x0, 0x0,
    0x0, 0x0,

    /* U+961F "队" */
    0x0, 0x0, 0x0, 0x0, 0x0, 0x0, 0x0, 0x21,
    0x0, 0x0, 0x0, 0x0, 0x0, 0x0, 0x0, 0x0,
    0x0, 0x0, 0x0, 0x1f, 0xf8, 0x0, 0x0, 0x0,
    0x0, 0xcf, 0xff, 0xff, 0xff, 0xfa, 0x0, 0x0,
    0xff, 0x70, 0x0, 0x0, 0x0, 0xc, 0xfe, 0xdd,
    0xdd, 0xff, 0x50, 0x0, 0xf, 0xf5, 0x0, 0x0,
    0x0, 0x0, 0xbf, 0x60, 0x0, 0x3f, 0xf0, 0x0,
    0x0, 0xff, 0x50, 0x0, 0x0, 0x0, 0xb, 0xf6,
    0x0, 0x8, 0xfb, 0x0, 0x0, 0xe, 0xf5, 0x0,
    0x0, 0x0, 0x0, 0xbf, 0x60, 0x0, 0xdf, 0x60,
    0x0, 0x0, 0xff, 0x50, 0x0, 0x0, 0x0, 0xb,
    0xf6, 0x0, 0x2f, 0xf1, 0x0, 0x0, 0xf, 0xf6,
    0x0, 0x0, 0x0, 0x0, 0xbf, 0x60, 0x7, 0xfb,
    0x0, 0x0, 0x0, 0xff, 0x80, 0x0, 0x0, 0x0,
    0xb, 0xf6, 0x0, 0xdf, 0x50, 0x0, 0x0, 0x1f,
    0xfa, 0x0, 0x0, 0x0, 0x0, 0xbf, 0x60, 0x3f,
    0xf1, 0x0, 0x0, 0x3, 0xff, 0xd0, 0x0, 0x0,
    0x0, 0xb, 0xf6, 0x0, 0xcf, 0xa0, 0x0, 0x0,
    0x5f, 0xff, 0x10, 0x0, 0x0, 0x0, 0xbf, 0x60,
    0x3, 0xff, 0x40, 0x0, 0x7, 0xff, 0xf6, 0x0,
    0x0, 0x0, 0xb, 0xf6, 0x0, 0xa, 0xfc, 0x0,
    0x0, 0xbf, 0x8f, 0xb0, 0x0, 0x0, 0x0, 0xbf,
    0x60, 0x0, 0x2f, 0xf3, 0x0, 0xe, 0xf1, 0xef,
    0x20, 0x0, 0x0, 0xb, 0xf6, 0x0, 0x0, 0xdf,
    0x70, 0x3, 0xfd, 0x8, 0xf8, 0x0, 0x0, 0x0,
    0xbf, 0x60, 0x0, 0xa, 0xf9, 0x0, 0x9f, 0x80,
    0x2f, 0xf1, 0x0, 0x0, 0xb, 0xf6, 0x0, 0x0,
    0xdf, 0x80, 0xf, 0xf3, 0x0, 0xbf, 0x80, 0x0,
    0x0, 0xbf, 0x61, 0x46, 0xbf, 0xf3, 0x8, 0xfc,
    0x0, 0x3, 0xff, 0x20, 0x0, 0xb, 0xf6, 0x2f,
    0xff, 0xfa, 0x1, 0xff, 0x40, 0x0, 0xb, 0xfc,
    0x0, 0x0, 0xbf, 0x60, 0xcf, 0xc6, 0x0, 0xbf,
    0xa0, 0x0, 0x0, 0x2f, 0xf7, 0x0, 0xb, 0xf6,
    0x2, 0x10, 0x0, 0x8f, 0xe1, 0x0, 0x0, 0x0,
    0x7f, 0xf4, 0x0, 0xbf, 0x60, 0x0, 0x0, 0x8f,
    0xf5, 0x0, 0x0, 0x0, 0x0, 0xcf, 0xf4, 0xb,
    0xf6, 0x0, 0x1, 0xaf, 0xf8, 0x0, 0x0, 0x0,
    0x0, 0x1, 0xef, 0xf6, 0xcf, 0x60, 0x0, 0x6f,
    0xf9, 0x0, 0x0, 0x0, 0x0, 0x0, 0x2, 0xfe,
    0x2c, 0xf6, 0x0, 0x0, 0x59, 0x0, 0x0, 0x0,
    0x0, 0x0, 0x0, 0x3, 0x30,

    /* U+9690 "隐" */
    0x0, 0x0, 0x0, 0x0, 0x0, 0x0, 0x0, 0x20,
    0x0, 0x0, 0x0, 0x0, 0x0, 0x0, 0x0, 0x0,
    0x0, 0x0, 0x0, 0x0, 0x2f, 0xc6, 0x0, 0x0,
    0x0, 0x0, 0x0, 0x0, 0x0, 0x0, 0x0, 0x0,
    0x0, 0xa, 0xff, 0x30, 0x0, 0x0, 0x0, 0x0,
    0x0, 0xff, 0xff, 0xff, 0xfd, 0x0, 0x3, 0xff,
    0xc7, 0x77, 0x77, 0x70, 0x0, 0x0, 0xf, 0xf8,
    0x88, 0xdf, 0x80, 0x0, 0xcf, 0xff, 0xff, 0xff,
    0xf9, 0x0, 0x0, 0x0, 0xff, 0x0, 0xe, 0xf2,
    0x0, 0x8f, 0xf2, 0x0, 0x5, 0xfe, 0x10, 0x0,
    0x0, 0xe, 0xf0, 0x2, 0xfd, 0x0, 0x5f, 0xf5,
    0x0, 0x0, 0xcf, 0x60, 0x0, 0x0, 0x0, 0xef,
    0x0, 0x6f, 0x80, 0x6f, 0xfb, 0x11, 0x0, 0x3f,
    0xe0, 0x0, 0x0, 0x0, 0xe, 0xf0, 0xa, 0xf4,
    0x1d, 0xfd, 0xff, 0xff, 0xff, 0xff, 0xff, 0xfe,
    0x0, 0x0, 0xef, 0x0, 0xef, 0x0, 0x6, 0x39,
    0x88, 0x77, 0x77, 0x77, 0x8f, 0xd0, 0x0, 0xe,
    0xf0, 0x3f, 0xc0, 0x0, 0x0, 0x0, 0x0, 0x0,
    0x0, 0x2, 0xfd, 0x0, 0x0, 0xef, 0x5, 0xfd,
    0x0, 0x0, 0xaa, 0x99, 0x99, 0x99, 0x99, 0xaf,
    0xd0, 0x0, 0xe, 0xf0, 0xc, 0xf9, 0x0, 0xd,
    0xff, 0xff, 0xff, 0xff, 0xff, 0xfd, 0x0, 0x0,
    0xef, 0x0, 0x2f, 0xf2, 0x0, 0x0, 0x0, 0x0,
    0x0, 0x0, 0x2f, 0xd0, 0x0, 0xe, 0xf0, 0x0,
    0xaf, 0x90, 0x0, 0x0, 0x0, 0x0, 0x0, 0x2,
    0xfd, 0x0, 0x0, 0xef, 0x0, 0x6, 0xfc, 0x0,
    0xbc, 0xcc, 0xcc, 0xcc, 0xcc, 0xcf, 0xd0, 0x0,
    0xe, 0xf0, 0x0, 0x3f, 0xe0, 0xd, 0xfe, 0xee,
    0xee, 0xee, 0xee, 0xec, 0x0, 0x0, 0xef, 0x0,
    0x19, 0xfc, 0x0, 0x0, 0x0, 0x0, 0x20, 0x0,
    0x0, 0x0, 0x0, 0xe, 0xf1, 0xdf, 0xff, 0x60,
    0x0, 0x0, 0x0, 0xaf, 0x50, 0x0, 0x25, 0x0,
    0x0, 0xef, 0x5, 0xfb, 0x40, 0xab, 0x42, 0xed,
    0x3, 0xfc, 0x0, 0x1f, 0xf2, 0x0, 0xe, 0xf0,
    0x0, 0x0, 0xf, 0xf4, 0x2f, 0xe0, 0xd, 0xf2,
    0x0, 0x8f, 0xb0, 0x0, 0xef, 0x0, 0x0, 0x6,
    0xfc, 0x1, 0xfd, 0x0, 0x42, 0x1, 0x0, 0xef,
    0x40, 0xe, 0xf0, 0x0, 0x0, 0xef, 0x40, 0x1f,
    0xd0, 0x0, 0x3, 0xfb, 0x16, 0xfd, 0x0, 0xff,
    0x0, 0x0, 0x8f, 0xc0, 0x1, 0xff, 0x10, 0x0,
    0x7f, 0xe0, 0xc, 0x80, 0xf, 0xf0, 0x0, 0x9,
    0xf4, 0x0, 0xf, 0xfe, 0xcc, 0xdf, 0xf7, 0x0,
    0x0, 0x0, 0xff, 0x0, 0x0, 0x1, 0x0, 0x0,
    0x9f, 0xff, 0xff, 0xe9, 0x0, 0x0, 0x0, 0x0,
    0x0, 0x0, 0x0, 0x0, 0x0, 0x0, 0x0, 0x10,
    0x0, 0x0, 0x0, 0x0, 0x0,

    /* U+96C6 "集" */
    0x0, 0x0, 0x0, 0x84, 0x0, 0x0, 0x9, 0x70,
    0x0, 0x0, 0x0, 0x0, 0x0, 0x0, 0x0, 0x2,
    0xff, 0x70, 0x0, 0x6f, 0xf6, 0x0, 0x0, 0x0,
    0x0, 0x0, 0x0, 0x0, 0xa, 0xfc, 0x0, 0x0,
    0x9, 0xff, 0x20, 0x0, 0x0, 0x0, 0x0, 0x0,
    0x0, 0x4f, 0xf4, 0x0, 0x0, 0x0, 0xa4, 0x0,
    0x0, 0x0, 0x11, 0x0, 0x0, 0x1, 0xef, 0xff,
    0xff, 0xff, 0xff, 0xff, 0xff, 0xff, 0xff, 0xff,
    0x10, 0x0, 0xb, 0xff, 0xa9, 0x99, 0x99, 0xbf,
    0xf9, 0x99, 0x99, 0x99, 0x99, 0x10, 0x0, 0x8f,
    0xff, 0x10, 0x0, 0x0, 0x5f, 0xd0, 0x0, 0x0,
    0x0, 0x0, 0x0, 0x5, 0xff, 0xff, 0xbb, 0xbb,
    0xbb, 0xcf, 0xfb, 0xbb, 0xbb, 0xbc, 0x30, 0x0,
    0x3f, 0xf9, 0xef, 0xff, 0xff, 0xff, 0xff, 0xff,
    0xff, 0xff, 0xff, 0x40, 0x0, 0x8f, 0xd0, 0xef,
    0x10, 0x0, 0x0, 0x5f, 0xd0, 0x0, 0x0, 0x0,
    0x0, 0x0, 0x7, 0x20, 0xef, 0x10, 0x0, 0x0,
    0x6f, 0xd0, 0x0, 0x0, 0x11, 0x10, 0x0, 0x0,
    0x0, 0xef, 0xff, 0xff, 0xff, 0xff, 0xff, 0xff,
    0xff, 0xff, 0xb0, 0x0, 0x0, 0x0, 0xef, 0xa9,
    0x99, 0x99, 0xbf, 0xe9, 0x99, 0x99, 0x9a, 0x80,
    0x0, 0x0, 0x0, 0xef, 0x10, 0x0, 0x0, 0x6f,
    0xd0, 0x0, 0x0, 0x1, 0x11, 0x0, 0x0, 0x0,
    0xff, 0xff, 0xff, 0xff, 0xff, 0xff, 0xff, 0xff,
    0xff, 0xfd, 0x0, 0x0, 0x0, 0xff, 0xa9, 0x99,
    0x99, 0x99, 0x99, 0x99, 0x99, 0x9a, 0xa9, 0x0,
    0x0, 0x0, 0xaa, 0x0, 0x0, 0x2, 0xee, 0x0,
    0x0, 0x0, 0x0, 0x0, 0x0, 0x1, 0x10, 0x0,
    0x0, 0x0, 0x2, 0xff, 0x0, 0x0, 0x0, 0x0,
    0x11, 0x10, 0xf, 0xff, 0xff, 0xff, 0xff, 0xff,
    0xff, 0xff, 0xff, 0xff, 0xff, 0xff, 0xc0, 0x9,
    0x99, 0x99, 0x99, 0xbf, 0xfb, 0xff, 0xbf, 0xfb,
    0x99, 0x99, 0x99, 0x70, 0x0, 0x0, 0x0, 0x2,
    0xdf, 0x92, 0xff, 0x8, 0xff, 0x60, 0x0, 0x0,
    0x0, 0x0, 0x0, 0x1, 0x8f, 0xfa, 0x2, 0xff,
    0x0, 0x7f, 0xfd, 0x60, 0x0, 0x0, 0x0, 0x5,
    0xaf, 0xff, 0x60, 0x2, 0xff, 0x0, 0x3, 0xcf,
    0xff, 0xb7, 0x30, 0x2b, 0xff, 0xff, 0xb2, 0x0,
    0x2, 0xff, 0x0, 0x0, 0x4, 0xcf, 0xff, 0xf3,
    0xb, 0xff, 0xb4, 0x0, 0x0, 0x2, 0xff, 0x0,
    0x0, 0x0, 0x3, 0x9f, 0x90, 0x2, 0x72, 0x0,
    0x0, 0x0, 0x3, 0xff, 0x20, 0x0, 0x0, 0x0,
    0x0, 0x0,

    /* U+9700 "需" */
    0x0, 0x1, 0x11, 0x0, 0x0, 0x0, 0x0, 0x0,
    0x0, 0x0, 0x1, 0x10, 0x0, 0x0, 0x9, 0xff,
    0xff, 0xff, 0xff, 0xff, 0xff, 0xff, 0xff, 0xff,
    0xf4, 0x0, 0x0, 0x6, 0xaa, 0x99, 0x99, 0x99,
    0xff, 0xa9, 0x99, 0x99, 0x9a, 0xa3, 0x0, 0x0,
    0x0, 0x0, 0x0, 0x0, 0x0, 0xef, 0x20, 0x0,
    0x0, 0x0, 0x0, 0x0, 0xb, 0xbb, 0xbb, 0xbb,
    0xbb, 0xbb, 0xff, 0xbb, 0xbb, 0xbb, 0xbb, 0xbb,
    0xb1, 0xf, 0xff, 0xff, 0xff, 0xff, 0xff, 0xff,
    0xff, 0xff, 0xff, 0xff, 0xff, 0xf2, 0xf, 0xf2,
    0x0, 0x0, 0x0, 0x0, 0xef, 0x20, 0x0, 0x0,
    0x0, 0xf, 0xf2, 0xf, 0xf2, 0x7, 0x77, 0x77,
    0x0, 0xef, 0x22, 0x99, 0x99, 0x80, 0xf, 0xf2,
    0xf, 0xf2, 0x1f, 0xff, 0xff, 0x0, 0xef, 0x23,
    0xff, 0xff, 0xd0, 0xf, 0xf2, 0x7, 0x71, 0x0,
    0x0, 0x0, 0x0, 0xef, 0x20, 0x0, 0x0, 0x0,
    0x6, 0x71, 0x0, 0x0, 0x0, 0x0, 0x0, 0x0,
    0xff, 0x20, 0x44, 0x44, 0x40, 0x0, 0x0, 0x0,
    0x0, 0x7f, 0xff, 0xfe, 0x0, 0xff, 0x31, 0xff,
    0xff, 0xf0, 0x0, 0x0, 0x0, 0x0, 0x37, 0x77,
    0x77, 0x0, 0x99, 0x20, 0x44, 0x44, 0x40, 0x0,
    0x0, 0x1, 0x11, 0x0, 0x0, 0x0, 0x0, 0x0,
    0x0, 0x0, 0x0, 0x0, 0x1, 0x20, 0xb, 0xff,
    0xff, 0xff, 0xff, 0xff, 0xff, 0xff, 0xff, 0xff,
    0xff, 0xff, 0xf2, 0x7, 0xaa, 0x99, 0x99, 0x99,
    0x9b, 0xfe, 0x99, 0x99, 0x99, 0x99, 0x9a, 0xa1,
    0x0, 0x0, 0x0, 0x0, 0x0, 0x7, 0xf7, 0x0,
    0x0, 0x0, 0x0, 0x0, 0x0, 0x0, 0x19, 0x99,
    0x99, 0x99, 0x9d, 0xfb, 0x99, 0x99, 0x99, 0x99,
    0x94, 0x0, 0x0, 0x2f, 0xff, 0xff, 0xff, 0xff,
    0xff, 0xff, 0xff, 0xff, 0xff, 0xf6, 0x0, 0x0,
    0x1f, 0xf0, 0x0, 0xd, 0xf3, 0x0, 0x1f, 0xf2,
    0x0, 0xa, 0xf6, 0x0, 0x0, 0x1f, 0xf0, 0x0,
    0xd, 0xf2, 0x0, 0xf, 0xf1, 0x0, 0xa, 0xf6,
    0x0, 0x0, 0x1f, 0xf0, 0x0, 0xd, 0xf2, 0x0,
    0xf, 0xf1, 0x0, 0xa, 0xf6, 0x0, 0x0, 0x1f,
    0xf0, 0x0, 0xd, 0xf2, 0x0, 0xf, 0xf1, 0x0,
    0xb, 0xf6, 0x0, 0x0, 0x1f, 0xf0, 0x0, 0xd,
    0xf2, 0x0, 0xf, 0xf1, 0x7, 0xaf, 0xf4, 0x0,
    0x0, 0x2f, 0xf0, 0x0, 0x8, 0xa1, 0x0, 0xa,
    0xa0, 0x5, 0xfd, 0x80, 0x0, 0x0, 0x0, 0x0,
    0x0, 0x0, 0x0, 0x0, 0x0, 0x0, 0x0, 0x10,
    0x0, 0x0,

    /* U+9759 "静" */
    0x0, 0x0, 0x1, 0x88, 0x0, 0x0, 0x0, 0x0,
    0xb8, 0x20, 0x0, 0x0, 0x0, 0x0, 0x0, 0x0,
    0x1f, 0xf0, 0x0, 0x0, 0x0, 0x2f, 0xf5, 0x0,
    0x0, 0x0, 0x0, 0x0, 0x0, 0x1, 0xfe, 0x0,
    0x0, 0x0, 0x8, 0xfc, 0x0, 0x0, 0x0, 0x0,
    0x0, 0xcd, 0xdd, 0xdf, 0xfd, 0xdd, 0xdd, 0x0,
    0xef, 0xc9, 0x99, 0x99, 0x20, 0x0, 0xb, 0xcc,
    0xbb, 0xff, 0xbb, 0xcc, 0xc0, 0x6f, 0xff, 0xff,
    0xff, 0xc0, 0x0, 0x0, 0x0, 0x0, 0xf, 0xe0,
    0x0, 0x0, 0xe, 0xf4, 0x0, 0xd, 0xf4, 0x0,
    0x0, 0x0, 0x8a, 0xaa, 0xff, 0xaa, 0xaa, 0x9,
    0xfa, 0x0, 0x4, 0xfd, 0x0, 0x0, 0x0, 0xc,
    0xee, 0xef, 0xfe, 0xef, 0xe6, 0xfe, 0x10, 0x0,
    0xcf, 0x50, 0x0, 0x0, 0x0, 0x0, 0x0, 0xfe,
    0x0, 0x0, 0x3e, 0xdf, 0xee, 0xef, 0xfd, 0xcc,
    0xc0, 0x0, 0xa9, 0x99, 0x9f, 0xf9, 0x99, 0x98,
    0x6, 0x98, 0x8e, 0xf9, 0x88, 0xff, 0x0, 0x1f,
    0xff, 0xff, 0xff, 0xff, 0xff, 0xd0, 0x0, 0x0,
    0xdf, 0x0, 0xe, 0xf0, 0x0, 0x0, 0x0, 0x0,
    0x0, 0x0, 0x0, 0x0, 0x0, 0xd, 0xf0, 0x0,
    0xef, 0x0, 0x0, 0x0, 0x0, 0x0, 0x0, 0x0,
    0x0, 0x0, 0x0, 0xdf, 0x0, 0xe, 0xf1, 0x20,
    0xd, 0xff, 0xff, 0xff, 0xff, 0xe0, 0xbf, 0xff,
    0xff, 0xff, 0xff, 0xff, 0xff, 0x0, 0xdf, 0x99,
    0x99, 0x99, 0xff, 0x7, 0xa9, 0x99, 0xef, 0x99,
    0x9f, 0xf9, 0x90, 0xc, 0xf1, 0x0, 0x0, 0x1f,
    0xe0, 0x0, 0x0, 0xd, 0xf0, 0x0, 0xef, 0x0,
    0x0, 0xcf, 0xff, 0xff, 0xff, 0xfe, 0x0, 0x0,
    0x0, 0xdf, 0x0, 0xe, 0xf0, 0x0, 0xc, 0xf9,
    0x99, 0x99, 0x9f, 0xe0, 0x1d, 0xcc, 0xcf, 0xfc,
    0xcc, 0xff, 0x0, 0x0, 0xcf, 0x10, 0x0, 0x1,
    0xfe, 0x1, 0xdd, 0xcc, 0xff, 0xcc, 0xcf, 0xf0,
    0x0, 0xc, 0xf8, 0x77, 0x77, 0x8f, 0xe0, 0x0,
    0x0, 0xd, 0xf0, 0x0, 0xef, 0x0, 0x0, 0xcf,
    0xff, 0xff, 0xff, 0xfe, 0x0, 0x0, 0x0, 0xdf,
    0x0, 0x3, 0x40, 0x0, 0xc, 0xf1, 0x0, 0x0,
    0x1f, 0xe0, 0x0, 0x0, 0xd, 0xf0, 0x0, 0x0,
    0x0, 0x0, 0xcf, 0x10, 0x0, 0x2, 0xfe, 0x0,
    0x0, 0x0, 0xef, 0x0, 0x0, 0x0, 0x0, 0xc,
    0xf1, 0x0, 0x3d, 0xff, 0xb0, 0x0, 0xcd, 0xff,
    0xd0, 0x0, 0x0, 0x0, 0x0, 0xdf, 0x10, 0x0,
    0xef, 0xa2, 0x0, 0x9, 0xff, 0xd3, 0x0, 0x0,
    0x0, 0x0, 0x0, 0x0, 0x0, 0x1, 0x0, 0x0,
    0x0, 0x23, 0x10, 0x0, 0x0, 0x0, 0x0,

    /* U+9762 "面" */
    0x2, 0x11, 0x0, 0x0, 0x0, 0x0, 0x0, 0x0,
    0x0, 0x0, 0x0, 0x1, 0x10, 0x2f, 0xff, 0xff,
    0xff, 0xff, 0xff, 0xff, 0xff, 0xff, 0xff, 0xff,
    0xff, 0xf0, 0x2e, 0xdd, 0xdd, 0xdd, 0xdd, 0xdf,
    0xfd, 0xdd, 0xdd, 0xdd, 0xdd, 0xdd, 0xe0, 0x0,
    0x0, 0x0, 0x0, 0x0, 0x2f, 0xf1, 0x0, 0x0,
    0x0, 0x0, 0x0, 0x0, 0x0, 0x0, 0x0, 0x0,
    0x0, 0x7f, 0x90, 0x0, 0x0, 0x0, 0x0, 0x0,
    0x0, 0x0, 0x0, 0x0, 0x0, 0x0, 0xdf, 0x30,
    0x0, 0x0, 0x0, 0x0, 0x0, 0x0, 0x0, 0x3b,
    0xbb, 0xbb, 0xbb, 0xff, 0xbb, 0xbb, 0xbb, 0xbb,
    0xbb, 0xb1, 0x0, 0x0, 0x4f, 0xff, 0xff, 0xff,
    0xff, 0xff, 0xff, 0xff, 0xff, 0xff, 0xf2, 0x0,
    0x0, 0x3f, 0xe0, 0x0, 0x6f, 0x80, 0x0, 0x9,
    0xf4, 0x0, 0xf, 0xf1, 0x0, 0x0, 0x3f, 0xe0,
    0x0, 0x6f, 0x70, 0x0, 0x9, 0xf4, 0x0, 0xf,
    0xf1, 0x0, 0x0, 0x2f, 0xe0, 0x0, 0x6f, 0x70,
    0x0, 0x9, 0xf4, 0x0, 0xf, 0xf1, 0x0, 0x0,
    0x2f, 0xe0, 0x0, 0x6f, 0xff, 0xff, 0xff, 0xf4,
    0x0, 0xf, 0xf1, 0x0, 0x0, 0x2f, 0xe0, 0x0,
    0x6f, 0xdb, 0xbb, 0xbd, 0xf4, 0x0, 0xf, 0xf1,
    0x0, 0x0, 0x2f, 0xe0, 0x0, 0x6f, 0x70, 0x0,
    0x9, 0xf4, 0x0, 0xf, 0xf1, 0x0, 0x0, 0x2f,
    0xe0, 0x0, 0x6f, 0x70, 0x0, 0x9, 0xf4, 0x0,
    0xf, 0xf1, 0x0, 0x0, 0x2f, 0xe0, 0x0, 0x6f,
    0x80, 0x0, 0x9, 0xf4, 0x0, 0xf, 0xf1, 0x0,
    0x0, 0x2f, 0xe0, 0x0, 0x6f, 0xff, 0xff, 0xff,
    0xf4, 0x0, 0xf, 0xf1, 0x0, 0x0, 0x2f, 0xe0,
    0x0, 0x6f, 0xc9, 0x99, 0x9d, 0xf4, 0x0, 0xf,
    0xf1, 0x0, 0x0, 0x2f, 0xe0, 0x0, 0x6f, 0x70,
    0x0, 0x9, 0xf4, 0x0, 0xf, 0xf1, 0x0, 0x0,
    0x2f, 0xe0, 0x0, 0x6f, 0x70, 0x0, 0x9, 0xf4,
    0x0, 0xf, 0xf1, 0x0, 0x0, 0x2f, 0xe0, 0x0,
    0x6f, 0x70, 0x0, 0x9, 0xf4, 0x0, 0xf, 0xf1,
    0x0, 0x0, 0x2f, 0xff, 0xff, 0xff, 0xff, 0xff,
    0xff, 0xff, 0xff, 0xff, 0xf1, 0x0, 0x0, 0x3f,
    0xfc, 0xcc, 0xcc, 0xcc, 0xcc, 0xcc, 0xcc, 0xcc,
    0xcf, 0xf1, 0x0, 0x0, 0x4f, 0xe0, 0x0, 0x0,
    0x0, 0x0, 0x0, 0x0, 0x0, 0xf, 0xf2, 0x0,

    /* U+97F3 "音" */
    0x0, 0x0, 0x0, 0x0, 0x0, 0x0, 0x0, 0x0,
    0x0, 0x0, 0x0, 0x0, 0x0, 0x0, 0x0, 0x0,
    0x0, 0x0, 0xa, 0xe6, 0x0, 0x0, 0x0, 0x0,
    0x0, 0x0, 0x0, 0x0, 0x0, 0x0, 0x0, 0xb,
    0xfc, 0x0, 0x0, 0x0, 0x0, 0x0, 0x0, 0x0,
    0x0, 0x0, 0x0, 0x0, 0x7, 0xff, 0x0, 0x0,
    0x0, 0x0, 0x0, 0x0, 0x0, 0xdd, 0xdc, 0xcc,
    0xcc, 0xcd, 0xff, 0xdc, 0xcc, 0xcc, 0xcd, 0xd5,
    0x0, 0x0, 0xee, 0xed, 0xdd, 0xdd, 0xdd, 0xdd,
    0xdd, 0xdd, 0xdd, 0xde, 0xe5, 0x0, 0x0, 0x0,
    0x0, 0x7, 0x40, 0x0, 0x0, 0x0, 0x8, 0x20,
    0x0, 0x0, 0x0, 0x0, 0x0, 0x0, 0x8f, 0xe0,
    0x0, 0x0, 0x0, 0x3f, 0xf6, 0x0, 0x0, 0x0,
    0x0, 0x0, 0x0, 0x1e, 0xf8, 0x0, 0x0, 0x0,
    0x9f, 0xe0, 0x0, 0x0, 0x0, 0x0, 0x0, 0x0,
    0x7, 0xff, 0x30, 0x0, 0x0, 0xef, 0x50, 0x0,
    0x0, 0x0, 0x1, 0x10, 0x0, 0x1, 0xf9, 0x10,
    0x0, 0x6, 0xfd, 0x0, 0x0, 0x1, 0x10, 0x2f,
    0xff, 0xff, 0xff, 0xff, 0xff, 0xff, 0xff, 0xff,
    0xff, 0xff, 0xff, 0xf4, 0x1b, 0xba, 0xaa, 0xaa,
    0xaa, 0xaa, 0xaa, 0xaa, 0xaa, 0xaa, 0xaa, 0xab,
    0xb2, 0x0, 0x0, 0x0, 0x0, 0x0, 0x0, 0x0,
    0x0, 0x0, 0x0, 0x0, 0x0, 0x0, 0x0, 0x0,
    0x0, 0x0, 0x0, 0x0, 0x0, 0x0, 0x0, 0x0,
    0x0, 0x0, 0x0, 0x0, 0x0, 0x4f, 0xff, 0xff,
    0xff, 0xff, 0xff, 0xff, 0xff, 0xf4, 0x0, 0x0,
    0x0, 0x0, 0x3f, 0xfb, 0xbb, 0xbb, 0xbb, 0xbb,
    0xbb, 0xbf, 0xf4, 0x0, 0x0, 0x0, 0x0, 0x3f,
    0xf0, 0x0, 0x0, 0x0, 0x0, 0x0, 0x1f, 0xf3,
    0x0, 0x0, 0x0, 0x0, 0x3f, 0xf0, 0x0, 0x0,
    0x0, 0x0, 0x0, 0x1f, 0xf3, 0x0, 0x0, 0x0,
    0x0, 0x3f, 0xfb, 0xbb, 0xbb, 0xbb, 0xbb, 0xbb,
    0xbf, 0xf3, 0x0, 0x0, 0x0, 0x0, 0x3f, 0xff,
    0xff, 0xff, 0xff, 0xff, 0xff, 0xff, 0xf3, 0x0,
    0x0, 0x0, 0x0, 0x3f, 0xf0, 0x0, 0x0, 0x0,
    0x0, 0x0, 0x1f, 0xf3, 0x0, 0x0, 0x0, 0x0,
    0x3f, 0xf0, 0x0, 0x0, 0x0, 0x0, 0x0, 0x1f,
    0xf3, 0x0, 0x0, 0x0, 0x0, 0x3f, 0xf9, 0x99,
    0x99, 0x99, 0x99, 0x99, 0xaf, 0xf3, 0x0, 0x0,
    0x0, 0x0, 0x3f, 0xff, 0xff, 0xff, 0xff, 0xff,
    0xff, 0xff, 0xf3, 0x0, 0x0, 0x0, 0x0, 0x4f,
    0xf0, 0x0, 0x0, 0x0, 0x0, 0x0, 0x2f, 0xf4,
    0x0, 0x0, 0x0, 0x0, 0x4f, 0xf0, 0x0, 0x0,
    0x0, 0x0, 0x0, 0x1f, 0xf4, 0x0, 0x0, 0x0,
    0x0, 0x1, 0x10, 0x0, 0x0, 0x0, 0x0, 0x0,
    0x0, 0x0, 0x0, 0x0,

    /* U+FF08 "（" */
    0x0, 0x0, 0x0, 0x1, 0x0, 0x0, 0x0, 0x4,
    0xe6, 0x0, 0x0, 0x4, 0xff, 0x70, 0x0, 0x3,
    0xff, 0x40, 0x0, 0x1, 0xef, 0x40, 0x0, 0x0,
    0xbf, 0x60, 0x0, 0x0, 0x5f, 0xa0, 0x0, 0x0,
    0xd, 0xf1, 0x0, 0x0, 0x3, 0xfa, 0x0, 0x0,
    0x0, 0x8f, 0x50, 0x0, 0x0, 0xb, 0xf1, 0x0,
    0x0, 0x0, 0xcf, 0x0, 0x0, 0x0, 0xd, 0xe0,
    0x0, 0x0, 0x0, 0xcf, 0x0, 0x0, 0x0, 0xa,
    0xf1, 0x0, 0x0, 0x0, 0x8f, 0x50, 0x0, 0x0,
    0x3, 0xfa, 0x0, 0x0, 0x0, 0xe, 0xf2, 0x0,
    0x0, 0x0, 0x7f, 0xb0, 0x0, 0x0, 0x0, 0xdf,
    0x60, 0x0, 0x0, 0x3, 0xff, 0x40, 0x0, 0x0,
    0x6, 0xff, 0x40, 0x0, 0x0, 0x6, 0xff, 0x60,
    0x0, 0x0, 0x5, 0xe3, 0x0, 0x0, 0x0, 0x0,
    0x0,

    /* U+FF09 "）" */
    0x1, 0x0, 0x0, 0x0, 0x5, 0xf5, 0x0, 0x0,
    0x0, 0x5f, 0xf5, 0x0, 0x0, 0x0, 0x3e, 0xf5,
    0x0, 0x0, 0x0, 0x3f, 0xf2, 0x0, 0x0, 0x0,
    0x4f, 0xc0, 0x0, 0x0, 0x0, 0x9f, 0x60, 0x0,
    0x0, 0x0, 0xfe, 0x0, 0x0, 0x0, 0x8, 0xf5,
    0x0, 0x0, 0x0, 0x3f, 0x90, 0x0, 0x0, 0x0,
    0xfc, 0x0, 0x0, 0x0, 0xd, 0xe0, 0x0, 0x0,
    0x0, 0xde, 0x0, 0x0, 0x0, 0xe, 0xe0, 0x0,
    0x0, 0x0, 0xfc, 0x0, 0x0, 0x0, 0x3f, 0x90,
    0x0, 0x0, 0x9, 0xf5, 0x0, 0x0, 0x1, 0xff,
    0x0, 0x0, 0x0, 0x9f, 0x80, 0x0, 0x0, 0x4f,
    0xe1, 0x0, 0x0, 0x3f, 0xf4, 0x0, 0x0, 0x3f,
    0xf7, 0x0, 0x0, 0x5f, 0xf8, 0x0, 0x0, 0x2,
    0xe6, 0x0, 0x0, 0x0, 0x0, 0x0, 0x0, 0x0,
    0x0,

    /* U+FF0C "，" */
    0x2, 0x22, 0x12, 0xff, 0xfc, 0x2f, 0xff, 0xc2,
    0xff, 0xfc, 0x2f, 0xff, 0xc0, 0x2, 0xfb, 0x0,
    0x6f, 0x70, 0x2e, 0xe0, 0xb, 0xe2, 0x0, 0x0,
    0x0,

    /* U+FF1A "：" */
    0x69, 0x98, 0xbf, 0xfe, 0xbf, 0xfe, 0xbf, 0xfe,
    0x0, 0x0, 0x0, 0x0, 0x0, 0x0, 0x69, 0x98,
    0xbf, 0xfe, 0xbf, 0xfe, 0xbf, 0xfe
};


/*---------------------
 *  GLYPH DESCRIPTION
 *--------------------*/

static const lv_font_fmt_txt_glyph_dsc_t glyph_dsc[] = {
    {.bitmap_index = 0, .adv_w = 0, .box_w = 0, .box_h = 0, .ofs_x = 0, .ofs_y = 0} /* id = 0 reserved */,
    {.bitmap_index = 0, .adv_w = 224, .box_w = 0, .box_h = 0, .ofs_x = 0, .ofs_y = 0},
    {.bitmap_index = 0, .adv_w = 224, .box_w = 14, .box_h = 20, .ofs_x = 0, .ofs_y = 1},
    {.bitmap_index = 140, .adv_w = 224, .box_w = 8, .box_h = 25, .ofs_x = 6, .ofs_y = -3},
    {.bitmap_index = 240, .adv_w = 224, .box_w = 8, .box_h = 25, .ofs_x = 0, .ofs_y = -3},
    {.bitmap_index = 340, .adv_w = 224, .box_w = 14, .box_h = 13, .ofs_x = 0, .ofs_y = 4},
    {.bitmap_index = 431, .adv_w = 224, .box_w = 3, .box_h = 6, .ofs_x = 2, .ofs_y = -2},
    {.bitmap_index = 440, .adv_w = 224, .box_w = 14, .box_h = 2, .ofs_x = 0, .ofs_y = 9},
    {.bitmap_index = 454, .adv_w = 224, .box_w = 3, .box_h = 3, .ofs_x = 2, .ofs_y = 1},
    {.bitmap_index = 459, .adv_w = 224, .box_w = 14, .box_h = 22, .ofs_x = 0, .ofs_y = -1},
    {.bitmap_index = 613, .adv_w = 224, .box_w = 13, .box_h = 20, .ofs_x = 0, .ofs_y = -1},
    {.bitmap_index = 743, .adv_w = 224, .box_w = 7, .box_h = 18, .ofs_x = 2, .ofs_y = 1},
    {.bitmap_index = 806, .adv_w = 224, .box_w = 13, .box_h = 19, .ofs_x = 0, .ofs_y = 1},
    {.bitmap_index = 930, .adv_w = 224, .box_w = 12, .box_h = 20, .ofs_x = 1, .ofs_y = 1},
    {.bitmap_index = 1050, .adv_w = 224, .box_w = 14, .box_h = 18, .ofs_x = 0, .ofs_y = 1},
    {.bitmap_index = 1176, .adv_w = 224, .box_w = 13, .box_h = 18, .ofs_x = 0, .ofs_y = 1},
    {.bitmap_index = 1293, .adv_w = 224, .box_w = 14, .box_h = 18, .ofs_x = 0, .ofs_y = 1},
    {.bitmap_index = 1419, .adv_w = 224, .box_w = 12, .box_h = 18, .ofs_x = 1, .ofs_y = 1},
    {.bitmap_index = 1527, .adv_w = 224, .box_w = 13, .box_h = 18, .ofs_x = 0, .ofs_y = 1},
    {.bitmap_index = 1644, .adv_w = 224, .box_w = 13, .box_h = 18, .ofs_x = 0, .ofs_y = 1},
    {.bitmap_index = 1761, .adv_w = 224, .box_w = 3, .box_h = 12, .ofs_x = 5, .ofs_y = 1},
    {.bitmap_index = 1779, .adv_w = 224, .box_w = 14, .box_h = 18, .ofs_x = 0, .ofs_y = 1},
    {.bitmap_index = 1905, .adv_w = 224, .box_w = 12, .box_h = 18, .ofs_x = 1, .ofs_y = 1},
    {.bitmap_index = 2013, .adv_w = 224, .box_w = 14, .box_h = 18, .ofs_x = 0, .ofs_y = 1},
    {.bitmap_index = 2139, .adv_w = 224, .box_w = 12, .box_h = 18, .ofs_x = 1, .ofs_y = 1},
    {.bitmap_index = 2247, .adv_w = 224, .box_w = 12, .box_h = 18, .ofs_x = 1, .ofs_y = 1},
    {.bitmap_index = 2355, .adv_w = 224, .box_w = 12, .box_h = 18, .ofs_x = 1, .ofs_y = 1},
    {.bitmap_index = 2463, .adv_w = 224, .box_w = 13, .box_h = 18, .ofs_x = 0, .ofs_y = 1},
    {.bitmap_index = 2580, .adv_w = 224, .box_w = 12, .box_h = 18, .ofs_x = 1, .ofs_y = 1},
    {.bitmap_index = 2688, .adv_w = 224, .box_w = 4, .box_h = 18, .ofs_x = 5, .ofs_y = 1},
    {.bitmap_index = 2724, .adv_w = 224, .box_w = 12, .box_h = 18, .ofs_x = 1, .ofs_y = 1},
    {.bitmap_index = 2832, .adv_w = 224, .box_w = 13, .box_h = 18, .ofs_x = 1, .ofs_y = 1},
    {.bitmap_index = 2949, .adv_w = 224, .box_w = 12, .box_h = 18, .ofs_x = 1, .ofs_y = 1},
    {.bitmap_index = 3057, .adv_w = 224, .box_w = 13, .box_h = 18, .ofs_x = 0, .ofs_y = 1},
    {.bitmap_index = 3174, .adv_w = 224, .box_w = 12, .box_h = 18, .ofs_x = 1, .ofs_y = 1},
    {.bitmap_index = 3282, .adv_w = 224, .box_w = 13, .box_h = 18, .ofs_x = 0, .ofs_y = 1},
    {.bitmap_index = 3399, .adv_w = 224, .box_w = 12, .box_h = 18, .ofs_x = 1, .ofs_y = 1},
    {.bitmap_index = 3507, .adv_w = 224, .box_w = 13, .box_h = 20, .ofs_x = 0, .ofs_y = -1},
    {.bitmap_index = 3637, .adv_w = 224, .box_w = 13, .box_h = 18, .ofs_x = 1, .ofs_y = 1},
    {.bitmap_index = 3754, .adv_w = 224, .box_w = 13, .box_h = 18, .ofs_x = 0, .ofs_y = 1},
    {.bitmap_index = 3871, .adv_w = 224, .box_w = 12, .box_h = 18, .ofs_x = 1, .ofs_y = 1},
    {.bitmap_index = 3979, .adv_w = 224, .box_w = 12, .box_h = 18, .ofs_x = 1, .ofs_y = 1},
    {.bitmap_index = 4087, .adv_w = 224, .box_w = 14, .box_h = 18, .ofs_x = 0, .ofs_y = 1},
    {.bitmap_index = 4213, .adv_w = 224, .box_w = 14, .box_h = 18, .ofs_x = 0, .ofs_y = 1},
    {.bitmap_index = 4339, .adv_w = 224, .box_w = 14, .box_h = 18, .ofs_x = 0, .ofs_y = 1},
    {.bitmap_index = 4465, .adv_w = 224, .box_w = 14, .box_h = 18, .ofs_x = 0, .ofs_y = 1},
    {.bitmap_index = 4591, .adv_w = 224, .box_w = 13, .box_h = 18, .ofs_x = 0, .ofs_y = 1},
    {.bitmap_index = 4708, .adv_w = 224, .box_w = 12, .box_h = 12, .ofs_x = 1, .ofs_y = 1},
    {.bitmap_index = 4780, .adv_w = 224, .box_w = 12, .box_h = 18, .ofs_x = 1, .ofs_y = 1},
    {.bitmap_index = 4888, .adv_w = 224, .box_w = 13, .box_h = 12, .ofs_x = 0, .ofs_y = 1},
    {.bitmap_index = 4966, .adv_w = 224, .box_w = 13, .box_h = 18, .ofs_x = 0, .ofs_y = 1},
    {.bitmap_index = 5083, .adv_w = 224, .box_w = 12, .box_h = 12, .ofs_x = 1, .ofs_y = 1},
    {.bitmap_index = 5155, .adv_w = 224, .box_w = 12, .box_h = 18, .ofs_x = 1, .ofs_y = 1},
    {.bitmap_index = 5263, .adv_w = 224, .box_w = 13, .box_h = 17, .ofs_x = 1, .ofs_y = -3},
    {.bitmap_index = 5374, .adv_w = 224, .box_w = 12, .box_h = 18, .ofs_x = 1, .ofs_y = 1},
    {.bitmap_index = 5482, .adv_w = 224, .box_w = 3, .box_h = 18, .ofs_x = 5, .ofs_y = 1},
    {.bitmap_index = 5509, .adv_w = 224, .box_w = 9, .box_h = 22, .ofs_x = 2, .ofs_y = -3},
    {.bitmap_index = 5608, .adv_w = 224, .box_w = 12, .box_h = 18, .ofs_x = 1, .ofs_y = 1},
    {.bitmap_index = 5716, .adv_w = 224, .box_w = 3, .box_h = 18, .ofs_x = 5, .ofs_y = 1},
    {.bitmap_index = 5743, .adv_w = 224, .box_w = 14, .box_h = 12, .ofs_x = 0, .ofs_y = 1},
    {.bitmap_index = 5827, .adv_w = 224, .box_w = 12, .box_h = 12, .ofs_x = 1, .ofs_y = 1},
    {.bitmap_index = 5899, .adv_w = 224, .box_w = 13, .box_h = 12, .ofs_x = 0, .ofs_y = 1},
    {.bitmap_index = 5977, .adv_w = 224, .box_w = 12, .box_h = 16, .ofs_x = 1, .ofs_y = -3},
    {.bitmap_index = 6073, .adv_w = 224, .box_w = 13, .box_h = 16, .ofs_x = 0, .ofs_y = -3},
    {.bitmap_index = 6177, .adv_w = 224, .box_w = 9, .box_h = 12, .ofs_x = 2, .ofs_y = 1},
    {.bitmap_index = 6231, .adv_w = 224, .box_w = 12, .box_h = 12, .ofs_x = 1, .ofs_y = 1},
    {.bitmap_index = 6303, .adv_w = 224, .box_w = 13, .box_h = 17, .ofs_x = 0, .ofs_y = 1},
    {.bitmap_index = 6414, .adv_w = 224, .box_w = 12, .box_h = 12, .ofs_x = 1, .ofs_y = 1},
    {.bitmap_index = 6486, .adv_w = 224, .box_w = 13, .box_h = 12, .ofs_x = 0, .ofs_y = 1},
    {.bitmap_index = 6564, .adv_w = 224, .box_w = 14, .box_h = 12, .ofs_x = 0, .ofs_y = 1},
    {.bitmap_index = 6648, .adv_w = 224, .box_w = 13, .box_h = 12, .ofs_x = 0, .ofs_y = 1},
    {.bitmap_index = 6726, .adv_w = 224, .box_w = 13, .box_h = 16, .ofs_x = 0, .ofs_y = -3},
    {.bitmap_index = 6830, .adv_w = 224, .box_w = 12, .box_h = 12, .ofs_x = 1, .ofs_y = 1},
    {.bitmap_index = 6902, .adv_w = 448, .box_w = 24, .box_h = 5, .ofs_x = 2, .ofs_y = 8},
    {.bitmap_index = 6962, .adv_w = 448, .box_w = 8, .box_h = 8, .ofs_x = 3, .ofs_y = -1},
    {.bitmap_index = 6994, .adv_w = 448, .box_w = 26, .box_h = 25, .ofs_x = 1, .ofs_y = -2},
    {.bitmap_index = 7319, .adv_w = 448, .box_w = 26, .box_h = 24, .ofs_x = 1, .ofs_y = -2},
    {.bitmap_index = 7631, .adv_w = 448, .box_w = 26, .box_h = 25, .ofs_x = 1, .ofs_y = -3},
    {.bitmap_index = 7956, .adv_w = 448, .box_w = 22, .box_h = 26, .ofs_x = 3, .ofs_y = -3},
    {.bitmap_index = 8242, .adv_w = 448, .box_w = 26, .box_h = 26, .ofs_x = 1, .ofs_y = -2},
    {.bitmap_index = 8580, .adv_w = 448, .box_w = 26, .box_h = 27, .ofs_x = 1, .ofs_y = -3},
    {.bitmap_index = 8931, .adv_w = 448, .box_w = 26, .box_h = 26, .ofs_x = 1, .ofs_y = -3},
    {.bitmap_index = 9269, .adv_w = 448, .box_w = 27, .box_h = 27, .ofs_x = 0, .ofs_y = -3},
    {.bitmap_index = 9634, .adv_w = 448, .box_w = 27, .box_h = 25, .ofs_x = 1, .ofs_y = -2},
    {.bitmap_index = 9972, .adv_w = 448, .box_w = 26, .box_h = 26, .ofs_x = 1, .ofs_y = -3},
    {.bitmap_index = 10310, .adv_w = 448, .box_w = 26, .box_h = 26, .ofs_x = 1, .ofs_y = -3},
    {.bitmap_index = 10648, .adv_w = 448, .box_w = 26, .box_h = 27, .ofs_x = 1, .ofs_y = -3},
    {.bitmap_index = 10999, .adv_w = 448, .box_w = 27, .box_h = 25, .ofs_x = 0, .ofs_y = -2},
    {.bitmap_index = 11337, .adv_w = 448, .box_w = 25, .box_h = 26, .ofs_x = 2, .ofs_y = -3},
    {.bitmap_index = 11662, .adv_w = 448, .box_w = 24, .box_h = 26, .ofs_x = 2, .ofs_y = -3},
    {.bitmap_index = 11974, .adv_w = 448, .box_w = 26, .box_h = 25, .ofs_x = 0, .ofs_y = -2},
    {.bitmap_index = 12299, .adv_w = 448, .box_w = 26, .box_h = 26, .ofs_x = 1, .ofs_y = -3},
    {.bitmap_index = 12637, .adv_w = 448, .box_w = 25, .box_h = 26, .ofs_x = 1, .ofs_y = -3},
    {.bitmap_index = 12962, .adv_w = 448, .box_w = 26, .box_h = 26, .ofs_x = 0, .ofs_y = -3},
    {.bitmap_index = 13300, .adv_w = 448, .box_w = 26, .box_h = 26, .ofs_x = 1, .ofs_y = -3},
    {.bitmap_index = 13638, .adv_w = 448, .box_w = 26, .box_h = 25, .ofs_x = 1, .ofs_y = -4},
    {.bitmap_index = 13963, .adv_w = 448, .box_w = 24, .box_h = 26, .ofs_x = 2, .ofs_y = -4},
    {.bitmap_index = 14275, .adv_w = 448, .box_w = 27, .box_h = 26, .ofs_x = 0, .ofs_y = -3},
    {.bitmap_index = 14626, .adv_w = 448, .box_w = 24, .box_h = 26, .ofs_x = 0, .ofs_y = -3},
    {.bitmap_index = 14938, .adv_w = 448, .box_w = 26, .box_h = 25, .ofs_x = 1, .ofs_y = -3},
    {.bitmap_index = 15263, .adv_w = 448, .box_w = 27, .box_h = 26, .ofs_x = 0, .ofs_y = -3},
    {.bitmap_index = 15614, .adv_w = 448, .box_w = 26, .box_h = 26, .ofs_x = 1, .ofs_y = -3},
    {.bitmap_index = 15952, .adv_w = 448, .box_w = 26, .box_h = 25, .ofs_x = 1, .ofs_y = -3},
    {.bitmap_index = 16277, .adv_w = 448, .box_w = 25, .box_h = 27, .ofs_x = 2, .ofs_y = -3},
    {.bitmap_index = 16615, .adv_w = 448, .box_w = 26, .box_h = 26, .ofs_x = 1, .ofs_y = -3},
    {.bitmap_index = 16953, .adv_w = 448, .box_w = 27, .box_h = 28, .ofs_x = 0, .ofs_y = -4},
    {.bitmap_index = 17331, .adv_w = 448, .box_w = 27, .box_h = 26, .ofs_x = 0, .ofs_y = -3},
    {.bitmap_index = 17682, .adv_w = 448, .box_w = 26, .box_h = 25, .ofs_x = 1, .ofs_y = -3},
    {.bitmap_index = 18007, .adv_w = 448, .box_w = 26, .box_h = 25, .ofs_x = 0, .ofs_y = -3},
    {.bitmap_index = 18332, .adv_w = 448, .box_w = 25, .box_h = 23, .ofs_x = 2, .ofs_y = -2},
    {.bitmap_index = 18620, .adv_w = 448, .box_w = 27, .box_h = 26, .ofs_x = 1, .ofs_y = -3},
    {.bitmap_index = 18971, .adv_w = 448, .box_w = 26, .box_h = 27, .ofs_x = 1, .ofs_y = -4},
    {.bitmap_index = 19322, .adv_w = 448, .box_w = 26, .box_h = 26, .ofs_x = 1, .ofs_y = -3},
    {.bitmap_index = 19660, .adv_w = 448, .box_w = 26, .box_h = 24, .ofs_x = 1, .ofs_y = -2},
    {.bitmap_index = 19972, .adv_w = 448, .box_w = 26, .box_h = 25, .ofs_x = 1, .ofs_y = -3},
    {.bitmap_index = 20297, .adv_w = 448, .box_w = 27, .box_h = 26, .ofs_x = 0, .ofs_y = -3},
    {.bitmap_index = 20648, .adv_w = 448, .box_w = 27, .box_h = 27, .ofs_x = 0, .ofs_y = -3},
    {.bitmap_index = 21013, .adv_w = 448, .box_w = 26, .box_h = 26, .ofs_x = 1, .ofs_y = -3},
    {.bitmap_index = 21351, .adv_w = 448, .box_w = 27, .box_h = 26, .ofs_x = 0, .ofs_y = -3},
    {.bitmap_index = 21702, .adv_w = 448, .box_w = 27, .box_h = 26, .ofs_x = 0, .ofs_y = -3},
    {.bitmap_index = 22053, .adv_w = 448, .box_w = 27, .box_h = 27, .ofs_x = 0, .ofs_y = -4},
    {.bitmap_index = 22418, .adv_w = 448, .box_w = 27, .box_h = 27, .ofs_x = 0, .ofs_y = -4},
    {.bitmap_index = 22783, .adv_w = 448, .box_w = 27, .box_h = 26, .ofs_x = 0, .ofs_y = -3},
    {.bitmap_index = 23134, .adv_w = 448, .box_w = 27, .box_h = 26, .ofs_x = 0, .ofs_y = -3},
    {.bitmap_index = 23485, .adv_w = 448, .box_w = 26, .box_h = 26, .ofs_x = 1, .ofs_y = -3},
    {.bitmap_index = 23823, .adv_w = 448, .box_w = 25, .box_h = 27, .ofs_x = 2, .ofs_y = -3},
    {.bitmap_index = 24161, .adv_w = 448, .box_w = 24, .box_h = 26, .ofs_x = 2, .ofs_y = -4},
    {.bitmap_index = 24473, .adv_w = 448, .box_w = 26, .box_h = 24, .ofs_x = 1, .ofs_y = -2},
    {.bitmap_index = 24785, .adv_w = 448, .box_w = 26, .box_h = 24, .ofs_x = 1, .ofs_y = -3},
    {.bitmap_index = 25097, .adv_w = 448, .box_w = 26, .box_h = 25, .ofs_x = 1, .ofs_y = -2},
    {.bitmap_index = 25422, .adv_w = 448, .box_w = 27, .box_h = 25, .ofs_x = 1, .ofs_y = -2},
    {.bitmap_index = 25760, .adv_w = 448, .box_w = 28, .box_h = 26, .ofs_x = 0, .ofs_y = -3},
    {.bitmap_index = 26124, .adv_w = 448, .box_w = 27, .box_h = 26, .ofs_x = 0, .ofs_y = -3},
    {.bitmap_index = 26475, .adv_w = 448, .box_w = 26, .box_h = 23, .ofs_x = 1, .ofs_y = -1},
    {.bitmap_index = 26774, .adv_w = 448, .box_w = 26, .box_h = 23, .ofs_x = 1, .ofs_y = -2},
    {.bitmap_index = 27073, .adv_w = 448, .box_w = 25, .box_h = 26, .ofs_x = 2, .ofs_y = -3},
    {.bitmap_index = 27398, .adv_w = 448, .box_w = 27, .box_h = 27, .ofs_x = 0, .ofs_y = -4},
    {.bitmap_index = 27763, .adv_w = 448, .box_w = 26, .box_h = 26, .ofs_x = 1, .ofs_y = -3},
    {.bitmap_index = 28101, .adv_w = 448, .box_w = 26, .box_h = 26, .ofs_x = 1, .ofs_y = -3},
    {.bitmap_index = 28439, .adv_w = 448, .box_w = 26, .box_h = 25, .ofs_x = 0, .ofs_y = -2},
    {.bitmap_index = 28764, .adv_w = 448, .box_w = 24, .box_h = 25, .ofs_x = 1, .ofs_y = -3},
    {.bitmap_index = 29064, .adv_w = 448, .box_w = 26, .box_h = 26, .ofs_x = 2, .ofs_y = -3},
    {.bitmap_index = 29402, .adv_w = 448, .box_w = 26, .box_h = 27, .ofs_x = 1, .ofs_y = -4},
    {.bitmap_index = 29753, .adv_w = 448, .box_w = 25, .box_h = 26, .ofs_x = 2, .ofs_y = -4},
    {.bitmap_index = 30078, .adv_w = 448, .box_w = 25, .box_h = 28, .ofs_x = 2, .ofs_y = -4},
    {.bitmap_index = 30428, .adv_w = 448, .box_w = 27, .box_h = 27, .ofs_x = 0, .ofs_y = -3},
    {.bitmap_index = 30793, .adv_w = 448, .box_w = 28, .box_h = 27, .ofs_x = 0, .ofs_y = -4},
    {.bitmap_index = 31171, .adv_w = 448, .box_w = 28, .box_h = 26, .ofs_x = 0, .ofs_y = -3},
    {.bitmap_index = 31535, .adv_w = 448, .box_w = 27, .box_h = 27, .ofs_x = 0, .ofs_y = -4},
    {.bitmap_index = 31900, .adv_w = 448, .box_w = 24, .box_h = 25, .ofs_x = 2, .ofs_y = -3},
    {.bitmap_index = 32200, .adv_w = 448, .box_w = 26, .box_h = 24, .ofs_x = 1, .ofs_y = -2},
    {.bitmap_index = 32512, .adv_w = 448, .box_w = 28, .box_h = 27, .ofs_x = 0, .ofs_y = -4},
    {.bitmap_index = 32890, .adv_w = 448, .box_w = 27, .box_h = 27, .ofs_x = 1, .ofs_y = -3},
    {.bitmap_index = 33255, .adv_w = 448, .box_w = 26, .box_h = 26, .ofs_x = 1, .ofs_y = -3},
    {.bitmap_index = 33593, .adv_w = 448, .box_w = 27, .box_h = 28, .ofs_x = 1, .ofs_y = -4},
    {.bitmap_index = 33971, .adv_w = 448, .box_w = 27, .box_h = 27, .ofs_x = 1, .ofs_y = -3},
    {.bitmap_index = 34336, .adv_w = 448, .box_w = 27, .box_h = 27, .ofs_x = 1, .ofs_y = -4},
    {.bitmap_index = 34701, .adv_w = 448, .box_w = 27, .box_h = 25, .ofs_x = 1, .ofs_y = -2},
    {.bitmap_index = 35039, .adv_w = 448, .box_w = 27, .box_h = 26, .ofs_x = 1, .ofs_y = -3},
    {.bitmap_index = 35390, .adv_w = 448, .box_w = 27, .box_h = 27, .ofs_x = 0, .ofs_y = -3},
    {.bitmap_index = 35755, .adv_w = 448, .box_w = 27, .box_h = 26, .ofs_x = 1, .ofs_y = -3},
    {.bitmap_index = 36106, .adv_w = 448, .box_w = 25, .box_h = 27, .ofs_x = 2, .ofs_y = -3},
    {.bitmap_index = 36444, .adv_w = 448, .box_w = 25, .box_h = 26, .ofs_x = 2, .ofs_y = -3},
    {.bitmap_index = 36769, .adv_w = 448, .box_w = 27, .box_h = 27, .ofs_x = 1, .ofs_y = -3},
    {.bitmap_index = 37134, .adv_w = 448, .box_w = 26, .box_h = 26, .ofs_x = 1, .ofs_y = -3},
    {.bitmap_index = 37472, .adv_w = 448, .box_w = 26, .box_h = 26, .ofs_x = 1, .ofs_y = -3},
    {.bitmap_index = 37810, .adv_w = 448, .box_w = 27, .box_h = 26, .ofs_x = 0, .ofs_y = -3},
    {.bitmap_index = 38161, .adv_w = 448, .box_w = 26, .box_h = 24, .ofs_x = 1, .ofs_y = -2},
    {.bitmap_index = 38473, .adv_w = 448, .box_w = 26, .box_h = 28, .ofs_x = 1, .ofs_y = -4},
    {.bitmap_index = 38837, .adv_w = 448, .box_w = 9, .box_h = 25, .ofs_x = 16, .ofs_y = -2},
    {.bitmap_index = 38950, .adv_w = 448, .box_w = 9, .box_h = 25, .ofs_x = 3, .ofs_y = -2},
    {.bitmap_index = 39063, .adv_w = 448, .box_w = 5, .box_h = 10, .ofs_x = 3, .ofs_y = -5},
    {.bitmap_index = 39088, .adv_w = 448, .box_w = 4, .box_h = 11, .ofs_x = 5, .ofs_y = 0}
};

/*---------------------
 *  CHARACTER MAPPING
 *--------------------*/

static const uint16_t unicode_list_0[] = {
    0x0, 0x5, 0x8, 0x9
};

static const uint16_t unicode_list_4[] = {
    0x0, 0xfdc, 0x2de4, 0x2de7, 0x2dfc, 0x2e07, 0x2e0e, 0x2e88,
    0x2e9f, 0x2efa, 0x2f2d, 0x2f33, 0x2f59, 0x3036, 0x3082, 0x314d,
    0x315f, 0x318c, 0x31f1, 0x31f5, 0x3243, 0x333b, 0x33c9, 0x33e6,
    0x33e8, 0x3409, 0x3642, 0x3702, 0x390b, 0x3b2a, 0x3b31, 0x3b32,
    0x3b66, 0x3bd3, 0x3c18, 0x3c29, 0x3dcc, 0x3e2f, 0x3e80, 0x3ed4,
    0x3eda, 0x3f2f, 0x3f5f, 0x41ea, 0x422d, 0x433c, 0x4363, 0x436c,
    0x437f, 0x43aa, 0x43ac, 0x4561, 0x45d0, 0x45e8, 0x4618, 0x46ce,
    0x46d9, 0x4704, 0x4714, 0x475e, 0x4b3c, 0x4b3d, 0x4b3f, 0x4d29,
    0x5093, 0x50c7, 0x54f9, 0x5502, 0x550f, 0x5526, 0x5914, 0x5995,
    0x5b23, 0x5e99, 0x5eb6, 0x5eed, 0x5f2b, 0x5f48, 0x65a9, 0x69a2,
    0x6b98, 0x6bce, 0x6c3b, 0x6cff, 0x6fb8, 0x6fda, 0x7059, 0x7127,
    0x75c7, 0x75f9, 0x766a, 0x76a0, 0x76da, 0x7733, 0x773c, 0x77cd,
    0xdee2, 0xdee3, 0xdee6, 0xdef4
};

/*Collect the unicode lists and glyph_id offsets*/
static const lv_font_fmt_txt_cmap_t cmaps[] =
{
    {
        .range_start = 32, .range_length = 10, .glyph_id_start = 1,
        .unicode_list = unicode_list_0, .glyph_id_ofs_list = NULL, .list_length = 4, .type = LV_FONT_FMT_TXT_CMAP_SPARSE_TINY
    },
    {
        .range_start = 43, .range_length = 16, .glyph_id_start = 5,
        .unicode_list = NULL, .glyph_id_ofs_list = NULL, .list_length = 0, .type = LV_FONT_FMT_TXT_CMAP_FORMAT0_TINY
    },
    {
        .range_start = 65, .range_length = 26, .glyph_id_start = 21,
        .unicode_list = NULL, .glyph_id_ofs_list = NULL, .list_length = 0, .type = LV_FONT_FMT_TXT_CMAP_FORMAT0_TINY
    },
    {
        .range_start = 97, .range_length = 26, .glyph_id_start = 47,
        .unicode_list = NULL, .glyph_id_ofs_list = NULL, .list_length = 0, .type = LV_FONT_FMT_TXT_CMAP_FORMAT0_TINY
    },
    {
        .range_start = 8230, .range_length = 57077, .glyph_id_start = 73,
        .unicode_list = unicode_list_4, .glyph_id_ofs_list = NULL, .list_length = 100, .type = LV_FONT_FMT_TXT_CMAP_SPARSE_TINY
    }
};



/*--------------------
 *  ALL CUSTOM DATA
 *--------------------*/

#if LVGL_VERSION_MAJOR == 8
/*Store all the custom data of the font*/
static  lv_font_fmt_txt_glyph_cache_t cache;
#endif

#if LVGL_VERSION_MAJOR >= 8
static const lv_font_fmt_txt_dsc_t font_dsc = {
#else
static lv_font_fmt_txt_dsc_t font_dsc = {
#endif
    .glyph_bitmap = glyph_bitmap,
    .glyph_dsc = glyph_dsc,
    .cmaps = cmaps,
    .kern_dsc = NULL,
    .kern_scale = 0,
    .cmap_num = 5,
    .bpp = 4,
    .kern_classes = 0,
    .bitmap_format = 0,
#if LVGL_VERSION_MAJOR == 8
    .cache = &cache
#endif
};



/*-----------------
 *  PUBLIC FONT
 *----------------*/

/*Initialize a public general font descriptor*/
#if LVGL_VERSION_MAJOR >= 8
const lv_font_t pulse_cjk_28 = {
#else
lv_font_t pulse_cjk_28 = {
#endif
    .get_glyph_dsc = lv_font_get_glyph_dsc_fmt_txt,    /*Function pointer to get glyph's data*/
    .get_glyph_bitmap = lv_font_get_bitmap_fmt_txt,    /*Function pointer to get glyph's bitmap*/
    .line_height = 29,          /*The maximum line height required by the font*/
    .base_line = 5,             /*Baseline measured from the bottom of the line*/
#if !(LVGL_VERSION_MAJOR == 6 && LVGL_VERSION_MINOR == 0)
    .subpx = LV_FONT_SUBPX_NONE,
#endif
#if LV_VERSION_CHECK(7, 4, 0) || LVGL_VERSION_MAJOR >= 8
    .underline_position = -2,
    .underline_thickness = 1,
#endif
    .dsc = &font_dsc,          /*The custom font data. Will be accessed by `get_glyph_bitmap/dsc` */
#if LV_VERSION_CHECK(8, 2, 0) || LVGL_VERSION_MAJOR >= 9
    .fallback = NULL,
#endif
    .user_data = NULL,
};



#endif /*#if PULSE_CJK_28*/

